Date,High,Low,Open,Close,Volume,Adj Close
2000-01-03,37.43296432495117,33.062355041503906,37.43296432495117,36.198909759521484,619057.0,36.198909759521484
2000-01-04,35.73613739013672,30.902761459350586,34.45066452026367,31.77688217163086,651998.0,31.77688217163086
2000-01-05,36.713096618652344,31.416950225830078,31.7254638671875,36.45600128173828,673269.0,36.45600128173828
2000-01-06,37.12445068359375,34.86201858520508,35.1705322265625,35.58188247680664,368177.0,35.58188247680664
2000-01-07,37.22728729248047,34.81059646606445,35.58188247680664,37.021610260009766,267411.0,37.021610260009766
2000-01-10,38.10140609741211,36.970191955566406,37.43296432495117,37.63863754272461,591222.0,37.63863754272461
2000-01-11,37.63863754272461,35.8389778137207,37.63863754272461,35.94181442260742,311534.0,35.94181442260742
2000-01-12,37.12445068359375,35.27336883544922,36.3017463684082,36.04465103149414,282484.0,36.04465103149414
2000-01-13,37.74147415161133,36.610260009765625,36.81593704223633,37.69005584716797,367691.0,37.69005584716797
2000-01-14,49.36214828491211,38.25566482543945,38.461341857910156,49.36214828491211,748144.0,49.36214828491211
2000-01-18,66.22754669189453,47.71674346923828,51.0589714050293,60.67430877685547,1715322.0,60.67430877685547
2000-01-19,62.67964553833008,56.35512161254883,60.62289047241211,61.49700927734375,1085326.0,61.49700927734375
2000-01-20,74.66024780273438,62.525386810302734,62.885318756103516,73.3747787475586,1185240.0,73.3747787475586
2000-01-21,100.36970520019531,79.80213928222656,81.24186706542969,100.36970520019531,2015917.0,100.36970520019531
2000-01-24,114.35564422607422,64.17079162597656,106.95132446289062,64.22221374511719,8977121.0,64.22221374511719
2000-01-25,90.49726867675781,58.4118766784668,59.23457717895508,79.80213928222656,2897645.0,79.80213928222656
2000-01-26,90.49726867675781,71.57511138916016,78.10531616210938,79.18511199951172,1736837.0,79.18511199951172
2000-01-27,79.75072479248047,71.78079223632812,75.94572448730469,73.27194213867188,692231.0,73.27194213867188
2000-01-28,74.81450653076172,67.87295532226562,73.32335662841797,73.42619323730469,764553.0,73.42619323730469
2000-01-31,77.95105743408203,66.63890075683594,74.711669921875,70.8552474975586,805516.0,70.8552474975586
2000-02-01,77.7453842163086,67.92436981201172,70.8038330078125,72.1407241821289,1065999.0,72.1407241821289
2000-02-02,72.1407241821289,66.69031524658203,72.1407241821289,68.59281921386719,720066.0,68.59281921386719
2000-02-03,70.341064453125,52.44728469848633,66.9474105834961,54.86397171020508,2666335.0,54.86397171020508
2000-02-04,57.58917236328125,45.65998840332031,55.12106704711914,56.76647186279297,2829820.0,56.76647186279297
2000-02-07,58.154781341552734,52.91005325317383,55.94376754760742,54.246944427490234,989301.0,54.246944427490234
2000-02-08,56.40653610229492,50.5962028503418,55.53241729736328,52.13876724243164,648229.0,52.13876724243164
2000-02-09,53.064308166503906,47.3568115234375,51.9330940246582,50.184852600097656,759570.0,50.184852600097656
2000-02-10,53.47566223144531,47.922420501708984,48.53944778442383,53.064308166503906,906160.0,53.064308166503906
2000-02-11,54.555458068847656,48.436607360839844,53.064308166503906,49.46498489379883,537862.0,49.46498489379883
2000-02-14,50.85329818725586,46.894039154052734,49.927757263183594,48.95079803466797,455086.0,48.95079803466797
2000-02-15,50.54478454589844,46.07133865356445,49.31072998046875,49.56782531738281,526922.0,49.56782531738281
2000-02-16,76.5113296508789,48.95079803466797,49.56782531738281,74.04322052001953,2309948.0,74.04322052001953
2000-02-17,78.56808471679688,63.605186462402344,75.27727508544922,67.821533203125,2277737.0,67.821533203125
2000-02-18,70.54673767089844,61.70268630981445,67.7701187133789,65.81620025634766,794941.0,65.81620025634766
2000-02-22,64.17079162597656,59.02890396118164,62.114036560058594,61.44559097290039,663423.0,61.44559097290039
2000-02-23,66.63890075683594,61.23991394042969,61.23991394042969,66.0218734741211,581863.0,66.0218734741211
2000-02-24,71.11234283447266,64.3250503540039,67.46160125732422,65.81620025634766,636074.0,65.81620025634766
2000-02-25,69.10700988769531,64.99349975585938,66.0218734741211,65.40484619140625,432720.0,65.40484619140625
2000-02-28,66.63890075683594,60.31437683105469,66.27896881103516,62.114036560058594,392852.0,62.114036560058594
2000-02-29,65.19917297363281,61.651268005371094,62.73106384277344,65.19917297363281,256715.0,65.19917297363281
2000-03-01,68.2843017578125,65.81620025634766,66.22754669189453,67.10166931152344,362221.0,67.10166931152344
2000-03-02,70.75241088867188,67.30734252929688,67.30734252929688,68.84991455078125,418863.0,68.84991455078125
2000-03-03,75.22586059570312,69.36410522460938,69.4669418334961,71.98646545410156,471009.0,71.98646545410156
2000-03-06,85.71531677246094,73.63187408447266,74.04322052001953,79.80213928222656,878568.0,79.80213928222656
2000-03-07,83.55571746826172,72.80916595458984,81.03619384765625,74.60883331298828,565818.0,74.60883331298828
2000-03-08,77.23119354248047,72.50065612792969,75.74004364013672,73.52903747558594,362586.0,73.52903747558594
2000-03-09,77.7453842163086,70.95809173583984,73.73471069335938,76.25423431396484,304484.0,76.25423431396484
2000-03-10,77.53971099853516,71.21517944335938,76.45990753173828,71.57511138916016,352497.0,71.57511138916016
2000-03-13,73.22052001953125,67.66728210449219,67.92436981201172,68.33572387695312,357967.0,68.33572387695312
2000-03-14,73.94038391113281,61.08565902709961,69.56977844238281,63.34809112548828,943719.0,63.34809112548828
2000-03-15,73.99180603027344,64.58214569091797,68.64424133300781,66.0218734741211,901663.0,66.0218734741211
2000-03-16,69.62120056152344,64.17079162597656,68.2843017578125,66.17613220214844,375835.0,66.17613220214844
2000-03-17,66.9474105834961,63.913700103759766,63.913700103759766,65.2505874633789,327093.0,65.2505874633789
2000-03-20,67.41018676757812,59.13174057006836,66.63890075683594,60.160118103027344,576879.0,60.160118103027344
2000-03-21,62.062618255615234,52.49870300292969,58.4118766784668,60.571468353271484,697701.0,60.571468353271484
2000-03-22,66.4332275390625,61.959781646728516,61.959781646728516,65.2505874633789,517806.0,65.2505874633789
2000-03-23,69.10700988769531,64.17079162597656,66.17613220214844,65.14775085449219,524369.0,65.14775085449219
2000-03-24,67.97579193115234,63.24525451660156,66.4332275390625,65.81620025634766,362464.0,65.81620025634766
2000-03-27,67.05025482177734,63.09099578857422,63.34809112548828,66.22754669189453,258660.0,66.22754669189453
2000-03-28,68.79849243164062,63.965118408203125,66.53606414794922,66.63890075683594,276406.0,66.63890075683594
2000-03-29,65.35343170166016,57.58917236328125,64.11937713623047,60.057281494140625,601068.0,60.057281494140625
2000-03-30,58.617549896240234,54.45262145996094,58.617549896240234,54.555458068847656,636196.0,54.555458068847656
2000-03-31,58.00052261352539,54.555458068847656,56.35512161254883,57.17782211303711,569100.0,57.17782211303711
2000-04-03,58.72039031982422,52.80721664428711,57.28065872192383,54.298362731933594,345812.0,54.298362731933594
2000-04-04,53.57849884033203,37.84431457519531,53.57849884033203,46.58552932739258,1008992.0,46.58552932739258
2000-04-05,53.47566223144531,44.425933837890625,46.58552932739258,52.293025970458984,1079248.0,52.293025970458984
2000-04-06,56.86930847167969,52.85863494873047,53.57849884033203,55.42958068847656,699402.0,55.42958068847656
2000-04-07,56.663631439208984,48.95079803466797,55.63525390625,51.9330940246582,484622.0,51.9330940246582
2000-04-10,53.88701248168945,48.07667541503906,51.9330940246582,49.67066192626953,350917.0,49.67066192626953
2000-04-11,46.58552932739258,40.31241989135742,46.58552932739258,42.472015380859375,796521.0,42.472015380859375
2000-04-12,42.883365631103516,34.142154693603516,42.369178771972656,36.198909759521484,1374130.0,36.198909759521484
2000-04-13,37.79289627075195,31.262693405151367,37.63863754272461,36.45600128173828,910779.0,36.45600128173828
2000-04-14,34.296409606933594,26.737829208374023,32.651004791259766,28.794586181640625,1187550.0,28.794586181640625
2000-04-17,29.2059383392334,26.172222137451172,27.45769500732422,27.20060157775879,985168.0,27.20060157775879
2000-04-18,31.87972068786621,26.737829208374023,27.76620864868164,31.36553192138672,1106962.0,31.36553192138672
2000-04-19,36.198909759521484,30.234315872192383,31.67404556274414,30.491409301757812,671081.0,30.491409301757812
2000-04-20,31.211275100708008,28.794586181640625,30.491409301757812,29.000261306762695,295003.0,29.000261306762695
2000-04-24,29.8743839263916,27.61195182800293,28.691749572753906,27.66337013244629,236051.0,27.66337013244629
2000-04-25,30.080059051513672,28.537492752075195,28.794586181640625,29.61728858947754,238847.0,29.61728858947754
2000-04-26,31.82830238342285,29.8743839263916,29.92580223083496,30.748504638671875,406344.0,30.748504638671875
2000-04-27,31.005599975585938,29.30877685546875,30.748504638671875,29.72012710571289,158745.0,29.72012710571289
2000-04-28,34.39924621582031,30.028640747070312,30.439992904663086,33.73080062866211,443295.0,33.73080062866211
2000-05-01,37.22728729248047,33.83363723754883,34.707759857177734,36.81593704223633,568006.0,36.81593704223633
2000-05-02,37.43296432495117,32.239654541015625,36.198909759521484,32.805259704589844,411570.0,32.805259704589844
2000-05-03,33.47370529174805,29.72012710571289,32.291072845458984,30.439992904663086,291722.0,30.439992904663086
2000-05-04,34.553504943847656,30.234315872192383,31.262693405151367,34.553504943847656,308860.0,34.553504943847656
2000-05-05,35.37620544433594,32.702423095703125,33.73080062866211,33.88505935668945,339856.0,33.88505935668945
2000-05-08,34.86201858520508,30.748504638671875,33.37086868286133,33.01093673706055,220614.0,33.01093673706055
2000-05-09,34.553504943847656,30.439992904663086,33.73080062866211,31.108436584472656,242858.0,31.108436584472656
2000-05-10,30.851343154907227,27.97188377380371,30.851343154907227,29.000261306762695,259754.0,29.000261306762695
2000-05-11,31.46837043762207,29.000261306762695,29.514450073242188,31.416950225830078,200315.0,31.416950225830078
2000-05-12,32.54816818237305,31.211275100708008,31.211275100708008,31.982559204101562,220007.0,31.982559204101562
2000-05-15,32.342491149902344,30.542829513549805,31.67404556274414,31.31411361694336,120821.0,31.31411361694336
2000-05-16,33.113773345947266,30.799924850463867,31.51978874206543,32.13681411743164,218426.0,32.13681411743164
2000-05-17,32.13681411743164,30.902761459350586,31.67404556274414,31.416950225830078,83870.0,31.416950225830078
2000-05-18,32.3939094543457,30.748504638671875,31.77688217163086,31.416950225830078,127142.0,31.416950225830078
2000-05-19,31.15985679626465,29.463031768798828,31.057018280029297,30.645666122436523,156436.0,30.645666122436523
2000-05-22,30.799924850463867,28.434654235839844,30.748504638671875,29.154518127441406,370243.0,29.154518127441406
2000-05-23,33.62796401977539,28.794586181640625,29.822965621948242,29.822965621948242,431626.0,29.822965621948242
2000-05-24,30.388572692871094,26.532154083251953,30.13147735595703,29.36019515991211,358817.0,29.36019515991211
2000-05-25,29.41161346435547,27.20060157775879,28.383235931396484,27.354856491088867,162270.0,27.354856491088867
2000-05-26,28.383235931396484,26.01796531677246,27.97188377380371,27.56053352355957,200315.0,27.56053352355957
2000-05-30,29.154518127441406,27.046344757080078,28.588911056518555,29.000261306762695,222195.0,29.000261306762695
2000-05-31,30.028640747070312,27.97188377380371,28.588911056518555,29.000261306762695,272395.0,29.000261306762695
2000-06-01,31.15985679626465,29.2059383392334,29.2059383392334,30.799924850463867,279688.0,30.799924850463867
2000-06-02,36.86735534667969,32.54816818237305,33.93647766113281,36.147491455078125,1053115.0,36.147491455078125
2000-06-05,38.8726921081543,35.4276237487793,36.35316467285156,37.17586898803711,710828.0,37.17586898803711
2000-06-06,41.75215148925781,37.63863754272461,37.74147415161133,39.84965133666992,969852.0,39.84965133666992
2000-06-07,40.82661056518555,38.461341857910156,40.31241989135742,40.31241989135742,405371.0,40.31241989135742
2000-06-08,42.472015380859375,40.00390625,40.518096923828125,40.929447174072266,346905.0,40.929447174072266
2000-06-09,43.29471969604492,40.620933532714844,41.340797424316406,42.16350173950195,356143.0,42.16350173950195
2000-06-12,42.986202239990234,40.620933532714844,42.986202239990234,41.54647445678711,315302.0,41.54647445678711
2000-06-13,44.477352142333984,41.18654251098633,42.112083435058594,44.477352142333984,320164.0,44.477352142333984
2000-06-14,50.184852600097656,45.30005645751953,45.30005645751953,50.184852600097656,774277.0,50.184852600097656
2000-06-15,50.390525817871094,47.51106643676758,49.56782531738281,47.922420501708984,633157.0,47.922420501708984
2000-06-16,49.25931167602539,46.58552932739258,48.95079803466797,49.25931167602539,334872.0,49.25931167602539
2000-06-19,56.35512161254883,48.282352447509766,49.25931167602539,56.35512161254883,510270.0,56.35512161254883
2000-06-20,58.4118766784668,52.241607666015625,56.35512161254883,54.709716796875,603134.0,54.709716796875
2000-06-21,58.514713287353516,52.85863494873047,54.709716796875,56.77932357788086,416189.0,56.77932357788086
2000-06-22,56.76647186279297,53.62991714477539,56.76647186279297,54.34978103637695,286495.0,54.34978103637695
2000-06-23,56.76647186279297,53.52708053588867,55.06964874267578,55.53241729736328,304120.0,55.53241729736328
2000-06-26,56.81789016723633,52.85863494873047,56.149444580078125,56.80503463745117,346541.0,56.80503463745117
2000-06-27,57.743431091308594,55.1724853515625,57.023563385009766,55.738094329833984,158624.0,55.738094329833984
2000-06-28,59.80018615722656,55.738094329833984,56.04660415649414,59.607364654541016,460069.0,59.607364654541016
2000-06-29,58.97748565673828,55.99518585205078,58.36045837402344,56.663631439208984,296097.0,56.663631439208984
2000-06-30,58.4118766784668,54.195526123046875,56.098026275634766,56.75361633300781,338154.0,56.75361633300781
2000-07-03,58.206199645996094,56.40653610229492,56.76647186279297,58.206199645996094,74875.0,58.206199645996094
2000-07-05,59.44025421142578,56.04660415649414,56.972145080566406,57.743431091308594,263400.0,57.743431091308594
2000-07-06,59.080322265625,54.45262145996094,57.48633575439453,55.63525390625,326485.0,55.63525390625
2000-07-07,58.051944732666016,55.63525390625,55.63525390625,57.58917236328125,189254.0,57.58917236328125
2000-07-10,58.617549896240234,56.45795822143555,57.48633575439453,58.051944732666016,221344.0,58.051944732666016
2000-07-11,61.80552291870117,57.38349914550781,58.00052261352539,60.571468353271484,436610.0,60.571468353271484
2000-07-12,61.651268005371094,58.97748565673828,61.39417266845703,59.697349548339844,228515.0,59.697349548339844
2000-07-13,59.7487678527832,57.17782211303711,59.49167251586914,57.473480224609375,212106.0,57.473480224609375
2000-07-14,58.82322692871094,56.252281188964844,57.28065872192383,57.38349914550781,251245.0,57.38349914550781
2000-07-17,61.18849563598633,57.17782211303711,57.38349914550781,60.61003494262695,220614.0,60.61003494262695
2000-07-18,62.3197135925293,58.926063537597656,60.417213439941406,59.23457717895508,291478.0,59.23457717895508
2000-07-19,58.97748565673828,55.99518585205078,58.97748565673828,56.23942565917969,200680.0,56.23942565917969
2000-07-20,59.02890396118164,56.45795822143555,56.45795822143555,58.051944732666016,183541.0,58.051944732666016
2000-07-21,58.36045837402344,57.28065872192383,58.051944732666016,57.53775405883789,145253.0,57.53775405883789
2000-07-24,59.02890396118164,56.972145080566406,57.17782211303711,57.023563385009766,208702.0,57.023563385009766
2000-07-25,59.64592742919922,47.30539321899414,56.972145080566406,47.922420501708984,808190.0,47.922420501708984
2000-07-26,49.156471252441406,39.90106964111328,48.385189056396484,47.45964813232422,1359301.0,47.45964813232422
2000-07-27,47.30539321899414,43.50039291381836,46.6883659362793,45.917083740234375,263765.0,45.917083740234375
2000-07-28,45.917083740234375,42.420597076416016,45.71140670776367,42.56199645996094,269842.0,42.56199645996094
2000-07-31,43.9117431640625,41.340797424316406,42.112083435058594,43.86032485961914,297556.0,43.86032485961914
2000-08-01,46.07133865356445,43.29471969604492,43.86032485961914,44.528770446777344,355779.0,44.528770446777344
2000-08-02,44.477352142333984,42.934783935546875,44.22025680541992,43.29471969604492,175762.0,43.29471969604492
2000-08-03,42.369178771972656,40.518096923828125,42.369178771972656,42.009246826171875,294882.0,42.009246826171875
2000-08-04,42.986202239990234,40.72377395629883,41.95782470703125,41.85498809814453,248449.0,41.85498809814453
2000-08-07,43.29471969604492,42.009246826171875,42.420597076416016,42.99905776977539,204691.0,42.99905776977539
2000-08-08,43.03762435913086,41.13512420654297,42.369178771972656,41.44363784790039,171629.0,41.44363784790039
2000-08-09,41.340797424316406,37.22728729248047,41.13512420654297,38.34564971923828,414852.0,38.34564971923828
2000-08-10,39.48971939086914,37.33012390136719,39.078369140625,38.2428092956543,369028.0,38.2428092956543
2000-08-11,41.54647445678711,38.25566482543945,38.25566482543945,40.980865478515625,195453.0,40.980865478515625
2000-08-14,42.7805290222168,39.59255599975586,40.31241989135742,39.64397430419922,192293.0,39.64397430419922
2000-08-15,39.79823303222656,37.89573287963867,39.48971939086914,38.10140609741211,109274.0,38.10140609741211
2000-08-16,39.90106964111328,37.12445068359375,38.512760162353516,38.461341857910156,143187.0,38.461341857910156
2000-08-17,39.078369140625,37.89573287963867,38.04998779296875,38.76985549926758,152181.0,38.76985549926758
2000-08-18,39.078369140625,37.48438262939453,38.76985549926758,38.04998779296875,139175.0,38.04998779296875
2000-08-21,40.72377395629883,38.152828216552734,38.25566482543945,39.28404235839844,174668.0,39.28404235839844
2000-08-22,42.060665130615234,38.71843338012695,39.79823303222656,40.929447174072266,196183.0,40.929447174072266
2000-08-23,40.620933532714844,39.38688278198242,40.620933532714844,39.84965133666992,136623.0,39.84965133666992
2000-08-24,43.60322952270508,39.79823303222656,39.79823303222656,43.60322952270508,254041.0,43.60322952270508
2000-08-25,45.09437942504883,43.29471969604492,43.39755630493164,44.43878936767578,301689.0,44.43878936767578
2000-08-28,48.333770751953125,44.477352142333984,44.477352142333984,46.881187438964844,328673.0,46.881187438964844
2000-08-29,47.76816177368164,45.86566162109375,47.09971618652344,45.95564651489258,215266.0,45.95564651489258
2000-08-30,47.253971099853516,44.73444747924805,45.65998840332031,46.59838104248047,130302.0,46.59838104248047
2000-08-31,50.03059387207031,46.58552932739258,46.58552932739258,49.375003814697266,243101.0,49.375003814697266
2000-09-01,51.7274169921875,49.36214828491211,50.5962028503418,50.30054473876953,190713.0,50.30054473876953
2000-09-05,51.41890335083008,46.63694763183594,51.110389709472656,46.6883659362793,303512.0,46.6883659362793
2000-09-06,49.41356658935547,45.968502044677734,46.63694763183594,49.143619537353516,273854.0,49.143619537353516
2000-09-07,51.41890335083008,49.20789337158203,50.5962028503418,49.375003814697266,274948.0,49.375003814697266
2000-09-08,50.90471649169922,49.46498489379883,50.184852600097656,50.287689208984375,241156.0,50.287689208984375
2000-09-11,50.49336242675781,47.922420501708984,50.184852600097656,48.62942886352539,260240.0,48.62942886352539
2000-09-12,53.064308166503906,48.95079803466797,48.95079803466797,51.881675720214844,452533.0,51.881675720214844
2000-09-13,52.08734893798828,49.97917556762695,52.08734893798828,50.8018798828125,244317.0,50.8018798828125
2000-09-14,51.62458038330078,50.184852600097656,51.21323013305664,50.287689208984375,208946.0,50.287689208984375
2000-09-15,50.8018798828125,49.46498489379883,50.184852600097656,50.13343048095703,215388.0,50.13343048095703
2000-09-18,50.8018798828125,45.968502044677734,50.5962028503418,46.894039154052734,231432.0,46.894039154052734
2000-09-19,46.277015686035156,44.94012451171875,46.17417526245117,45.86566162109375,339491.0,45.86566162109375
2000-09-20,46.894039154052734,44.68302917480469,45.65998840332031,46.07133865356445,318706.0,46.07133865356445
2000-09-21,46.894039154052734,42.7805290222168,46.277015686035156,43.6546516418457,282119.0,43.6546516418457
2000-09-22,45.71140670776367,42.16350173950195,42.16350173950195,45.45431137084961,224747.0,45.45431137084961
2000-09-25,47.40822982788086,43.60322952270508,45.45431137084961,43.60322952270508,177099.0,43.60322952270508
2000-09-26,44.014583587646484,40.158164978027344,43.60322952270508,41.59789276123047,253555.0,41.59789276123047
2000-09-27,43.80890655517578,41.340797424316406,43.2432975769043,42.060665130615234,203476.0,42.060665130615234
2000-09-28,42.986202239990234,41.03228759765625,42.060665130615234,41.80356979370117,242372.0,41.80356979370117
2000-09-29,42.72911071777344,39.7468147277832,41.70073318481445,39.91392517089844,206636.0,39.91392517089844
2000-10-02,46.894039154052734,40.26100158691406,41.44363784790039,43.9117431640625,1162146.0,43.9117431640625
2000-10-03,48.847957611083984,43.96316146850586,45.248634338378906,43.96316146850586,892546.0,43.96316146850586
2000-10-04,44.27167510986328,40.518096923828125,43.86032485961914,42.26633834838867,450102.0,42.26633834838867
2000-10-05,44.014583587646484,41.59789276123047,42.26633834838867,42.62627029418945,195453.0,42.62627029418945
2000-10-06,43.34613800048828,38.71843338012695,42.67769241333008,40.929447174072266,240549.0,40.929447174072266
2000-10-09,40.620933532714844,37.38154220581055,40.620933532714844,39.12978744506836,206150.0,39.12978744506836
2000-10-10,40.518096923828125,38.564178466796875,39.18120574951172,39.43830108642578,203597.0,39.43830108642578
2000-10-11,40.31241989135742,34.656341552734375,39.38688278198242,35.73613739013672,474169.0,35.73613739013672
2000-10-12,36.610260009765625,32.342491149902344,36.610260009765625,33.21661376953125,447793.0,33.21661376953125
2000-10-13,36.86735534667969,33.57654571533203,33.67938232421875,36.86735534667969,339126.0,36.86735534667969
2000-10-16,37.22728729248047,34.759178161621094,36.86735534667969,35.1705322265625,262306.0,35.1705322265625
2000-10-17,35.89039611816406,31.46837043762207,35.27336883544922,31.87972068786621,285036.0,31.87972068786621
2000-10-18,32.599586486816406,27.66337013244629,29.92580223083496,31.62262535095215,639599.0,31.62262535095215
2000-10-19,35.787559509277344,31.67404556274414,32.702423095703125,32.3939094543457,342773.0,32.3939094543457
2000-10-20,33.31945037841797,30.851343154907227,32.3939094543457,31.31411361694336,298407.0,31.31411361694336
2000-10-23,34.86201858520508,31.51978874206543,31.51978874206543,33.73080062866211,314573.0,33.73080062866211
2000-10-24,35.37620544433594,32.3939094543457,33.93647766113281,32.44532775878906,230582.0,32.44532775878906
2000-10-25,36.198909759521484,32.90810012817383,33.52512741088867,33.73080062866211,419228.0,33.73080062866211
2000-10-26,33.73080062866211,30.748504638671875,33.73080062866211,32.49674987792969,296462.0,32.49674987792969
2000-10-27,33.37086868286133,31.057018280029297,32.599586486816406,31.82830238342285,417526.0,31.82830238342285
2000-10-30,34.553504943847656,29.30877685546875,33.42228698730469,29.61728858947754,522911.0,29.61728858947754
2000-10-31,31.67404556274414,29.56587028503418,30.439992904663086,31.67404556274414,648837.0,31.67404556274414
2000-11-01,31.51978874206543,29.822965621948242,31.262693405151367,30.902761459350586,267290.0,30.902761459350586
2000-11-02,32.08539581298828,30.594247817993164,31.262693405151367,31.82830238342285,356630.0,31.82830238342285
2000-11-03,33.113773345947266,30.954181671142578,32.03397750854492,32.3939094543457,222681.0,32.3939094543457
2000-11-06,38.564178466796875,34.86201858520508,37.63863754272461,36.558841705322266,974714.0,36.558841705322266
2000-11-07,37.69005584716797,35.37620544433594,37.22728729248047,35.99323272705078,268019.0,35.99323272705078
2000-11-08,39.02695083618164,35.68471908569336,35.787559509277344,38.152828216552734,399172.0,38.152828216552734
2000-11-09,37.99856948852539,35.067691802978516,37.27870559692383,36.713096618652344,303390.0,36.713096618652344
2000-11-10,36.198909759521484,34.142154693603516,36.198909759521484,34.142154693603516,221101.0,34.142154693603516
2000-11-13,33.31945037841797,29.97722053527832,33.31945037841797,31.46837043762207,312628.0,31.46837043762207
2000-11-14,34.553504943847656,32.13681411743164,32.599586486816406,33.01093673706055,308617.0,33.01093673706055
2000-11-15,34.244991302490234,32.188232421875,33.21661376953125,33.47370529174805,247720.0,33.47370529174805
2000-11-16,33.83363723754883,30.542829513549805,32.805259704589844,30.851343154907227,227178.0,30.851343154907227
2000-11-17,31.67404556274414,30.491409301757812,31.62262535095215,31.211275100708008,210647.0,31.211275100708008
2000-11-20,31.211275100708008,28.691749572753906,31.211275100708008,28.846006393432617,236902.0,28.846006393432617
2000-11-21,29.56587028503418,27.149181365966797,29.103099822998047,27.509113311767578,391393.0,27.509113311767578
2000-11-22,27.149181365966797,24.681074142456055,27.097763061523438,25.86370849609375,499330.0,25.86370849609375
2000-11-24,30.13147735595703,26.532154083251953,26.994924545288086,30.13147735595703,230703.0,30.13147735595703
2000-11-27,32.03397750854492,28.02330207824707,30.851343154907227,29.41161346435547,374619.0,29.41161346435547
2000-11-28,29.514450073242188,26.583574295043945,29.2059383392334,26.634992599487305,302053.0,26.634992599487305
2000-11-29,27.97188377380371,25.81229019165039,26.943506240844727,26.326478958129883,200680.0,26.326478958129883
2000-11-30,26.22364044189453,23.447021484375,26.22364044189453,23.447021484375,395526.0,23.447021484375
2000-12-01,25.81229019165039,23.65269660949707,23.65269660949707,24.783912658691406,490578.0,24.783912658691406
2000-12-04,25.092424392700195,22.572898864746094,24.269723892211914,22.624317169189453,299622.0,22.624317169189453
2000-12-05,24.629655838012695,22.881412506103516,23.54985809326172,24.01262855529785,335723.0,24.01262855529785
2000-12-06,24.681074142456055,22.212966918945312,23.961210250854492,22.521480560302734,309103.0,22.521480560302734
2000-12-07,22.984249114990234,20.978912353515625,21.90445327758789,21.95587158203125,278959.0,21.95587158203125
2000-12-08,24.269723892211914,22.367223739624023,22.367223739624023,23.75553321838379,280660.0,23.75553321838379
2000-12-11,26.22364044189453,22.727155685424805,23.34418296813965,26.22364044189453,347756.0,26.22364044189453
2000-12-12,27.66337013244629,24.475399017333984,25.70945167541504,24.783912658691406,482434.0,24.783912658691406
2000-12-13,25.40093994140625,22.470060348510742,25.195262908935547,22.984249114990234,201652.0,22.984249114990234
2000-12-14,23.70411491394043,22.521480560302734,23.447021484375,23.035669326782227,142700.0,23.035669326782227
2000-12-15,23.189926147460938,20.978912353515625,22.829994201660156,22.418642044067383,245654.0,22.418642044067383
2000-12-18,23.54985809326172,22.212966918945312,23.29276466369629,22.829994201660156,224018.0,22.829994201660156
2000-12-19,23.29276466369629,21.338844299316406,22.212966918945312,21.338844299316406,310197.0,21.338844299316406
2000-12-20,20.464723587036133,17.071075439453125,19.74485969543457,17.4824275970459,606781.0,17.4824275970459
2000-12-21,18.20229148864746,15.579928398132324,18.099454879760742,16.813982009887695,796643.0,16.813982009887695
2000-12-22,17.68810272216797,16.351211547851562,16.813982009887695,17.43100929260254,634616.0,17.43100929260254
2000-12-26,19.076414108276367,17.276752471923828,18.099454879760742,18.767900466918945,685059.0,18.767900466918945
2000-12-27,23.035669326782227,17.893779754638672,18.305130004882812,22.264385223388672,880270.0,22.264385223388672
2000-12-28,23.75553321838379,21.081750869750977,21.3902645111084,22.007291793823242,510148.0,22.007291793823242
2000-12-29,22.624317169189453,20.156211853027344,21.8530330657959,20.464723587036133,506137.0,20.464723587036133
2001-01-02,21.3902645111084,16.968238830566406,20.721818923950195,17.94519805908203,482799.0,17.94519805908203
2001-01-03,21.030332565307617,17.68810272216797,17.94519805908203,21.030332565307617,450710.0,21.030332565307617
2001-01-04,21.338844299316406,19.076414108276367,20.824655532836914,19.38492774963379,324783.0,19.38492774963379
2001-01-05,19.179250717163086,16.659725189208984,19.179250717163086,17.328170776367188,528137.0,17.328170776367188
2001-01-08,17.379589080810547,15.734185218811035,17.379589080810547,16.299793243408203,583078.0,16.299793243408203
2001-01-09,17.533845901489258,16.19695472717285,16.865400314331055,16.968238830566406,449251.0,16.968238830566406
2001-01-10,18.767900466918945,16.916820526123047,16.968238830566406,18.510805130004883,633157.0,18.510805130004883
2001-01-11,21.184589385986328,18.510805130004883,19.127832412719727,20.413305282592773,784609.0,20.413305282592773
2001-01-12,21.90445327758789,20.310466766357422,20.567562103271484,21.69877815246582,575907.0,21.69877815246582
2001-01-16,21.75019645690918,20.310466766357422,21.75019645690918,20.670400619506836,338762.0,20.670400619506836
2001-01-17,21.493101119995117,20.10479164123535,20.670400619506836,20.310466766357422,297191.0,20.310466766357422
2001-01-18,20.464723587036133,19.179250717163086,20.36188507080078,20.053373336791992,203111.0,20.053373336791992
2001-01-19,20.773237228393555,19.693439483642578,19.89911651611328,19.693439483642578,266561.0,19.693439483642578
2001-01-22,21.59593963623047,19.5391845703125,19.89911651611328,21.236007690429688,307280.0,21.236007690429688
2001-01-23,21.75019645690918,20.721818923950195,21.236007690429688,21.493101119995117,234714.0,21.493101119995117
2001-01-24,22.624317169189453,21.184589385986328,21.28742790222168,22.161548614501953,307766.0,22.161548614501953
2001-01-25,22.367223739624023,20.310466766357422,22.161548614501953,21.030332565307617,270936.0,21.030332565307617
2001-01-26,21.441682815551758,20.927494049072266,21.236007690429688,20.978912353515625,124468.0,20.978912353515625
2001-01-29,22.295236587524414,21.184589385986328,21.184589385986328,22.097787857055664,216725.0,22.097787857055664
2001-01-30,22.048425674438477,20.567562103271484,21.801616668701172,20.789691925048828,227057.0,20.789691925048828
2001-01-31,21.966156005859375,20.575788497924805,20.789691925048828,20.641605377197266,295003.0,20.641605377197266
2001-02-01,20.789691925048828,19.177194595336914,20.575788497924805,19.21833038330078,330253.0,19.21833038330078
2001-02-02,20.024578094482422,19.08669662475586,19.08669662475586,19.46514129638672,134678.0,19.46514129638672
2001-02-05,20.07394027709961,18.922157287597656,19.662588119506836,19.325281143188477,208338.0,19.325281143188477
2001-02-06,20.987140655517578,19.703723907470703,19.703723907470703,19.843584060668945,351038.0,19.843584060668945
2001-02-07,20.36188507080078,19.185422897338867,19.662588119506836,19.46514129638672,182812.0,19.46514129638672
2001-02-08,19.67904281616211,19.210102081298828,19.54741096496582,19.308826446533203,117053.0,19.308826446533203
2001-02-09,19.498048782348633,18.338037490844727,19.333507537841797,18.486125946044922,136988.0,18.486125946044922
2001-02-12,20.06571388244629,18.609529495239258,18.897476196289062,20.024578094482422,262428.0,20.024578094482422
2001-02-13,20.715648651123047,19.259464263916016,20.36188507080078,19.259464263916016,220007.0,19.259464263916016
2001-02-14,19.4157772064209,18.658891677856445,19.333507537841797,19.012653350830078,186216.0,19.012653350830078
2001-02-15,19.95053482055664,19.103151321411133,19.21833038330078,19.917627334594727,173331.0,19.917627334594727
2001-02-16,19.654361724853516,18.922157287597656,19.514503479003906,18.930383682250977,159596.0,18.930383682250977
2001-02-20,19.292373657226562,18.099454879760742,19.127832412719727,18.107681274414062,147198.0,18.107681274414062
2001-02-21,18.23108673095703,17.276752471923828,17.902006149291992,17.44129180908203,235687.0,17.44129180908203
2001-02-22,17.400157928466797,16.314189910888672,17.400157928466797,16.6926326751709,269113.0,16.6926326751709
2001-02-23,17.276752471923828,15.894612312316895,16.8016414642334,17.095346450805664,267064.0,17.095346450805664
2001-02-26,18.658891677856445,16.8016414642334,17.319944381713867,18.658891677856445,364420.0,18.658891677856445
2001-02-27,18.40837860107422,17.07806968688965,18.39974021911621,17.103984832763672,170402.0,17.103984832763672
2001-02-28,17.371774673461914,16.67206573486328,17.14717674255371,16.67206573486328,178969.0,16.67206573486328
2001-03-01,17.017601013183594,16.110570907592773,16.71525764465332,16.499298095703125,187883.0,16.499298095703125
2001-03-02,17.19036865234375,16.153762817382812,16.335168838500977,16.844833374023438,214971.0,16.844833374023438
2001-03-05,17.259475708007812,16.00691032409668,16.931217193603516,16.266061782836914,166814.0,16.266061782836914
2001-03-06,16.931217193603516,16.266061782836914,16.266061782836914,16.827556610107422,175727.0,16.827556610107422
2001-03-07,16.810279846191406,16.266061782836914,16.75844955444336,16.577043533325195,178969.0,16.577043533325195
2001-03-08,16.775726318359375,16.076017379760742,16.697980880737305,16.24014663696289,235808.0,16.24014663696289
2001-03-09,16.24014663696289,15.678651809692383,16.067378997802734,15.721843719482422,229441.0,15.721843719482422
2001-03-12,15.644099235534668,12.905734062194824,15.644099235534668,12.931649208068848,453442.0,12.931649208068848
2001-03-13,14.45200252532959,13.363568305969238,13.994169235229492,14.391533851623535,377154.0,14.391533851623535
2001-03-14,14.210127830505371,13.242630004882812,13.994169235229492,13.778209686279297,365578.0,13.778209686279297
2001-03-15,14.719793319702148,13.778209686279297,14.702515602111816,13.795486450195312,189503.0,13.795486450195312
2001-03-16,13.907785415649414,13.17352294921875,13.821401596069336,13.17352294921875,228168.0,13.17352294921875
2001-03-19,14.037361145019531,13.17352294921875,13.17352294921875,13.994169235229492,255256.0,13.994169235229492
2001-03-20,14.115105628967285,13.47586727142334,14.037361145019531,13.536334991455078,267064.0,13.536334991455078
2001-03-21,13.821401596069336,13.095778465270996,13.544974327087402,13.095778465270996,285239.0,13.095778465270996
2001-03-22,13.130331039428711,11.80002212524414,13.104415893554688,12.05053424835205,619214.0,12.05053424835205
2001-03-23,13.303098678588867,12.404707908630371,12.957564353942871,13.216714859008789,296699.0,13.216714859008789
2001-03-26,14.063276290893555,13.346290588378906,13.60544204711914,13.864592552185059,246921.0,13.864592552185059
2001-03-27,14.175575256347656,13.838678359985352,13.907785415649414,13.994169235229492,215666.0,13.994169235229492
2001-03-28,14.028722763061523,13.303098678588867,13.950977325439453,13.484504699707031,144587.0,13.484504699707031
2001-03-29,14.244682312011719,13.380844116210938,13.570889472961426,13.64863395690918,200501.0,13.64863395690918
2001-03-30,14.503832817077637,13.665910720825195,14.037361145019531,14.503832817077637,186725.0,14.503832817077637
2001-04-02,14.84936809539795,13.303098678588867,14.84936809539795,13.303098678588867,242059.0,13.303098678588867
2001-04-03,13.311737060546875,12.309685707092285,13.311737060546875,12.439261436462402,236156.0,12.439261436462402
2001-04-04,12.784795761108398,12.09372615814209,12.637944221496582,12.128279685974121,238239.0,12.128279685974121
2001-04-05,13.769571304321289,12.758880615234375,12.827987670898438,13.735017776489258,283965.0,13.735017776489258
2001-04-06,13.665910720825195,13.164884567260742,13.37220573425293,13.406760215759277,143430.0,13.406760215759277
2001-04-09,14.40017318725586,13.60544204711914,13.60544204711914,14.40017318725586,169361.0,14.40017318725586
2001-04-10,15.790950775146484,14.978943824768066,15.117157936096191,15.765035629272461,336174.0,15.765035629272461
2001-04-11,15.937804222106934,15.376309394836426,15.773674964904785,15.462693214416504,150723.0,15.462693214416504
2001-04-12,17.008962631225586,15.410862922668457,15.63546085357666,16.585681915283203,244375.0,16.585681915283203
2001-04-16,16.931217193603516,16.101932525634766,16.499298095703125,16.101932525634766,185220.0,16.101932525634766
2001-04-17,17.000324249267578,15.894612312316895,16.188316345214844,17.000324249267578,175843.0,17.000324249267578
2001-04-18,18.512039184570312,17.294029235839844,17.44951820373535,17.933269500732422,314064.0,17.933269500732422
2001-04-19,18.8316593170166,17.70867156982422,17.933269500732422,18.8316593170166,245532.0,18.8316593170166
2001-04-20,19.34996223449707,17.993736267089844,19.30677032470703,17.993736267089844,220991.0,17.993736267089844
2001-04-23,17.82097053527832,17.06943130493164,17.82097053527832,17.406328201293945,151186.0,17.406328201293945
2001-04-24,17.561817169189453,16.499298095703125,17.44951820373535,16.60295867919922,104881.0,16.60295867919922
2001-04-25,17.795055389404297,16.499298095703125,16.689342498779297,17.717309951782227,228399.0,17.717309951782227
2001-04-26,18.183780670166016,17.250837326049805,17.76913833618164,17.66547966003418,196565.0,17.66547966003418
2001-04-27,18.261526107788086,17.5790958404541,17.5790958404541,18.08875846862793,224695.0,18.08875846862793
2001-04-30,19.42770767211914,18.09739875793457,18.14059066772461,19.177194595336914,369514.0,19.177194595336914
2001-05-01,20.25699234008789,18.848936080932617,19.177194595336914,20.110139846801758,214971.0,20.110139846801758
2001-05-02,20.041032791137695,19.522729873657227,20.041032791137695,19.807796478271484,144587.0,19.807796478271484
2001-05-03,19.755966186523438,19.22902488708496,19.66094398498535,19.755966186523438,125602.0,19.755966186523438
2001-05-04,19.9373722076416,19.185832977294922,19.444984436035156,19.920095443725586,195639.0,19.920095443725586
2001-05-07,20.516143798828125,19.643667221069336,19.954648971557617,19.78188133239746,202584.0,19.78188133239746
2001-05-08,20.032394409179688,19.272216796875,19.86826515197754,19.90281867980957,160215.0,19.90281867980957
2001-05-09,20.48158836364746,19.522729873657227,19.643667221069336,20.015117645263672,131275.0,20.015117645263672
2001-05-10,20.5247802734375,20.092863082885742,20.187885284423828,20.21380043029785,135674.0,20.21380043029785
2001-05-11,20.386566162109375,19.799158096313477,20.30018424987793,19.997840881347656,86243.0,19.997840881347656
2001-05-14,19.997840881347656,19.59183692932129,19.997840881347656,19.807796478271484,120972.0,19.807796478271484
2001-05-15,20.118778228759766,19.565921783447266,19.850988388061523,19.911457061767578,120625.0,19.911457061767578
2001-05-16,21.405895233154297,19.609113693237305,19.78188133239746,21.164020538330078,204784.0,21.164020538330078
2001-05-17,22.632545471191406,21.50955581665039,21.55274772644043,22.554800033569336,328997.0,22.554800033569336
2001-05-18,23.60868263244629,22.554800033569336,22.554800033569336,23.479106903076172,266370.0,23.479106903076172
2001-05-21,25.871936798095703,23.479106903076172,23.651872634887695,25.699169158935547,366157.0,25.699169158935547
2001-05-22,26.096534729003906,25.146312713623047,25.828744888305664,25.88921356201172,334785.0,25.88921356201172
2001-05-23,25.966957092285156,24.204729080200195,25.915128707885742,24.42068862915039,291258.0,24.42068862915039
2001-05-24,26.087894439697266,24.23064422607422,24.61937141418457,26.087894439697266,274704.0,26.087894439697266
2001-05-25,26.606197357177734,25.68189239501953,26.563005447387695,26.459346771240234,160331.0,26.459346771240234
2001-05-29,26.85671043395996,26.087894439697266,26.606197357177734,26.303855895996094,184873.0,26.303855895996094
2001-05-30,26.131086349487305,24.57617950439453,26.131086349487305,24.947629928588867,233493.0,24.947629928588867
2001-05-31,25.707807540893555,25.05129051208496,25.05129051208496,25.465932846069336,225737.0,25.465932846069336
2001-06-01,27.245437622070312,25.440017700195312,25.638700485229492,27.245437622070312,247732.0,27.245437622070312
2001-06-04,27.858762741088867,26.960371017456055,27.642803192138672,27.3404598236084,342773.0,27.3404598236084
2001-06-05,30.234315872192383,27.642803192138672,27.72918701171875,30.217039108276367,504840.0,30.217039108276367
2001-06-06,30.75261878967285,29.664182662963867,30.217039108276367,30.026994705200195,408063.0,30.026994705200195
2001-06-07,29.97516441345215,28.5584716796875,29.97516441345215,28.644855499267578,331891.0,28.644855499267578
2001-06-08,28.584386825561523,26.813518524169922,26.813518524169922,28.51527976989746,296699.0,28.51527976989746
2001-06-11,28.51527976989746,26.908540725708008,28.51527976989746,27.28862953186035,305729.0,27.28862953186035
2001-06-12,25.984235763549805,25.008098602294922,25.915128707885742,25.915128707885742,432720.0,25.915128707885742
2001-06-13,27.3404598236084,25.699169158935547,25.915128707885742,27.159053802490234,512133.0,27.159053802490234
2001-06-14,27.150415420532227,25.7596378326416,27.150415420532227,26.131086349487305,287438.0,26.131086349487305
2001-06-15,26.908540725708008,25.707807540893555,26.00151252746582,26.43343162536621,320431.0,26.43343162536621
2001-06-18,27.96242332458496,26.563005447387695,26.563005447387695,27.426843643188477,348214.0,27.426843643188477
2001-06-19,28.20429801940918,26.606197357177734,27.858762741088867,26.908540725708008,238934.0,26.908540725708008
2001-06-20,27.599611282348633,26.614835739135742,26.73577308654785,27.271352767944336,174686.0,27.271352767944336
2001-06-21,27.979700088500977,27.28862953186035,27.357736587524414,27.53050422668457,180358.0,27.53050422668457
2001-06-22,27.539142608642578,26.087894439697266,27.539142608642578,26.087894439697266,199227.0,26.087894439697266
2001-06-25,26.476621627807617,25.52640151977539,26.131086349487305,26.16564178466797,220296.0,26.16564178466797
2001-06-26,26.86534881591797,25.742359161376953,26.347047805786133,26.606197357177734,241596.0,26.606197357177734
2001-06-27,26.59756088256836,26.00151252746582,26.59756088256836,26.502538681030273,150607.0,26.502538681030273
2001-06-28,27.77237892150879,26.606197357177734,26.606197357177734,27.77237892150879,236619.0,27.77237892150879
2001-06-29,29.629629135131836,28.031530380249023,28.074722290039062,29.3704776763916,355622.0,29.3704776763916
2001-07-02,30.3638916015625,29.3704776763916,29.57779884338379,29.430946350097656,269958.0,29.430946350097656
2001-07-03,29.629629135131836,28.938560485839844,29.439584732055664,28.938560485839844,86590.0,28.938560485839844
2001-07-05,29.35320281982422,28.420257568359375,28.98175048828125,28.420257568359375,117267.0,28.420257568359375
2001-07-06,28.24748992919922,26.74441146850586,28.24748992919922,26.778966903686523,171444.0,26.778966903686523
2001-07-09,27.09858512878418,26.174278259277344,26.260662078857422,26.450706481933594,242985.0,26.450706481933594
2001-07-10,26.303855895996094,24.18745231628418,26.23474884033203,24.567541122436523,540958.0,24.567541122436523
2001-07-11,24.515710830688477,21.94147491455078,24.014684677124023,23.021272659301758,695154.0,23.021272659301758
2001-07-12,24.14426040649414,23.271785736083984,23.582765579223633,24.049238204956055,222148.0,24.049238204956055
2001-07-13,25.094482421875,23.971492767333984,24.057876586914062,24.15289878845215,228284.0,24.15289878845215
2001-07-16,24.1010684967041,22.50296974182129,24.1010684967041,22.546161651611328,227010.0,22.546161651611328
2001-07-17,22.995357513427734,22.45977783203125,22.554800033569336,22.96944236755371,187651.0,22.96944236755371
2001-07-18,23.107656478881836,22.235179901123047,22.96944236755371,22.546161651611328,189272.0,22.546161651611328
2001-07-19,23.23723030090332,22.49433135986328,22.632545471191406,22.554800033569336,110669.0,22.554800033569336
2001-07-20,22.485692977905273,22.287010192871094,22.30428695678711,22.42522430419922,128149.0,22.42522430419922
2001-07-23,22.744844436645508,22.166072845458984,22.546161651611328,22.38203239440918,114258.0,22.38203239440918
2001-07-24,22.589353561401367,20.732101440429688,22.390670776367188,20.818485260009766,192397.0,20.818485260009766
2001-07-25,21.293596267700195,20.386566162109375,20.818485260009766,21.068998336791992,252362.0,21.068998336791992
2001-07-26,22.252456665039062,20.904869079589844,20.982614517211914,22.252456665039062,181516.0,22.252456665039062
2001-07-27,23.12493324279785,22.200626373291016,22.50296974182129,22.200626373291016,174454.0,22.200626373291016
2001-07-30,22.191987991333008,21.24176788330078,22.114242553710938,21.302234649658203,146440.0,21.302234649658203
2001-07-31,22.14015769958496,21.302234649658203,21.302234649658203,21.7427921295166,102450.0,21.7427921295166
2001-08-01,21.958751678466797,21.15538215637207,21.958751678466797,21.47500228881836,89600.0,21.47500228881836
2001-08-02,21.90692138671875,21.46636390686035,21.647769927978516,21.639131546020508,220180.0,21.639131546020508
2001-08-03,22.373394012451172,21.46636390686035,21.811899185180664,22.34747886657715,189156.0,22.34747886657715
2001-08-06,22.96080207824707,22.036497116088867,22.287010192871094,22.511608123779297,249468.0,22.511608123779297
2001-08-07,22.831228256225586,21.846452713012695,22.520246505737305,21.846452713012695,120625.0,21.846452713012695
2001-08-08,22.442501068115234,21.328149795532227,21.768707275390625,21.621854782104492,141809.0,21.621854782104492
2001-08-09,21.98466682434082,21.19857406616211,21.98466682434082,21.98466682434082,220759.0,21.98466682434082
2001-08-10,22.131519317626953,21.423171997070312,22.0710506439209,21.90692138671875,105691.0,21.90692138671875
2001-08-13,22.330202102661133,21.87236785888672,21.90692138671875,22.209264755249023,126065.0,22.209264755249023
2001-08-14,22.53752326965332,21.976028442382812,22.330202102661133,22.38203239440918,130117.0,22.38203239440918
2001-08-15,22.61526870727539,21.768707275390625,22.390670776367188,21.768707275390625,143082.0,21.768707275390625
2001-08-16,21.90692138671875,20.904869079589844,21.682323455810547,21.86372947692871,244953.0,21.86372947692871
2001-08-17,22.200626373291016,21.55274772644043,21.59593963623047,21.86372947692871,151533.0,21.86372947692871
2001-08-20,21.811899185180664,20.948062896728516,21.811899185180664,21.604578018188477,124213.0,21.604578018188477
2001-08-21,21.915559768676758,21.215850830078125,21.59593963623047,21.215850830078125,94578.0,21.215850830078125
2001-08-22,21.67368507385254,20.96533966064453,21.224489212036133,21.639131546020508,143082.0,21.639131546020508
2001-08-23,22.122880935668945,21.59593963623047,21.59593963623047,21.837814331054688,109974.0,21.837814331054688
2001-08-24,23.099016189575195,21.837814331054688,21.837814331054688,23.099016189575195,173991.0,23.099016189575195
2001-08-27,24.524349212646484,22.89169692993164,23.099016189575195,24.515710830688477,287438.0,24.515710830688477
2001-08-28,25.034013748168945,23.2890625,24.947629928588867,23.297700881958008,187419.0,23.297700881958008
2001-08-29,23.859193801879883,23.116294860839844,23.306337356567383,23.142208099365234,85664.0,23.142208099365234
2001-08-30,23.418636322021484,22.45977783203125,23.142208099365234,22.744844436645508,161836.0,22.744844436645508
2001-08-31,23.168123245239258,21.811899185180664,22.831228256225586,22.451139450073242,161720.0,22.451139450073242
2001-09-04,23.038549423217773,22.235179901123047,22.442501068115234,22.278371810913086,110322.0,22.278371810913086
2001-09-05,22.632545471191406,21.682323455810547,22.287010192871094,21.78598403930664,132085.0,21.78598403930664
2001-09-06,21.526832580566406,20.516143798828125,21.526832580566406,20.783933639526367,190777.0,20.783933639526367
2001-09-07,20.732101440429688,19.635028839111328,20.732101440429688,20.006479263305664,171792.0,20.006479263305664
2001-09-10,20.343374252319336,19.652305603027344,19.79051971435547,19.85962677001953,124908.0,19.85962677001953
2001-09-17,19.85962677001953,17.103984832763672,18.572507858276367,17.242198944091797,280493.0,17.242198944091797
2001-09-18,17.216283798217773,15.592268943786621,17.0262393951416,15.721843719482422,257572.0,15.721843719482422
2001-09-19,15.721843719482422,13.501782417297363,15.721843719482422,13.907785415649414,754193.0,13.907785415649414
2001-09-20,13.562250137329102,12.266493797302246,13.47586727142334,12.326963424682617,722242.0,12.326963424682617
2001-09-21,12.948925971984863,11.670446395874023,12.007343292236328,12.8798189163208,442676.0,12.8798189163208
2001-09-24,13.84731674194336,13.17352294921875,13.389483451843262,13.743656158447266,404243.0,13.743656158447266
2001-09-25,14.158297538757324,13.47586727142334,13.743656158447266,13.60544204711914,242985.0,13.60544204711914
2001-09-26,13.959615707397461,13.303098678588867,13.821401596069336,13.303098678588867,142041.0,13.303098678588867
2001-09-27,13.994169235229492,13.138970375061035,13.303098678588867,13.830039978027344,143082.0,13.830039978027344
2001-09-28,15.393586158752441,14.045998573303223,14.045998573303223,14.650686264038086,296005.0,14.650686264038086
2001-10-01,14.745708465576172,14.227404594421387,14.650686264038086,14.339703559875488,154774.0,14.339703559875488
2001-10-02,14.382896423339844,13.778209686279297,14.25331974029541,13.994169235229492,161489.0,13.994169235229492
2001-10-03,14.901199340820312,13.795486450195312,13.907785415649414,14.814814567565918,143546.0,14.814814567565918
2001-10-04,16.058740615844727,14.814814567565918,14.814814567565918,15.540437698364258,207215.0,15.540437698364258
2001-10-05,15.549077033996582,15.117157936096191,15.549077033996582,15.350394248962402,148176.0,15.350394248962402
2001-10-08,15.47996997833252,15.151711463928223,15.289924621582031,15.324479103088379,93305.0,15.324479103088379
2001-10-09,15.920527458190918,15.246733665466309,15.289924621582031,15.445416450500488,166119.0,15.445416450500488
2001-10-10,16.499298095703125,15.419501304626465,15.419501304626465,16.412914276123047,180590.0,16.412914276123047
2001-10-11,17.259475708007812,16.568405151367188,16.844833374023438,17.14717674255371,232104.0,17.14717674255371
2001-10-12,17.328582763671875,16.456106185913086,17.276752471923828,16.74981117248535,195060.0,16.74981117248535
2001-10-15,17.017601013183594,16.464744567871094,16.922578811645508,16.931217193603516,121088.0,16.931217193603516
2001-10-16,17.535903930664062,17.103984832763672,17.103984832763672,17.43224334716797,140304.0,17.43224334716797
2001-10-17,17.70867156982422,16.32653045654297,17.605009078979492,16.32653045654297,131159.0,16.32653045654297
2001-10-18,16.568405151367188,16.24014663696289,16.32653045654297,16.39563751220703,182442.0,16.39563751220703
2001-10-19,16.71525764465332,16.28333854675293,16.48202133178711,16.71525764465332,138220.0,16.71525764465332
2001-10-22,18.123313903808594,16.611597061157227,16.71525764465332,18.123313903808594,249584.0,18.123313903808594
2001-10-23,18.8316593170166,17.976459503173828,18.123313903808594,18.771190643310547,378196.0,18.771190643310547
2001-10-24,18.79710578918457,18.356548309326172,18.745275497436523,18.391101837158203,126065.0,18.391101837158203
2001-10-25,19.090810775756836,17.5790958404541,18.270164489746094,19.082172393798828,210688.0,19.082172393798828
2001-10-26,19.254940032958984,18.788467407226562,19.047618865966797,19.19447135925293,201311.0,19.19447135925293
2001-10-29,19.177194595336914,18.745275497436523,19.090810775756836,18.866212844848633,191124.0,18.866212844848633
2001-10-30,18.91804313659668,17.19036865234375,18.91804313659668,17.22492218017578,234998.0,17.22492218017578
2001-10-31,17.92462921142578,17.406328201293945,17.406328201293945,17.725948333740234,140883.0,17.725948333740234
2001-11-01,17.915992736816406,17.38041114807129,17.734586715698242,17.484073638916016,154080.0,17.484073638916016
2001-11-02,17.49271011352539,16.844833374023438,17.484073638916016,17.276752471923828,199806.0,17.276752471923828
2001-11-05,17.85552215576172,17.276752471923828,17.363136291503906,17.62228775024414,193208.0,17.62228775024414
2001-11-06,17.92462921142578,17.19036865234375,17.70867156982422,17.838245391845703,170750.0,17.838245391845703
2001-11-07,18.106035232543945,17.613649368286133,17.70867156982422,17.70867156982422,118309.0,17.70867156982422
2001-11-08,17.915992736816406,17.23356056213379,17.743223190307617,17.276752471923828,170518.0,17.276752471923828
2001-11-09,17.49271011352539,17.103984832763672,17.319944381713867,17.138538360595703,85085.0,17.138538360595703
2001-11-12,17.103984832763672,16.412914276123047,17.103984832763672,16.844833374023438,216013.0,16.844833374023438
2001-11-13,17.19036865234375,16.706619262695312,16.888025283813477,16.74981117248535,233146.0,16.74981117248535
2001-11-14,17.691394805908203,16.922578811645508,16.922578811645508,17.50135040283203,163572.0,17.50135040283203
2001-11-15,17.691394805908203,17.23356056213379,17.44951820373535,17.319944381713867,133590.0,17.319944381713867
2001-11-16,17.44951820373535,17.103984832763672,17.38905143737793,17.276752471923828,79992.0,17.276752471923828
2001-11-19,18.14059066772461,17.060792922973633,17.276752471923828,18.062843322753906,158710.0,18.062843322753906
2001-11-20,18.391101837158203,17.62228775024414,18.14059066772461,17.795055389404297,172139.0,17.795055389404297
2001-11-21,18.05420684814453,17.605009078979492,17.96782112121582,17.605009078979492,87748.0,17.605009078979492
2001-11-23,18.209697723388672,17.630924224853516,17.751863479614258,18.20105743408203,78487.0,18.20105743408203
2001-11-26,18.79710578918457,17.96782112121582,18.270164489746094,18.75391387939453,145166.0,18.75391387939453
2001-11-27,19.98920249938965,18.788467407226562,18.8316593170166,19.609113693237305,305150.0,19.609113693237305
2001-11-28,19.59183692932129,18.486125946044922,19.565921783447266,18.55523109436035,154890.0,18.55523109436035
2001-11-29,19.332685470581055,18.278804779052734,18.356548309326172,19.324047088623047,165077.0,19.324047088623047
2001-11-30,19.51409149169922,19.056257247924805,19.220386505126953,19.332685470581055,157900.0,19.332685470581055
2001-12-03,19.34996223449707,18.44293212890625,19.34996223449707,18.468847274780273,120161.0,18.468847274780273
2001-12-04,18.96123504638672,18.235612869262695,18.529315948486328,18.900766372680664,139031.0,18.900766372680664
2001-12-05,19.211748123168945,18.702083587646484,18.943958282470703,19.168556213378906,187998.0,19.168556213378906
2001-12-06,19.678220748901367,18.857574462890625,19.047618865966797,19.134002685546875,213698.0,19.134002685546875
2001-12-07,19.134002685546875,18.47748565673828,19.134002685546875,18.572507858276367,93883.0,18.572507858276367
2001-12-10,18.460208892822266,18.019651412963867,18.44293212890625,18.019651412963867,162762.0,18.019651412963867
2001-12-11,18.226972579956055,17.406328201293945,17.96782112121582,18.175142288208008,205247.0,18.175142288208008
2001-12-12,18.529315948486328,17.881437301635742,18.175142288208008,18.149227142333984,150028.0,18.149227142333984
2001-12-13,18.546592712402344,18.09739875793457,18.183780670166016,18.41701889038086,140999.0,18.41701889038086
2001-12-14,18.710721969604492,18.183780670166016,18.486125946044922,18.537954330444336,160447.0,18.537954330444336
2001-12-17,19.254940032958984,18.615699768066406,18.615699768066406,19.22902488708496,120046.0,19.22902488708496
2001-12-18,20.352014541625977,19.30677032470703,19.30677032470703,20.352014541625977,314179.0,20.352014541625977
2001-12-19,20.472951889038086,19.695497512817383,20.472951889038086,19.807796478271484,143893.0,19.807796478271484
2001-12-20,19.78188133239746,19.34996223449707,19.78188133239746,19.43634605407715,175959.0,19.43634605407715
2001-12-21,19.86826515197754,19.34996223449707,19.47089958190918,19.86826515197754,235114.0,19.86826515197754
2001-12-24,20.075586318969727,19.695497512817383,19.695497512817383,19.928733825683594,84507.0,19.928733825683594
2001-12-26,20.21380043029785,19.66094398498535,19.963287353515625,19.894180297851562,140651.0,19.894180297851562
2001-12-27,20.13605308532715,19.78188133239746,19.78188133239746,19.98920249938965,111016.0,19.98920249938965
2001-12-28,20.818485260009766,20.127416610717773,20.127416610717773,20.775293350219727,264402.0,20.775293350219727
2001-12-31,20.991254806518555,20.30018424987793,20.991254806518555,20.30018424987793,268337.0,20.30018424987793
2002-01-02,21.207212448120117,20.06694793701172,20.472951889038086,21.207212448120117,437698.0,21.207212448120117
2002-01-03,22.312925338745117,21.55274772644043,21.59593963623047,22.02785873413086,449969.0,22.02785873413086
2002-01-04,22.589353561401367,21.604578018188477,22.330202102661133,22.21790313720703,331891.0,22.21790313720703
2002-01-07,22.41658592224121,21.526832580566406,22.364755630493164,21.526832580566406,188809.0,21.526832580566406
2002-01-08,21.803260803222656,21.293596267700195,21.682323455810547,21.483640670776367,178274.0,21.483640670776367
2002-01-09,21.98466682434082,21.267681121826172,21.59593963623047,21.293596267700195,204784.0,21.293596267700195
2002-01-10,21.639131546020508,21.207212448120117,21.293596267700195,21.5181941986084,115878.0,21.5181941986084
2002-01-11,21.915559768676758,21.414533615112305,21.5181941986084,21.414533615112305,186956.0,21.414533615112305
2002-01-14,21.423171997070312,21.07763671875,21.39725685119629,21.12082862854004,160678.0,21.12082862854004
2002-01-15,21.371341705322266,20.4124813079834,21.164020538330078,20.922147750854492,171907.0,20.922147750854492
2002-01-16,20.939422607421875,20.516143798828125,20.904869079589844,20.732101440429688,131506.0,20.732101440429688
2002-01-17,21.483640670776367,20.308822631835938,20.775293350219727,21.43181037902832,181168.0,21.43181037902832
2002-01-18,21.379980087280273,20.386566162109375,21.379980087280273,20.472951889038086,233030.0,20.472951889038086
2002-01-22,20.68890953063965,19.609113693237305,20.472951889038086,19.70413589477539,231409.0,19.70413589477539
2002-01-23,20.343374252319336,18.702083587646484,19.488176345825195,20.343374252319336,290564.0,20.343374252319336
2002-01-24,20.732101440429688,19.954648971557617,20.317459106445312,20.196523666381836,119583.0,20.196523666381836
2002-01-25,20.231077194213867,19.86826515197754,20.170608520507812,20.170608520507812,77098.0,20.170608520507812
2002-01-28,20.343374252319336,19.652305603027344,20.21380043029785,19.842350006103516,188461.0,19.842350006103516
2002-01-29,19.764604568481445,18.88348960876465,19.764604568481445,19.10808753967285,260118.0,19.10808753967285
2002-01-30,19.211748123168945,17.70867156982422,18.91804313659668,19.004426956176758,363378.0,19.004426956176758
2002-01-31,19.764171600341797,18.91156578063965,19.22902488708496,19.764171600341797,213334.0,19.764171600341797
2002-02-01,19.94557762145996,19.365079879760742,19.764171600341797,19.70975112915039,208814.0,19.70975112915039
2002-02-04,19.70975112915039,18.095237731933594,19.70975112915039,18.149660110473633,281689.0,18.149660110473633
2002-02-05,18.693878173828125,17.95011329650879,18.14059066772461,18.14059066772461,244204.0,18.14059066772461
2002-02-06,18.195011138916016,17.732425689697266,18.14059066772461,17.732425689697266,195804.0,17.732425689697266
2002-02-07,17.922901153564453,17.306121826171875,17.732425689697266,17.50566864013672,124583.0,17.50566864013672
2002-02-08,18.28571319580078,17.424036026000977,17.460317611694336,18.185941696166992,157878.0,18.185941696166992
2002-02-11,18.14059066772461,17.56916046142578,18.095237731933594,18.04988670349121,169344.0,18.04988670349121
2002-02-12,18.63038444519043,17.67800521850586,17.959184646606445,18.575963973999023,200435.0,18.575963973999023
2002-02-13,18.993196487426758,18.639455795288086,18.639455795288086,18.920635223388672,133844.0,18.920635223388672
2002-02-14,18.82086181640625,17.732425689697266,18.775510787963867,17.741497039794922,183787.0,17.741497039794922
2002-02-15,18.14059066772461,17.62358283996582,17.77777862548828,18.14059066772461,121385.0,18.14059066772461
2002-02-19,18.231292724609375,17.170068740844727,18.231292724609375,17.23356056213379,119952.0,17.23356056213379
2002-02-20,17.67800521850586,16.87074851989746,17.242630004882812,17.67800521850586,234061.0,17.67800521850586
2002-02-21,17.723356246948242,17.23356056213379,17.67800521850586,17.23356056213379,140789.0,17.23356056213379
2002-02-22,17.269840240478516,16.099773406982422,17.23356056213379,16.707483291625977,291611.0,16.707483291625977
2002-02-25,16.825397491455078,16.045351028442383,16.761905670166016,16.68027114868164,175959.0,16.68027114868164
2002-02-26,16.861677169799805,16.417234420776367,16.68027114868164,16.75283432006836,99556.0,16.75283432006836
2002-02-27,17.324262619018555,16.51700782775879,17.006803512573242,16.553287506103516,219728.0,16.553287506103516
2002-02-28,16.825397491455078,16.181406021118164,16.5986385345459,16.489795684814453,136269.0,16.489795684814453
2002-03-01,16.798185348510742,15.873016357421875,16.353740692138672,16.798185348510742,148507.0,16.798185348510742
2002-03-04,17.151927947998047,16.553287506103516,16.87074851989746,17.14285659790039,195914.0,17.14285659790039
2002-03-05,17.67800521850586,16.916099548339844,17.14285659790039,17.414966583251953,159752.0,17.414966583251953
2002-03-06,18.503400802612305,17.460317611694336,17.532880783081055,18.421768188476562,263057.0,18.421768188476562
2002-03-07,18.467119216918945,17.50566864013672,18.421768188476562,17.596372604370117,103084.0,17.596372604370117
2002-03-08,18.131519317626953,17.6417236328125,17.732425689697266,18.131519317626953,87208.0,18.131519317626953
2002-03-11,18.485261917114258,18.058956146240234,18.14059066772461,18.32199478149414,76293.0,18.32199478149414
2002-03-12,18.276643753051758,17.732425689697266,18.231292724609375,17.91383171081543,121385.0,17.91383171081543
2002-03-13,18.32199478149414,17.91383171081543,17.91383171081543,18.131519317626953,87980.0,18.131519317626953
2002-03-14,18.367347717285156,17.91383171081543,18.14059066772461,17.995464324951172,130205.0,17.995464324951172
2002-03-15,18.2403621673584,17.868480682373047,17.868480682373047,18.077098846435547,105399.0,18.077098846435547
2002-03-18,18.231292724609375,17.460317611694336,17.895692825317383,18.22222137451172,190843.0,18.22222137451172
2002-03-19,18.82086181640625,18.32199478149414,18.41269874572754,18.657596588134766,126788.0,18.657596588134766
2002-03-20,19.12925148010254,18.367347717285156,18.594104766845703,18.68480682373047,147625.0,18.68480682373047
2002-03-21,19.047618865966797,18.231292724609375,18.693878173828125,18.95691680908203,71993.0,18.95691680908203
2002-03-22,18.866212844848633,18.195011138916016,18.866212844848633,18.41269874572754,99997.0,18.41269874572754
2002-03-25,18.503400802612305,18.185941696166992,18.185941696166992,18.3582763671875,123811.0,18.3582763671875
2002-03-26,18.367347717285156,18.04988670349121,18.367347717285156,18.113378524780273,129985.0,18.113378524780273
2002-03-27,18.485261917114258,18.01360511779785,18.14059066772461,18.403627395629883,143435.0,18.403627395629883
2002-03-28,18.458049774169922,18.14059066772461,18.367347717285156,18.37641716003418,120393.0,18.37641716003418
2002-04-01,18.49433135986328,17.96825408935547,18.149660110473633,18.385488510131836,117306.0,18.385488510131836
2002-04-02,18.521541595458984,18.176870346069336,18.385488510131836,18.176870346069336,115873.0,18.176870346069336
2002-04-03,18.276643753051758,17.977323532104492,18.14059066772461,18.095237731933594,215649.0,18.095237731933594
2002-04-04,18.14059066772461,17.850339889526367,18.095237731933594,18.104307174682617,136820.0,18.104307174682617
2002-04-05,18.185941696166992,17.732425689697266,18.104307174682617,18.004535675048828,244424.0,18.004535675048828
2002-04-08,17.959184646606445,17.342403411865234,17.91383171081543,17.868480682373047,176621.0,17.868480682373047
2002-04-09,18.004535675048828,17.596372604370117,17.823129653930664,17.832199096679688,99446.0,17.832199096679688
2002-04-10,18.3582763671875,17.632652282714844,17.687074661254883,18.3582763671875,175518.0,18.3582763671875
2002-04-11,18.385488510131836,17.87755012512207,18.3582763671875,17.886621475219727,98343.0,17.886621475219727
2002-04-12,18.367347717285156,17.823129653930664,17.959184646606445,18.349206924438477,78939.0,18.349206924438477
2002-04-15,18.403627395629883,18.004535675048828,18.14059066772461,18.312925338745117,91287.0,18.312925338745117
2002-04-16,18.85714340209961,18.14059066772461,18.14059066772461,18.85714340209961,103194.0,18.85714340209961
2002-04-17,19.020408630371094,18.231292724609375,18.775510787963867,18.2403621673584,156996.0,18.2403621673584
2002-04-18,18.984127044677734,18.149660110473633,18.231292724609375,18.984127044677734,107494.0,18.984127044677734
2002-04-19,19.21088409423828,18.91156578063965,19.047618865966797,19.05668830871582,66371.0,19.05668830871582
2002-04-22,18.775510787963867,18.294784545898438,18.603174209594727,18.37641716003418,69678.0,18.37641716003418
2002-04-23,18.557823181152344,18.158729553222656,18.32199478149414,18.276643753051758,91067.0,18.276643753051758
2002-04-24,18.458049774169922,18.06802749633789,18.28571319580078,18.12244987487793,116755.0,18.12244987487793
2002-04-25,18.113378524780273,17.50566864013672,18.113378524780273,17.65986442565918,116645.0,17.65986442565918
2002-04-26,17.750566482543945,16.87074851989746,17.668933868408203,16.87074851989746,187205.0,16.87074851989746
2002-04-29,16.544218063354492,16.145124435424805,16.507936477661133,16.226757049560547,208924.0,16.226757049560547
2002-04-30,16.453514099121094,15.691610336303711,16.217687606811523,16.417234420776367,287312.0,16.417234420776367
2002-05-01,16.562358856201172,16.063491821289062,16.535146713256836,16.29024887084961,184669.0,16.29024887084961
2002-05-02,16.489795684814453,16.145124435424805,16.145124435424805,16.32653045654297,131087.0,16.32653045654297
2002-05-03,16.32653045654297,15.600907325744629,16.32653045654297,16.045351028442383,195143.0,16.045351028442383
2002-05-06,16.045351028442383,15.074830055236816,16.045351028442383,15.138321876525879,174746.0,15.138321876525879
2002-05-07,15.328798294067383,13.986394882202148,15.147392272949219,14.612244606018066,311126.0,14.612244606018066
2002-05-08,15.782313346862793,14.739229202270508,14.839001655578613,15.700679779052734,185330.0,15.700679779052734
2002-05-09,16.045351028442383,15.419501304626465,15.673468589782715,15.464853286743164,94815.0,15.464853286743164
2002-05-10,15.510204315185547,14.702947616577148,15.464853286743164,14.911564826965332,106722.0,14.911564826965332
2002-05-13,15.31065845489502,14.81179141998291,14.82993221282959,15.210884094238281,67032.0,15.210884094238281
2002-05-14,15.945577621459961,15.301587104797363,15.301587104797363,15.918367385864258,110140.0,15.918367385864258
2002-05-15,16.145124435424805,15.646259307861328,15.827664375305176,15.99092960357666,96359.0,15.99092960357666
2002-05-16,15.918367385864258,15.49206256866455,15.918367385864258,15.691610336303711,92610.0,15.691610336303711
2002-05-17,16.689342498779297,15.736961364746094,15.736961364746094,16.607709884643555,160965.0,16.607709884643555
2002-05-20,16.5986385345459,16.244897842407227,16.507936477661133,16.553287506103516,144758.0,16.553287506103516
2002-05-21,16.607709884643555,16.244897842407227,16.507936477661133,16.29024887084961,197458.0,16.29024887084961
2002-05-22,16.553287506103516,16.081632614135742,16.235828399658203,16.299320220947266,163942.0,16.299320220947266
2002-05-23,17.414966583251953,16.281179428100586,16.281179428100586,17.414966583251953,95256.0,17.414966583251953
2002-05-24,17.6417236328125,16.87074851989746,17.48752784729004,16.87074851989746,99115.0,16.87074851989746
2002-05-28,16.916099548339844,16.553287506103516,16.916099548339844,16.643991470336914,167249.0,16.643991470336914
2002-05-29,16.916099548339844,16.46258544921875,16.643991470336914,16.507936477661133,123590.0,16.507936477661133
2002-05-30,16.689342498779297,16.471654891967773,16.507936477661133,16.643991470336914,131969.0,16.643991470336914
2002-05-31,16.961450576782227,16.5986385345459,16.689342498779297,16.5986385345459,70781.0,16.5986385345459
2002-06-03,16.507936477661133,15.54648494720459,16.507936477661133,15.54648494720459,112345.0,15.54648494720459
2002-06-04,15.809523582458496,15.219955444335938,15.437642097473145,15.501133918762207,139025.0,15.501133918762207
2002-06-05,15.691610336303711,14.84807300567627,15.501133918762207,15.192744255065918,155563.0,15.192744255065918
2002-06-06,15.283447265625,14.693878173828125,15.283447265625,14.884353637695312,131528.0,14.884353637695312
2002-06-07,14.712018013000488,14.013605117797852,14.430838584899902,14.621315002441406,260521.0,14.621315002441406
2002-06-10,14.77550983428955,14.331066131591797,14.621315002441406,14.34013557434082,196686.0,14.34013557434082
2002-06-11,14.421769142150879,13.278911590576172,14.421769142150879,13.369614601135254,187094.0,13.369614601135254
2002-06-12,13.514739036560059,12.979592323303223,13.287981986999512,13.469388008117676,161075.0,13.469388008117676
2002-06-13,13.741497039794922,13.15192699432373,13.424036026000977,13.242630004882812,222815.0,13.242630004882812
2002-06-14,13.65079402923584,12.607709884643555,13.15192699432373,13.61451244354248,172431.0,13.61451244354248
2002-06-17,14.303854942321777,13.786848068237305,13.877551078796387,14.303854942321777,204404.0,14.303854942321777
2002-06-18,14.603175163269043,14.095237731933594,14.331066131591797,14.421769142150879,129544.0,14.421769142150879
2002-06-19,14.521541595458984,13.877551078796387,14.312925338745117,14.131519317626953,119070.0,14.131519317626953
2002-06-20,14.149660110473633,13.514739036560059,14.013605117797852,13.587302207946777,113227.0,13.587302207946777
2002-06-21,13.60544204711914,13.14285659790039,13.5963716506958,13.333333015441895,150712.0,13.333333015441895
2002-06-24,13.451247215270996,12.535146713256836,13.19727897644043,13.414965629577637,190733.0,13.414965629577637
2002-06-25,13.414965629577637,12.74376392364502,13.414965629577637,12.75283432006836,150932.0,12.75283432006836
2002-06-26,12.725624084472656,12.244897842407227,12.299320220947266,12.68934154510498,235274.0,12.68934154510498
2002-06-27,13.160998344421387,12.707483291625977,12.916099548339844,13.160998344421387,198891.0,13.160998344421387
2002-06-28,13.687074661254883,12.997732162475586,13.242630004882812,12.997732162475586,224690.0,12.997732162475586
2002-07-01,13.18820858001709,12.716552734375,12.988661766052246,12.8798189163208,192827.0,12.8798189163208
2002-07-02,12.8798189163208,11.619048118591309,12.789115905761719,12.063491821289062,334058.0,12.063491821289062
2002-07-03,12.126983642578125,11.682539939880371,11.97278881072998,12.01814079284668,261954.0,12.01814079284668
2002-07-05,12.789115905761719,12.099773406982422,12.099773406982422,12.698412895202637,59756.0,12.698412895202637
2002-07-08,12.925169944763184,12.244897842407227,12.789115905761719,12.471654891967773,109368.0,12.471654891967773
2002-07-09,12.48072624206543,11.836734771728516,12.471654891967773,11.873016357421875,168021.0,11.873016357421875
2002-07-10,11.918367385864258,11.11111068725586,11.845805168151855,11.201813697814941,171218.0,11.201813697814941
2002-07-11,11.337867736816406,10.05895709991455,10.65759563446045,11.2380952835083,308259.0,11.2380952835083
2002-07-12,11.473922729492188,10.984127044677734,11.2380952835083,11.192744255065918,154901.0,11.192744255065918
2002-07-15,11.174603462219238,10.204081535339355,11.156462669372559,10.929704666137695,215870.0,10.929704666137695
2002-07-16,11.927437782287598,10.929704666137695,10.929704666137695,11.428570747375488,226123.0,11.428570747375488
2002-07-17,11.927437782287598,11.147392272949219,11.56462574005127,11.927437782287598,230753.0,11.927437782287598
2002-07-18,11.927437782287598,11.56462574005127,11.927437782287598,11.691610336303711,239794.0,11.691610336303711
2002-07-19,11.609976768493652,11.156462669372559,11.609976768493652,11.283447265625,162509.0,11.283447265625
2002-07-22,11.419501304626465,11.029478073120117,11.201813697814941,11.25623607635498,186874.0,11.25623607635498
2002-07-23,11.383219718933105,10.566892623901367,11.346939086914062,10.702947616577148,201317.0,10.702947616577148
2002-07-24,11.609976768493652,10.467120170593262,10.612244606018066,11.156462669372559,228328.0,11.156462669372559
2002-07-25,11.882085800170898,10.884353637695312,11.383219718933105,11.174603462219238,128441.0,11.174603462219238
2002-07-26,11.401361465454102,10.702947616577148,11.11111068725586,11.083900451660156,121496.0,11.083900451660156
2002-07-29,12.163265228271484,11.428570747375488,11.56462574005127,12.090703010559082,262395.0,12.090703010559082
2002-07-30,12.244897842407227,11.582765579223633,12.00907039642334,11.963719367980957,231084.0,11.963719367980957
2002-07-31,12.390023231506348,11.609976768493652,11.927437782287598,12.0,114440.0,12.0
2002-08-01,12.29024887084961,11.482993125915527,11.927437782287598,11.691610336303711,93272.0,11.691610336303711
2002-08-02,11.863945960998535,11.24716567993164,11.746031761169434,11.655328750610352,82136.0,11.655328750610352
2002-08-05,11.56462574005127,10.557823181152344,11.56462574005127,10.566892623901367,94484.0,10.566892623901367
2002-08-06,11.156462669372559,10.65759563446045,10.65759563446045,11.11111068725586,239904.0,11.11111068725586
2002-08-07,11.428570747375488,10.80272102355957,11.201813697814941,11.337867736816406,134836.0,11.337867736816406
2002-08-08,11.746031761169434,10.884353637695312,11.337867736816406,11.736961364746094,231194.0,11.736961364746094
2002-08-09,11.927437782287598,11.428570747375488,11.646259307861328,11.736961364746094,82136.0,11.736961364746094
2002-08-12,12.099773406982422,11.428570747375488,11.555556297302246,11.97278881072998,47628.0,11.97278881072998
2002-08-13,11.882085800170898,10.884353637695312,11.882085800170898,11.011338233947754,98343.0,11.011338233947754
2002-08-14,11.736961364746094,10.77550983428955,11.192744255065918,11.736961364746094,89413.0,11.736961364746094
2002-08-15,11.863945960998535,11.201813697814941,11.791382789611816,11.383219718933105,104738.0,11.383219718933105
2002-08-16,12.063491821289062,11.065759658813477,11.337867736816406,12.063491821289062,125354.0,12.063491821289062
2002-08-19,11.882085800170898,11.501133918762207,11.836734771728516,11.655328750610352,218736.0,11.655328750610352
2002-08-20,11.927437782287598,11.655328750610352,11.655328750610352,11.836734771728516,91949.0,11.836734771728516
2002-08-21,12.371882438659668,11.700679779052734,11.836734771728516,12.371882438659668,89303.0,12.371882438659668
2002-08-22,13.061223983764648,12.090703010559082,12.371882438659668,12.825396537780762,89854.0,12.825396537780762
2002-08-23,12.825396537780762,12.172335624694824,12.825396537780762,12.353740692138672,137813.0,12.353740692138672
2002-08-26,12.607709884643555,12.208617210388184,12.353740692138672,12.553288459777832,135167.0,12.553288459777832
2002-08-27,12.852607727050781,12.172335624694824,12.517006874084473,12.172335624694824,160083.0,12.172335624694824
2002-08-28,12.099773406982422,11.337867736816406,12.081632614135742,11.383219718933105,141892.0,11.383219718933105
2002-08-29,12.317460060119629,11.26530647277832,11.337867736816406,11.873016357421875,123811.0,11.873016357421875
2002-08-30,12.108843803405762,11.51927375793457,11.882085800170898,11.555556297302246,72875.0,11.555556297302246
2002-09-03,11.54648494720459,10.920635223388672,11.54648494720459,10.920635223388672,94595.0,10.920635223388672
2002-09-04,11.510204315185547,10.884353637695312,10.975056648254395,11.337867736816406,87869.0,11.337867736816406
2002-09-05,11.24716567993164,10.965986251831055,11.24716567993164,11.038549423217773,90956.0,11.038549423217773
2002-09-06,11.773242950439453,11.065759658813477,11.065759658813477,11.700679779052734,71001.0,11.700679779052734
2002-09-09,12.099773406982422,11.201813697814941,11.53741455078125,12.01814079284668,87428.0,12.01814079284668
2002-09-10,12.50793743133545,12.063491821289062,12.099773406982422,12.46258544921875,171990.0,12.46258544921875
2002-09-11,12.7619047164917,12.526077270507812,12.607709884643555,12.653060913085938,71222.0,12.653060913085938
2002-09-12,12.634921073913574,12.208617210388184,12.562357902526855,12.235828399658203,111683.0,12.235828399658203
2002-09-13,12.75283432006836,11.936508178710938,12.145125389099121,12.698412895202637,99556.0,12.698412895202637
2002-09-16,13.034013748168945,12.580498695373535,12.725624084472656,12.580498695373535,66701.0,12.580498695373535
2002-09-17,12.7619047164917,12.172335624694824,12.625849723815918,12.172335624694824,53141.0,12.172335624694824
2002-09-18,12.45351505279541,11.882085800170898,12.108843803405762,12.45351505279541,102312.0,12.45351505279541
2002-09-19,12.362812042236328,11.773242950439453,12.362812042236328,11.882085800170898,95918.0,11.882085800170898
2002-09-20,12.335600852966309,11.791382789611816,11.954648971557617,12.154194831848145,128882.0,12.154194831848145
2002-09-23,12.063491821289062,11.57369613647461,12.063491821289062,11.773242950439453,95477.0,11.773242950439453
2002-09-24,12.163265228271484,11.56462574005127,11.591836929321289,12.163265228271484,125354.0,12.163265228271484
2002-09-25,13.20634937286377,12.199545860290527,12.390023231506348,13.106575965881348,116645.0,13.106575965881348
2002-09-26,13.560091018676758,12.834466934204102,13.19727897644043,12.961450576782227,106612.0,12.961450576782227
2002-09-27,13.505668640136719,12.789115905761719,13.052153587341309,12.789115905761719,117857.0,12.789115905761719
2002-09-30,13.442176818847656,12.163265228271484,12.562357902526855,12.970521926879883,180810.0,12.970521926879883
2002-10-01,14.104308128356934,12.698412895202637,13.124716758728027,14.104308128356934,134285.0,14.104308128356934
2002-10-02,14.331066131591797,13.424036026000977,14.104308128356934,13.424036026000977,148838.0,13.424036026000977
2002-10-03,14.049886703491211,13.315193176269531,13.333333015441895,13.315193176269531,100989.0,13.315193176269531
2002-10-04,13.714285850524902,12.380951881408691,13.405896186828613,12.643991470336914,157547.0,12.643991470336914
2002-10-07,12.970521926879883,12.42630386352539,12.834466934204102,12.653060913085938,126016.0,12.653060913085938
2002-10-08,13.60544204711914,12.8798189163208,12.925169944763184,13.451247215270996,119732.0,13.451247215270996
2002-10-09,13.242630004882812,12.607709884643555,13.242630004882812,12.698412895202637,116645.0,12.698412895202637
2002-10-10,13.15192699432373,12.680272102355957,12.789115905761719,12.997732162475586,178605.0,12.997732162475586
2002-10-11,13.63265323638916,13.22449016571045,13.22449016571045,13.378684997558594,145751.0,13.378684997558594
2002-10-14,13.92290210723877,13.061223983764648,13.061223983764648,13.895691871643066,161075.0,13.895691871643066
2002-10-15,14.421769142150879,13.850339889526367,14.195011138916016,13.931973457336426,200765.0,13.931973457336426
2002-10-16,13.859410285949707,13.469388008117676,13.705215454101562,13.523810386657715,139466.0,13.523810386657715
2002-10-17,13.92290210723877,13.60544204711914,13.877551078796387,13.641722679138184,127890.0,13.641722679138184
2002-10-18,13.931973457336426,13.433107376098633,13.60544204711914,13.92290210723877,213224.0,13.92290210723877
2002-10-21,14.37641716003418,13.786848068237305,13.804988861083984,14.312925338745117,112565.0,14.312925338745117
2002-10-22,14.122448921203613,13.768707275390625,14.104308128356934,13.92290210723877,75080.0,13.92290210723877
2002-10-23,14.467120170593262,13.61451244354248,13.832200050354004,14.439908981323242,144648.0,14.439908981323242
2002-10-24,14.875283241271973,13.777777671813965,14.603175163269043,13.777777671813965,152145.0,13.777777671813965
2002-10-25,14.149660110473633,13.65079402923584,13.741497039794922,13.959183692932129,146743.0,13.959183692932129
2002-10-28,14.013605117797852,12.8798189163208,13.986394882202148,13.333333015441895,266254.0,13.333333015441895
2002-10-29,13.641722679138184,13.024943351745605,13.333333015441895,13.15192699432373,202309.0,13.15192699432373
2002-10-30,13.60544204711914,12.961450576782227,12.961450576782227,13.60544204711914,144869.0,13.60544204711914
2002-10-31,13.868480682373047,13.124716758728027,13.786848068237305,13.20634937286377,214547.0,13.20634937286377
2002-11-01,13.786848068237305,13.043084144592285,13.20634937286377,13.786848068237305,76734.0,13.786848068237305
2002-11-04,14.176871299743652,13.786848068237305,13.868480682373047,14.05895709991455,107714.0,14.05895709991455
2002-11-05,14.38548755645752,13.977323532104492,14.049886703491211,14.104308128356934,161296.0,14.104308128356934
2002-11-06,14.34013557434082,14.031745910644531,14.240363121032715,14.131519317626953,91618.0,14.131519317626953
2002-11-07,14.222222328186035,13.777777671813965,14.013605117797852,13.777777671813965,79049.0,13.777777671813965
2002-11-08,14.031745910644531,13.741497039794922,13.777777671813965,13.832200050354004,62843.0,13.832200050354004
2002-11-11,13.877551078796387,13.034013748168945,13.741497039794922,13.124716758728027,123039.0,13.124716758728027
2002-11-12,13.696145057678223,13.15192699432373,13.15192699432373,13.514739036560059,146412.0,13.514739036560059
2002-11-13,13.60544204711914,13.260770797729492,13.424036026000977,13.433107376098633,54133.0,13.433107376098633
2002-11-14,13.968254089355469,13.560091018676758,13.560091018676758,13.968254089355469,52038.0,13.968254089355469
2002-11-15,13.92290210723877,13.62358283996582,13.786848068237305,13.62358283996582,110912.0,13.62358283996582
2002-11-18,13.804988861083984,13.451247215270996,13.560091018676758,13.487527847290039,104627.0,13.487527847290039
2002-11-19,13.469388008117676,12.897958755493164,13.424036026000977,12.961450576782227,136820.0,12.961450576782227
2002-11-20,13.160998344421387,12.816327095031738,12.970521926879883,12.952381134033203,259970.0,12.952381134033203
2002-11-21,13.14285659790039,12.789115905761719,13.106575965881348,12.952381134033203,233179.0,12.952381134033203
2002-11-22,13.523810386657715,12.897958755493164,12.970521926879883,13.514739036560059,100328.0,13.514739036560059
2002-11-25,13.60544204711914,13.15192699432373,13.424036026000977,13.433107376098633,78388.0,13.433107376098633
2002-11-26,13.514739036560059,12.970521926879883,13.378684997558594,13.333333015441895,108266.0,13.333333015441895
2002-11-27,13.67800521850586,13.287981986999512,13.333333015441895,13.469388008117676,76844.0,13.469388008117676
2002-11-29,13.569161415100098,13.15192699432373,13.478458404541016,13.15192699432373,35611.0,13.15192699432373
2002-12-02,13.487527847290039,13.079364776611328,13.242630004882812,13.17006778717041,109699.0,13.17006778717041
2002-12-03,13.19727897644043,12.770975112915039,13.17006778717041,12.825396537780762,81475.0,12.825396537780762
2002-12-04,12.88888931274414,12.444443702697754,12.73469352722168,12.789115905761719,118298.0,12.789115905761719
2002-12-05,12.8798189163208,12.562357902526855,12.789115905761719,12.580498695373535,75521.0,12.580498695373535
2002-12-06,12.553288459777832,12.308389663696289,12.489795684814453,12.553288459777832,75962.0,12.553288459777832
2002-12-09,12.88888931274414,12.45351505279541,12.46258544921875,12.45351505279541,104848.0,12.45351505279541
2002-12-10,13.024943351745605,12.607709884643555,12.607709884643555,12.961450576782227,111683.0,12.961450576782227
2002-12-11,13.22449016571045,12.816327095031738,12.870747566223145,13.015872955322266,117306.0,13.015872955322266
2002-12-12,13.387755393981934,13.015872955322266,13.015872955322266,13.251701354980469,102753.0,13.251701354980469
2002-12-13,13.18820858001709,12.770975112915039,13.160998344421387,12.789115905761719,164824.0,12.789115905761719
2002-12-16,13.387755393981934,12.88888931274414,13.15192699432373,13.15192699432373,202970.0,13.15192699432373
2002-12-17,13.514739036560059,12.952381134033203,13.15192699432373,13.287981986999512,113227.0,13.287981986999512
2002-12-18,13.19727897644043,12.471654891967773,13.19727897644043,12.517006874084473,144207.0,12.517006874084473
2002-12-19,12.807255744934082,12.471654891967773,12.471654891967773,12.616780281066895,100438.0,12.616780281066895
2002-12-20,13.015872955322266,12.698412895202637,12.707483291625977,12.925169944763184,111022.0,12.925169944763184
2002-12-23,13.15192699432373,12.852607727050781,12.925169944763184,13.061223983764648,94705.0,13.061223983764648
2002-12-24,13.233559608459473,13.015872955322266,13.15192699432373,13.088435173034668,47077.0,13.088435173034668
2002-12-26,13.841270446777344,13.015872955322266,13.015872955322266,13.668933868408203,169234.0,13.668933868408203
2002-12-27,13.687074661254883,12.970521926879883,13.687074661254883,12.970521926879883,97461.0,12.970521926879883
2002-12-30,13.287981986999512,12.607709884643555,13.287981986999512,12.8798189163208,126898.0,12.8798189163208
2002-12-31,13.097505569458008,12.698412895202637,12.789115905761719,12.698412895202637,81475.0,12.698412895202637
2003-01-02,13.378684997558594,12.834466934204102,12.970521926879883,13.242630004882812,72545.0,13.242630004882812
2003-01-03,13.306121826171875,13.088435173034668,13.233559608459473,13.251701354980469,127118.0,13.251701354980469
2003-01-06,13.60544204711914,13.242630004882812,13.242630004882812,13.351473808288574,114770.0,13.351473808288574
2003-01-07,13.587302207946777,13.17006778717041,13.351473808288574,13.269841194152832,129213.0,13.269841194152832
2003-01-08,13.287981986999512,12.952381134033203,13.17913818359375,13.015872955322266,101099.0,13.015872955322266
2003-01-09,13.414965629577637,13.043084144592285,13.106575965881348,13.287981986999512,94925.0,13.287981986999512
2003-01-10,13.578230857849121,13.115646362304688,13.19727897644043,13.560091018676758,71222.0,13.560091018676758
2003-01-13,13.804988861083984,13.514739036560059,13.560091018676758,13.741497039794922,87428.0,13.741497039794922
2003-01-14,13.786848068237305,13.469388008117676,13.469388008117676,13.768707275390625,96800.0,13.768707275390625
2003-01-15,13.560091018676758,13.21541976928711,13.560091018676758,13.424036026000977,204845.0,13.424036026000977
2003-01-16,13.696145057678223,13.315193176269531,13.333333015441895,13.5963716506958,94043.0,13.5963716506958
2003-01-17,13.505668640136719,13.324262619018555,13.505668640136719,13.324262619018555,89523.0,13.324262619018555
2003-01-21,13.387755393981934,12.653060913085938,13.34240436553955,12.816327095031738,139577.0,12.816327095031738
2003-01-22,13.15192699432373,12.707483291625977,12.74376392364502,12.816327095031738,50384.0,12.816327095031738
2003-01-23,12.988661766052246,12.471654891967773,12.907029151916504,12.75283432006836,87539.0,12.75283432006836
2003-01-24,12.698412895202637,12.163265228271484,12.698412895202637,12.244897842407227,71883.0,12.244897842407227
2003-01-27,12.244897842407227,11.791382789611816,12.154194831848145,11.800454139709473,89964.0,11.800454139709473
2003-01-28,12.29024887084961,11.57369613647461,11.891156196594238,12.154194831848145,165485.0,12.154194831848145
2003-01-29,12.063491821289062,11.582765579223633,12.063491821289062,11.746031761169434,186543.0,11.746031761169434
2003-01-30,11.97278881072998,11.655328750610352,11.791382789611816,11.791382789611816,138033.0,11.791382789611816
2003-01-31,12.0,11.746031761169434,11.791382789611816,11.800454139709473,137261.0,11.800454139709473
2003-02-03,11.882085800170898,11.637187957763672,11.854874610900879,11.791382789611816,94705.0,11.791382789611816
2003-02-04,11.727890968322754,11.201813697814941,11.700679779052734,11.528345108032227,157327.0,11.528345108032227
2003-02-05,11.882085800170898,11.49206256866455,11.619048118591309,11.700679779052734,147404.0,11.700679779052734
2003-02-06,11.963719367980957,11.628117561340332,11.700679779052734,11.782313346862793,117857.0,11.782313346862793
2003-02-07,11.782313346862793,11.51927375793457,11.700679779052734,11.51927375793457,60968.0,11.51927375793457
2003-02-10,11.782313346862793,11.383219718933105,11.473922729492188,11.782313346862793,61740.0,11.782313346862793
2003-02-11,11.773242950439453,11.337867736816406,11.700679779052734,11.482993125915527,112124.0,11.482993125915527
2003-02-12,11.51927375793457,11.337867736816406,11.49206256866455,11.383219718933105,82688.0,11.383219718933105
2003-02-13,11.356008529663086,11.1201810836792,11.337867736816406,11.356008529663086,71442.0,11.356008529663086
2003-02-14,11.428570747375488,11.229024887084961,11.428570747375488,11.410430908203125,69458.0,11.410430908203125
2003-02-18,11.49206256866455,11.2380952835083,11.383219718933105,11.419501304626465,69347.0,11.419501304626465
2003-02-19,11.383219718933105,11.129252433776855,11.383219718933105,11.292516708374023,70009.0,11.292516708374023
2003-02-20,11.328798294067383,10.79365062713623,11.219955444335938,11.319727897644043,164824.0,11.319727897644043
2003-02-21,11.501133918762207,11.092970848083496,11.365078926086426,11.464853286743164,90185.0,11.464853286743164
2003-02-24,11.464853286743164,11.065759658813477,11.419501304626465,11.156462669372559,60197.0,11.156462669372559
2003-02-25,11.51927375793457,10.929704666137695,11.138321876525879,11.51927375793457,79821.0,11.51927375793457
2003-02-26,11.54648494720459,10.975056648254395,11.428570747375488,11.020407676696777,86987.0,11.020407676696777
2003-02-27,11.383219718933105,11.065759658813477,11.11111068725586,11.383219718933105,48620.0,11.383219718933105
2003-02-28,11.337867736816406,11.156462669372559,11.337867736816406,11.210884094238281,34619.0,11.210884094238281
2003-03-03,11.49206256866455,11.065759658813477,11.174603462219238,11.147392272949219,55015.0,11.147392272949219
2003-03-04,11.337867736816406,11.002267837524414,11.102041244506836,11.156462669372559,60527.0,11.156462669372559
2003-03-05,11.201813697814941,10.893424034118652,11.201813697814941,11.065759658813477,62402.0,11.065759658813477
2003-03-06,11.065759658813477,10.80272102355957,11.065759658813477,11.011338233947754,143656.0,11.011338233947754
2003-03-07,11.020407676696777,10.702947616577148,10.920635223388672,10.893424034118652,80483.0,10.893424034118652
2003-03-10,10.80272102355957,10.430838584899902,10.80272102355957,10.712018013000488,83680.0,10.712018013000488
2003-03-11,10.702947616577148,10.476189613342285,10.476189613342285,10.65759563446045,84231.0,10.65759563446045
2003-03-12,10.884353637695312,10.430838584899902,10.65759563446045,10.448980331420898,111904.0,10.448980331420898
2003-03-13,11.283447265625,10.521541595458984,10.521541595458984,11.201813697814941,235274.0,11.201813697814941
2003-03-14,11.49206256866455,11.1201810836792,11.192744255065918,11.428570747375488,105289.0,11.428570747375488
2003-03-17,12.208617210388184,11.24716567993164,11.337867736816406,12.108843803405762,144538.0,12.108843803405762
2003-03-18,12.108843803405762,11.646259307861328,12.108843803405762,12.01814079284668,86546.0,12.01814079284668
2003-03-19,12.045351028442383,11.791382789611816,11.927437782287598,12.01814079284668,76183.0,12.01814079284668
2003-03-20,12.235828399658203,11.736961364746094,11.927437782287598,12.199545860290527,102422.0,12.199545860290527
2003-03-21,12.716552734375,12.244897842407227,12.380951881408691,12.716552734375,173313.0,12.716552734375
2003-03-24,12.535146713256836,12.117914199829102,12.399092674255371,12.163265228271484,84782.0,12.163265228271484
2003-03-25,12.607709884643555,11.98185920715332,12.0,12.607709884643555,113447.0,12.607709884643555
2003-03-26,12.698412895202637,11.936508178710938,12.607709884643555,11.936508178710938,83570.0,11.936508178710938
2003-03-27,12.308389663696289,11.809523582458496,11.845805168151855,12.29024887084961,92610.0,12.29024887084961
2003-03-28,12.471654891967773,12.01814079284668,12.244897842407227,12.063491821289062,54574.0,12.063491821289062
2003-03-31,12.199545860290527,11.800454139709473,12.01814079284668,11.854874610900879,89082.0,11.854874610900879
2003-04-01,12.244897842407227,11.827664375305176,11.900226593017578,12.199545860290527,89082.0,12.199545860290527
2003-04-02,12.8798189163208,12.362812042236328,12.380951881408691,12.789115905761719,106061.0,12.789115905761719
2003-04-03,13.133787155151367,12.698412895202637,13.061223983764648,12.979592323303223,90515.0,12.979592323303223
2003-04-04,13.015872955322266,12.662132263183594,12.934240341186523,12.897958755493164,108045.0,12.897958755493164
2003-04-07,13.34240436553955,12.698412895202637,13.079364776611328,12.698412895202637,79931.0,12.698412895202637
2003-04-08,12.861678123474121,12.471654891967773,12.607709884643555,12.625849723815918,82136.0,12.625849723815918
2003-04-09,12.834466934204102,12.099773406982422,12.698412895202637,12.099773406982422,110250.0,12.099773406982422
2003-04-10,12.199545860290527,11.954648971557617,12.190476417541504,12.01814079284668,81365.0,12.01814079284668
2003-04-11,12.108843803405762,11.746031761169434,12.01814079284668,11.98185920715332,57330.0,11.98185920715332
2003-04-14,12.46258544921875,11.927437782287598,11.927437782287598,12.408163070678711,84341.0,12.408163070678711
2003-04-15,12.517006874084473,12.163265228271484,12.498866081237793,12.29024887084961,44872.0,12.29024887084961
2003-04-16,12.244897842407227,11.809523582458496,12.244897842407227,11.863945960998535,72324.0,11.863945960998535
2003-04-17,12.317460060119629,11.873016357421875,11.873016357421875,12.281179428100586,39029.0,12.281179428100586
2003-04-21,12.526077270507812,12.154194831848145,12.326531410217285,12.526077270507812,63063.0,12.526077270507812
2003-04-22,12.834466934204102,12.399092674255371,12.444443702697754,12.789115905761719,56889.0,12.789115905761719
2003-04-23,13.106575965881348,12.698412895202637,12.816327095031738,13.061223983764648,80593.0,13.061223983764648
2003-04-24,13.233559608459473,12.916099548339844,13.15192699432373,13.070295333862305,53471.0,13.070295333862305
2003-04-25,13.106575965881348,12.780044555664062,12.979592323303223,13.006802558898926,73427.0,13.006802558898926
2003-04-28,13.541950225830078,12.925169944763184,12.925169944763184,13.478458404541016,83680.0,13.478458404541016
2003-04-29,13.60544204711914,13.22449016571045,13.433107376098633,13.260770797729492,57330.0,13.260770797729492
2003-04-30,13.814059257507324,13.097505569458008,13.106575965881348,13.578230857849121,89744.0,13.578230857849121
2003-05-01,13.786848068237305,13.405896186828613,13.514739036560059,13.741497039794922,66150.0,13.741497039794922
2003-05-02,14.34920597076416,13.968254089355469,13.968254089355469,14.331066131591797,117086.0,14.331066131591797
2003-05-05,15.038549423217773,14.467120170593262,14.603175163269043,14.630385398864746,118960.0,14.630385398864746
2003-05-06,14.748298645019531,14.34920597076416,14.557823181152344,14.34920597076416,64717.0,14.34920597076416
2003-05-07,14.195011138916016,13.67800521850586,14.195011138916016,13.67800521850586,114219.0,13.67800521850586
2003-05-08,13.968254089355469,13.65079402923584,13.67800521850586,13.841270446777344,62953.0,13.841270446777344
2003-05-09,14.467120170593262,13.832200050354004,13.832200050354004,14.421769142150879,75632.0,14.421769142150879
2003-05-12,14.739229202270508,14.4036283493042,14.421769142150879,14.476189613342285,62732.0,14.476189613342285
2003-05-13,14.548752784729004,14.149660110473633,14.421769142150879,14.37641716003418,56338.0,14.37641716003418
2003-05-14,14.739229202270508,14.013605117797852,14.512472152709961,14.675737380981445,135497.0,14.675737380981445
2003-05-15,15.219955444335938,14.712018013000488,14.766440391540527,15.147392272949219,149940.0,15.147392272949219
2003-05-16,15.328798294067383,14.839001655578613,15.147392272949219,14.839001655578613,101871.0,14.839001655578613
2003-05-19,14.984127044677734,14.113378524780273,14.693878173828125,14.748298645019531,126788.0,14.748298645019531
2003-05-20,15.736961364746094,14.839001655578613,14.839001655578613,15.528345108032227,316307.0,15.528345108032227
2003-05-21,16.453514099121094,15.646259307861328,15.646259307861328,16.362812042236328,320607.0,16.362812042236328
2003-05-22,19.818593978881836,16.544218063354492,16.544218063354492,19.65532875061035,1092688.0,19.65532875061035
2003-05-23,20.634920120239258,18.14059066772461,18.14059066772461,19.138322830200195,831947.0,19.138322830200195
2003-05-27,20.861677169799805,19.59183692932129,19.59183692932129,20.725624084472656,721586.0,20.725624084472656
2003-05-28,22.176870346069336,20.952381134033203,21.08843421936035,21.850339889526367,869101.0,21.850339889526367
2003-05-29,23.310657501220703,21.514738082885742,22.176870346069336,22.49433135986328,907137.0,22.49433135986328
2003-05-30,23.764171600341797,22.85714340209961,22.947845458984375,23.05668830871582,667784.0,23.05668830871582
2003-06-02,24.489795684814453,21.71428680419922,24.489795684814453,21.95011329650879,738455.0,21.95011329650879
2003-06-03,22.204082489013672,20.498865127563477,21.95011329650879,21.93197250366211,746503.0,21.93197250366211
2003-06-04,24.126983642578125,21.77777862548828,21.85940933227539,23.492063522338867,608580.0,23.492063522338867
2003-06-05,25.5238094329834,23.60997772216797,23.764171600341797,25.188209533691406,774396.0,25.188209533691406
2003-06-06,27.301586151123047,25.62358283996582,25.7596378326416,25.62358283996582,971854.0,25.62358283996582
2003-06-09,25.995464324951172,23.219955444335938,25.850339889526367,24.27210807800293,780791.0,24.27210807800293
2003-06-10,25.396825790405273,23.854875564575195,24.453514099121094,24.03628158569336,492487.0,24.03628158569336
2003-06-11,25.378684997558594,24.03628158569336,24.03628158569336,25.31519317626953,337586.0,25.31519317626953
2003-06-12,27.156463623046875,25.21541976928711,27.156463623046875,25.786848068237305,288304.0,25.786848068237305
2003-06-13,25.850339889526367,24.263038635253906,25.786848068237305,24.879819869995117,267246.0,24.879819869995117
2003-06-16,25.7596378326416,22.349206924438477,25.396825790405273,23.755102157592773,1234359.0,23.755102157592773
2003-06-17,23.328798294067383,21.768707275390625,22.585033416748047,22.757369995117188,788398.0,22.757369995117188
2003-06-18,22.63038444519043,21.814058303833008,22.040815353393555,21.904762268066406,332294.0,21.904762268066406
2003-06-19,22.594104766845703,20.961450576782227,21.85940933227539,21.260770797729492,482564.0,21.260770797729492
2003-06-20,21.922901153564453,21.31519317626953,21.442176818847656,21.496599197387695,270113.0,21.496599197387695
2003-06-23,21.269840240478516,19.718820571899414,21.269840240478516,20.317459106445312,386426.0,20.317459106445312
2003-06-24,21.052154541015625,20.13605308532715,20.217687606811523,20.399093627929688,210467.0,20.399093627929688
2003-06-25,21.405895233154297,20.362812042236328,20.362812042236328,20.553287506103516,161627.0,20.553287506103516
2003-06-26,21.828571319580078,20.809524536132812,20.85714340209961,21.571428298950195,183330.0,21.571428298950195
2003-06-27,22.180952072143555,20.85714340209961,21.885713577270508,21.066667556762695,283710.0,21.066667556762695
2003-06-30,21.238094329833984,19.85714340209961,21.066667556762695,20.495237350463867,436485.0,20.495237350463867
2003-07-01,20.666667938232422,19.85714340209961,20.495237350463867,20.27618980407715,174510.0,20.27618980407715
2003-07-02,21.009523391723633,20.266666412353516,20.4761905670166,20.657142639160156,329595.0,20.657142639160156
2003-07-03,20.83809471130371,20.295238494873047,20.514286041259766,20.5238094329834,149940.0,20.5238094329834
2003-07-07,21.333332061767578,20.72381019592285,20.761905670166016,21.323810577392578,225855.0,21.323810577392578
2003-07-08,21.761905670166016,21.066667556762695,21.46666717529297,21.71428680419922,190470.0,21.71428680419922
2003-07-09,21.666667938232422,21.123809814453125,21.619047164916992,21.28571319580078,210315.0,21.28571319580078
2003-07-10,21.190475463867188,20.495237350463867,21.14285659790039,20.676189422607422,134715.0,20.676189422607422
2003-07-11,20.895238876342773,20.571428298950195,20.69523811340332,20.761905670166016,82530.0,20.761905670166016
2003-07-14,21.14285659790039,20.53333282470703,20.952381134033203,20.59047508239746,162330.0,20.59047508239746
2003-07-15,20.94285774230957,20.133333206176758,20.761905670166016,20.21904754638672,129570.0,20.21904754638672
2003-07-16,20.380952835083008,19.619047164916992,20.380952835083008,19.9714298248291,150780.0,19.9714298248291
2003-07-17,19.85714340209961,19.190475463867188,19.809524536132812,19.190475463867188,194040.0,19.190475463867188
2003-07-18,19.761905670166016,19.14285659790039,19.28571319580078,19.761905670166016,140910.0,19.761905670166016
2003-07-21,19.71428680419922,19.380952835083008,19.704761505126953,19.39047622680664,168420.0,19.39047622680664
2003-07-22,19.438095092773438,18.704761505126953,19.438095092773438,19.22857093811035,140490.0,19.22857093811035
2003-07-23,19.53333282470703,18.9714298248291,19.28571319580078,19.4761905670166,91140.0,19.4761905670166
2003-07-24,20.047618865966797,19.238094329833984,19.485713958740234,19.438095092773438,150465.0,19.438095092773438
2003-07-25,19.71428680419922,19.200000762939453,19.580951690673828,19.4761905670166,138075.0,19.4761905670166
2003-07-28,20.095237731933594,19.371429443359375,19.485713958740234,19.72381019592285,95445.0,19.72381019592285
2003-07-29,20.0,19.571428298950195,19.91428565979004,19.809524536132812,79170.0,19.809524536132812
2003-07-30,20.238094329833984,19.619047164916992,19.666667938232422,20.095237731933594,190260.0,20.095237731933594
2003-07-31,20.428571701049805,19.704761505126953,20.238094329833984,19.742856979370117,125685.0,19.742856979370117
2003-08-01,19.809524536132812,19.295238494873047,19.790475845336914,19.380952835083008,116970.0,19.380952835083008
2003-08-04,19.39047622680664,18.40952491760254,19.39047622680664,18.69523811340332,164640.0,18.69523811340332
2003-08-05,18.761905670166016,18.171428680419922,18.761905670166016,18.24761962890625,137445.0,18.24761962890625
2003-08-06,18.171428680419922,17.666667938232422,18.152381896972656,17.666667938232422,134190.0,17.666667938232422
2003-08-07,17.71428680419922,17.24761962890625,17.5238094329834,17.63809585571289,135660.0,17.63809585571289
2003-08-08,17.923809051513672,17.380952835083008,17.733333587646484,17.39047622680664,79170.0,17.39047622680664
2003-08-11,17.809524536132812,17.399999618530273,17.399999618530273,17.628570556640625,78540.0,17.628570556640625
2003-08-12,17.876190185546875,17.485713958740234,17.72381019592285,17.876190185546875,85470.0,17.876190185546875
2003-08-13,18.238094329833984,17.4761905670166,17.78095245361328,17.5238094329834,99645.0,17.5238094329834
2003-08-14,17.799999237060547,17.485713958740234,17.5238094329834,17.71428680419922,62580.0,17.71428680419922
2003-08-15,18.14285659790039,17.71428680419922,17.809524536132812,18.047618865966797,58170.0,18.047618865966797
2003-08-18,18.419048309326172,17.904762268066406,17.904762268066406,18.333332061767578,89985.0,18.333332061767578
2003-08-19,18.504762649536133,18.190475463867188,18.190475463867188,18.46666717529297,91140.0,18.46666717529297
2003-08-20,18.380952835083008,18.047618865966797,18.380952835083008,18.238094329833984,67095.0,18.238094329833984
2003-08-21,18.514286041259766,18.095237731933594,18.238094329833984,18.238094329833984,82635.0,18.238094329833984
2003-08-22,18.295238494873047,17.5238094329834,18.295238494873047,17.60952377319336,133455.0,17.60952377319336
2003-08-25,17.44761848449707,16.952381134033203,17.371429443359375,17.152381896972656,145110.0,17.152381896972656
2003-08-26,17.14285659790039,16.5238094329834,17.095237731933594,17.08571434020996,159705.0,17.08571434020996
2003-08-27,17.4761905670166,17.0190486907959,17.180952072143555,17.209524154663086,87990.0,17.209524154663086
2003-08-28,17.561904907226562,17.095237731933594,17.28571319580078,17.561904907226562,99750.0,17.561904907226562
2003-08-29,17.571428298950195,16.952381134033203,17.571428298950195,16.952381134033203,119805.0,16.952381134033203
2003-09-02,17.809524536132812,16.676189422607422,16.71428680419922,17.69523811340332,150360.0,17.69523811340332
2003-09-03,18.666667938232422,17.761905670166016,17.761905670166016,18.53333282470703,394800.0,18.53333282470703
2003-09-04,19.14285659790039,18.495237350463867,18.571428298950195,18.9714298248291,255675.0,18.9714298248291
2003-09-05,19.21904754638672,18.495237350463867,18.9809513092041,18.761905670166016,139335.0,18.761905670166016
2003-09-08,19.44761848449707,18.904762268066406,18.904762268066406,19.380952835083008,153090.0,19.380952835083008
2003-09-09,20.257143020629883,19.314285278320312,19.323810577392578,19.961904525756836,191310.0,19.961904525756836
2003-09-10,20.08571434020996,19.095237731933594,19.952381134033203,19.123809814453125,239085.0,19.123809814453125
2003-09-11,19.71428680419922,19.21904754638672,19.21904754638672,19.600000381469727,123270.0,19.600000381469727
2003-09-12,19.619047164916992,19.095237731933594,19.619047164916992,19.5238094329834,96075.0,19.5238094329834
2003-09-15,19.809524536132812,19.55238151550293,19.619047164916992,19.761905670166016,111720.0,19.761905670166016
2003-09-16,20.14285659790039,19.63809585571289,19.904762268066406,19.904762268066406,98385.0,19.904762268066406
2003-09-17,20.095237731933594,19.71428680419922,19.809524536132812,20.038095474243164,117810.0,20.038095474243164
2003-09-18,20.704761505126953,19.876190185546875,20.123809814453125,20.5238094329834,203490.0,20.5238094329834
2003-09-19,21.066667556762695,20.333332061767578,20.53333282470703,20.85714340209961,194250.0,20.85714340209961
2003-09-22,20.72381019592285,20.047618865966797,20.72381019592285,20.46666717529297,165270.0,20.46666717529297
2003-09-23,20.904762268066406,20.380952835083008,20.428571701049805,20.885713577270508,170520.0,20.885713577270508
2003-09-24,21.380952835083008,20.28571319580078,21.0,20.28571319580078,239820.0,20.28571319580078
2003-09-25,20.380952835083008,18.790475845336914,20.333332061767578,18.85714340209961,182700.0,18.85714340209961
2003-09-26,19.180952072143555,18.27618980407715,18.952381134033203,18.27618980407715,158445.0,18.27618980407715
2003-09-29,18.961904525756836,18.104761123657227,18.28571319580078,18.71428680419922,143430.0,18.71428680419922
2003-09-30,19.16190528869629,18.399999618530273,18.809524536132812,18.580951690673828,169680.0,18.580951690673828
2003-10-01,19.333332061767578,18.809524536132812,18.809524536132812,19.047618865966797,117075.0,19.047618865966797
2003-10-02,20.114286422729492,19.047618865966797,19.047618865966797,20.076190948486328,233100.0,20.076190948486328
2003-10-03,20.571428298950195,19.504762649536133,20.238094329833984,19.75238037109375,117810.0,19.75238037109375
2003-10-06,20.05714225769043,19.809524536132812,19.952381134033203,20.05714225769043,168420.0,20.05714225769043
2003-10-07,20.333332061767578,19.85714340209961,19.85714340209961,20.114286422729492,121800.0,20.114286422729492
2003-10-08,20.16190528869629,19.72381019592285,20.16190528869629,19.904762268066406,138390.0,19.904762268066406
2003-10-09,20.238094329833984,19.542856216430664,20.047618865966797,19.761905670166016,111930.0,19.761905670166016
2003-10-10,19.828571319580078,19.16190528869629,19.666667938232422,19.46666717529297,83055.0,19.46666717529297
2003-10-13,19.761905670166016,19.39047622680664,19.5238094329834,19.666667938232422,58590.0,19.666667938232422
2003-10-14,19.952381134033203,19.419048309326172,19.619047164916992,19.885713577270508,67830.0,19.885713577270508
2003-10-15,19.904762268066406,19.380952835083008,19.790475845336914,19.46666717529297,110565.0,19.46666717529297
2003-10-16,19.685714721679688,19.266666412353516,19.380952835083008,19.314285278320312,59220.0,19.314285278320312
2003-10-17,19.666667938232422,18.85714340209961,19.380952835083008,18.952381134033203,131040.0,18.952381134033203
2003-10-20,19.047618865966797,18.60952377319336,18.952381134033203,18.685714721679688,108255.0,18.685714721679688
2003-10-21,19.238094329833984,18.619047164916992,18.619047164916992,19.095237731933594,154770.0,19.095237731933594
2003-10-22,19.009523391723633,18.190475463867188,19.0,18.200000762939453,142590.0,18.200000762939453
2003-10-23,18.866666793823242,17.904762268066406,17.952381134033203,18.36190414428711,170520.0,18.36190414428711
2003-10-24,18.55238151550293,18.0190486907959,18.333332061767578,18.428571701049805,151410.0,18.428571701049805
2003-10-27,18.961904525756836,18.40952491760254,18.63809585571289,18.60952377319336,93765.0,18.60952377319336
2003-10-28,19.0,18.666667938232422,18.666667938232422,19.0,65310.0,19.0
2003-10-29,18.5238094329834,17.238094329833984,18.5238094329834,17.36190414428711,409815.0,17.36190414428711
2003-10-30,17.77142906188965,17.08571434020996,17.314285278320312,17.095237731933594,165900.0,17.095237731933594
2003-10-31,17.85714340209961,17.190475463867188,17.190475463867188,17.619047164916992,103320.0,17.619047164916992
2003-11-03,17.904762268066406,17.580951690673828,17.619047164916992,17.647619247436523,138180.0,17.647619247436523
2003-11-04,17.9809513092041,17.352380752563477,17.571428298950195,17.352380752563477,117810.0,17.352380752563477
2003-11-05,17.657142639160156,17.21904754638672,17.238094329833984,17.495237350463867,89565.0,17.495237350463867
2003-11-06,18.009523391723633,17.619047164916992,17.71428680419922,18.0,120225.0,18.0
2003-11-07,18.08571434020996,17.676189422607422,18.05714225769043,17.761905670166016,74550.0,17.761905670166016
2003-11-10,17.733333587646484,17.190475463867188,17.71428680419922,17.190475463867188,99960.0,17.190475463867188
2003-11-11,17.22857093811035,16.28571319580078,17.200000762939453,16.59047508239746,294630.0,16.59047508239746
2003-11-12,17.047618865966797,16.647619247436523,16.647619247436523,17.0190486907959,136605.0,17.0190486907959
2003-11-13,17.209524154663086,16.933332443237305,17.0,17.14285659790039,63525.0,17.14285659790039
2003-11-14,17.619047164916992,16.580951690673828,17.095237731933594,16.78095245361328,105735.0,16.78095245361328
2003-11-17,16.78095245361328,16.22857093811035,16.238094329833984,16.63809585571289,137130.0,16.63809585571289
2003-11-18,16.9714298248291,16.428571701049805,16.71428680419922,16.4761905670166,90930.0,16.4761905670166
2003-11-19,16.69523811340332,16.4761905670166,16.571428298950195,16.495237350463867,111405.0,16.495237350463867
2003-11-20,17.14285659790039,16.4761905670166,16.4761905670166,16.809524536132812,142380.0,16.809524536132812
2003-11-21,16.94285774230957,16.647619247436523,16.85714340209961,16.72381019592285,99855.0,16.72381019592285
2003-11-24,16.9809513092041,16.571428298950195,16.619047164916992,16.961904525756836,162540.0,16.961904525756836
2003-11-25,17.314285278320312,16.85714340209961,17.009523391723633,17.209524154663086,109725.0,17.209524154663086
2003-11-26,17.39047622680664,17.009523391723633,17.333332061767578,17.352380752563477,104685.0,17.352380752563477
2003-11-28,17.628570556640625,17.190475463867188,17.238094329833984,17.571428298950195,52290.0,17.571428298950195
2003-12-01,17.809524536132812,17.371429443359375,17.685714721679688,17.77142906188965,70140.0,17.77142906188965
2003-12-02,18.08571434020996,17.580951690673828,17.619047164916992,17.885713577270508,145320.0,17.885713577270508
2003-12-03,17.85714340209961,17.08571434020996,17.761905670166016,17.08571434020996,282345.0,17.08571434020996
2003-12-04,17.323810577392578,16.628570556640625,17.123809814453125,16.666667938232422,140280.0,16.666667938232422
2003-12-05,16.952381134033203,16.55238151550293,16.571428298950195,16.55238151550293,87570.0,16.55238151550293
2003-12-08,16.742856979370117,16.438095092773438,16.571428298950195,16.742856979370117,77910.0,16.742856979370117
2003-12-09,16.71428680419922,15.885713577270508,16.666667938232422,15.895237922668457,202335.0,15.895237922668457
2003-12-10,15.971428871154785,15.380951881408691,15.923810005187988,15.666666984558105,211155.0,15.666666984558105
2003-12-11,16.371429443359375,15.742856979370117,15.742856979370117,16.08571434020996,110880.0,16.08571434020996
2003-12-12,16.59047508239746,16.200000762939453,16.238094329833984,16.55238151550293,89670.0,16.55238151550293
2003-12-15,16.828571319580078,15.7619047164917,16.761905670166016,15.7619047164917,139965.0,15.7619047164917
2003-12-16,16.047618865966797,15.114286422729492,15.771429061889648,15.314286231994629,301770.0,15.314286231994629
2003-12-17,16.14285659790039,15.095237731933594,15.333333015441895,15.961904525756836,223965.0,15.961904525756836
2003-12-18,16.104761123657227,15.714285850524902,15.85714340209961,15.933333396911621,109935.0,15.933333396911621
2003-12-19,15.952381134033203,15.523810386657715,15.952381134033203,15.809523582458496,93450.0,15.809523582458496
2003-12-22,16.295238494873047,15.70476245880127,15.7619047164917,16.295238494873047,144900.0,16.295238494873047
2003-12-23,16.647619247436523,16.190475463867188,16.190475463867188,16.647619247436523,156240.0,16.647619247436523
2003-12-24,16.75238037109375,16.44761848449707,16.571428298950195,16.69523811340332,53970.0,16.69523811340332
2003-12-26,16.876190185546875,16.55238151550293,16.761905670166016,16.733333587646484,78120.0,16.733333587646484
2003-12-29,17.14285659790039,16.666667938232422,16.666667938232422,17.0190486907959,170415.0,17.0190486907959
2003-12-30,17.22857093811035,16.923809051513672,16.952381134033203,17.190475463867188,124320.0,17.190475463867188
2003-12-31,17.333332061767578,16.761905670166016,17.16190528869629,17.05714225769043,192255.0,17.05714225769043
2004-01-02,17.485713958740234,16.94285774230957,17.14285659790039,17.095237731933594,163590.0,17.095237731933594
2004-01-05,17.44761848449707,17.152381896972656,17.238094329833984,17.44761848449707,211890.0,17.44761848449707
2004-01-06,17.69523811340332,17.380952835083008,17.5238094329834,17.619047164916992,201495.0,17.619047164916992
2004-01-07,17.885713577270508,17.323810577392578,17.619047164916992,17.885713577270508,132195.0,17.885713577270508
2004-01-08,18.009523391723633,17.71428680419922,17.761905670166016,18.009523391723633,295785.0,18.009523391723633
2004-01-09,19.647619247436523,17.761905670166016,17.904762268066406,18.94285774230957,577395.0,18.94285774230957
2004-01-12,19.371429443359375,18.904762268066406,19.047618865966797,19.371429443359375,345030.0,19.371429443359375
2004-01-13,19.5238094329834,18.399999618530273,19.4761905670166,18.78095245361328,279615.0,18.78095245361328
2004-01-14,19.22857093811035,18.78095245361328,18.78095245361328,19.14285659790039,242235.0,19.14285659790039
2004-01-15,19.190475463867188,18.485713958740234,19.14285659790039,19.0190486907959,178395.0,19.0190486907959
2004-01-16,19.238094329833984,18.809524536132812,19.0190486907959,19.066667556762695,138180.0,19.066667556762695
2004-01-20,19.333332061767578,18.847618103027344,19.190475463867188,19.190475463867188,185010.0,19.190475463867188
2004-01-21,19.571428298950195,18.904762268066406,19.095237731933594,19.428571701049805,123690.0,19.428571701049805
2004-01-22,19.952381134033203,19.171428680419922,19.571428298950195,19.180952072143555,165480.0,19.180952072143555
2004-01-23,19.190475463867188,18.83809471130371,19.190475463867188,18.85714340209961,199290.0,18.85714340209961
2004-01-26,19.4761905670166,18.171428680419922,18.761905670166016,19.4761905670166,438690.0,19.4761905670166
2004-01-27,19.5238094329834,18.742856979370117,19.5238094329834,18.933332443237305,134295.0,18.933332443237305
2004-01-28,19.314285278320312,18.190475463867188,19.0285701751709,18.30476188659668,151935.0,18.30476188659668
2004-01-29,18.761905670166016,18.095237731933594,18.380952835083008,18.438095092773438,145530.0,18.438095092773438
2004-01-30,18.83809471130371,18.428571701049805,18.44761848449707,18.571428298950195,137445.0,18.571428298950195
2004-02-02,18.91428565979004,18.104761123657227,18.666667938232422,18.55238151550293,177765.0,18.55238151550293
2004-02-03,18.933332443237305,18.28571319580078,18.628570556640625,18.5238094329834,94920.0,18.5238094329834
2004-02-04,18.428571701049805,17.5238094329834,18.428571701049805,17.53333282470703,213780.0,17.53333282470703
2004-02-05,18.180952072143555,17.14285659790039,17.666667938232422,17.666667938232422,148470.0,17.666667938232422
2004-02-06,18.28571319580078,17.4761905670166,17.761905670166016,18.171428680419922,275100.0,18.171428680419922
2004-02-09,18.22857093811035,17.71428680419922,18.114286422729492,17.72381019592285,70665.0,17.72381019592285
2004-02-10,18.152381896972656,17.761905670166016,17.933332443237305,17.961904525756836,109200.0,17.961904525756836
2004-02-11,18.190475463867188,17.71428680419922,18.114286422729492,18.095237731933594,89775.0,18.095237731933594
2004-02-12,18.114286422729492,17.71428680419922,18.0,17.72381019592285,76650.0,17.72381019592285
2004-02-13,18.0190486907959,17.619047164916992,17.72381019592285,17.933332443237305,111300.0,17.933332443237305
2004-02-17,18.171428680419922,17.666667938232422,17.933332443237305,17.704761505126953,81060.0,17.704761505126953
2004-02-18,17.819047927856445,17.485713958740234,17.761905670166016,17.485713958740234,67305.0,17.485713958740234
2004-02-19,17.742856979370117,16.77142906188965,17.676189422607422,16.78095245361328,97020.0,16.78095245361328
2004-02-20,17.123809814453125,16.16190528869629,17.0190486907959,16.40952491760254,279825.0,16.40952491760254
2004-02-23,16.904762268066406,15.952381134033203,16.5238094329834,15.952381134033203,197085.0,15.952381134033203
2004-02-24,16.514286041259766,15.733332633972168,15.904762268066406,16.0,129255.0,16.0
2004-02-25,16.428571701049805,15.971428871154785,16.14285659790039,16.180952072143555,146475.0,16.180952072143555
2004-02-26,17.066667556762695,16.0,16.0,16.78095245361328,184590.0,16.78095245361328
2004-02-27,17.60952377319336,16.895238876342773,17.047618865966797,17.038095474243164,195195.0,17.038095474243164
2004-03-01,17.27618980407715,16.933332443237305,16.94285774230957,17.266666412353516,94710.0,17.266666412353516
2004-03-02,17.333332061767578,17.08571434020996,17.238094329833984,17.24761962890625,184590.0,17.24761962890625
2004-03-03,17.628570556640625,17.0,17.238094329833984,17.495237350463867,168105.0,17.495237350463867
2004-03-04,17.923809051513672,17.266666412353516,17.380952835083008,17.676189422607422,169260.0,17.676189422607422
2004-03-05,18.24761962890625,17.46666717529297,17.676189422607422,17.876190185546875,104370.0,17.876190185546875
2004-03-08,18.333332061767578,17.342857360839844,18.095237731933594,17.44761848449707,161280.0,17.44761848449707
2004-03-09,17.761905670166016,17.066667556762695,17.44761848449707,17.21904754638672,150780.0,17.21904754638672
2004-03-10,17.809524536132812,16.904762268066406,17.333332061767578,17.14285659790039,222075.0,17.14285659790039
2004-03-11,17.5238094329834,16.961904525756836,17.380952835083008,17.095237731933594,192780.0,17.095237731933594
2004-03-12,17.5238094329834,17.05714225769043,17.190475463867188,17.5238094329834,112245.0,17.5238094329834
2004-03-15,17.495237350463867,16.85714340209961,17.428571701049805,17.038095474243164,183225.0,17.038095474243164
2004-03-16,17.0285701751709,15.771429061889648,16.952381134033203,15.914285659790039,328020.0,15.914285659790039
2004-03-17,16.457143783569336,15.914285659790039,16.190475463867188,15.914285659790039,177765.0,15.914285659790039
2004-03-18,16.28571319580078,15.352380752563477,15.914285659790039,15.447619438171387,278250.0,15.447619438171387
2004-03-19,15.84761905670166,15.247618675231934,15.485713958740234,15.333333015441895,243600.0,15.333333015441895
2004-03-22,15.342857360839844,14.600000381469727,15.285714149475098,14.809523582458496,184275.0,14.809523582458496
2004-03-23,15.2380952835083,14.676190376281738,14.85714340209961,14.85714340209961,171675.0,14.85714340209961
2004-03-24,15.047618865966797,14.438095092773438,14.85714340209961,14.714285850524902,216825.0,14.714285850524902
2004-03-25,15.933333396911621,14.85714340209961,14.952381134033203,15.933333396911621,293790.0,15.933333396911621
2004-03-26,16.114286422729492,15.523810386657715,16.0,15.523810386657715,204540.0,15.523810386657715
2004-03-29,15.952381134033203,15.409523963928223,15.619048118591309,15.952381134033203,166320.0,15.952381134033203
2004-03-30,16.190475463867188,15.714285850524902,15.790475845336914,15.99047565460205,188160.0,15.99047565460205
2004-03-31,16.095237731933594,15.714285850524902,16.095237731933594,16.0285701751709,189315.0,16.0285701751709
2004-04-01,16.171428680419922,15.85714340209961,15.952381134033203,16.038095474243164,111825.0,16.038095474243164
2004-04-02,16.542856216430664,16.047618865966797,16.190475463867188,16.53333282470703,133140.0,16.53333282470703
2004-04-05,16.75238037109375,16.40952491760254,16.495237350463867,16.666667938232422,144270.0,16.666667938232422
2004-04-06,16.63809585571289,16.371429443359375,16.571428298950195,16.380952835083008,100590.0,16.380952835083008
2004-04-07,16.571428298950195,16.104761123657227,16.428571701049805,16.152381896972656,130935.0,16.152381896972656
2004-04-08,16.44761848449707,15.771429061889648,16.333332061767578,15.771429061889648,108780.0,15.771429061889648
2004-04-12,16.295238494873047,15.85714340209961,15.85714340209961,16.14285659790039,61740.0,16.14285659790039
2004-04-13,16.123809814453125,15.15238094329834,16.114286422729492,15.228570938110352,179655.0,15.228570938110352
2004-04-14,15.809523582458496,15.047618865966797,15.047618865966797,15.342857360839844,125895.0,15.342857360839844
2004-04-15,15.39047622680664,14.895237922668457,15.39047622680664,15.076189994812012,143640.0,15.076189994812012
2004-04-16,15.419048309326172,14.980952262878418,15.047618865966797,15.285714149475098,96495.0,15.285714149475098
2004-04-19,15.638094902038574,15.2380952835083,15.2380952835083,15.628570556640625,87780.0,15.628570556640625
2004-04-20,15.733332633972168,14.714285850524902,15.628570556640625,14.714285850524902,129360.0,14.714285850524902
2004-04-21,15.276189804077148,14.742856979370117,14.7619047164917,15.123809814453125,104265.0,15.123809814453125
2004-04-22,15.685713768005371,15.047618865966797,15.047618865966797,15.628570556640625,112980.0,15.628570556640625
2004-04-23,15.600000381469727,14.952381134033203,15.600000381469727,15.371429443359375,113190.0,15.371429443359375
2004-04-26,15.666666984558105,15.2380952835083,15.371429443359375,15.428570747375488,122010.0,15.428570747375488
2004-04-27,15.657142639160156,15.133333206176758,15.476189613342285,15.380951881408691,94920.0,15.380951881408691
2004-04-28,15.2380952835083,14.54285717010498,15.2380952835083,14.552380561828613,147945.0,14.552380561828613
2004-04-29,14.866666793823242,14.095237731933594,14.70476245880127,14.171428680419922,130935.0,14.171428680419922
2004-04-30,14.314286231994629,13.523810386657715,14.285714149475098,13.85714340209961,176925.0,13.85714340209961
2004-05-03,14.942856788635254,13.904762268066406,13.952381134033203,13.904762268066406,228375.0,13.904762268066406
2004-05-04,14.076189994812012,13.30476188659668,14.0,13.466667175292969,187320.0,13.466667175292969
2004-05-05,13.885713577270508,13.447619438171387,13.504761695861816,13.552380561828613,128625.0,13.552380561828613
2004-05-06,13.600000381469727,12.914285659790039,13.561904907226562,12.99047565460205,159810.0,12.99047565460205
2004-05-07,13.257143020629883,12.504761695861816,13.0,12.552380561828613,179760.0,12.552380561828613
2004-05-10,12.838094711303711,11.971428871154785,12.428570747375488,12.047618865966797,181650.0,12.047618865966797
2004-05-11,12.838094711303711,12.14285659790039,12.14285659790039,12.800000190734863,277935.0,12.800000190734863
2004-05-12,13.342857360839844,12.580951690673828,12.895237922668457,13.266667366027832,289800.0,13.266667366027832
2004-05-13,13.723810195922852,13.15238094329834,13.399999618530273,13.276189804077148,185535.0,13.276189804077148
2004-05-14,13.495238304138184,12.85714340209961,13.285714149475098,13.057143211364746,149310.0,13.057143211364746
2004-05-17,13.247618675231934,12.809523582458496,13.095237731933594,12.828571319580078,107520.0,12.828571319580078
2004-05-18,13.15238094329834,12.428570747375488,12.923810005187988,12.561904907226562,135030.0,12.561904907226562
2004-05-19,13.257143020629883,12.371429443359375,12.7619047164917,12.533332824707031,133140.0,12.533332824707031
2004-05-20,12.819047927856445,12.285714149475098,12.619048118591309,12.476189613342285,84945.0,12.476189613342285
2004-05-21,12.69523811340332,12.019047737121582,12.666666984558105,12.15238094329834,162750.0,12.15238094329834
2004-05-24,12.419048309326172,12.057143211364746,12.247618675231934,12.352380752563477,330120.0,12.352380752563477
2004-05-25,13.047618865966797,12.352380752563477,12.380951881408691,12.914285659790039,206325.0,12.914285659790039
2004-05-26,13.14285659790039,12.647619247436523,12.961904525756836,12.809523582458496,85890.0,12.809523582458496
2004-05-27,13.123809814453125,12.380951881408691,12.714285850524902,12.809523582458496,114660.0,12.809523582458496
2004-05-28,12.876190185546875,12.533332824707031,12.809523582458496,12.723810195922852,81270.0,12.723810195922852
2004-06-01,12.780952453613281,12.523810386657715,12.666666984558105,12.7619047164917,127680.0,12.7619047164917
2004-06-02,13.047618865966797,12.619048118591309,12.85714340209961,12.904762268066406,125475.0,12.904762268066406
2004-06-03,12.780952453613281,12.476189613342285,12.571429252624512,12.533332824707031,248745.0,12.533332824707031
2004-06-04,12.723810195922852,12.476189613342285,12.666666984558105,12.561904907226562,181650.0,12.561904907226562
2004-06-07,12.733332633972168,12.571429252624512,12.657142639160156,12.619048118591309,251475.0,12.619048118591309
2004-06-08,13.085714340209961,12.666666984558105,12.666666984558105,12.85714340209961,206535.0,12.85714340209961
2004-06-09,12.923810005187988,12.495238304138184,12.85714340209961,12.571429252624512,221235.0,12.571429252624512
2004-06-10,12.809523582458496,12.29523754119873,12.666666984558105,12.361905097961426,248640.0,12.361905097961426
2004-06-14,12.714285850524902,12.190476417541504,12.29523754119873,12.380951881408691,166215.0,12.380951881408691
2004-06-15,12.809523582458496,12.476189613342285,12.476189613342285,12.70476245880127,205590.0,12.70476245880127
2004-06-16,13.095237731933594,12.666666984558105,12.666666984558105,12.952381134033203,125580.0,12.952381134033203
2004-06-17,13.066666603088379,12.7619047164917,13.066666603088379,12.866666793823242,166740.0,12.866666793823242
2004-06-18,13.085714340209961,12.7619047164917,13.047618865966797,12.961904525756836,140070.0,12.961904525756836
2004-06-21,13.038095474243164,12.742856979370117,13.028571128845215,12.752381324768066,130935.0,12.752381324768066
2004-06-22,12.971428871154785,12.628570556640625,12.7619047164917,12.809523582458496,195615.0,12.809523582458496
2004-06-23,13.428570747375488,12.85714340209961,12.85714340209961,13.380951881408691,226905.0,13.380951881408691
2004-06-24,13.476189613342285,13.266667366027832,13.409523963928223,13.476189613342285,204645.0,13.476189613342285
2004-06-25,14.380951881408691,13.447619438171387,13.466667175292969,14.171428680419922,401730.0,14.171428680419922
2004-06-28,14.342857360839844,14.028571128845215,14.266667366027832,14.076189994812012,248010.0,14.076189994812012
2004-06-29,14.60952377319336,13.952381134033203,13.952381134033203,14.466667175292969,238770.0,14.466667175292969
2004-06-30,14.647619247436523,14.123809814453125,14.466667175292969,14.285714149475098,259350.0,14.285714149475098
2004-07-01,14.476189613342285,14.0,14.190476417541504,14.095237731933594,147525.0,14.095237731933594
2004-07-02,14.419048309326172,14.0,14.14285659790039,14.190476417541504,178605.0,14.190476417541504
2004-07-06,14.2380952835083,13.809523582458496,14.209524154663086,13.952381134033203,161175.0,13.952381134033203
2004-07-07,14.380951881408691,13.85714340209961,13.85714340209961,14.30476188659668,182070.0,14.30476188659668
2004-07-08,14.209524154663086,13.771429061889648,14.209524154663086,14.047618865966797,225645.0,14.047618865966797
2004-07-09,14.2380952835083,13.780952453613281,14.047618865966797,14.038095474243164,198450.0,14.038095474243164
2004-07-12,14.29523754119873,13.809523582458496,14.028571128845215,14.285714149475098,215145.0,14.285714149475098
2004-07-13,14.428570747375488,13.742856979370117,14.285714149475098,14.0,183120.0,14.0
2004-07-14,14.399999618530273,13.923810005187988,14.0,14.30476188659668,202440.0,14.30476188659668
2004-07-15,14.571429252624512,13.866666793823242,14.285714149475098,13.876190185546875,201705.0,13.876190185546875
2004-07-16,14.14285659790039,13.342857360839844,14.14285659790039,13.409523963928223,125895.0,13.409523963928223
2004-07-19,13.723810195922852,13.15238094329834,13.428570747375488,13.371429443359375,166320.0,13.371429443359375
2004-07-20,14.00952434539795,13.399999618530273,13.571429252624512,14.00952434539795,99960.0,14.00952434539795
2004-07-21,14.095237731933594,13.047618865966797,14.095237731933594,13.066666603088379,138390.0,13.066666603088379
2004-07-22,13.352380752563477,12.60952377319336,13.066666603088379,12.838094711303711,276780.0,12.838094711303711
2004-07-23,12.84761905670166,12.495238304138184,12.790475845336914,12.504761695861816,148260.0,12.504761695861816
2004-07-26,12.666666984558105,12.2380952835083,12.552380561828613,12.352380752563477,179025.0,12.352380752563477
2004-07-27,12.666666984558105,12.333333015441895,12.352380752563477,12.54285717010498,166320.0,12.54285717010498
2004-07-28,12.85714340209961,12.199999809265137,12.54285717010498,12.85714340209961,208845.0,12.85714340209961
2004-07-29,13.14285659790039,12.809523582458496,12.914285659790039,13.019047737121582,174825.0,13.019047737121582
2004-07-30,13.2380952835083,12.885713577270508,13.0,12.99047565460205,78960.0,12.99047565460205
2004-08-02,12.99047565460205,12.647619247436523,12.952381134033203,12.790475845336914,143955.0,12.790475845336914
2004-08-03,12.838094711303711,12.571429252624512,12.714285850524902,12.723810195922852,105000.0,12.723810195922852
2004-08-04,13.0,12.571429252624512,12.666666984558105,12.961904525756836,104370.0,12.961904525756836
2004-08-05,12.961904525756836,12.190476417541504,12.961904525756836,12.199999809265137,108150.0,12.199999809265137
2004-08-06,12.199999809265137,11.14285659790039,12.190476417541504,11.15238094329834,281820.0,11.15238094329834
2004-08-09,11.790475845336914,11.15238094329834,11.161905288696289,11.70476245880127,237195.0,11.70476245880127
2004-08-10,11.904762268066406,11.45714282989502,11.685713768005371,11.885713577270508,125895.0,11.885713577270508
2004-08-11,12.590476036071777,11.523810386657715,11.790475845336914,12.523810386657715,200340.0,12.523810386657715
2004-08-12,12.447619438171387,12.095237731933594,12.428570747375488,12.428570747375488,188475.0,12.428570747375488
2004-08-13,12.504761695861816,12.123809814453125,12.466667175292969,12.190476417541504,127575.0,12.190476417541504
2004-08-16,12.676190376281738,12.14285659790039,12.190476417541504,12.619048118591309,71820.0,12.619048118591309
2004-08-17,13.047618865966797,12.619048118591309,12.714285850524902,12.971428871154785,121695.0,12.971428871154785
2004-08-18,13.333333015441895,12.800000190734863,12.952381134033203,13.180952072143555,179445.0,13.180952072143555
2004-08-19,13.257143020629883,12.876190185546875,13.095237731933594,13.00952434539795,67515.0,13.00952434539795
2004-08-20,13.523810386657715,12.809523582458496,13.0,13.476189613342285,110565.0,13.476189613342285
2004-08-23,13.533332824707031,13.095237731933594,13.476189613342285,13.257143020629883,149415.0,13.257143020629883
2004-08-24,13.409523963928223,12.980952262878418,13.257143020629883,13.15238094329834,96705.0,13.15238094329834
2004-08-25,13.419048309326172,12.933333396911621,13.15238094329834,13.276189804077148,88095.0,13.276189804077148
2004-08-26,13.333333015441895,12.904762268066406,13.333333015441895,12.914285659790039,81270.0,12.914285659790039
2004-08-27,13.561904907226562,12.914285659790039,12.914285659790039,13.495238304138184,135870.0,13.495238304138184
2004-08-30,13.561904907226562,12.952381134033203,13.561904907226562,12.952381134033203,98700.0,12.952381134033203
2004-08-31,13.219047546386719,12.866666793823242,13.047618865966797,13.14285659790039,91980.0,13.14285659790039
2004-09-01,13.685713768005371,13.14285659790039,13.14285659790039,13.219047546386719,96915.0,13.219047546386719
2004-09-02,13.800000190734863,13.14285659790039,13.14285659790039,13.771429061889648,71505.0,13.771429061889648
2004-09-03,13.904762268066406,13.361905097961426,13.742856979370117,13.780952453613281,99855.0,13.780952453613281
2004-09-07,13.904762268066406,13.428570747375488,13.809523582458496,13.657142639160156,78120.0,13.657142639160156
2004-09-08,13.809523582458496,13.333333015441895,13.638094902038574,13.342857360839844,66780.0,13.342857360839844
2004-09-09,13.895237922668457,13.371429443359375,13.438095092773438,13.790475845336914,83685.0,13.790475845336914
2004-09-10,14.047618865966797,13.60952377319336,13.809523582458496,14.047618865966797,48195.0,14.047618865966797
2004-09-13,14.199999809265137,13.952381134033203,14.047618865966797,14.161905288696289,81165.0,14.161905288696289
2004-09-14,14.504761695861816,13.771429061889648,14.047618865966797,14.428570747375488,105945.0,14.428570747375488
2004-09-15,14.438095092773438,13.885713577270508,14.428570747375488,14.380951881408691,139440.0,14.380951881408691
2004-09-16,14.7619047164917,14.380951881408691,14.380951881408691,14.7619047164917,92085.0,14.7619047164917
2004-09-17,14.85714340209961,14.485713958740234,14.85714340209961,14.69523811340332,148995.0,14.69523811340332
2004-09-20,15.0,14.219047546386719,14.70476245880127,14.504761695861816,139860.0,14.504761695861816
2004-09-21,14.742856979370117,14.352380752563477,14.571429252624512,14.742856979370117,117180.0,14.742856979370117
2004-09-22,14.666666984558105,14.209524154663086,14.666666984558105,14.285714149475098,181125.0,14.285714149475098
2004-09-23,14.628570556640625,14.2380952835083,14.380951881408691,14.371429443359375,77175.0,14.371429443359375
2004-09-24,14.495238304138184,14.2380952835083,14.371429443359375,14.361905097961426,53340.0,14.361905097961426
2004-09-27,14.361905097961426,14.190476417541504,14.333333015441895,14.285714149475098,97440.0,14.285714149475098
2004-09-28,14.495238304138184,14.228570938110352,14.285714149475098,14.380951881408691,141540.0,14.380951881408691
2004-09-29,14.85714340209961,14.380951881408691,14.476189613342285,14.723810195922852,124950.0,14.723810195922852
2004-09-30,14.828571319580078,14.209524154663086,14.828571319580078,14.285714149475098,133980.0,14.285714149475098
2004-10-01,14.657142639160156,14.266667366027832,14.285714149475098,14.571429252624512,100380.0,14.571429252624512
2004-10-04,15.095237731933594,14.54285717010498,14.54285717010498,14.971428871154785,137445.0,14.971428871154785
2004-10-05,15.2380952835083,14.7619047164917,14.952381134033203,15.180952072143555,158025.0,15.180952072143555
2004-10-06,15.70476245880127,15.057143211364746,15.085714340209961,15.638094902038574,246645.0,15.638094902038574
2004-10-07,15.666666984558105,15.314286231994629,15.638094902038574,15.561904907226562,227850.0,15.561904907226562
2004-10-08,15.438095092773438,15.14285659790039,15.428570747375488,15.2380952835083,254415.0,15.2380952835083
2004-10-11,15.552380561828613,15.2380952835083,15.2380952835083,15.399999618530273,127260.0,15.399999618530273
2004-10-12,15.314286231994629,14.923810005187988,15.314286231994629,15.038095474243164,98595.0,15.038095474243164
2004-10-13,15.095237731933594,14.523810386657715,15.095237731933594,14.885713577270508,104685.0,14.885713577270508
2004-10-14,15.133333206176758,14.590476036071777,14.895237922668457,14.876190185546875,111405.0,14.876190185546875
2004-10-15,15.60952377319336,14.666666984558105,14.904762268066406,15.057143211364746,234255.0,15.057143211364746
2004-10-18,15.819047927856445,14.866666793823242,15.095237731933594,15.714285850524902,127785.0,15.714285850524902
2004-10-19,15.714285850524902,15.266667366027832,15.619048118591309,15.380951881408691,109830.0,15.380951881408691
2004-10-20,16.038095474243164,15.285714149475098,15.333333015441895,15.933333396911621,160125.0,15.933333396911621
2004-10-21,16.8799991607666,16.0,16.049999237060547,16.81999969482422,228100.0,16.81999969482422
2004-10-22,17.170000076293945,16.75,16.899999618530273,16.799999237060547,278300.0,16.799999237060547
2004-10-25,17.170000076293945,16.520000457763672,16.700000762939453,17.020000457763672,264800.0,17.020000457763672
2004-10-26,17.649999618530273,16.809999465942383,17.1200008392334,17.6299991607666,193600.0,17.6299991607666
2004-10-27,17.790000915527344,17.5,17.65999984741211,17.649999618530273,163000.0,17.649999618530273
2004-10-28,17.780000686645508,17.399999618530273,17.549999237060547,17.68000030517578,105800.0,17.68000030517578
2004-10-29,17.969999313354492,17.3799991607666,17.709999084472656,17.690000534057617,157400.0,17.690000534057617
2004-11-01,17.719999313354492,17.399999618530273,17.600000381469727,17.6200008392334,133400.0,17.6200008392334
2004-11-02,17.850000381469727,17.350000381469727,17.56999969482422,17.420000076293945,143100.0,17.420000076293945
2004-11-03,17.950000762939453,17.5,17.5,17.739999771118164,149300.0,17.739999771118164
2004-11-04,17.989999771118164,17.489999771118164,17.700000762939453,17.90999984741211,134200.0,17.90999984741211
2004-11-05,18.389999389648438,17.829999923706055,18.0,18.389999389648438,109500.0,18.389999389648438
2004-11-08,18.3700008392334,17.899999618530273,18.299999237060547,18.1299991607666,81000.0,18.1299991607666
2004-11-09,18.290000915527344,17.979999542236328,18.0,18.15999984741211,124500.0,18.15999984741211
2004-11-10,18.799999237060547,17.950000762939453,17.950000762939453,18.700000762939453,132400.0,18.700000762939453
2004-11-11,18.8700008392334,18.420000076293945,18.700000762939453,18.690000534057617,97900.0,18.690000534057617
2004-11-12,18.75,18.3700008392334,18.639999389648438,18.690000534057617,118300.0,18.690000534057617
2004-11-15,18.899999618530273,18.200000762939453,18.799999237060547,18.399999618530273,97700.0,18.399999618530273
2004-11-16,18.829999923706055,18.31999969482422,18.350000381469727,18.639999389648438,127400.0,18.639999389648438
2004-11-17,19.299999237060547,18.540000915527344,18.540000915527344,18.899999618530273,141400.0,18.899999618530273
2004-11-18,18.760000228881836,18.219999313354492,18.700000762939453,18.420000076293945,72200.0,18.420000076293945
2004-11-19,18.299999237060547,17.75,18.25,17.899999618530273,181000.0,17.899999618530273
2004-11-22,18.440000534057617,17.780000686645508,17.850000381469727,18.440000534057617,155800.0,18.440000534057617
2004-11-23,18.75,18.079999923706055,18.440000534057617,18.65999984741211,85100.0,18.65999984741211
2004-11-24,18.829999923706055,18.530000686645508,18.65999984741211,18.719999313354492,66300.0,18.719999313354492
2004-11-26,18.81999969482422,18.469999313354492,18.670000076293945,18.469999313354492,23500.0,18.469999313354492
2004-11-29,19.219999313354492,18.3700008392334,18.3700008392334,19.06999969482422,103400.0,19.06999969482422
2004-11-30,19.299999237060547,18.75,18.969999313354492,19.25,123400.0,19.25
2004-12-01,19.700000762939453,19.25,19.299999237060547,19.5,110300.0,19.5
2004-12-02,20.65999984741211,19.540000915527344,19.540000915527344,20.399999618530273,175100.0,20.399999618530273
2004-12-03,20.399999618530273,19.559999465942383,20.399999618530273,19.65999984741211,99600.0,19.65999984741211
2004-12-06,19.450000762939453,19.110000610351562,19.399999618530273,19.170000076293945,92500.0,19.170000076293945
2004-12-07,19.600000381469727,18.549999237060547,19.170000076293945,18.549999237060547,121600.0,18.549999237060547
2004-12-08,19.049999237060547,18.459999084472656,18.559999465942383,18.889999389648438,139300.0,18.889999389648438
2004-12-09,19.18000030517578,18.59000015258789,18.920000076293945,19.110000610351562,156900.0,19.110000610351562
2004-12-10,19.469999313354492,18.829999923706055,19.030000686645508,19.229999542236328,111200.0,19.229999542236328
2004-12-13,19.299999237060547,18.510000228881836,19.25,19.200000762939453,138000.0,19.200000762939453
2004-12-14,19.350000381469727,18.860000610351562,18.950000762939453,18.979999542236328,117500.0,18.979999542236328
2004-12-15,19.200000762939453,18.700000762939453,18.989999771118164,18.8799991607666,81000.0,18.8799991607666
2004-12-16,18.90999984741211,18.559999465942383,18.850000381469727,18.709999084472656,59900.0,18.709999084472656
2004-12-17,18.850000381469727,18.56999969482422,18.799999237060547,18.729999542236328,114000.0,18.729999542236328
2004-12-20,19.25,18.799999237060547,18.799999237060547,18.84000015258789,127600.0,18.84000015258789
2004-12-21,19.43000030517578,18.799999237060547,18.81999969482422,19.239999771118164,129900.0,19.239999771118164
2004-12-22,19.649999618530273,19.219999313354492,19.25,19.649999618530273,71700.0,19.649999618530273
2004-12-23,19.959999084472656,19.600000381469727,19.600000381469727,19.799999237060547,89400.0,19.799999237060547
2004-12-27,19.799999237060547,19.239999771118164,19.549999237060547,19.260000228881836,156400.0,19.260000228881836
2004-12-28,19.93000030517578,19.149999618530273,19.170000076293945,19.93000030517578,67700.0,19.93000030517578
2004-12-29,20.0,19.6299991607666,19.850000381469727,19.709999084472656,105700.0,19.709999084472656
2004-12-30,19.75,19.5,19.75,19.520000457763672,83600.0,19.520000457763672
2004-12-31,19.540000915527344,19.299999237060547,19.459999084472656,19.469999313354492,96200.0,19.469999313354492
2005-01-03,19.549999237060547,18.860000610351562,19.549999237060547,19.299999237060547,131800.0,19.299999237060547
2005-01-04,19.399999618530273,18.760000228881836,19.299999237060547,18.920000076293945,106000.0,18.920000076293945
2005-01-05,19.079999923706055,18.450000762939453,18.690000534057617,18.450000762939453,105000.0,18.450000762939453
2005-01-06,18.81999969482422,18.200000762939453,18.200000762939453,18.489999771118164,123900.0,18.489999771118164
2005-01-07,18.850000381469727,18.299999237060547,18.59000015258789,18.299999237060547,138400.0,18.299999237060547
2005-01-10,19.299999237060547,18.309999465942383,18.399999618530273,19.0,169400.0,19.0
2005-01-11,19.06999969482422,18.649999618530273,19.0,18.700000762939453,119700.0,18.700000762939453
2005-01-12,18.899999618530273,18.31999969482422,18.75,18.809999465942383,84600.0,18.809999465942383
2005-01-13,18.8700008392334,18.389999389648438,18.610000610351562,18.469999313354492,100300.0,18.469999313354492
2005-01-14,18.6299991607666,18.209999084472656,18.549999237060547,18.459999084472656,87500.0,18.459999084472656
2005-01-18,18.729999542236328,18.260000228881836,18.350000381469727,18.709999084472656,87200.0,18.709999084472656
2005-01-19,18.700000762939453,18.100000381469727,18.600000381469727,18.350000381469727,75800.0,18.350000381469727
2005-01-20,18.350000381469727,17.549999237060547,18.350000381469727,18.1200008392334,213700.0,18.1200008392334
2005-01-21,18.1200008392334,17.600000381469727,18.1200008392334,17.65999984741211,154700.0,17.65999984741211
2005-01-24,17.81999969482422,17.170000076293945,17.760000228881836,17.270000457763672,194600.0,17.270000457763672
2005-01-25,17.75,17.329999923706055,17.350000381469727,17.610000610351562,95800.0,17.610000610351562
2005-01-26,18.15999984741211,17.770000457763672,17.770000457763672,18.15999984741211,110100.0,18.15999984741211
2005-01-27,18.520000457763672,17.950000762939453,18.25,18.299999237060547,94600.0,18.299999237060547
2005-01-28,18.34000015258789,17.65999984741211,18.25,17.700000762939453,83900.0,17.700000762939453
2005-01-31,18.209999084472656,17.700000762939453,17.700000762939453,18.1299991607666,78500.0,18.1299991607666
2005-02-01,18.399999618530273,18.0,18.149999618530273,18.3799991607666,113600.0,18.3799991607666
2005-02-02,18.6200008392334,18.3700008392334,18.43000030517578,18.6200008392334,116600.0,18.6200008392334
2005-02-03,18.700000762939453,18.149999618530273,18.700000762939453,18.31999969482422,61700.0,18.31999969482422
2005-02-04,19.3700008392334,18.350000381469727,18.350000381469727,19.270000457763672,129000.0,19.270000457763672
2005-02-07,19.350000381469727,18.649999618530273,19.15999984741211,19.0,162900.0,19.0
2005-02-08,19.1200008392334,18.770000457763672,18.899999618530273,19.0,69900.0,19.0
2005-02-09,19.0,18.049999237060547,18.899999618530273,18.06999969482422,77300.0,18.06999969482422
2005-02-10,18.25,17.760000228881836,18.200000762939453,17.950000762939453,108500.0,17.950000762939453
2005-02-11,18.530000686645508,17.649999618530273,17.959999084472656,18.489999771118164,78700.0,18.489999771118164
2005-02-14,18.489999771118164,17.979999542236328,18.489999771118164,18.149999618530273,93200.0,18.149999618530273
2005-02-15,18.360000610351562,18.0,18.15999984741211,18.049999237060547,86200.0,18.049999237060547
2005-02-16,18.100000381469727,17.889999389648438,18.100000381469727,17.979999542236328,69900.0,17.979999542236328
2005-02-17,18.09000015258789,17.670000076293945,18.0,17.770000457763672,97900.0,17.770000457763672
2005-02-18,17.899999618530273,17.5,17.81999969482422,17.65999984741211,63200.0,17.65999984741211
2005-02-22,17.5,16.799999237060547,17.5,16.799999237060547,230900.0,16.799999237060547
2005-02-23,17.06999969482422,16.450000762939453,16.950000762939453,16.729999542236328,233200.0,16.729999542236328
2005-02-24,17.209999084472656,16.549999237060547,16.600000381469727,17.010000228881836,128900.0,17.010000228881836
2005-02-25,17.149999618530273,16.790000915527344,17.020000457763672,16.920000076293945,195000.0,16.920000076293945
2005-02-28,16.889999389648438,16.170000076293945,16.75,16.270000457763672,139000.0,16.270000457763672
2005-03-01,16.81999969482422,16.200000762939453,16.299999237060547,16.389999389648438,100600.0,16.389999389648438
2005-03-02,16.489999771118164,15.949999809265137,16.239999771118164,16.079999923706055,117100.0,16.079999923706055
2005-03-03,16.360000610351562,15.649999618530273,16.149999618530273,15.680000305175781,166400.0,15.680000305175781
2005-03-04,15.970000267028809,15.449999809265137,15.880000114440918,15.520000457763672,158600.0,15.520000457763672
2005-03-07,15.800000190734863,15.149999618530273,15.5600004196167,15.279999732971191,148100.0,15.279999732971191
2005-03-08,15.569999694824219,15.15999984741211,15.25,15.15999984741211,71200.0,15.15999984741211
2005-03-09,15.279999732971191,14.779999732971191,15.149999618530273,15.0,112000.0,15.0
2005-03-10,15.300000190734863,14.670000076293945,15.0,14.670000076293945,116300.0,14.670000076293945
2005-03-11,14.84000015258789,14.4399995803833,14.520000457763672,14.510000228881836,82600.0,14.510000228881836
2005-03-14,15.399999618530273,14.600000381469727,14.649999618530273,15.34000015258789,98600.0,15.34000015258789
2005-03-15,15.75,15.140000343322754,15.5,15.25,113100.0,15.25
2005-03-16,15.449999809265137,14.770000457763672,15.010000228881836,14.819999694824219,207700.0,14.819999694824219
2005-03-17,14.989999771118164,14.75,14.920000076293945,14.890000343322754,122800.0,14.890000343322754
2005-03-18,14.90999984741211,14.649999618530273,14.890000343322754,14.8100004196167,185200.0,14.8100004196167
2005-03-21,15.050000190734863,14.550000190734863,14.84000015258789,15.0,138200.0,15.0
2005-03-22,15.1899995803833,14.75,15.020000457763672,14.779999732971191,103600.0,14.779999732971191
2005-03-23,14.829999923706055,14.630000114440918,14.770000457763672,14.649999618530273,54500.0,14.649999618530273
2005-03-24,14.899999618530273,14.630000114440918,14.649999618530273,14.699999809265137,76500.0,14.699999809265137
2005-03-28,14.869999885559082,14.59000015258789,14.770000457763672,14.649999618530273,61400.0,14.649999618530273
2005-03-29,14.850000381469727,14.270000457763672,14.600000381469727,14.420000076293945,96300.0,14.420000076293945
2005-03-30,14.65999984741211,14.3100004196167,14.449999809265137,14.65999984741211,64000.0,14.65999984741211
2005-03-31,14.699999809265137,14.25,14.699999809265137,14.420000076293945,152900.0,14.420000076293945
2005-04-01,14.680000305175781,14.079999923706055,14.430000305175781,14.3100004196167,125600.0,14.3100004196167
2005-04-04,14.399999618530273,13.859999656677246,14.1899995803833,14.260000228881836,94500.0,14.260000228881836
2005-04-05,14.520000457763672,13.949999809265137,14.260000228881836,14.109999656677246,77600.0,14.109999656677246
2005-04-06,14.359999656677246,14.069999694824219,14.239999771118164,14.069999694824219,94700.0,14.069999694824219
2005-04-07,14.350000381469727,14.050000190734863,14.170000076293945,14.239999771118164,86600.0,14.239999771118164
2005-04-08,14.579999923706055,14.010000228881836,14.359999656677246,14.069999694824219,100400.0,14.069999694824219
2005-04-11,14.09000015258789,13.949999809265137,14.020000457763672,13.960000038146973,75900.0,13.960000038146973
2005-04-12,14.300000190734863,13.40999984741211,13.899999618530273,14.09000015258789,122600.0,14.09000015258789
2005-04-13,14.289999961853027,13.869999885559082,14.100000381469727,13.930000305175781,129400.0,13.930000305175781
2005-04-14,14.050000190734863,13.8100004196167,13.979999542236328,13.8100004196167,105200.0,13.8100004196167
2005-04-15,14.3100004196167,13.630000114440918,13.8100004196167,13.640000343322754,84000.0,13.640000343322754
2005-04-18,14.100000381469727,13.510000228881836,13.720000267028809,13.979999542236328,97700.0,13.979999542236328
2005-04-19,14.34000015258789,13.960000038146973,14.199999809265137,14.260000228881836,109000.0,14.260000228881836
2005-04-20,14.350000381469727,13.949999809265137,14.270000457763672,14.010000228881836,106200.0,14.010000228881836
2005-04-21,14.720000267028809,13.930000305175781,14.149999618530273,14.630000114440918,91600.0,14.630000114440918
2005-04-22,14.630000114440918,14.0,14.630000114440918,14.0600004196167,101400.0,14.0600004196167
2005-04-25,14.5,14.029999732971191,14.109999656677246,14.359999656677246,57900.0,14.359999656677246
2005-04-26,14.619999885559082,14.170000076293945,14.260000228881836,14.359999656677246,96500.0,14.359999656677246
2005-04-27,14.430000305175781,14.0600004196167,14.3100004196167,14.399999618530273,87500.0,14.399999618530273
2005-04-28,14.350000381469727,13.850000381469727,14.350000381469727,13.859999656677246,73500.0,13.859999656677246
2005-04-29,13.949999809265137,13.149999618530273,13.899999618530273,13.619999885559082,193700.0,13.619999885559082
2005-05-02,14.109999656677246,13.640000343322754,13.65999984741211,14.079999923706055,45100.0,14.079999923706055
2005-05-03,14.4399995803833,13.979999542236328,13.979999542236328,14.289999961853027,90500.0,14.289999961853027
2005-05-04,14.819999694824219,14.199999809265137,14.3100004196167,14.800000190734863,94900.0,14.800000190734863
2005-05-05,15.050000190734863,14.630000114440918,14.699999809265137,15.039999961853027,106000.0,15.039999961853027
2005-05-06,15.239999771118164,14.760000228881836,15.199999809265137,15.010000228881836,108400.0,15.010000228881836
2005-05-09,15.300000190734863,15.0,15.25,15.279999732971191,64400.0,15.279999732971191
2005-05-10,15.449999809265137,15.039999961853027,15.130000114440918,15.270000457763672,72700.0,15.270000457763672
2005-05-11,15.260000228881836,14.699999809265137,15.260000228881836,15.1899995803833,74200.0,15.1899995803833
2005-05-12,15.800000190734863,15.140000343322754,15.239999771118164,15.300000190734863,107300.0,15.300000190734863
2005-05-13,15.300000190734863,14.75,15.300000190734863,15.0,62400.0,15.0
2005-05-16,15.3100004196167,14.859999656677246,14.949999809265137,15.149999618530273,59500.0,15.149999618530273
2005-05-17,15.079999923706055,14.699999809265137,15.050000190734863,15.0,57500.0,15.0
2005-05-18,15.789999961853027,15.039999961853027,15.100000381469727,15.6899995803833,103600.0,15.6899995803833
2005-05-19,15.600000381469727,15.279999732971191,15.569999694824219,15.550000190734863,64200.0,15.550000190734863
2005-05-20,15.520000457763672,15.170000076293945,15.520000457763672,15.300000190734863,57200.0,15.300000190734863
2005-05-23,15.550000190734863,15.140000343322754,15.180000305175781,15.289999961853027,61000.0,15.289999961853027
2005-05-24,15.460000038146973,15.050000190734863,15.1899995803833,15.460000038146973,51900.0,15.460000038146973
2005-05-25,15.510000228881836,14.720000267028809,15.319999694824219,14.75,94500.0,14.75
2005-05-26,15.329999923706055,14.829999923706055,14.850000381469727,15.1899995803833,37600.0,15.1899995803833
2005-05-27,15.470000267028809,15.100000381469727,15.1899995803833,15.289999961853027,34900.0,15.289999961853027
2005-05-31,15.399999618530273,15.0,15.300000190734863,15.270000457763672,97800.0,15.270000457763672
2005-06-01,15.550000190734863,15.199999809265137,15.199999809265137,15.470000267028809,52700.0,15.470000267028809
2005-06-02,15.779999732971191,15.199999809265137,15.489999771118164,15.430000305175781,48100.0,15.430000305175781
2005-06-03,15.510000228881836,14.819999694824219,15.5,14.819999694824219,51200.0,14.819999694824219
2005-06-06,15.029999732971191,14.630000114440918,14.880000114440918,15.020000457763672,54700.0,15.020000457763672
2005-06-07,15.350000381469727,14.890000343322754,14.9399995803833,15.0,48300.0,15.0
2005-06-08,15.180000305175781,14.579999923706055,14.979999542236328,14.579999923706055,54800.0,14.579999923706055
2005-06-09,14.880000114440918,14.260000228881836,14.630000114440918,14.729999542236328,60600.0,14.729999542236328
2005-06-10,14.430000305175781,14.020000457763672,14.430000305175781,14.119999885559082,156300.0,14.119999885559082
2005-06-13,14.489999771118164,14.130000114440918,14.180000305175781,14.369999885559082,62000.0,14.369999885559082
2005-06-14,14.5,13.8100004196167,14.329999923706055,14.15999984741211,108700.0,14.15999984741211
2005-06-15,14.520000457763672,14.229999542236328,14.260000228881836,14.489999771118164,96200.0,14.489999771118164
2005-06-16,15.640000343322754,14.4399995803833,14.5,15.640000343322754,121300.0,15.640000343322754
2005-06-17,15.949999809265137,15.270000457763672,15.640000343322754,15.8100004196167,223700.0,15.8100004196167
2005-06-20,15.949999809265137,15.600000381469727,15.75,15.710000038146973,59100.0,15.710000038146973
2005-06-21,15.760000228881836,15.380000114440918,15.710000038146973,15.5600004196167,42100.0,15.5600004196167
2005-06-22,16.520000457763672,15.859999656677246,15.9399995803833,16.5,130500.0,16.5
2005-06-23,18.25,16.5,16.639999389648438,17.979999542236328,320300.0,17.979999542236328
2005-06-24,18.25,17.149999618530273,17.780000686645508,17.75,163600.0,17.75
2005-06-27,17.940000534057617,17.290000915527344,17.700000762939453,17.299999237060547,63600.0,17.299999237060547
2005-06-28,18.059999465942383,17.18000030517578,17.299999237060547,18.049999237060547,97600.0,18.049999237060547
2005-06-29,18.309999465942383,17.90999984741211,18.0,18.239999771118164,120000.0,18.239999771118164
2005-06-30,18.5,17.889999389648438,18.329999923706055,17.93000030517578,87700.0,17.93000030517578
2005-07-01,18.049999237060547,17.399999618530273,18.0,17.520000457763672,97100.0,17.520000457763672
2005-07-05,17.989999771118164,17.290000915527344,17.420000076293945,17.84000015258789,117100.0,17.84000015258789
2005-07-06,17.989999771118164,17.389999389648438,17.799999237060547,17.459999084472656,72500.0,17.459999084472656
2005-07-07,17.389999389648438,16.5,17.15999984741211,17.25,141100.0,17.25
2005-07-08,17.809999465942383,17.200000762939453,17.239999771118164,17.690000534057617,154400.0,17.690000534057617
2005-07-11,18.059999465942383,17.43000030517578,17.729999542236328,18.059999465942383,141400.0,18.059999465942383
2005-07-12,18.110000610351562,17.68000030517578,18.059999465942383,17.899999618530273,76300.0,17.899999618530273
2005-07-13,17.889999389648438,17.25,17.850000381469727,17.440000534057617,101500.0,17.440000534057617
2005-07-14,17.68000030517578,17.200000762939453,17.600000381469727,17.3799991607666,78900.0,17.3799991607666
2005-07-15,17.420000076293945,17.25,17.25,17.350000381469727,121100.0,17.350000381469727
2005-07-18,17.31999969482422,16.690000534057617,17.31999969482422,16.799999237060547,95600.0,16.799999237060547
2005-07-19,17.170000076293945,16.530000686645508,16.829999923706055,17.049999237060547,100800.0,17.049999237060547
2005-07-20,17.309999465942383,16.860000610351562,16.899999618530273,17.219999313354492,109100.0,17.219999313354492
2005-07-21,17.31999969482422,16.75,17.31999969482422,16.799999237060547,73700.0,16.799999237060547
2005-07-22,16.979999542236328,16.209999084472656,16.850000381469727,16.760000228881836,85300.0,16.760000228881836
2005-07-25,16.739999771118164,16.260000228881836,16.739999771118164,16.5,103000.0,16.5
2005-07-26,17.040000915527344,16.420000076293945,16.450000762939453,16.84000015258789,73400.0,16.84000015258789
2005-07-27,16.940000534057617,16.549999237060547,16.8799991607666,16.889999389648438,96200.0,16.889999389648438
2005-07-28,17.190000534057617,16.889999389648438,16.940000534057617,16.959999084472656,73600.0,16.959999084472656
2005-07-29,17.100000381469727,16.600000381469727,16.8700008392334,16.780000686645508,71600.0,16.780000686645508
2005-08-01,16.799999237060547,16.5,16.799999237060547,16.700000762939453,53300.0,16.700000762939453
2005-08-02,16.940000534057617,16.610000610351562,16.700000762939453,16.940000534057617,37200.0,16.940000534057617
2005-08-03,17.299999237060547,16.790000915527344,16.899999618530273,17.299999237060547,107000.0,17.299999237060547
2005-08-04,17.489999771118164,16.850000381469727,17.329999923706055,17.100000381469727,125600.0,17.100000381469727
2005-08-05,17.149999618530273,16.25,17.079999923706055,16.360000610351562,97500.0,16.360000610351562
2005-08-08,16.520000457763672,15.819999694824219,16.31999969482422,15.880000114440918,124900.0,15.880000114440918
2005-08-09,16.100000381469727,15.8100004196167,15.9399995803833,16.040000915527344,65900.0,16.040000915527344
2005-08-10,16.329999923706055,15.15999984741211,16.059999465942383,15.329999923706055,109400.0,15.329999923706055
2005-08-11,15.829999923706055,15.170000076293945,15.1899995803833,15.720000267028809,67400.0,15.720000267028809
2005-08-12,15.649999618530273,15.0,15.649999618530273,15.199999809265137,94400.0,15.199999809265137
2005-08-15,15.979999542236328,15.149999618530273,15.199999809265137,15.699999809265137,110000.0,15.699999809265137
2005-08-16,15.649999618530273,15.050000190734863,15.649999618530273,15.199999809265137,80000.0,15.199999809265137
2005-08-17,15.479999542236328,15.09000015258789,15.210000038146973,15.300000190734863,52100.0,15.300000190734863
2005-08-18,15.199999809265137,14.899999618530273,15.199999809265137,14.989999771118164,70200.0,14.989999771118164
2005-08-19,15.329999923706055,14.890000343322754,14.890000343322754,15.149999618530273,55900.0,15.149999618530273
2005-08-22,15.239999771118164,14.930000305175781,15.069999694824219,15.140000343322754,32600.0,15.140000343322754
2005-08-23,15.039999961853027,14.550000190734863,15.039999961853027,15.020000457763672,53900.0,15.020000457763672
2005-08-24,15.220000267028809,14.699999809265137,15.0,14.890000343322754,76300.0,14.890000343322754
2005-08-25,15.180000305175781,14.649999618530273,14.649999618530273,15.079999923706055,64900.0,15.079999923706055
2005-08-26,15.010000228881836,14.609999656677246,14.800000190734863,14.859999656677246,92500.0,14.859999656677246
2005-08-29,15.5,14.539999961853027,14.680000305175781,15.5,95300.0,15.5
2005-08-30,15.5,15.100000381469727,15.449999809265137,15.289999961853027,64600.0,15.289999961853027
2005-08-31,15.899999618530273,15.199999809265137,15.289999961853027,15.84000015258789,88000.0,15.84000015258789
2005-09-01,16.229999542236328,15.829999923706055,15.84000015258789,16.059999465942383,96000.0,16.059999465942383
2005-09-02,16.299999237060547,15.859999656677246,16.100000381469727,16.049999237060547,64100.0,16.049999237060547
2005-09-06,16.5,16.100000381469727,16.18000030517578,16.469999313354492,74100.0,16.469999313354492
2005-09-07,16.540000915527344,16.190000534057617,16.469999313354492,16.459999084472656,51500.0,16.459999084472656
2005-09-08,16.459999084472656,16.06999969482422,16.360000610351562,16.34000015258789,36300.0,16.34000015258789
2005-09-09,16.649999618530273,16.31999969482422,16.34000015258789,16.56999969482422,73900.0,16.56999969482422
2005-09-12,16.84000015258789,16.5,16.510000228881836,16.760000228881836,71400.0,16.760000228881836
2005-09-13,16.790000915527344,16.15999984741211,16.760000228881836,16.229999542236328,104300.0,16.229999542236328
2005-09-14,16.40999984741211,15.550000190734863,15.550000190734863,15.829999923706055,70600.0,15.829999923706055
2005-09-15,15.899999618530273,15.510000228881836,15.850000381469727,15.600000381469727,46100.0,15.600000381469727
2005-09-16,16.290000915527344,15.460000038146973,15.720000267028809,15.930000305175781,223300.0,15.930000305175781
2005-09-19,16.09000015258789,15.720000267028809,16.049999237060547,15.850000381469727,59800.0,15.850000381469727
2005-09-20,16.079999923706055,15.640000343322754,15.880000114440918,15.739999771118164,135300.0,15.739999771118164
2005-09-21,15.819999694824219,15.359999656677246,15.539999961853027,15.6899995803833,117500.0,15.6899995803833
2005-09-22,15.850000381469727,15.449999809265137,15.699999809265137,15.609999656677246,92300.0,15.609999656677246
2005-09-23,15.9399995803833,15.520000457763672,15.65999984741211,15.8100004196167,126800.0,15.8100004196167
2005-09-26,16.25,15.399999618530273,15.920000076293945,15.5,121500.0,15.5
2005-09-27,15.520000457763672,14.979999542236328,15.520000457763672,15.0,154200.0,15.0
2005-09-28,15.1899995803833,14.779999732971191,14.850000381469727,14.800000190734863,116400.0,14.800000190734863
2005-09-29,15.529999732971191,14.699999809265137,14.850000381469727,15.529999732971191,101100.0,15.529999732971191
2005-09-30,15.720000267028809,15.199999809265137,15.720000267028809,15.359999656677246,89600.0,15.359999656677246
2005-10-03,15.260000228881836,14.359999656677246,14.359999656677246,14.770000457763672,252700.0,14.770000457763672
2005-10-04,15.3100004196167,14.670000076293945,14.670000076293945,14.859999656677246,109000.0,14.859999656677246
2005-10-05,14.739999771118164,13.819999694824219,14.739999771118164,13.819999694824219,148600.0,13.819999694824219
2005-10-06,14.489999771118164,13.680000305175781,13.720000267028809,13.800000190734863,222300.0,13.800000190734863
2005-10-07,14.0,13.710000038146973,13.729999542236328,13.770000457763672,94600.0,13.770000457763672
2005-10-10,13.850000381469727,13.5,13.800000190734863,13.5,110600.0,13.5
2005-10-11,14.25,13.180000305175781,13.5,13.1899995803833,170000.0,13.1899995803833
2005-10-12,13.380000114440918,12.770000457763672,13.25,13.199999809265137,219300.0,13.199999809265137
2005-10-13,13.789999961853027,13.199999809265137,13.199999809265137,13.5,183300.0,13.5
2005-10-14,13.829999923706055,13.399999618530273,13.649999618530273,13.6899995803833,157200.0,13.6899995803833
2005-10-17,13.949999809265137,13.279999732971191,13.84000015258789,13.489999771118164,151900.0,13.489999771118164
2005-10-18,13.75,13.399999618530273,13.5,13.430000305175781,132500.0,13.430000305175781
2005-10-19,13.729999542236328,13.039999961853027,13.300000190734863,13.729999542236328,189500.0,13.729999542236328
2005-10-20,13.640000343322754,13.119999885559082,13.630000114440918,13.25,150300.0,13.25
2005-10-21,13.460000038146973,13.050000190734863,13.260000228881836,13.119999885559082,88500.0,13.119999885559082
2005-10-24,13.779999732971191,13.020000457763672,13.199999809265137,13.779999732971191,95400.0,13.779999732971191
2005-10-25,13.65999984741211,13.149999618530273,13.600000381469727,13.399999618530273,83800.0,13.399999618530273
2005-10-26,13.979999542236328,13.329999923706055,13.359999656677246,13.359999656677246,116300.0,13.359999656677246
2005-10-27,13.430000305175781,12.899999618530273,13.369999885559082,12.920000076293945,83200.0,12.920000076293945
2005-10-28,13.550000190734863,13.020000457763672,13.020000457763672,13.3100004196167,91900.0,13.3100004196167
2005-10-31,13.699999809265137,13.239999771118164,13.3100004196167,13.640000343322754,108900.0,13.640000343322754
2005-11-01,13.569999694824219,13.119999885559082,13.5,13.130000114440918,60800.0,13.130000114440918
2005-11-02,13.829999923706055,13.149999618530273,13.15999984741211,13.829999923706055,88900.0,13.829999923706055
2005-11-03,14.220000267028809,13.619999885559082,14.039999961853027,13.829999923706055,103100.0,13.829999923706055
2005-11-04,13.8100004196167,13.289999961853027,13.8100004196167,13.520000457763672,89200.0,13.520000457763672
2005-11-07,13.640000343322754,13.479999542236328,13.520000457763672,13.579999923706055,82100.0,13.579999923706055
2005-11-08,13.479999542236328,13.0,13.479999542236328,13.069999694824219,97200.0,13.069999694824219
2005-11-09,13.289999961853027,13.0,13.0,13.130000114440918,79500.0,13.130000114440918
2005-11-10,13.760000228881836,13.039999961853027,13.15999984741211,13.710000038146973,107800.0,13.710000038146973
2005-11-11,13.720000267028809,13.3100004196167,13.6899995803833,13.600000381469727,68100.0,13.600000381469727
2005-11-14,13.529999732971191,13.0600004196167,13.420000076293945,13.100000381469727,116900.0,13.100000381469727
2005-11-15,13.430000305175781,12.859999656677246,13.050000190734863,12.899999618530273,119600.0,12.899999618530273
2005-11-16,13.020000457763672,12.600000381469727,12.890000343322754,12.739999771118164,159000.0,12.739999771118164
2005-11-17,13.229999542236328,12.819999694824219,12.84000015258789,13.229999542236328,112500.0,13.229999542236328
2005-11-18,13.59000015258789,13.289999961853027,13.5,13.479999542236328,141200.0,13.479999542236328
2005-11-21,14.039999961853027,13.399999618530273,13.5,13.949999809265137,106600.0,13.949999809265137
2005-11-22,13.979999542236328,13.680000305175781,13.949999809265137,13.869999885559082,124200.0,13.869999885559082
2005-11-23,14.5,13.300000190734863,13.770000457763672,14.100000381469727,214800.0,14.100000381469727
2005-11-25,14.25,13.649999618530273,14.25,14.0,27600.0,14.0
2005-11-28,14.109999656677246,13.739999771118164,14.100000381469727,13.75,115600.0,13.75
2005-11-29,13.800000190734863,13.380000114440918,13.800000190734863,13.470000267028809,103200.0,13.470000267028809
2005-11-30,13.75,13.449999809265137,13.449999809265137,13.640000343322754,76600.0,13.640000343322754
2005-12-01,14.130000114440918,13.65999984741211,13.8100004196167,14.010000228881836,152400.0,14.010000228881836
2005-12-02,14.15999984741211,13.720000267028809,14.100000381469727,14.0,123300.0,14.0
2005-12-05,14.109999656677246,13.84000015258789,14.039999961853027,14.0,164000.0,14.0
2005-12-06,14.239999771118164,13.90999984741211,14.050000190734863,13.979999542236328,96300.0,13.979999542236328
2005-12-07,14.039999961853027,13.699999809265137,13.970000267028809,13.75,78400.0,13.75
2005-12-08,13.9399995803833,13.550000190734863,13.760000228881836,13.5600004196167,111500.0,13.5600004196167
2005-12-09,13.949999809265137,13.5600004196167,13.5600004196167,13.6899995803833,65600.0,13.6899995803833
2005-12-12,13.850000381469727,13.600000381469727,13.75,13.649999618530273,52400.0,13.649999618530273
2005-12-13,13.869999885559082,12.989999771118164,13.550000190734863,13.149999618530273,148600.0,13.149999618530273
2005-12-14,13.380000114440918,13.020000457763672,13.199999809265137,13.199999809265137,91100.0,13.199999809265137
2005-12-15,13.399999618530273,12.890000343322754,13.100000381469727,13.1899995803833,133500.0,13.1899995803833
2005-12-16,13.229999542236328,12.850000381469727,13.229999542236328,12.949999809265137,278400.0,12.949999809265137
2005-12-19,13.100000381469727,12.75,12.949999809265137,12.8100004196167,162600.0,12.8100004196167
2005-12-20,13.029999732971191,12.649999618530273,12.800000190734863,12.800000190734863,110300.0,12.800000190734863
2005-12-21,12.960000038146973,12.609999656677246,12.699999809265137,12.960000038146973,124600.0,12.960000038146973
2005-12-22,13.100000381469727,12.84000015258789,12.949999809265137,12.899999618530273,63500.0,12.899999618530273
2005-12-23,13.140000343322754,12.9399995803833,13.0,13.069999694824219,76900.0,13.069999694824219
2005-12-27,13.199999809265137,12.680000305175781,13.109999656677246,12.680000305175781,129400.0,12.680000305175781
2005-12-28,12.949999809265137,12.430000305175781,12.680000305175781,12.520000457763672,168100.0,12.520000457763672
2005-12-29,12.710000038146973,12.40999984741211,12.5,12.5,108300.0,12.5
2005-12-30,12.539999961853027,12.350000381469727,12.5,12.420000076293945,132400.0,12.420000076293945
2006-01-03,12.649999618530273,12.100000381469727,12.449999809265137,12.550000190734863,234400.0,12.550000190734863
2006-01-04,12.59000015258789,12.350000381469727,12.569999694824219,12.399999618530273,95600.0,12.399999618530273
2006-01-05,12.600000381469727,12.279999732971191,12.399999618530273,12.520000457763672,110400.0,12.520000457763672
2006-01-06,13.359999656677246,12.449999809265137,12.5,13.020000457763672,205900.0,13.020000457763672
2006-01-09,13.239999771118164,12.920000076293945,12.989999771118164,13.170000076293945,159700.0,13.170000076293945
2006-01-10,13.670000076293945,13.050000190734863,13.119999885559082,13.630000114440918,145300.0,13.630000114440918
2006-01-11,13.949999809265137,13.289999961853027,13.65999984741211,13.470000267028809,174600.0,13.470000267028809
2006-01-12,13.420000076293945,13.100000381469727,13.420000076293945,13.279999732971191,97500.0,13.279999732971191
2006-01-13,13.479999542236328,13.119999885559082,13.260000228881836,13.1899995803833,85200.0,13.1899995803833
2006-01-17,13.180000305175781,12.800000190734863,12.949999809265137,12.9399995803833,137800.0,12.9399995803833
2006-01-18,13.619999885559082,12.84000015258789,12.84000015258789,13.550000190734863,174500.0,13.550000190734863
2006-01-19,13.930000305175781,13.399999618530273,13.649999618530273,13.720000267028809,186900.0,13.720000267028809
2006-01-20,13.779999732971191,13.050000190734863,13.779999732971191,13.260000228881836,168400.0,13.260000228881836
2006-01-23,13.350000381469727,12.9399995803833,13.300000190734863,13.220000267028809,88000.0,13.220000267028809
2006-01-24,13.34000015258789,13.0600004196167,13.239999771118164,13.25,90000.0,13.25
2006-01-25,13.380000114440918,13.079999923706055,13.380000114440918,13.220000267028809,89500.0,13.220000267028809
2006-01-26,13.390000343322754,13.15999984741211,13.260000228881836,13.350000381469727,153400.0,13.350000381469727
2006-01-27,13.5,13.25,13.390000343322754,13.3100004196167,89200.0,13.3100004196167
2006-01-30,13.449999809265137,12.800000190734863,13.329999923706055,12.859999656677246,178800.0,12.859999656677246
2006-01-31,13.09000015258789,12.789999961853027,12.800000190734863,13.039999961853027,118200.0,13.039999961853027
2006-02-01,13.149999618530273,12.869999885559082,13.0,13.050000190734863,106500.0,13.050000190734863
2006-02-02,13.09000015258789,12.390000343322754,13.039999961853027,12.479999542236328,163200.0,12.479999542236328
2006-02-03,12.550000190734863,12.199999809265137,12.5,12.319999694824219,140100.0,12.319999694824219
2006-02-06,12.520000457763672,12.09000015258789,12.300000190734863,12.399999618530273,116100.0,12.399999618530273
2006-02-07,12.579999923706055,12.140000343322754,12.220000267028809,12.140000343322754,152800.0,12.140000343322754
2006-02-08,12.329999923706055,12.0,12.199999809265137,12.170000076293945,85500.0,12.170000076293945
2006-02-09,12.460000038146973,12.079999923706055,12.199999809265137,12.140000343322754,81000.0,12.140000343322754
2006-02-10,12.399999618530273,12.029999732971191,12.239999771118164,12.25,100100.0,12.25
2006-02-13,12.390000343322754,12.050000190734863,12.239999771118164,12.100000381469727,66400.0,12.100000381469727
2006-02-14,12.4399995803833,12.0,12.130000114440918,12.210000038146973,108600.0,12.210000038146973
2006-02-15,12.399999618530273,12.039999961853027,12.180000305175781,12.239999771118164,117100.0,12.239999771118164
2006-02-16,12.539999961853027,12.25,12.300000190734863,12.539999961853027,94100.0,12.539999961853027
2006-02-17,12.699999809265137,12.329999923706055,12.529999732971191,12.460000038146973,100500.0,12.460000038146973
2006-02-21,12.550000190734863,12.069999694824219,12.550000190734863,12.180000305175781,152300.0,12.180000305175781
2006-02-22,12.5,12.100000381469727,12.279999732971191,12.369999885559082,110000.0,12.369999885559082
2006-02-23,12.75,12.350000381469727,12.369999885559082,12.550000190734863,141000.0,12.550000190734863
2006-02-24,13.140000343322754,12.510000228881836,12.649999618530273,13.109999656677246,189700.0,13.109999656677246
2006-02-27,13.600000381469727,13.180000305175781,13.220000267028809,13.529999732971191,173600.0,13.529999732971191
2006-02-28,13.359999656677246,13.029999732971191,13.199999809265137,13.170000076293945,128700.0,13.170000076293945
2006-03-01,13.699999809265137,13.0,13.170000076293945,13.550000190734863,150800.0,13.550000190734863
2006-03-02,13.760000228881836,13.350000381469727,13.699999809265137,13.550000190734863,161300.0,13.550000190734863
2006-03-03,13.640000343322754,13.140000343322754,13.449999809265137,13.15999984741211,116200.0,13.15999984741211
2006-03-06,13.130000114440918,12.5,13.130000114440918,12.600000381469727,168900.0,12.600000381469727
2006-03-07,12.920000076293945,12.25,12.640000343322754,12.319999694824219,173700.0,12.319999694824219
2006-03-08,12.569999694824219,12.210000038146973,12.300000190734863,12.420000076293945,114200.0,12.420000076293945
2006-03-09,12.539999961853027,12.010000228881836,12.40999984741211,12.220000267028809,109800.0,12.220000267028809
2006-03-10,12.619999885559082,12.289999961853027,12.319999694824219,12.5,92300.0,12.5
2006-03-13,12.819999694824219,12.229999542236328,12.579999923706055,12.300000190734863,125700.0,12.300000190734863
2006-03-14,12.640000343322754,12.3100004196167,12.34000015258789,12.399999618530273,127800.0,12.399999618530273
2006-03-15,12.489999771118164,12.170000076293945,12.4399995803833,12.380000114440918,138800.0,12.380000114440918
2006-03-16,12.489999771118164,12.079999923706055,12.470000267028809,12.199999809265137,155500.0,12.199999809265137
2006-03-17,12.350000381469727,12.050000190734863,12.260000228881836,12.119999885559082,269900.0,12.119999885559082
2006-03-20,12.279999732971191,11.850000381469727,12.109999656677246,11.960000038146973,144000.0,11.960000038146973
2006-03-21,12.0,11.550000190734863,11.930000305175781,11.670000076293945,220600.0,11.670000076293945
2006-03-22,12.140000343322754,11.550000190734863,11.550000190734863,12.0600004196167,197100.0,12.0600004196167
2006-03-23,12.699999809265137,12.220000267028809,12.25,12.579999923706055,286400.0,12.579999923706055
2006-03-24,12.970000267028809,12.569999694824219,12.609999656677246,12.8100004196167,188300.0,12.8100004196167
2006-03-27,13.300000190734863,12.710000038146973,12.84000015258789,13.199999809265137,263200.0,13.199999809265137
2006-03-28,13.470000267028809,13.0,13.25,13.0600004196167,207400.0,13.0600004196167
2006-03-29,13.59000015258789,13.109999656677246,13.109999656677246,13.479999542236328,262300.0,13.479999542236328
2006-03-30,13.529999732971191,13.220000267028809,13.510000228881836,13.399999618530273,149500.0,13.399999618530273
2006-03-31,13.5,13.319999694824219,13.430000305175781,13.5,166300.0,13.5
2006-04-03,13.479999542236328,12.899999618530273,13.479999542236328,13.0,257900.0,13.0
2006-04-04,13.199999809265137,12.800000190734863,13.0600004196167,12.949999809265137,149100.0,12.949999809265137
2006-04-05,13.0,12.65999984741211,12.979999542236328,12.75,110800.0,12.75
2006-04-06,12.720000267028809,12.350000381469727,12.699999809265137,12.510000228881836,138800.0,12.510000228881836
2006-04-07,12.800000190734863,12.460000038146973,12.529999732971191,12.5600004196167,276000.0,12.5600004196167
2006-04-10,12.770000457763672,12.470000267028809,12.550000190734863,12.729999542236328,186800.0,12.729999542236328
2006-04-11,12.75,12.350000381469727,12.75,12.529999732971191,173600.0,12.529999732971191
2006-04-12,12.8100004196167,12.399999618530273,12.430000305175781,12.760000228881836,187000.0,12.760000228881836
2006-04-13,13.050000190734863,12.600000381469727,12.65999984741211,12.989999771118164,190500.0,12.989999771118164
2006-04-17,13.0600004196167,12.800000190734863,12.9399995803833,13.0600004196167,219600.0,13.0600004196167
2006-04-18,13.210000038146973,12.9399995803833,13.140000343322754,13.119999885559082,147000.0,13.119999885559082
2006-04-19,13.319999694824219,13.0,13.109999656677246,13.220000267028809,120100.0,13.220000267028809
2006-04-20,13.1899995803833,12.75,12.949999809265137,12.9399995803833,144700.0,12.9399995803833
2006-04-21,13.199999809265137,12.6899995803833,13.199999809265137,12.760000228881836,128600.0,12.760000228881836
2006-04-24,12.949999809265137,12.75,12.789999961853027,12.850000381469727,129800.0,12.850000381469727
2006-04-25,12.850000381469727,12.430000305175781,12.850000381469727,12.569999694824219,123000.0,12.569999694824219
2006-04-26,12.869999885559082,12.5600004196167,12.5600004196167,12.619999885559082,124500.0,12.619999885559082
2006-04-27,12.859999656677246,12.369999885559082,12.550000190734863,12.449999809265137,122700.0,12.449999809265137
2006-04-28,12.569999694824219,12.239999771118164,12.369999885559082,12.279999732971191,126400.0,12.279999732971191
2006-05-01,12.489999771118164,11.609999656677246,12.380000114440918,11.640000343322754,271100.0,11.640000343322754
2006-05-02,11.84000015258789,11.449999809265137,11.699999809265137,11.5600004196167,149100.0,11.5600004196167
2006-05-03,11.699999809265137,11.050000190734863,11.420000076293945,11.279999732971191,207400.0,11.279999732971191
2006-05-04,11.489999771118164,11.270000457763672,11.279999732971191,11.4399995803833,105800.0,11.4399995803833
2006-05-05,11.760000228881836,11.40999984741211,11.460000038146973,11.649999618530273,112600.0,11.649999618530273
2006-05-08,11.649999618530273,11.050000190734863,11.649999618530273,11.119999885559082,163800.0,11.119999885559082
2006-05-09,11.119999885559082,10.75,11.119999885559082,10.989999771118164,233500.0,10.989999771118164
2006-05-10,11.0,10.539999961853027,11.0,10.770000457763672,201200.0,10.770000457763672
2006-05-11,10.75,10.119999885559082,10.6899995803833,10.34000015258789,328800.0,10.34000015258789
2006-05-12,10.5,9.869999885559082,10.350000381469727,10.289999961853027,229500.0,10.289999961853027
2006-05-15,10.350000381469727,9.979999542236328,10.289999961853027,10.079999923706055,264100.0,10.079999923706055
2006-05-16,10.1899995803833,9.800000190734863,10.079999923706055,10.020000457763672,252100.0,10.020000457763672
2006-05-17,10.09000015258789,9.75,9.90999984741211,9.920000076293945,180400.0,9.920000076293945
2006-05-18,10.0,9.65999984741211,9.880000114440918,9.65999984741211,101700.0,9.65999984741211
2006-05-19,9.720000267028809,9.300000190734863,9.529999732971191,9.630000114440918,201600.0,9.630000114440918
2006-05-22,9.949999809265137,9.369999885559082,9.600000381469727,9.699999809265137,180300.0,9.699999809265137
2006-05-23,9.819999694824219,9.25,9.699999809265137,9.300000190734863,218500.0,9.300000190734863
2006-05-24,10.050000190734863,9.229999542236328,9.300000190734863,9.979999542236328,264100.0,9.979999542236328
2006-05-25,10.270000457763672,9.890000343322754,10.220000267028809,10.109999656677246,190800.0,10.109999656677246
2006-05-26,10.350000381469727,10.050000190734863,10.109999656677246,10.199999809265137,126500.0,10.199999809265137
2006-05-30,10.369999885559082,10.050000190734863,10.229999542236328,10.140000343322754,118300.0,10.140000343322754
2006-05-31,10.350000381469727,10.0,10.140000343322754,10.350000381469727,132200.0,10.350000381469727
2006-06-01,10.4399995803833,10.220000267028809,10.260000228881836,10.4399995803833,88600.0,10.4399995803833
2006-06-02,10.430000305175781,10.25,10.34000015258789,10.369999885559082,80000.0,10.369999885559082
2006-06-05,10.350000381469727,9.699999809265137,10.300000190734863,9.8100004196167,222600.0,9.8100004196167
2006-06-06,10.0600004196167,9.510000228881836,9.819999694824219,9.75,175900.0,9.75
2006-06-07,10.100000381469727,9.670000076293945,9.770000457763672,9.770000457763672,168200.0,9.770000457763672
2006-06-08,10.350000381469727,9.420000076293945,9.720000267028809,10.25,215500.0,10.25
2006-06-09,10.510000228881836,10.020000457763672,10.390000343322754,10.079999923706055,231000.0,10.079999923706055
2006-06-12,9.979999542236328,9.569999694824219,9.979999542236328,9.720000267028809,221500.0,9.720000267028809
2006-06-13,10.020000457763672,9.5,9.720000267028809,9.529999732971191,160600.0,9.529999732971191
2006-06-14,9.539999961853027,9.260000228881836,9.449999809265137,9.470000267028809,125300.0,9.470000267028809
2006-06-15,10.300000190734863,9.539999961853027,9.569999694824219,10.170000076293945,185900.0,10.170000076293945
2006-06-16,10.1899995803833,9.510000228881836,10.119999885559082,9.729999542236328,444800.0,9.729999542236328
2006-06-19,9.800000190734863,9.319999694824219,9.75,9.40999984741211,159400.0,9.40999984741211
2006-06-20,9.890000343322754,9.109999656677246,9.319999694824219,9.869999885559082,301600.0,9.869999885559082
2006-06-21,10.520000457763672,9.649999618530273,9.800000190734863,10.449999809265137,335300.0,10.449999809265137
2006-06-22,12.640000343322754,10.449999809265137,10.449999809265137,12.430000305175781,761800.0,12.430000305175781
2006-06-23,13.779999732971191,12.279999732971191,12.680000305175781,13.0,1824400.0,13.0
2006-06-26,14.600000381469727,12.899999618530273,13.0,14.539999961853027,1082400.0,14.539999961853027
2006-06-27,14.59000015258789,13.510000228881836,14.449999809265137,13.9399995803833,804000.0,13.9399995803833
2006-06-28,14.020000457763672,13.34000015258789,13.979999542236328,14.020000457763672,833300.0,14.020000457763672
2006-06-29,15.25,14.25,14.300000190734863,14.869999885559082,944000.0,14.869999885559082
2006-06-30,15.079999923706055,14.760000228881836,14.829999923706055,15.079999923706055,554400.0,15.079999923706055
2006-07-03,15.170000076293945,14.850000381469727,15.170000076293945,14.970000267028809,184000.0,14.970000267028809
2006-07-05,15.0,14.520000457763672,14.600000381469727,14.75,277400.0,14.75
2006-07-06,14.899999618530273,14.420000076293945,14.899999618530273,14.550000190734863,382600.0,14.550000190734863
2006-07-07,15.0,14.40999984741211,14.550000190734863,14.619999885559082,320300.0,14.619999885559082
2006-07-10,14.800000190734863,13.899999618530273,14.699999809265137,14.0600004196167,275500.0,14.0600004196167
2006-07-11,14.420000076293945,13.8100004196167,14.0,14.329999923706055,244300.0,14.329999923706055
2006-07-12,14.399999618530273,13.859999656677246,14.289999961853027,13.859999656677246,116700.0,13.859999656677246
2006-07-13,13.859999656677246,12.569999694824219,13.699999809265137,12.699999809265137,594900.0,12.699999809265137
2006-07-14,13.0,12.5,12.600000381469727,12.699999809265137,458200.0,12.699999809265137
2006-07-17,12.819999694824219,12.050000190734863,12.5,12.149999618530273,335100.0,12.149999618530273
2006-07-18,12.4399995803833,11.550000190734863,12.149999618530273,12.350000381469727,472600.0,12.350000381469727
2006-07-19,13.220000267028809,12.359999656677246,12.40999984741211,12.430000305175781,491700.0,12.430000305175781
2006-07-20,12.699999809265137,12.149999618530273,12.5,12.4399995803833,442100.0,12.4399995803833
2006-07-21,12.399999618530273,11.859999656677246,12.399999618530273,12.199999809265137,261800.0,12.199999809265137
2006-07-24,12.470000267028809,12.140000343322754,12.229999542236328,12.390000343322754,249400.0,12.390000343322754
2006-07-25,12.699999809265137,12.210000038146973,12.390000343322754,12.470000267028809,365700.0,12.470000267028809
2006-07-26,12.699999809265137,12.300000190734863,12.449999809265137,12.520000457763672,245000.0,12.520000457763672
2006-07-27,12.680000305175781,12.369999885559082,12.430000305175781,12.510000228881836,242600.0,12.510000228881836
2006-07-28,12.819999694824219,12.430000305175781,12.59000015258789,12.600000381469727,131800.0,12.600000381469727
2006-07-31,12.890000343322754,12.399999618530273,12.420000076293945,12.890000343322754,203800.0,12.890000343322754
2006-08-01,12.850000381469727,12.300000190734863,12.800000190734863,12.4399995803833,184600.0,12.4399995803833
2006-08-02,12.670000076293945,12.029999732971191,12.460000038146973,12.069999694824219,206300.0,12.069999694824219
2006-08-03,12.59000015258789,12.069999694824219,12.079999923706055,12.479999542236328,131100.0,12.479999542236328
2006-08-04,12.760000228881836,12.109999656677246,12.699999809265137,12.369999885559082,141100.0,12.369999885559082
2006-08-07,12.300000190734863,11.930000305175781,12.270000457763672,12.050000190734863,126400.0,12.050000190734863
2006-08-08,12.199999809265137,11.539999961853027,12.149999618530273,11.5600004196167,171200.0,11.5600004196167
2006-08-09,12.119999885559082,11.600000381469727,11.760000228881836,11.649999618530273,128800.0,11.649999618530273
2006-08-10,11.649999618530273,11.319999694824219,11.550000190734863,11.390000343322754,159600.0,11.390000343322754
2006-08-11,11.550000190734863,11.010000228881836,11.399999618530273,11.140000343322754,134600.0,11.140000343322754
2006-08-14,11.710000038146973,11.100000381469727,11.199999809265137,11.140000343322754,95400.0,11.140000343322754
2006-08-15,11.529999732971191,11.15999984741211,11.399999618530273,11.350000381469727,198800.0,11.350000381469727
2006-08-16,11.819999694824219,11.399999618530273,11.449999809265137,11.770000457763672,103700.0,11.770000457763672
2006-08-17,12.09000015258789,11.619999885559082,11.720000267028809,11.890000343322754,97300.0,11.890000343322754
2006-08-18,12.069999694824219,11.579999923706055,11.9399995803833,12.010000228881836,127900.0,12.010000228881836
2006-08-21,12.300000190734863,11.8100004196167,11.930000305175781,12.069999694824219,242500.0,12.069999694824219
2006-08-22,12.5,12.140000343322754,12.149999618530273,12.4399995803833,201300.0,12.4399995803833
2006-08-23,12.739999771118164,12.1899995803833,12.449999809265137,12.380000114440918,197600.0,12.380000114440918
2006-08-24,12.5,12.029999732971191,12.449999809265137,12.119999885559082,219600.0,12.119999885559082
2006-08-25,12.510000228881836,12.029999732971191,12.109999656677246,12.430000305175781,196100.0,12.430000305175781
2006-08-28,13.020000457763672,12.609999656677246,12.640000343322754,12.8100004196167,183500.0,12.8100004196167
2006-08-29,12.880000114440918,12.5600004196167,12.880000114440918,12.720000267028809,128700.0,12.720000267028809
2006-08-30,12.989999771118164,12.449999809265137,12.699999809265137,12.850000381469727,151100.0,12.850000381469727
2006-08-31,13.0,12.779999732971191,12.949999809265137,12.779999732971191,146400.0,12.779999732971191
2006-09-01,12.920000076293945,12.680000305175781,12.850000381469727,12.739999771118164,97800.0,12.739999771118164
2006-09-05,12.880000114440918,12.5600004196167,12.640000343322754,12.800000190734863,87800.0,12.800000190734863
2006-09-06,12.699999809265137,12.520000457763672,12.630000114440918,12.5600004196167,121500.0,12.5600004196167
2006-09-07,12.529999732971191,12.210000038146973,12.460000038146973,12.220000267028809,86500.0,12.220000267028809
2006-09-08,12.510000228881836,12.199999809265137,12.25,12.470000267028809,75700.0,12.470000267028809
2006-09-11,12.819999694824219,12.3100004196167,12.420000076293945,12.65999984741211,139600.0,12.65999984741211
2006-09-12,13.109999656677246,12.630000114440918,12.710000038146973,13.0600004196167,231500.0,13.0600004196167
2006-09-13,13.15999984741211,12.699999809265137,13.079999923706055,13.140000343322754,138000.0,13.140000343322754
2006-09-14,13.140000343322754,12.75,13.050000190734863,12.84000015258789,112200.0,12.84000015258789
2006-09-15,13.029999732971191,12.819999694824219,12.9399995803833,12.890000343322754,233200.0,12.890000343322754
2006-09-18,13.050000190734863,12.760000228881836,12.890000343322754,13.0,117200.0,13.0
2006-09-19,13.149999618530273,12.390000343322754,13.0,12.84000015258789,166200.0,12.84000015258789
2006-09-20,12.970000267028809,12.600000381469727,12.920000076293945,12.760000228881836,131900.0,12.760000228881836
2006-09-21,12.920000076293945,12.399999618530273,12.850000381469727,12.420000076293945,110700.0,12.420000076293945
2006-09-22,12.65999984741211,12.1899995803833,12.430000305175781,12.649999618530273,163600.0,12.649999618530273
2006-09-25,13.079999923706055,12.479999542236328,12.65999984741211,12.960000038146973,244100.0,12.960000038146973
2006-09-26,13.050000190734863,12.699999809265137,12.979999542236328,12.880000114440918,140900.0,12.880000114440918
2006-09-27,12.949999809265137,12.699999809265137,12.829999923706055,12.850000381469727,111000.0,12.850000381469727
2006-09-28,12.850000381469727,12.699999809265137,12.800000190734863,12.75,129200.0,12.75
2006-09-29,12.800000190734863,12.130000114440918,12.739999771118164,12.1899995803833,304600.0,12.1899995803833
2006-10-02,12.640000343322754,12.1899995803833,12.1899995803833,12.229999542236328,203100.0,12.229999542236328
2006-10-03,12.25,11.970000267028809,12.210000038146973,12.170000076293945,162300.0,12.170000076293945
2006-10-04,12.649999618530273,12.010000228881836,12.119999885559082,12.600000381469727,141400.0,12.600000381469727
2006-10-05,13.050000190734863,12.59000015258789,12.600000381469727,13.020000457763672,169800.0,13.020000457763672
2006-10-06,13.850000381469727,12.729999542236328,13.020000457763672,13.789999961853027,484500.0,13.789999961853027
2006-10-09,13.979999542236328,13.5,13.75,13.9399995803833,251000.0,13.9399995803833
2006-10-10,13.949999809265137,13.739999771118164,13.949999809265137,13.850000381469727,151700.0,13.850000381469727
2006-10-11,13.979999542236328,13.75,13.800000190734863,13.869999885559082,163800.0,13.869999885559082
2006-10-12,14.729999542236328,13.899999618530273,14.050000190734863,14.680000305175781,290400.0,14.680000305175781
2006-10-13,14.949999809265137,14.25,14.699999809265137,14.460000038146973,353100.0,14.460000038146973
2006-10-16,14.430000305175781,13.819999694824219,14.399999618530273,13.829999923706055,277800.0,13.829999923706055
2006-10-17,13.800000190734863,13.5600004196167,13.729999542236328,13.710000038146973,182100.0,13.710000038146973
2006-10-18,13.949999809265137,13.510000228881836,13.640000343322754,13.550000190734863,184100.0,13.550000190734863
2006-10-19,13.989999771118164,13.529999732971191,13.529999732971191,13.890000343322754,148900.0,13.890000343322754
2006-10-20,13.970000267028809,13.520000457763672,13.970000267028809,13.619999885559082,101200.0,13.619999885559082
2006-10-23,13.670000076293945,13.5,13.510000228881836,13.579999923706055,97200.0,13.579999923706055
2006-10-24,13.550000190734863,13.270000457763672,13.5,13.399999618530273,65200.0,13.399999618530273
2006-10-25,13.609999656677246,13.279999732971191,13.350000381469727,13.5600004196167,108200.0,13.5600004196167
2006-10-26,13.989999771118164,13.649999618530273,13.699999809265137,13.779999732971191,127000.0,13.779999732971191
2006-10-27,13.90999984741211,13.59000015258789,13.720000267028809,13.619999885559082,82500.0,13.619999885559082
2006-10-30,14.329999923706055,13.5,13.550000190734863,14.289999961853027,179500.0,14.289999961853027
2006-10-31,14.489999771118164,13.989999771118164,14.300000190734863,14.300000190734863,207600.0,14.300000190734863
2006-11-01,14.479999542236328,13.850000381469727,14.319999694824219,13.890000343322754,163800.0,13.890000343322754
2006-11-02,13.869999885559082,13.550000190734863,13.800000190734863,13.550000190734863,130200.0,13.550000190734863
2006-11-03,13.770000457763672,13.289999961853027,13.579999923706055,13.75,123400.0,13.75
2006-11-06,14.069999694824219,13.75,13.800000190734863,13.90999984741211,118500.0,13.90999984741211
2006-11-07,14.539999961853027,13.760000228881836,13.859999656677246,14.40999984741211,177100.0,14.40999984741211
2006-11-08,14.789999961853027,14.25,14.369999885559082,14.670000076293945,199700.0,14.670000076293945
2006-11-09,14.75,14.300000190734863,14.75,14.4399995803833,176400.0,14.4399995803833
2006-11-10,14.9399995803833,14.359999656677246,14.40999984741211,14.880000114440918,129200.0,14.880000114440918
2006-11-13,15.529999732971191,14.899999618530273,14.960000038146973,15.380000114440918,447700.0,15.380000114440918
2006-11-14,15.640000343322754,15.069999694824219,15.380000114440918,15.609999656677246,157300.0,15.609999656677246
2006-11-15,15.829999923706055,15.569999694824219,15.640000343322754,15.630000114440918,208800.0,15.630000114440918
2006-11-16,15.880000114440918,15.550000190734863,15.729999542236328,15.720000267028809,132300.0,15.720000267028809
2006-11-17,15.800000190734863,15.470000267028809,15.720000267028809,15.739999771118164,117900.0,15.739999771118164
2006-11-20,15.770000457763672,15.520000457763672,15.760000228881836,15.680000305175781,115300.0,15.680000305175781
2006-11-21,15.6899995803833,15.359999656677246,15.680000305175781,15.479999542236328,78600.0,15.479999542236328
2006-11-22,15.649999618530273,15.40999984741211,15.529999732971191,15.550000190734863,64600.0,15.550000190734863
2006-11-24,15.539999961853027,15.300000190734863,15.520000457763672,15.520000457763672,65300.0,15.520000457763672
2006-11-27,15.470000267028809,14.710000038146973,15.4399995803833,14.9399995803833,181500.0,14.9399995803833
2006-11-28,15.09000015258789,14.65999984741211,14.84000015258789,15.079999923706055,149900.0,15.079999923706055
2006-11-29,15.1899995803833,14.600000381469727,15.149999618530273,15.010000228881836,147200.0,15.010000228881836
2006-11-30,15.399999618530273,14.800000190734863,15.050000190734863,15.300000190734863,395500.0,15.300000190734863
2006-12-01,15.390000343322754,14.819999694824219,15.34000015258789,15.140000343322754,158400.0,15.140000343322754
2006-12-04,15.630000114440918,14.979999542236328,15.140000343322754,15.569999694824219,115400.0,15.569999694824219
2006-12-05,15.829999923706055,15.229999542236328,15.619999885559082,15.619999885559082,107300.0,15.619999885559082
2006-12-06,15.550000190734863,15.1899995803833,15.550000190734863,15.25,61200.0,15.25
2006-12-07,15.479999542236328,14.989999771118164,15.300000190734863,15.289999961853027,105600.0,15.289999961853027
2006-12-08,15.300000190734863,14.789999961853027,15.279999732971191,14.970000267028809,104600.0,14.970000267028809
2006-12-11,15.920000076293945,14.970000267028809,15.050000190734863,15.899999618530273,163200.0,15.899999618530273
2006-12-12,16.469999313354492,15.65999984741211,16.0,16.0,223700.0,16.0
2006-12-13,16.149999618530273,15.510000228881836,16.149999618530273,15.6899995803833,120000.0,15.6899995803833
2006-12-14,15.850000381469727,15.100000381469727,15.6899995803833,15.300000190734863,170400.0,15.300000190734863
2006-12-15,14.5,13.800000190734863,14.5,14.199999809265137,991300.0,14.199999809265137
2006-12-18,14.470000267028809,14.039999961853027,14.25,14.149999618530273,334700.0,14.149999618530273
2006-12-19,14.140000343322754,13.880000114440918,13.949999809265137,13.989999771118164,377900.0,13.989999771118164
2006-12-20,14.100000381469727,13.899999618530273,14.010000228881836,13.979999542236328,206700.0,13.979999542236328
2006-12-21,14.149999618530273,13.90999984741211,13.989999771118164,14.0,204600.0,14.0
2006-12-22,14.029999732971191,13.850000381469727,13.949999809265137,14.010000228881836,185700.0,14.010000228881836
2006-12-26,14.149999618530273,13.960000038146973,13.960000038146973,14.140000343322754,148600.0,14.140000343322754
2006-12-27,14.579999923706055,14.039999961853027,14.229999542236328,14.369999885559082,202100.0,14.369999885559082
2006-12-28,14.630000114440918,14.229999542236328,14.319999694824219,14.539999961853027,178000.0,14.539999961853027
2006-12-29,14.59000015258789,14.25,14.449999809265137,14.270000457763672,133500.0,14.270000457763672
2007-01-03,14.729999542236328,14.239999771118164,14.390000343322754,14.569999694824219,315400.0,14.569999694824219
2007-01-04,15.010000228881836,14.199999809265137,14.510000228881836,15.0,277400.0,15.0
2007-01-05,15.100000381469727,14.479999542236328,15.100000381469727,14.479999542236328,254800.0,14.479999542236328
2007-01-08,14.5,14.149999618530273,14.430000305175781,14.460000038146973,92000.0,14.460000038146973
2007-01-09,14.670000076293945,14.229999542236328,14.449999809265137,14.609999656677246,180500.0,14.609999656677246
2007-01-10,14.90999984741211,14.550000190734863,14.5600004196167,14.789999961853027,199300.0,14.789999961853027
2007-01-11,15.539999961853027,14.850000381469727,14.850000381469727,15.449999809265137,325600.0,15.449999809265137
2007-01-12,15.8100004196167,15.5,15.510000228881836,15.8100004196167,141000.0,15.8100004196167
2007-01-16,15.989999771118164,15.260000228881836,15.84000015258789,15.479999542236328,150800.0,15.479999542236328
2007-01-17,15.600000381469727,15.210000038146973,15.399999618530273,15.369999885559082,154200.0,15.369999885559082
2007-01-18,15.600000381469727,15.100000381469727,15.329999923706055,15.279999732971191,116600.0,15.279999732971191
2007-01-19,15.3100004196167,15.0,15.3100004196167,15.100000381469727,174400.0,15.100000381469727
2007-01-22,15.199999809265137,14.899999618530273,15.020000457763672,15.020000457763672,175300.0,15.020000457763672
2007-01-23,15.25,14.949999809265137,14.949999809265137,15.010000228881836,120200.0,15.010000228881836
2007-01-24,15.229999542236328,14.9399995803833,15.0,14.970000267028809,108200.0,14.970000267028809
2007-01-25,15.100000381469727,14.899999618530273,14.920000076293945,15.020000457763672,141400.0,15.020000457763672
2007-01-26,15.100000381469727,14.720000267028809,15.0,14.789999961853027,131800.0,14.789999961853027
2007-01-29,15.029999732971191,14.670000076293945,14.6899995803833,14.75,117100.0,14.75
2007-01-30,14.989999771118164,14.800000190734863,14.8100004196167,14.850000381469727,122000.0,14.850000381469727
2007-01-31,15.010000228881836,14.520000457763672,14.800000190734863,14.84000015258789,202400.0,14.84000015258789
2007-02-01,15.180000305175781,14.899999618530273,14.899999618530273,15.09000015258789,113700.0,15.09000015258789
2007-02-02,15.289999961853027,15.039999961853027,15.170000076293945,15.079999923706055,92500.0,15.079999923706055
2007-02-05,15.34000015258789,15.029999732971191,15.029999732971191,15.270000457763672,179200.0,15.270000457763672
2007-02-06,15.470000267028809,15.270000457763672,15.34000015258789,15.460000038146973,161400.0,15.460000038146973
2007-02-07,15.75,15.420000076293945,15.550000190734863,15.5600004196167,155100.0,15.5600004196167
2007-02-08,15.800000190734863,15.449999809265137,15.5600004196167,15.649999618530273,77300.0,15.649999618530273
2007-02-09,15.880000114440918,15.59000015258789,15.619999885559082,15.649999618530273,94900.0,15.649999618530273
2007-02-12,15.9399995803833,15.479999542236328,15.9399995803833,15.649999618530273,127500.0,15.649999618530273
2007-02-13,15.710000038146973,15.270000457763672,15.6899995803833,15.4399995803833,99400.0,15.4399995803833
2007-02-14,15.5,15.319999694824219,15.4399995803833,15.350000381469727,76400.0,15.350000381469727
2007-02-15,15.279999732971191,15.039999961853027,15.279999732971191,15.239999771118164,90700.0,15.239999771118164
2007-02-16,15.199999809265137,15.050000190734863,15.199999809265137,15.1899995803833,82500.0,15.1899995803833
2007-02-20,15.369999885559082,15.069999694824219,15.180000305175781,15.300000190734863,70400.0,15.300000190734863
2007-02-21,15.449999809265137,15.220000267028809,15.220000267028809,15.4399995803833,68300.0,15.4399995803833
2007-02-22,15.5,15.109999656677246,15.479999542236328,15.220000267028809,92100.0,15.220000267028809
2007-02-23,15.479999542236328,15.100000381469727,15.180000305175781,15.40999984741211,84700.0,15.40999984741211
2007-02-26,15.470000267028809,15.210000038146973,15.470000267028809,15.270000457763672,99600.0,15.270000457763672
2007-02-27,15.239999771118164,13.829999923706055,14.800000190734863,14.75,240600.0,14.75
2007-02-28,14.800000190734863,14.350000381469727,14.739999771118164,14.4399995803833,179200.0,14.4399995803833
2007-03-01,14.270000457763672,13.649999618530273,13.949999809265137,14.069999694824219,208600.0,14.069999694824219
2007-03-02,14.390000343322754,13.779999732971191,14.020000457763672,13.829999923706055,206600.0,13.829999923706055
2007-03-05,14.229999542236328,13.75,13.75,13.90999984741211,262600.0,13.90999984741211
2007-03-06,14.399999618530273,13.859999656677246,14.029999732971191,14.180000305175781,114600.0,14.180000305175781
2007-03-07,14.300000190734863,13.960000038146973,14.180000305175781,14.050000190734863,100600.0,14.050000190734863
2007-03-08,14.579999923706055,14.140000343322754,14.210000038146973,14.1899995803833,94600.0,14.1899995803833
2007-03-09,14.279999732971191,13.90999984741211,14.25,14.210000038146973,91800.0,14.210000038146973
2007-03-12,14.489999771118164,14.100000381469727,14.210000038146973,14.359999656677246,79700.0,14.359999656677246
2007-03-13,14.420000076293945,13.760000228881836,14.079999923706055,13.8100004196167,182400.0,13.8100004196167
2007-03-14,14.079999923706055,13.390000343322754,13.75,13.760000228881836,176000.0,13.760000228881836
2007-03-15,14.149999618530273,13.699999809265137,13.739999771118164,14.109999656677246,205300.0,14.109999656677246
2007-03-16,15.289999961853027,14.100000381469727,14.100000381469727,14.989999771118164,574500.0,14.989999771118164
2007-03-19,16.0,15.119999885559082,15.119999885559082,15.380000114440918,280300.0,15.380000114440918
2007-03-20,15.34000015258789,15.119999885559082,15.319999694824219,15.270000457763672,179900.0,15.270000457763672
2007-03-21,15.329999923706055,14.960000038146973,15.220000267028809,15.119999885559082,244100.0,15.119999885559082
2007-03-22,15.699999809265137,15.130000114440918,15.140000343322754,15.6899995803833,114100.0,15.6899995803833
2007-03-23,15.869999885559082,15.470000267028809,15.680000305175781,15.5600004196167,135300.0,15.5600004196167
2007-03-26,15.5600004196167,15.1899995803833,15.5,15.3100004196167,80100.0,15.3100004196167
2007-03-27,15.289999961853027,15.0,15.25,15.069999694824219,80500.0,15.069999694824219
2007-03-28,15.149999618530273,14.90999984741211,14.970000267028809,15.020000457763672,101400.0,15.020000457763672
2007-03-29,15.170000076293945,14.859999656677246,15.149999618530273,15.170000076293945,139200.0,15.170000076293945
2007-03-30,15.279999732971191,15.079999923706055,15.170000076293945,15.079999923706055,279500.0,15.079999923706055
2007-04-02,15.25,15.0,15.180000305175781,15.109999656677246,197600.0,15.109999656677246
2007-04-03,15.489999771118164,15.100000381469727,15.1899995803833,15.449999809265137,144500.0,15.449999809265137
2007-04-04,15.529999732971191,15.3100004196167,15.430000305175781,15.470000267028809,107700.0,15.470000267028809
2007-04-05,15.84000015258789,15.359999656677246,15.4399995803833,15.75,164200.0,15.75
2007-04-09,16.239999771118164,15.460000038146973,15.720000267028809,16.1299991607666,461100.0,16.1299991607666
2007-04-10,16.520000457763672,16.149999618530273,16.149999618530273,16.239999771118164,119900.0,16.239999771118164
2007-04-11,16.270000457763672,15.819999694824219,16.270000457763672,16.059999465942383,225200.0,16.059999465942383
2007-04-12,16.850000381469727,15.859999656677246,16.010000228881836,16.510000228881836,345300.0,16.510000228881836
2007-04-13,16.860000610351562,16.229999542236328,16.459999084472656,16.860000610351562,142400.0,16.860000610351562
2007-04-16,17.270000457763672,16.690000534057617,16.979999542236328,16.889999389648438,273100.0,16.889999389648438
2007-04-17,17.06999969482422,16.860000610351562,16.93000030517578,16.989999771118164,133700.0,16.989999771118164
2007-04-18,17.1200008392334,16.81999969482422,16.90999984741211,16.860000610351562,100600.0,16.860000610351562
2007-04-19,17.440000534057617,16.510000228881836,16.690000534057617,17.0,230200.0,17.0
2007-04-20,17.489999771118164,17.100000381469727,17.440000534057617,17.209999084472656,184200.0,17.209999084472656
2007-04-23,17.190000534057617,16.850000381469727,17.1299991607666,17.040000915527344,141600.0,17.040000915527344
2007-04-24,17.34000015258789,17.049999237060547,17.06999969482422,17.299999237060547,169100.0,17.299999237060547
2007-04-25,17.5,17.06999969482422,17.389999389648438,17.31999969482422,154900.0,17.31999969482422
2007-04-26,17.540000915527344,17.18000030517578,17.219999313354492,17.440000534057617,144100.0,17.440000534057617
2007-04-27,17.5,17.280000686645508,17.489999771118164,17.43000030517578,129700.0,17.43000030517578
2007-04-30,17.399999618530273,16.68000030517578,17.399999618530273,16.809999465942383,333000.0,16.809999465942383
2007-05-01,16.799999237060547,16.399999618530273,16.6200008392334,16.489999771118164,355300.0,16.489999771118164
2007-05-02,17.059999465942383,16.329999923706055,16.329999923706055,17.059999465942383,107600.0,17.059999465942383
2007-05-03,17.290000915527344,16.729999542236328,17.06999969482422,17.190000534057617,255200.0,17.190000534057617
2007-05-04,17.329999923706055,16.920000076293945,17.190000534057617,17.309999465942383,114900.0,17.309999465942383
2007-05-07,17.389999389648438,16.520000457763672,17.299999237060547,16.549999237060547,94800.0,16.549999237060547
2007-05-08,16.43000030517578,16.040000915527344,16.43000030517578,16.219999313354492,164900.0,16.219999313354492
2007-05-09,16.25,16.0,16.09000015258789,16.190000534057617,74800.0,16.190000534057617
2007-05-10,16.25,15.59000015258789,16.190000534057617,15.59000015258789,157300.0,15.59000015258789
2007-05-11,16.139999389648438,15.40999984741211,15.710000038146973,16.1299991607666,121100.0,16.1299991607666
2007-05-14,16.219999313354492,15.569999694824219,16.09000015258789,15.649999618530273,118700.0,15.649999618530273
2007-05-15,15.739999771118164,15.199999809265137,15.5600004196167,15.220000267028809,128300.0,15.220000267028809
2007-05-16,15.579999923706055,15.109999656677246,15.289999961853027,15.479999542236328,107300.0,15.479999542236328
2007-05-17,15.640000343322754,15.210000038146973,15.40999984741211,15.510000228881836,118600.0,15.510000228881836
2007-05-18,15.720000267028809,15.25,15.539999961853027,15.579999923706055,110000.0,15.579999923706055
2007-05-21,16.1299991607666,15.489999771118164,15.510000228881836,16.040000915527344,127100.0,16.040000915527344
2007-05-22,16.56999969482422,16.030000686645508,16.030000686645508,16.530000686645508,151200.0,16.530000686645508
2007-05-23,16.700000762939453,16.229999542236328,16.559999465942383,16.239999771118164,83900.0,16.239999771118164
2007-05-24,16.65999984741211,15.65999984741211,16.190000534057617,15.739999771118164,127800.0,15.739999771118164
2007-05-25,16.450000762939453,15.770000457763672,15.770000457763672,16.15999984741211,122100.0,16.15999984741211
2007-05-29,16.549999237060547,16.1299991607666,16.219999313354492,16.450000762939453,99500.0,16.450000762939453
2007-05-30,16.579999923706055,16.170000076293945,16.270000457763672,16.290000915527344,159300.0,16.290000915527344
2007-05-31,16.65999984741211,16.079999923706055,16.290000915527344,16.260000228881836,114800.0,16.260000228881836
2007-06-01,16.68000030517578,16.149999618530273,16.309999465942383,16.280000686645508,77900.0,16.280000686645508
2007-06-04,16.399999618530273,15.9399995803833,16.25,16.0,81700.0,16.0
2007-06-05,15.989999771118164,15.460000038146973,15.90999984741211,15.789999961853027,186800.0,15.789999961853027
2007-06-06,15.789999961853027,15.319999694824219,15.640000343322754,15.479999542236328,88600.0,15.479999542236328
2007-06-07,15.600000381469727,14.979999542236328,15.34000015258789,15.020000457763672,121500.0,15.020000457763672
2007-06-08,15.3100004196167,14.949999809265137,15.020000457763672,15.270000457763672,94100.0,15.270000457763672
2007-06-11,15.25,14.970000267028809,15.100000381469727,15.010000228881836,115300.0,15.010000228881836
2007-06-12,15.199999809265137,14.550000190734863,14.930000305175781,14.59000015258789,156200.0,14.59000015258789
2007-06-13,15.069999694824219,14.40999984741211,14.649999618530273,14.949999809265137,141000.0,14.949999809265137
2007-06-14,15.34000015258789,14.90999984741211,14.90999984741211,15.170000076293945,124300.0,15.170000076293945
2007-06-15,16.18000030517578,15.289999961853027,15.6899995803833,16.139999389648438,299300.0,16.139999389648438
2007-06-18,16.1299991607666,15.739999771118164,16.1299991607666,15.850000381469727,99400.0,15.850000381469727
2007-06-19,15.760000228881836,15.449999809265137,15.75,15.609999656677246,72300.0,15.609999656677246
2007-06-20,15.699999809265137,15.40999984741211,15.680000305175781,15.460000038146973,88100.0,15.460000038146973
2007-06-21,15.460000038146973,15.069999694824219,15.380000114440918,15.270000457763672,101300.0,15.270000457763672
2007-06-22,15.4399995803833,14.970000267028809,15.25,15.34000015258789,271200.0,15.34000015258789
2007-06-25,16.049999237060547,15.470000267028809,15.720000267028809,15.569999694824219,169200.0,15.569999694824219
2007-06-26,15.699999809265137,15.25,15.670000076293945,15.319999694824219,152500.0,15.319999694824219
2007-06-27,15.770000457763672,15.050000190734863,15.140000343322754,15.680000305175781,113500.0,15.680000305175781
2007-06-28,15.649999618530273,15.15999984741211,15.619999885559082,15.430000305175781,72900.0,15.430000305175781
2007-06-29,15.550000190734863,14.949999809265137,15.550000190734863,14.949999809265137,127800.0,14.949999809265137
2007-07-02,15.050000190734863,14.819999694824219,15.0,15.010000228881836,154000.0,15.010000228881836
2007-07-03,15.229999542236328,14.819999694824219,14.960000038146973,15.149999618530273,86100.0,15.149999618530273
2007-07-05,15.199999809265137,14.960000038146973,15.199999809265137,15.039999961853027,96900.0,15.039999961853027
2007-07-06,15.050000190734863,14.8100004196167,15.010000228881836,14.829999923706055,86200.0,14.829999923706055
2007-07-09,14.869999885559082,14.600000381469727,14.800000190734863,14.640000343322754,155200.0,14.640000343322754
2007-07-10,14.59000015258789,14.260000228881836,14.460000038146973,14.430000305175781,137000.0,14.430000305175781
2007-07-11,14.569999694824219,14.34000015258789,14.390000343322754,14.569999694824219,106700.0,14.569999694824219
2007-07-12,14.960000038146973,14.5600004196167,14.6899995803833,14.9399995803833,73400.0,14.9399995803833
2007-07-13,14.979999542236328,14.720000267028809,14.819999694824219,14.9399995803833,100100.0,14.9399995803833
2007-07-16,14.880000114440918,14.640000343322754,14.829999923706055,14.800000190734863,144500.0,14.800000190734863
2007-07-17,14.970000267028809,14.489999771118164,14.829999923706055,14.5,77200.0,14.5
2007-07-18,14.420000076293945,14.010000228881836,14.390000343322754,14.140000343322754,225300.0,14.140000343322754
2007-07-19,14.380000114440918,14.050000190734863,14.239999771118164,14.180000305175781,141200.0,14.180000305175781
2007-07-20,14.800000190734863,13.819999694824219,14.149999618530273,14.199999809265137,207200.0,14.199999809265137
2007-07-23,14.34000015258789,13.84000015258789,14.210000038146973,13.850000381469727,76200.0,13.850000381469727
2007-07-24,13.75,12.479999542236328,13.75,12.600000381469727,412500.0,12.600000381469727
2007-07-25,13.149999618530273,12.539999961853027,12.899999618530273,13.039999961853027,199900.0,13.039999961853027
2007-07-26,12.859999656677246,12.140000343322754,12.729999542236328,12.510000228881836,225700.0,12.510000228881836
2007-07-27,12.65999984741211,12.109999656677246,12.479999542236328,12.4399995803833,337900.0,12.4399995803833
2007-07-30,13.0,12.270000457763672,12.390000343322754,12.90999984741211,287800.0,12.90999984741211
2007-07-31,13.020000457763672,12.65999984741211,12.899999618530273,12.779999732971191,377800.0,12.779999732971191
2007-08-01,12.779999732971191,12.369999885559082,12.699999809265137,12.770000457763672,438100.0,12.770000457763672
2007-08-02,12.899999618530273,12.59000015258789,12.75,12.899999618530273,224700.0,12.899999618530273
2007-08-03,12.979999542236328,12.470000267028809,12.84000015258789,12.539999961853027,211900.0,12.539999961853027
2007-08-06,13.670000076293945,12.270000457763672,12.510000228881836,13.600000381469727,302000.0,13.600000381469727
2007-08-07,16.600000381469727,13.5,13.539999961853027,16.149999618530273,826200.0,16.149999618530273
2007-08-08,18.760000228881836,16.280000686645508,16.299999237060547,17.93000030517578,814600.0,17.93000030517578
2007-08-09,18.979999542236328,16.899999618530273,17.350000381469727,17.860000610351562,1014500.0,17.860000610351562
2007-08-10,17.799999237060547,15.600000381469727,17.110000610351562,16.0,786400.0,16.0
2007-08-13,16.239999771118164,14.3100004196167,16.200000762939453,14.420000076293945,455900.0,14.420000076293945
2007-08-14,15.069999694824219,14.25,14.619999885559082,14.75,268400.0,14.75
2007-08-15,15.5,14.569999694824219,14.640000343322754,14.920000076293945,223100.0,14.920000076293945
2007-08-16,15.90999984741211,14.850000381469727,14.850000381469727,15.800000190734863,233000.0,15.800000190734863
2007-08-17,17.139999389648438,15.710000038146973,16.889999389648438,16.399999618530273,318200.0,16.399999618530273
2007-08-20,16.899999618530273,16.040000915527344,16.399999618530273,16.690000534057617,159000.0,16.690000534057617
2007-08-21,17.149999618530273,16.56999969482422,16.760000228881836,17.0,330400.0,17.0
2007-08-22,17.5,16.420000076293945,17.100000381469727,16.510000228881836,350400.0,16.510000228881836
2007-08-23,16.65999984741211,15.9399995803833,16.610000610351562,16.06999969482422,139600.0,16.06999969482422
2007-08-24,17.34000015258789,16.049999237060547,16.049999237060547,17.040000915527344,284300.0,17.040000915527344
2007-08-27,17.399999618530273,15.9399995803833,17.0,15.989999771118164,135200.0,15.989999771118164
2007-08-28,16.6200008392334,15.760000228881836,15.920000076293945,16.209999084472656,181300.0,16.209999084472656
2007-08-29,17.5,16.270000457763672,16.270000457763672,17.43000030517578,224300.0,17.43000030517578
2007-08-30,17.8799991607666,17.200000762939453,17.200000762939453,17.739999771118164,243300.0,17.739999771118164
2007-08-31,18.219999313354492,17.3799991607666,17.899999618530273,18.010000228881836,261300.0,18.010000228881836
2007-09-04,18.799999237060547,17.93000030517578,18.110000610351562,18.649999618530273,278300.0,18.649999618530273
2007-09-05,18.6200008392334,17.75,18.469999313354492,18.030000686645508,460700.0,18.030000686645508
2007-09-06,18.479999542236328,17.510000228881836,18.049999237060547,17.770000457763672,377600.0,17.770000457763672
2007-09-07,13.920000076293945,12.319999694824219,13.920000076293945,12.5600004196167,2016100.0,12.5600004196167
2007-09-10,12.84000015258789,11.430000305175781,12.699999809265137,12.0600004196167,930900.0,12.0600004196167
2007-09-11,12.350000381469727,11.75,12.15999984741211,12.1899995803833,388500.0,12.1899995803833
2007-09-12,12.420000076293945,11.75,12.369999885559082,11.789999961853027,319100.0,11.789999961853027
2007-09-13,12.1899995803833,11.770000457763672,11.960000038146973,12.010000228881836,343400.0,12.010000228881836
2007-09-14,12.140000343322754,11.699999809265137,11.979999542236328,11.829999923706055,271900.0,11.829999923706055
2007-09-17,12.140000343322754,11.760000228881836,11.84000015258789,12.0,513000.0,12.0
2007-09-18,12.890000343322754,11.779999732971191,12.039999961853027,12.880000114440918,661700.0,12.880000114440918
2007-09-19,12.949999809265137,12.460000038146973,12.899999618530273,12.569999694824219,208500.0,12.569999694824219
2007-09-20,12.640000343322754,12.15999984741211,12.539999961853027,12.180000305175781,432900.0,12.180000305175781
2007-09-21,12.270000457763672,11.960000038146973,12.199999809265137,11.960000038146973,533400.0,11.960000038146973
2007-09-24,12.119999885559082,11.8100004196167,12.050000190734863,11.859999656677246,287000.0,11.859999656677246
2007-09-25,12.130000114440918,11.789999961853027,11.800000190734863,12.050000190734863,180100.0,12.050000190734863
2007-09-26,12.460000038146973,11.760000228881836,12.140000343322754,11.8100004196167,248200.0,11.8100004196167
2007-09-27,11.920000076293945,11.619999885559082,11.880000114440918,11.869999885559082,202100.0,11.869999885559082
2007-09-28,12.039999961853027,11.300000190734863,11.989999771118164,11.350000381469727,215400.0,11.350000381469727
2007-10-01,11.789999961853027,11.25,11.470000267028809,11.6899995803833,226700.0,11.6899995803833
2007-10-02,11.789999961853027,11.510000228881836,11.729999542236328,11.520000457763672,224700.0,11.520000457763672
2007-10-03,11.729999542236328,11.329999923706055,11.5,11.5,154000.0,11.5
2007-10-04,11.680000305175781,11.399999618530273,11.569999694824219,11.569999694824219,90400.0,11.569999694824219
2007-10-05,11.970000267028809,11.529999732971191,11.8100004196167,11.880000114440918,154000.0,11.880000114440918
2007-10-08,11.920000076293945,11.329999923706055,11.920000076293945,11.34000015258789,180600.0,11.34000015258789
2007-10-09,12.039999961853027,11.260000228881836,11.350000381469727,11.979999542236328,247900.0,11.979999542236328
2007-10-10,12.09000015258789,11.510000228881836,11.90999984741211,12.020000457763672,182400.0,12.020000457763672
2007-10-11,12.510000228881836,12.010000228881836,12.100000381469727,12.010000228881836,292600.0,12.010000228881836
2007-10-12,12.630000114440918,12.0,12.0,12.449999809265137,211100.0,12.449999809265137
2007-10-15,12.380000114440918,11.59000015258789,12.359999656677246,11.59000015258789,180200.0,11.59000015258789
2007-10-16,13.25,12.0,12.289999961853027,13.140000343322754,605600.0,13.140000343322754
2007-10-17,13.350000381469727,12.770000457763672,13.1899995803833,12.90999984741211,377200.0,12.90999984741211
2007-10-18,13.119999885559082,12.619999885559082,12.880000114440918,12.949999809265137,317300.0,12.949999809265137
2007-10-19,13.130000114440918,12.40999984741211,12.930000305175781,12.4399995803833,276400.0,12.4399995803833
2007-10-22,12.829999923706055,12.199999809265137,12.229999542236328,12.739999771118164,190000.0,12.739999771118164
2007-10-23,12.760000228881836,12.220000267028809,12.760000228881836,12.65999984741211,143600.0,12.65999984741211
2007-10-24,12.600000381469727,11.949999809265137,12.5600004196167,12.449999809265137,134200.0,12.449999809265137
2007-10-25,12.779999732971191,12.399999618530273,12.65999984741211,12.600000381469727,130500.0,12.600000381469727
2007-10-26,12.819999694824219,12.289999961853027,12.699999809265137,12.800000190734863,133700.0,12.800000190734863
2007-10-29,12.729999542236328,11.960000038146973,12.729999542236328,12.180000305175781,231400.0,12.180000305175781
2007-10-30,12.289999961853027,11.949999809265137,12.109999656677246,12.069999694824219,136800.0,12.069999694824219
2007-10-31,12.300000190734863,11.989999771118164,12.09000015258789,12.109999656677246,226100.0,12.109999656677246
2007-11-01,12.220000267028809,11.579999923706055,12.220000267028809,11.630000114440918,388700.0,11.630000114440918
2007-11-02,11.989999771118164,11.319999694824219,11.960000038146973,11.930000305175781,261900.0,11.930000305175781
2007-11-05,12.140000343322754,11.4399995803833,11.75,12.100000381469727,263100.0,12.100000381469727
2007-11-06,12.3100004196167,11.5,12.3100004196167,12.170000076293945,221600.0,12.170000076293945
2007-11-07,12.010000228881836,11.010000228881836,11.930000305175781,11.039999961853027,224700.0,11.039999961853027
2007-11-08,11.270000457763672,10.510000228881836,11.210000038146973,10.6899995803833,342400.0,10.6899995803833
2007-11-09,10.90999984741211,10.199999809265137,10.569999694824219,10.899999618530273,328200.0,10.899999618530273
2007-11-12,11.170000076293945,10.619999885559082,10.84000015258789,10.770000457763672,150200.0,10.770000457763672
2007-11-13,11.079999923706055,10.670000076293945,10.880000114440918,10.880000114440918,146000.0,10.880000114440918
2007-11-14,11.149999618530273,10.5,11.149999618530273,10.680000305175781,172400.0,10.680000305175781
2007-11-15,10.710000038146973,10.3100004196167,10.59000015258789,10.390000343322754,186900.0,10.390000343322754
2007-11-16,10.65999984741211,10.180000305175781,10.420000076293945,10.350000381469727,172900.0,10.350000381469727
2007-11-19,10.350000381469727,9.779999732971191,10.220000267028809,10.050000190734863,221200.0,10.050000190734863
2007-11-20,10.380000114440918,9.699999809265137,10.029999732971191,10.130000114440918,220600.0,10.130000114440918
2007-11-21,10.3100004196167,10.029999732971191,10.109999656677246,10.0600004196167,157700.0,10.0600004196167
2007-11-23,10.619999885559082,10.029999732971191,10.119999885559082,10.380000114440918,86800.0,10.380000114440918
2007-11-26,10.550000190734863,10.119999885559082,10.369999885559082,10.1899995803833,162500.0,10.1899995803833
2007-11-27,10.539999961853027,10.109999656677246,10.180000305175781,10.449999809265137,132100.0,10.449999809265137
2007-11-28,11.0,10.399999618530273,10.479999542236328,10.949999809265137,163000.0,10.949999809265137
2007-11-29,11.3100004196167,10.890000343322754,10.890000343322754,11.069999694824219,117200.0,11.069999694824219
2007-11-30,11.4399995803833,10.8100004196167,11.25,10.960000038146973,211200.0,10.960000038146973
2007-12-03,10.890000343322754,10.420000076293945,10.890000343322754,10.510000228881836,109700.0,10.510000228881836
2007-12-04,10.619999885559082,10.220000267028809,10.34000015258789,10.479999542236328,134400.0,10.479999542236328
2007-12-05,11.039999961853027,10.460000038146973,10.649999618530273,10.84000015258789,169300.0,10.84000015258789
2007-12-06,12.649999618530273,10.829999923706055,10.84000015258789,12.619999885559082,410800.0,12.619999885559082
2007-12-07,12.680000305175781,12.380000114440918,12.630000114440918,12.649999618530273,204600.0,12.649999618530273
2007-12-10,13.289999961853027,12.619999885559082,12.699999809265137,12.979999542236328,324200.0,12.979999542236328
2007-12-11,13.479999542236328,12.770000457763672,13.359999656677246,12.899999618530273,436500.0,12.899999618530273
2007-12-12,13.5,12.880000114440918,13.229999542236328,13.220000267028809,285800.0,13.220000267028809
2007-12-13,13.489999771118164,12.630000114440918,12.979999542236328,13.470000267028809,204100.0,13.470000267028809
2007-12-14,13.449999809265137,12.989999771118164,13.34000015258789,13.050000190734863,161900.0,13.050000190734863
2007-12-17,12.989999771118164,12.619999885559082,12.899999618530273,12.619999885559082,164900.0,12.619999885559082
2007-12-18,13.399999618530273,12.600000381469727,12.75,13.300000190734863,204600.0,13.300000190734863
2007-12-19,13.300000190734863,12.829999923706055,13.289999961853027,12.989999771118164,203400.0,12.989999771118164
2007-12-20,13.180000305175781,12.649999618530273,13.0,13.029999732971191,164300.0,13.029999732971191
2007-12-21,13.539999961853027,13.199999809265137,13.25,13.539999961853027,364600.0,13.539999961853027
2007-12-24,14.229999542236328,13.369999885559082,13.5,14.229999542236328,103700.0,14.229999542236328
2007-12-26,14.399999618530273,13.890000343322754,14.399999618530273,13.949999809265137,149600.0,13.949999809265137
2007-12-27,13.739999771118164,13.199999809265137,13.720000267028809,13.210000038146973,147900.0,13.210000038146973
2007-12-28,13.609999656677246,13.119999885559082,13.210000038146973,13.239999771118164,105500.0,13.239999771118164
2007-12-31,13.15999984741211,12.369999885559082,13.15999984741211,12.739999771118164,200700.0,12.739999771118164
2008-01-02,13.270000457763672,12.75,12.800000190734863,12.979999542236328,182800.0,12.979999542236328
2008-01-03,13.220000267028809,12.670000076293945,13.069999694824219,12.710000038146973,168800.0,12.710000038146973
2008-01-04,12.569999694824219,11.739999771118164,12.569999694824219,11.739999771118164,386000.0,11.739999771118164
2008-01-07,11.979999542236328,11.1899995803833,11.859999656677246,11.600000381469727,356900.0,11.600000381469727
2008-01-08,11.8100004196167,11.069999694824219,11.619999885559082,11.09000015258789,209600.0,11.09000015258789
2008-01-09,11.489999771118164,11.010000228881836,11.050000190734863,11.460000038146973,192000.0,11.460000038146973
2008-01-10,11.899999618530273,11.25,11.319999694824219,11.630000114440918,178600.0,11.630000114440918
2008-01-11,11.619999885559082,11.050000190734863,11.529999732971191,11.119999885559082,185700.0,11.119999885559082
2008-01-14,11.819999694824219,11.0600004196167,11.069999694824219,11.779999732971191,194000.0,11.779999732971191
2008-01-15,11.710000038146973,11.199999809265137,11.569999694824219,11.25,124400.0,11.25
2008-01-16,11.720000267028809,11.100000381469727,11.199999809265137,11.550000190734863,215100.0,11.550000190734863
2008-01-17,11.640000343322754,10.5,11.640000343322754,11.050000190734863,273800.0,11.050000190734863
2008-01-18,11.100000381469727,10.369999885559082,10.9399995803833,10.4399995803833,311900.0,10.4399995803833
2008-01-22,11.0,7.0,7.010000228881836,9.770000457763672,320600.0,9.770000457763672
2008-01-23,10.300000190734863,9.3100004196167,9.6899995803833,10.260000228881836,347700.0,10.260000228881836
2008-01-24,10.680000305175781,10.140000343322754,10.470000267028809,10.140000343322754,230900.0,10.140000343322754
2008-01-25,10.470000267028809,9.930000305175781,10.319999694824219,9.9399995803833,212600.0,9.9399995803833
2008-01-28,10.149999618530273,9.680000305175781,9.899999618530273,9.9399995803833,163300.0,9.9399995803833
2008-01-29,10.069999694824219,9.75,9.970000267028809,9.930000305175781,214400.0,9.930000305175781
2008-01-30,10.0600004196167,9.430000305175781,9.850000381469727,9.460000038146973,152400.0,9.460000038146973
2008-01-31,9.6899995803833,9.25,9.319999694824219,9.359999656677246,244200.0,9.359999656677246
2008-02-01,10.100000381469727,9.369999885559082,9.399999618530273,10.09000015258789,242200.0,10.09000015258789
2008-02-04,10.100000381469727,9.65999984741211,10.0,9.869999885559082,178600.0,9.869999885559082
2008-02-05,10.399999618530273,9.869999885559082,9.90999984741211,10.0,186800.0,10.0
2008-02-06,10.260000228881836,9.520000457763672,10.1899995803833,9.569999694824219,135100.0,9.569999694824219
2008-02-07,9.979999542236328,9.510000228881836,9.510000228881836,9.84000015258789,201500.0,9.84000015258789
2008-02-08,10.069999694824219,9.4399995803833,9.800000190734863,9.510000228881836,222900.0,9.510000228881836
2008-02-11,9.829999923706055,9.399999618530273,9.420000076293945,9.579999923706055,105800.0,9.579999923706055
2008-02-12,10.020000457763672,9.520000457763672,9.619999885559082,9.859999656677246,132900.0,9.859999656677246
2008-02-13,10.199999809265137,9.789999961853027,9.979999542236328,10.15999984741211,111600.0,10.15999984741211
2008-02-14,10.15999984741211,9.470000267028809,10.15999984741211,9.619999885559082,144000.0,9.619999885559082
2008-02-15,9.6899995803833,9.470000267028809,9.5600004196167,9.609999656677246,119800.0,9.609999656677246
2008-02-19,9.850000381469727,9.479999542236328,9.680000305175781,9.630000114440918,247200.0,9.630000114440918
2008-02-20,9.630000114440918,9.3100004196167,9.579999923706055,9.329999923706055,377900.0,9.329999923706055
2008-02-21,9.510000228881836,8.859999656677246,9.399999618530273,9.0600004196167,957800.0,9.0600004196167
2008-02-22,9.359999656677246,8.9399995803833,9.0600004196167,9.069999694824219,1162500.0,9.069999694824219
2008-02-25,9.5,8.989999771118164,9.09000015258789,9.470000267028809,1000900.0,9.470000267028809
2008-02-26,10.1899995803833,9.319999694824219,9.430000305175781,10.010000228881836,691800.0,10.010000228881836
2008-02-27,10.0,9.300000190734863,9.869999885559082,9.539999961853027,412500.0,9.539999961853027
2008-02-28,9.789999961853027,9.319999694824219,9.479999542236328,9.630000114440918,243200.0,9.630000114440918
2008-02-29,9.720000267028809,9.350000381469727,9.5,9.420000076293945,245300.0,9.420000076293945
2008-03-03,9.600000381469727,9.140000343322754,9.40999984741211,9.270000457763672,271000.0,9.270000457763672
2008-03-04,9.369999885559082,9.039999961853027,9.130000114440918,9.170000076293945,139800.0,9.170000076293945
2008-03-05,9.369999885559082,9.119999885559082,9.270000457763672,9.1899995803833,110800.0,9.1899995803833
2008-03-06,9.180000305175781,8.779999732971191,9.119999885559082,8.829999923706055,167800.0,8.829999923706055
2008-03-07,9.0,8.569999694824219,8.829999923706055,8.59000015258789,175200.0,8.59000015258789
2008-03-10,8.770000457763672,8.260000228881836,8.609999656677246,8.3100004196167,124900.0,8.3100004196167
2008-03-11,8.899999618530273,8.199999809265137,8.640000343322754,8.819999694824219,242400.0,8.819999694824219
2008-03-12,8.899999618530273,8.100000381469727,8.720000267028809,8.279999732971191,273000.0,8.279999732971191
2008-03-13,8.779999732971191,7.619999885559082,8.079999923706055,8.75,288200.0,8.75
2008-03-14,8.800000190734863,8.010000228881836,8.800000190734863,8.069999694824219,393200.0,8.069999694824219
2008-03-17,8.199999809265137,7.650000095367432,7.880000114440918,7.739999771118164,258500.0,7.739999771118164
2008-03-18,8.600000381469727,7.650000095367432,7.659999847412109,8.600000381469727,265800.0,8.600000381469727
2008-03-19,8.800000190734863,7.960000038146973,8.4399995803833,7.960000038146973,347300.0,7.960000038146973
2008-03-20,8.25,7.75,8.119999885559082,8.140000343322754,609700.0,8.140000343322754
2008-03-24,9.359999656677246,8.1899995803833,8.1899995803833,9.09000015258789,325500.0,9.09000015258789
2008-03-25,9.1899995803833,8.880000114440918,9.0,9.010000228881836,124300.0,9.010000228881836
2008-03-26,9.079999923706055,8.720000267028809,8.960000038146973,9.020000457763672,121100.0,9.020000457763672
2008-03-27,9.220000267028809,8.75,9.09000015258789,8.949999809265137,157300.0,8.949999809265137
2008-03-28,9.279999732971191,8.75,8.960000038146973,8.970000267028809,105500.0,8.970000267028809
2008-03-31,9.420000076293945,8.819999694824219,8.819999694824219,9.09000015258789,129400.0,9.09000015258789
2008-04-01,9.619999885559082,9.15999984741211,9.289999961853027,9.579999923706055,141300.0,9.579999923706055
2008-04-02,9.8100004196167,9.180000305175781,9.550000190734863,9.59000015258789,175400.0,9.59000015258789
2008-04-03,9.550000190734863,9.149999618530273,9.470000267028809,9.1899995803833,115800.0,9.1899995803833
2008-04-04,9.350000381469727,9.0,9.170000076293945,9.130000114440918,79900.0,9.130000114440918
2008-04-07,9.25,8.899999618530273,9.180000305175781,8.899999618530273,83300.0,8.899999618530273
2008-04-08,9.09000015258789,8.829999923706055,8.899999618530273,8.949999809265137,95900.0,8.949999809265137
2008-04-09,8.979999542236328,8.5600004196167,8.979999542236328,8.640000343322754,97400.0,8.640000343322754
2008-04-10,8.850000381469727,8.34000015258789,8.609999656677246,8.569999694824219,116500.0,8.569999694824219
2008-04-11,8.390000343322754,7.900000095367432,8.390000343322754,7.940000057220459,315500.0,7.940000057220459
2008-04-14,8.069999694824219,7.820000171661377,7.940000057220459,7.869999885559082,165400.0,7.869999885559082
2008-04-15,7.920000076293945,7.809999942779541,7.909999847412109,7.829999923706055,143700.0,7.829999923706055
2008-04-16,8.149999618530273,7.769999980926514,7.769999980926514,8.119999885559082,232600.0,8.119999885559082
2008-04-17,8.199999809265137,7.96999979019165,8.079999923706055,8.149999618530273,83500.0,8.149999618530273
2008-04-18,8.430000305175781,8.109999656677246,8.300000190734863,8.289999961853027,172700.0,8.289999961853027
2008-04-21,8.369999885559082,8.100000381469727,8.239999771118164,8.300000190734863,93100.0,8.300000190734863
2008-04-22,8.390000343322754,7.75,8.239999771118164,7.989999771118164,214200.0,7.989999771118164
2008-04-23,8.220000267028809,7.929999828338623,8.020000457763672,8.15999984741211,178000.0,8.15999984741211
2008-04-24,8.510000228881836,7.860000133514404,8.149999618530273,8.460000038146973,136900.0,8.460000038146973
2008-04-25,8.710000038146973,8.170000076293945,8.510000228881836,8.5,102800.0,8.5
2008-04-28,8.770000457763672,8.239999771118164,8.460000038146973,8.6899995803833,88400.0,8.6899995803833
2008-04-29,8.699999809265137,8.260000228881836,8.699999809265137,8.380000114440918,74700.0,8.380000114440918
2008-04-30,8.520000457763672,8.119999885559082,8.420000076293945,8.180000305175781,98300.0,8.180000305175781
2008-05-01,8.819999694824219,8.050000190734863,8.050000190734863,8.710000038146973,123000.0,8.710000038146973
2008-05-02,8.960000038146973,8.609999656677246,8.789999961853027,8.8100004196167,135000.0,8.8100004196167
2008-05-05,8.8100004196167,8.5600004196167,8.8100004196167,8.720000267028809,76400.0,8.720000267028809
2008-05-06,8.880000114440918,8.520000457763672,8.680000305175781,8.760000228881836,121400.0,8.760000228881836
2008-05-07,9.050000190734863,8.739999771118164,8.789999961853027,8.970000267028809,172300.0,8.970000267028809
2008-05-08,9.25,8.899999618530273,8.970000267028809,9.180000305175781,171400.0,9.180000305175781
2008-05-09,9.289999961853027,8.430000305175781,9.100000381469727,9.130000114440918,102800.0,9.130000114440918
2008-05-12,9.579999923706055,9.069999694824219,9.15999984741211,9.420000076293945,105200.0,9.420000076293945
2008-05-13,9.619999885559082,9.420000076293945,9.479999542236328,9.460000038146973,93400.0,9.460000038146973
2008-05-14,9.630000114440918,9.369999885559082,9.449999809265137,9.40999984741211,137300.0,9.40999984741211
2008-05-15,9.579999923706055,9.380000114440918,9.399999618530273,9.550000190734863,84900.0,9.550000190734863
2008-05-16,9.5600004196167,9.210000038146973,9.5600004196167,9.380000114440918,99100.0,9.380000114440918
2008-05-19,9.6899995803833,9.140000343322754,9.369999885559082,9.520000457763672,266100.0,9.520000457763672
2008-05-20,9.479999542236328,9.220000267028809,9.329999923706055,9.3100004196167,93900.0,9.3100004196167
2008-05-21,9.619999885559082,9.170000076293945,9.239999771118164,9.239999771118164,86000.0,9.239999771118164
2008-05-22,9.640000343322754,9.229999542236328,9.329999923706055,9.359999656677246,118500.0,9.359999656677246
2008-05-23,9.369999885559082,9.050000190734863,9.3100004196167,9.130000114440918,76800.0,9.130000114440918
2008-05-27,9.5,9.119999885559082,9.119999885559082,9.390000343322754,50000.0,9.390000343322754
2008-05-28,9.819999694824219,9.449999809265137,9.460000038146973,9.75,160800.0,9.75
2008-05-29,11.1899995803833,9.739999771118164,9.75,10.020000457763672,1130200.0,10.020000457763672
2008-05-30,10.069999694824219,9.5,10.069999694824219,9.829999923706055,305000.0,9.829999923706055
2008-06-02,9.819999694824219,9.100000381469727,9.789999961853027,9.449999809265137,528800.0,9.449999809265137
2008-06-03,9.850000381469727,9.5,9.5,9.770000457763672,173300.0,9.770000457763672
2008-06-04,10.289999961853027,9.720000267028809,9.75,10.199999809265137,177900.0,10.199999809265137
2008-06-05,10.470000267028809,10.130000114440918,10.180000305175781,10.350000381469727,113200.0,10.350000381469727
2008-06-06,10.390000343322754,9.770000457763672,10.350000381469727,9.800000190734863,114600.0,9.800000190734863
2008-06-09,9.920000076293945,9.430000305175781,9.75,9.859999656677246,250300.0,9.859999656677246
2008-06-10,10.420000076293945,9.25,9.800000190734863,10.210000038146973,183900.0,10.210000038146973
2008-06-11,10.520000457763672,9.920000076293945,10.170000076293945,10.229999542236328,210200.0,10.229999542236328
2008-06-12,11.350000381469727,10.350000381469727,10.430000305175781,11.210000038146973,303300.0,11.210000038146973
2008-06-13,11.729999542236328,11.260000228881836,11.319999694824219,11.5,176300.0,11.5
2008-06-16,11.600000381469727,11.210000038146973,11.5,11.369999885559082,107000.0,11.369999885559082
2008-06-17,11.5,11.25,11.430000305175781,11.34000015258789,141700.0,11.34000015258789
2008-06-18,11.479999542236328,10.90999984741211,11.260000228881836,11.039999961853027,165300.0,11.039999961853027
2008-06-19,11.359999656677246,10.890000343322754,11.050000190734863,11.300000190734863,144400.0,11.300000190734863
2008-06-20,11.699999809265137,11.220000267028809,11.25,11.699999809265137,331100.0,11.699999809265137
2008-06-23,11.979999542236328,11.350000381469727,11.789999961853027,11.449999809265137,177500.0,11.449999809265137
2008-06-24,12.020000457763672,11.359999656677246,11.390000343322754,11.630000114440918,219000.0,11.630000114440918
2008-06-25,11.979999542236328,11.5,11.550000190734863,11.829999923706055,120500.0,11.829999923706055
2008-06-26,11.850000381469727,11.390000343322754,11.760000228881836,11.460000038146973,147500.0,11.460000038146973
2008-06-27,11.869999885559082,11.119999885559082,11.460000038146973,11.619999885559082,577300.0,11.619999885559082
2008-06-30,12.0,11.220000267028809,11.640000343322754,11.220000267028809,341600.0,11.220000267028809
2008-07-01,11.65999984741211,10.850000381469727,11.079999923706055,11.539999961853027,155500.0,11.539999961853027
2008-07-02,11.579999923706055,11.130000114440918,11.479999542236328,11.289999961853027,153800.0,11.289999961853027
2008-07-03,11.5600004196167,11.09000015258789,11.300000190734863,11.199999809265137,90900.0,11.199999809265137
2008-07-07,11.680000305175781,11.140000343322754,11.1899995803833,11.609999656677246,206100.0,11.609999656677246
2008-07-08,12.75,11.5,11.609999656677246,12.680000305175781,403000.0,12.680000305175781
2008-07-09,12.800000190734863,11.970000267028809,12.65999984741211,12.020000457763672,260300.0,12.020000457763672
2008-07-10,12.729999542236328,11.979999542236328,11.979999542236328,12.6899995803833,291900.0,12.6899995803833
2008-07-11,13.489999771118164,12.390000343322754,12.579999923706055,13.399999618530273,332200.0,13.399999618530273
2008-07-14,13.640000343322754,12.710000038146973,13.550000190734863,12.920000076293945,320800.0,12.920000076293945
2008-07-15,13.270000457763672,12.359999656677246,12.6899995803833,12.850000381469727,260400.0,12.850000381469727
2008-07-16,13.399999618530273,12.920000076293945,12.930000305175781,13.130000114440918,214900.0,13.130000114440918
2008-07-17,13.399999618530273,12.920000076293945,13.210000038146973,13.3100004196167,191200.0,13.3100004196167
2008-07-18,13.380000114440918,12.930000305175781,13.3100004196167,13.260000228881836,172400.0,13.260000228881836
2008-07-21,13.300000190734863,12.9399995803833,13.260000228881836,13.130000114440918,246200.0,13.130000114440918
2008-07-22,13.789999961853027,13.010000228881836,13.119999885559082,13.760000228881836,447000.0,13.760000228881836
2008-07-23,14.0,13.140000343322754,13.800000190734863,13.149999618530273,367900.0,13.149999618530273
2008-07-24,13.399999618530273,12.670000076293945,13.210000038146973,13.279999732971191,343800.0,13.279999732971191
2008-07-25,13.710000038146973,13.329999923706055,13.470000267028809,13.5,252200.0,13.5
2008-07-28,13.670000076293945,13.010000228881836,13.420000076293945,13.199999809265137,271800.0,13.199999809265137
2008-07-29,13.890000343322754,12.970000267028809,13.25,13.859999656677246,286600.0,13.859999656677246
2008-07-30,14.229999542236328,13.609999656677246,13.800000190734863,14.079999923706055,344500.0,14.079999923706055
2008-07-31,14.390000343322754,13.739999771118164,13.84000015258789,14.210000038146973,319500.0,14.210000038146973
2008-08-01,14.5,14.069999694824219,14.300000190734863,14.5,194800.0,14.5
2008-08-04,14.800000190734863,14.239999771118164,14.380000114440918,14.470000267028809,300300.0,14.470000267028809
2008-08-05,14.899999618530273,14.470000267028809,14.470000267028809,14.829999923706055,200500.0,14.829999923706055
2008-08-06,14.850000381469727,14.270000457763672,14.850000381469727,14.529999732971191,310700.0,14.529999732971191
2008-08-07,14.420000076293945,13.890000343322754,14.359999656677246,13.979999542236328,218200.0,13.979999542236328
2008-08-08,14.630000114440918,13.869999885559082,14.270000457763672,14.020000457763672,302800.0,14.020000457763672
2008-08-11,14.65999984741211,13.770000457763672,14.050000190734863,14.380000114440918,390500.0,14.380000114440918
2008-08-12,14.619999885559082,14.0600004196167,14.619999885559082,14.100000381469727,221600.0,14.100000381469727
2008-08-13,14.430000305175781,13.899999618530273,14.109999656677246,14.420000076293945,315000.0,14.420000076293945
2008-08-14,14.579999923706055,14.279999732971191,14.289999961853027,14.520000457763672,219700.0,14.520000457763672
2008-08-15,14.75,12.75,14.59000015258789,14.149999618530273,183000.0,14.149999618530273
2008-08-18,14.380000114440918,13.720000267028809,14.050000190734863,13.920000076293945,178400.0,13.920000076293945
2008-08-19,13.90999984741211,13.529999732971191,13.850000381469727,13.779999732971191,147900.0,13.779999732971191
2008-08-20,13.859999656677246,13.079999923706055,13.739999771118164,13.529999732971191,218700.0,13.529999732971191
2008-08-21,13.670000076293945,13.130000114440918,13.359999656677246,13.1899995803833,198400.0,13.1899995803833
2008-08-22,13.699999809265137,13.170000076293945,13.479999542236328,13.670000076293945,195800.0,13.670000076293945
2008-08-25,13.640000343322754,12.670000076293945,13.640000343322754,12.779999732971191,157800.0,12.779999732971191
2008-08-26,13.34000015258789,12.789999961853027,12.890000343322754,13.180000305175781,194000.0,13.180000305175781
2008-08-27,13.40999984741211,13.0,13.170000076293945,13.15999984741211,128900.0,13.15999984741211
2008-08-28,13.470000267028809,13.069999694824219,13.100000381469727,13.229999542236328,188200.0,13.229999542236328
2008-08-29,13.220000267028809,12.850000381469727,13.140000343322754,12.949999809265137,160500.0,12.949999809265137
2008-09-02,13.470000267028809,12.5,13.359999656677246,12.739999771118164,179700.0,12.739999771118164
2008-09-03,13.25,12.680000305175781,12.680000305175781,13.069999694824219,143300.0,13.069999694824219
2008-09-04,12.989999771118164,12.25,12.899999618530273,12.25,188900.0,12.25
2008-09-05,12.359999656677246,11.760000228881836,12.229999542236328,11.949999809265137,250500.0,11.949999809265137
2008-09-08,12.430000305175781,11.789999961853027,12.0600004196167,11.970000267028809,202600.0,11.970000267028809
2008-09-09,12.34000015258789,11.609999656677246,11.850000381469727,11.609999656677246,149200.0,11.609999656677246
2008-09-10,11.8100004196167,11.069999694824219,11.739999771118164,11.130000114440918,270400.0,11.130000114440918
2008-09-11,11.180000305175781,10.3100004196167,11.130000114440918,11.170000076293945,444700.0,11.170000076293945
2008-09-12,11.180000305175781,10.850000381469727,11.010000228881836,11.069999694824219,170600.0,11.069999694824219
2008-09-15,10.930000305175781,10.260000228881836,10.710000038146973,10.279999732971191,168500.0,10.279999732971191
2008-09-16,11.050000190734863,9.970000267028809,10.279999732971191,11.050000190734863,301300.0,11.050000190734863
2008-09-17,10.829999923706055,10.15999984741211,10.829999923706055,10.15999984741211,238600.0,10.15999984741211
2008-09-18,10.760000228881836,9.630000114440918,10.289999961853027,10.609999656677246,360800.0,10.609999656677246
2008-09-19,11.489999771118164,10.770000457763672,11.350000381469727,11.380000114440918,547700.0,11.380000114440918
2008-09-22,11.710000038146973,10.630000114440918,11.300000190734863,11.229999542236328,197500.0,11.229999542236328
2008-09-23,11.670000076293945,10.9399995803833,11.260000228881836,11.260000228881836,224900.0,11.260000228881836
2008-09-24,11.350000381469727,10.819999694824219,11.350000381469727,10.960000038146973,126200.0,10.960000038146973
2008-09-25,11.479999542236328,10.979999542236328,11.050000190734863,11.289999961853027,120100.0,11.289999961853027
2008-09-26,11.430000305175781,10.960000038146973,11.15999984741211,11.369999885559082,126300.0,11.369999885559082
2008-09-29,11.300000190734863,10.59000015258789,11.0600004196167,10.880000114440918,247000.0,10.880000114440918
2008-09-30,11.0,10.510000228881836,10.84000015258789,10.979999542236328,343300.0,10.979999542236328
2008-10-01,11.140000343322754,10.539999961853027,10.899999618530273,11.0600004196167,257200.0,11.0600004196167
2008-10-02,10.979999542236328,10.609999656677246,10.930000305175781,10.630000114440918,202500.0,10.630000114440918
2008-10-03,10.890000343322754,10.010000228881836,10.630000114440918,10.100000381469727,128400.0,10.100000381469727
2008-10-06,9.930000305175781,9.0,9.779999732971191,9.34000015258789,283800.0,9.34000015258789
2008-10-07,9.90999984741211,9.149999618530273,9.40999984741211,9.510000228881836,308200.0,9.510000228881836
2008-10-08,9.350000381469727,8.329999923706055,9.199999809265137,8.369999885559082,369200.0,8.369999885559082
2008-10-09,8.649999618530273,5.440000057220459,8.399999618530273,6.199999809265137,684900.0,6.199999809265137
2008-10-10,6.579999923706055,5.389999866485596,5.699999809265137,6.010000228881836,868300.0,6.010000228881836
2008-10-13,6.630000114440918,6.03000020980835,6.25,6.630000114440918,184200.0,6.630000114440918
2008-10-14,7.610000133514404,6.349999904632568,7.179999828338623,6.78000020980835,364300.0,6.78000020980835
2008-10-15,6.75,5.78000020980835,6.5,5.78000020980835,430200.0,5.78000020980835
2008-10-16,6.239999771118164,5.489999771118164,5.829999923706055,6.179999828338623,513800.0,6.179999828338623
2008-10-17,6.059999942779541,5.449999809265137,6.010000228881836,5.5,371900.0,5.5
2008-10-20,6.239999771118164,5.380000114440918,5.380000114440918,6.210000038146973,235500.0,6.210000038146973
2008-10-21,6.090000152587891,5.5,6.090000152587891,5.539999961853027,289700.0,5.539999961853027
2008-10-22,5.539999961853027,5.119999885559082,5.369999885559082,5.210000038146973,214100.0,5.210000038146973
2008-10-23,5.409999847412109,5.0,5.150000095367432,5.349999904632568,353600.0,5.349999904632568
2008-10-24,5.269999980926514,4.989999771118164,4.989999771118164,5.190000057220459,352100.0,5.190000057220459
2008-10-27,5.199999809265137,4.789999961853027,4.920000076293945,4.800000190734863,280700.0,4.800000190734863
2008-10-28,4.96999979019165,4.440000057220459,4.800000190734863,4.949999809265137,330600.0,4.949999809265137
2008-10-29,5.349999904632568,4.909999847412109,5.039999961853027,5.119999885559082,212000.0,5.119999885559082
2008-10-30,5.409999847412109,5.079999923706055,5.300000190734863,5.349999904632568,283300.0,5.349999904632568
2008-10-31,5.789999961853027,5.300000190734863,5.309999942779541,5.769999980926514,266500.0,5.769999980926514
2008-11-03,6.300000190734863,5.800000190734863,5.820000171661377,6.070000171661377,222400.0,6.070000171661377
2008-11-04,6.96999979019165,6.050000190734863,6.210000038146973,6.889999866485596,378800.0,6.889999866485596
2008-11-05,6.800000190734863,6.329999923706055,6.769999980926514,6.380000114440918,243900.0,6.380000114440918
2008-11-06,6.349999904632568,5.820000171661377,6.349999904632568,6.010000228881836,223500.0,6.010000228881836
2008-11-07,6.269999980926514,5.829999923706055,6.079999923706055,5.980000019073486,164700.0,5.980000019073486
2008-11-10,6.170000076293945,5.550000190734863,6.170000076293945,5.610000133514404,116300.0,5.610000133514404
2008-11-11,5.570000171661377,5.260000228881836,5.570000171661377,5.260000228881836,171100.0,5.260000228881836
2008-11-12,5.21999979019165,4.619999885559082,5.159999847412109,4.679999828338623,221700.0,4.679999828338623
2008-11-13,5.340000152587891,4.730000019073486,4.800000190734863,5.329999923706055,276800.0,5.329999923706055
2008-11-14,5.389999866485596,4.849999904632568,5.199999809265137,4.880000114440918,107200.0,4.880000114440918
2008-11-17,5.050000190734863,4.860000133514404,4.889999866485596,4.880000114440918,116200.0,4.880000114440918
2008-11-18,4.889999866485596,4.539999961853027,4.889999866485596,4.670000076293945,162100.0,4.670000076293945
2008-11-19,4.760000228881836,4.320000171661377,4.699999809265137,4.329999923706055,189300.0,4.329999923706055
2008-11-20,4.309999942779541,3.490000009536743,4.309999942779541,3.5,344100.0,3.5
2008-11-21,4.309999942779541,3.359999895095825,3.5799999237060547,4.289999961853027,303400.0,4.289999961853027
2008-11-24,4.559999942779541,4.230000019073486,4.489999771118164,4.449999809265137,358200.0,4.449999809265137
2008-11-25,4.559999942779541,4.0,4.539999961853027,4.309999942779541,156300.0,4.309999942779541
2008-11-26,5.090000152587891,4.139999866485596,4.230000019073486,5.050000190734863,232600.0,5.050000190734863
2008-11-28,5.090000152587891,4.670000076293945,4.940000057220459,5.090000152587891,97600.0,5.090000152587891
2008-12-01,5.079999923706055,4.159999847412109,4.920000076293945,4.190000057220459,217600.0,4.190000057220459
2008-12-02,4.949999809265137,4.159999847412109,4.159999847412109,4.949999809265137,173400.0,4.949999809265137
2008-12-03,5.349999904632568,4.519999980926514,4.650000095367432,4.949999809265137,215300.0,4.949999809265137
2008-12-04,5.25,4.610000133514404,4.889999866485596,4.789999961853027,201600.0,4.789999961853027
2008-12-05,5.159999847412109,4.5,4.679999828338623,5.099999904632568,216700.0,5.099999904632568
2008-12-08,5.570000171661377,5.099999904632568,5.360000133514404,5.400000095367432,199300.0,5.400000095367432
2008-12-09,5.809999942779541,5.340000152587891,5.460000038146973,5.369999885559082,206500.0,5.369999885559082
2008-12-10,5.460000038146973,4.949999809265137,5.460000038146973,5.03000020980835,123200.0,5.03000020980835
2008-12-11,5.159999847412109,4.449999809265137,5.110000133514404,4.519999980926514,186600.0,4.519999980926514
2008-12-12,4.679999828338623,4.230000019073486,4.360000133514404,4.659999847412109,144400.0,4.659999847412109
2008-12-15,4.75,4.25,4.690000057220459,4.46999979019165,118900.0,4.46999979019165
2008-12-16,4.739999771118164,4.590000152587891,4.599999904632568,4.710000038146973,202200.0,4.710000038146973
2008-12-17,4.639999866485596,4.46999979019165,4.539999961853027,4.610000133514404,134800.0,4.610000133514404
2008-12-18,4.679999828338623,4.260000228881836,4.590000152587891,4.519999980926514,217500.0,4.519999980926514
2008-12-19,5.170000076293945,4.610000133514404,5.130000114440918,4.809999942779541,305700.0,4.809999942779541
2008-12-22,4.920000076293945,4.110000133514404,4.869999885559082,4.460000038146973,140700.0,4.460000038146973
2008-12-23,4.650000095367432,4.289999961853027,4.5,4.409999847412109,84100.0,4.409999847412109
2008-12-24,4.46999979019165,4.369999885559082,4.400000095367432,4.369999885559082,49600.0,4.369999885559082
2008-12-26,4.679999828338623,4.360000133514404,4.360000133514404,4.659999847412109,62500.0,4.659999847412109
2008-12-29,4.739999771118164,4.53000020980835,4.630000114440918,4.670000076293945,168800.0,4.670000076293945
2008-12-30,4.820000171661377,4.510000228881836,4.769999980926514,4.699999809265137,99700.0,4.699999809265137
2008-12-31,4.889999866485596,4.639999866485596,4.690000057220459,4.889999866485596,141700.0,4.889999866485596
2009-01-02,5.179999828338623,4.739999771118164,4.889999866485596,5.099999904632568,145300.0,5.099999904632568
2009-01-05,5.170000076293945,4.849999904632568,5.110000133514404,5.110000133514404,105800.0,5.110000133514404
2009-01-06,5.820000171661377,5.150000095367432,5.150000095367432,5.610000133514404,174500.0,5.610000133514404
2009-01-07,5.550000190734863,5.099999904632568,5.480000019073486,5.199999809265137,120100.0,5.199999809265137
2009-01-08,5.239999771118164,4.940000057220459,5.190000057220459,5.239999771118164,73100.0,5.239999771118164
2009-01-09,5.21999979019165,4.730000019073486,5.21999979019165,4.730000019073486,192800.0,4.730000019073486
2009-01-12,4.730000019073486,4.320000171661377,4.730000019073486,4.460000038146973,108400.0,4.460000038146973
2009-01-13,5.079999923706055,4.46999979019165,4.46999979019165,4.989999771118164,233200.0,4.989999771118164
2009-01-14,4.940000057220459,4.420000076293945,4.940000057220459,4.570000171661377,212700.0,4.570000171661377
2009-01-15,5.019999980926514,4.340000152587891,4.570000171661377,4.75,121400.0,4.75
2009-01-16,4.869999885559082,4.440000057220459,4.829999923706055,4.820000171661377,138100.0,4.820000171661377
2009-01-20,4.71999979019165,4.230000019073486,4.710000038146973,4.300000190734863,171600.0,4.300000190734863
2009-01-21,4.679999828338623,4.300000190734863,4.300000190734863,4.670000076293945,74900.0,4.670000076293945
2009-01-22,4.670000076293945,4.300000190734863,4.539999961853027,4.409999847412109,109000.0,4.409999847412109
2009-01-23,4.639999866485596,4.150000095367432,4.260000228881836,4.5,96100.0,4.5
2009-01-26,4.699999809265137,4.269999980926514,4.510000228881836,4.380000114440918,118000.0,4.380000114440918
2009-01-27,4.71999979019165,4.349999904632568,4.389999866485596,4.670000076293945,203700.0,4.670000076293945
2009-01-28,4.96999979019165,4.710000038146973,4.760000228881836,4.909999847412109,120100.0,4.909999847412109
2009-01-29,4.949999809265137,4.710000038146973,4.809999942779541,4.900000095367432,105900.0,4.900000095367432
2009-01-30,4.960000038146973,4.699999809265137,4.960000038146973,4.889999866485596,151000.0,4.889999866485596
2009-02-02,5.119999885559082,4.739999771118164,4.78000020980835,5.039999961853027,131100.0,5.039999961853027
2009-02-03,5.489999771118164,5.050000190734863,5.110000133514404,5.440000057220459,342900.0,5.440000057220459
2009-02-04,5.579999923706055,5.0,5.429999828338623,5.090000152587891,274600.0,5.090000152587891
2009-02-05,5.5,5.010000228881836,5.059999942779541,5.349999904632568,149100.0,5.349999904632568
2009-02-06,5.480000019073486,5.210000038146973,5.360000133514404,5.409999847412109,87400.0,5.409999847412109
2009-02-09,5.409999847412109,5.150000095367432,5.349999904632568,5.320000171661377,106000.0,5.320000171661377
2009-02-10,5.420000076293945,4.909999847412109,5.300000190734863,4.940000057220459,170800.0,4.940000057220459
2009-02-11,5.130000114440918,4.849999904632568,4.989999771118164,5.079999923706055,156300.0,5.079999923706055
2009-02-12,5.119999885559082,4.869999885559082,4.949999809265137,5.070000171661377,108300.0,5.070000171661377
2009-02-13,5.170000076293945,4.900000095367432,5.099999904632568,4.929999828338623,147100.0,4.929999828338623
2009-02-17,4.869999885559082,4.510000228881836,4.809999942779541,4.670000076293945,156700.0,4.670000076293945
2009-02-18,4.730000019073486,4.460000038146973,4.730000019073486,4.5,118500.0,4.5
2009-02-19,4.610000133514404,4.28000020980835,4.570000171661377,4.380000114440918,160400.0,4.380000114440918
2009-02-20,4.400000095367432,4.159999847412109,4.269999980926514,4.28000020980835,129200.0,4.28000020980835
2009-02-23,4.369999885559082,3.990000009536743,4.329999923706055,4.0,119400.0,4.0
2009-02-24,4.199999809265137,3.930000066757202,4.070000171661377,4.099999904632568,247800.0,4.099999904632568
2009-02-25,4.050000190734863,3.819999933242798,4.039999961853027,3.930000066757202,137300.0,3.930000066757202
2009-02-26,4.389999866485596,3.880000114440918,4.059999942779541,3.890000104904175,197700.0,3.890000104904175
2009-02-27,3.8299999237060547,3.5399999618530273,3.819999933242798,3.6700000762939453,201200.0,3.6700000762939453
2009-03-02,3.700000047683716,3.4200000762939453,3.5399999618530273,3.4200000762939453,325700.0,3.4200000762939453
2009-03-03,3.5,3.069999933242798,3.4600000381469727,3.140000104904175,413900.0,3.140000104904175
2009-03-04,3.359999895095825,3.0,3.2100000381469727,3.309999942779541,210500.0,3.309999942779541
2009-03-05,3.240000009536743,2.859999895095825,3.200000047683716,2.9000000953674316,336800.0,2.9000000953674316
2009-03-06,3.3299999237060547,2.9000000953674316,2.9100000858306885,3.0799999237060547,326300.0,3.0799999237060547
2009-03-09,3.240000009536743,2.700000047683716,3.0199999809265137,2.9100000858306885,379000.0,2.9100000858306885
2009-03-10,3.1600000858306885,2.9100000858306885,3.0299999713897705,2.9700000286102295,264400.0,2.9700000286102295
2009-03-11,3.440000057220459,3.0399999618530273,3.0399999618530273,3.3399999141693115,294800.0,3.3399999141693115
2009-03-12,3.6500000953674316,3.1600000858306885,3.309999942779541,3.569999933242798,313600.0,3.569999933242798
2009-03-13,3.630000114440918,3.2799999713897705,3.369999885559082,3.4700000286102295,105800.0,3.4700000286102295
2009-03-16,3.6500000953674316,3.2699999809265137,3.5399999618530273,3.309999942779541,114300.0,3.309999942779541
2009-03-17,3.5799999237060547,3.2799999713897705,3.299999952316284,3.5799999237060547,178600.0,3.5799999237060547
2009-03-18,3.9200000762939453,3.490000009536743,3.569999933242798,3.9100000858306885,198400.0,3.9100000858306885
2009-03-19,4.21999979019165,3.9100000858306885,3.990000009536743,4.139999866485596,125800.0,4.139999866485596
2009-03-20,4.360000133514404,3.9200000762939453,4.170000076293945,3.930000066757202,165500.0,3.930000066757202
2009-03-23,4.360000133514404,4.059999942779541,4.079999923706055,4.340000152587891,157700.0,4.340000152587891
2009-03-24,4.349999904632568,4.059999942779541,4.300000190734863,4.099999904632568,93000.0,4.099999904632568
2009-03-25,4.340000152587891,3.930000066757202,4.150000095367432,4.130000114440918,110600.0,4.130000114440918
2009-03-26,4.53000020980835,4.210000038146973,4.210000038146973,4.449999809265137,198800.0,4.449999809265137
2009-03-27,4.369999885559082,4.119999885559082,4.349999904632568,4.130000114440918,75300.0,4.130000114440918
2009-03-30,4.059999942779541,3.880000114440918,3.940000057220459,4.010000228881836,110900.0,4.010000228881836
2009-03-31,4.130000114440918,3.9700000286102295,4.070000171661377,4.019999980926514,70300.0,4.019999980926514
2009-04-01,4.139999866485596,3.880000114440918,3.940000057220459,4.119999885559082,87200.0,4.119999885559082
2009-04-02,4.579999923706055,4.159999847412109,4.25,4.53000020980835,171300.0,4.53000020980835
2009-04-03,4.53000020980835,4.349999904632568,4.519999980926514,4.480000019073486,66800.0,4.480000019073486
2009-04-06,4.409999847412109,4.130000114440918,4.409999847412109,4.25,60500.0,4.25
2009-04-07,4.210000038146973,4.090000152587891,4.119999885559082,4.090000152587891,57200.0,4.090000152587891
2009-04-08,4.289999961853027,4.090000152587891,4.119999885559082,4.21999979019165,49300.0,4.21999979019165
2009-04-09,4.550000190734863,4.309999942779541,4.369999885559082,4.550000190734863,135400.0,4.550000190734863
2009-04-13,4.539999961853027,4.329999923706055,4.480000019073486,4.489999771118164,105800.0,4.489999771118164
2009-04-14,4.420000076293945,4.25,4.409999847412109,4.289999961853027,79400.0,4.289999961853027
2009-04-15,4.389999866485596,4.210000038146973,4.21999979019165,4.389999866485596,112100.0,4.389999866485596
2009-04-16,4.480000019073486,4.269999980926514,4.440000057220459,4.480000019073486,99900.0,4.480000019073486
2009-04-17,4.5,4.420000076293945,4.5,4.480000019073486,104100.0,4.480000019073486
2009-04-20,4.349999904632568,4.130000114440918,4.309999942779541,4.130000114440918,120600.0,4.130000114440918
2009-04-21,4.409999847412109,4.119999885559082,4.119999885559082,4.380000114440918,73500.0,4.380000114440918
2009-04-22,4.480000019073486,4.190000057220459,4.28000020980835,4.320000171661377,166700.0,4.320000171661377
2009-04-23,4.309999942779541,3.9600000381469727,4.309999942779541,3.990000009536743,138700.0,3.990000009536743
2009-04-24,4.130000114440918,3.9200000762939453,4.03000020980835,4.079999923706055,197700.0,4.079999923706055
2009-04-27,4.110000133514404,3.8499999046325684,4.110000133514404,3.9000000953674316,80900.0,3.9000000953674316
2009-04-28,4.070000171661377,3.859999895095825,3.859999895095825,3.950000047683716,87400.0,3.950000047683716
2009-04-29,4.260000228881836,3.950000047683716,3.9800000190734863,4.260000228881836,96500.0,4.260000228881836
2009-04-30,4.409999847412109,4.099999904632568,4.300000190734863,4.099999904632568,142300.0,4.099999904632568
2009-05-01,4.260000228881836,4.039999961853027,4.119999885559082,4.130000114440918,83200.0,4.130000114440918
2009-05-04,4.199999809265137,4.050000190734863,4.199999809265137,4.110000133514404,67000.0,4.110000133514404
2009-05-05,4.139999866485596,4.010000228881836,4.110000133514404,4.050000190734863,83100.0,4.050000190734863
2009-05-06,4.179999828338623,4.050000190734863,4.110000133514404,4.079999923706055,86400.0,4.079999923706055
2009-05-07,4.239999771118164,3.990000009536743,4.179999828338623,4.010000228881836,113400.0,4.010000228881836
2009-05-08,4.21999979019165,4.079999923706055,4.090000152587891,4.199999809265137,71200.0,4.199999809265137
2009-05-11,4.340000152587891,4.079999923706055,4.099999904632568,4.28000020980835,75400.0,4.28000020980835
2009-05-12,4.519999980926514,4.21999979019165,4.309999942779541,4.5,113700.0,4.5
2009-05-13,4.400000095367432,4.119999885559082,4.400000095367432,4.119999885559082,90800.0,4.119999885559082
2009-05-14,4.199999809265137,4.03000020980835,4.130000114440918,4.139999866485596,75400.0,4.139999866485596
2009-05-15,4.179999828338623,4.050000190734863,4.139999866485596,4.130000114440918,68500.0,4.130000114440918
2009-05-18,4.230000019073486,4.139999866485596,4.210000038146973,4.230000019073486,45600.0,4.230000019073486
2009-05-19,4.269999980926514,4.119999885559082,4.21999979019165,4.230000019073486,40500.0,4.230000019073486
2009-05-20,4.260000228881836,4.090000152587891,4.260000228881836,4.110000133514404,203600.0,4.110000133514404
2009-05-21,4.150000095367432,3.9700000286102295,4.070000171661377,4.0,108200.0,4.0
2009-05-22,4.130000114440918,4.010000228881836,4.019999980926514,4.019999980926514,57600.0,4.019999980926514
2009-05-26,4.199999809265137,3.9600000381469727,3.9600000381469727,4.190000057220459,93400.0,4.190000057220459
2009-05-27,4.21999979019165,4.090000152587891,4.159999847412109,4.139999866485596,60600.0,4.139999866485596
2009-05-28,4.210000038146973,4.039999961853027,4.199999809265137,4.190000057220459,74600.0,4.190000057220459
2009-05-29,4.230000019073486,4.090000152587891,4.21999979019165,4.21999979019165,124900.0,4.21999979019165
2009-06-01,4.570000171661377,4.28000020980835,4.349999904632568,4.550000190734863,169300.0,4.550000190734863
2009-06-02,4.96999979019165,4.260000228881836,4.260000228881836,4.960000038146973,224600.0,4.960000038146973
2009-06-03,5.039999961853027,4.619999885559082,4.960000038146973,5.010000228881836,115300.0,5.010000228881836
2009-06-04,5.449999809265137,5.03000020980835,5.039999961853027,5.409999847412109,180100.0,5.409999847412109
2009-06-05,5.510000228881836,5.170000076293945,5.460000038146973,5.449999809265137,192000.0,5.449999809265137
2009-06-08,5.369999885559082,5.190000057220459,5.360000133514404,5.210000038146973,105300.0,5.210000038146973
2009-06-09,5.380000114440918,5.199999809265137,5.230000019073486,5.309999942779541,127500.0,5.309999942779541
2009-06-10,5.400000095367432,5.090000152587891,5.400000095367432,5.269999980926514,114800.0,5.269999980926514
2009-06-11,5.639999866485596,5.300000190734863,5.300000190734863,5.449999809265137,95800.0,5.449999809265137
2009-06-12,5.489999771118164,5.300000190734863,5.409999847412109,5.489999771118164,82000.0,5.489999771118164
2009-06-15,5.46999979019165,5.360000133514404,5.449999809265137,5.409999847412109,70600.0,5.409999847412109
2009-06-16,5.53000020980835,4.75,5.130000114440918,4.78000020980835,120400.0,4.78000020980835
2009-06-17,4.800000190734863,4.639999866485596,4.800000190734863,4.730000019073486,72800.0,4.730000019073486
2009-06-18,4.860000133514404,4.630000114440918,4.739999771118164,4.75,94100.0,4.75
2009-06-19,4.829999923706055,4.360000133514404,4.829999923706055,4.360000133514404,319500.0,4.360000133514404
2009-06-22,4.440000057220459,4.010000228881836,4.360000133514404,4.010000228881836,182500.0,4.010000228881836
2009-06-23,4.139999866485596,4.03000020980835,4.039999961853027,4.050000190734863,90300.0,4.050000190734863
2009-06-24,4.150000095367432,4.050000190734863,4.099999904632568,4.110000133514404,74700.0,4.110000133514404
2009-06-25,4.429999828338623,4.050000190734863,4.110000133514404,4.25,121500.0,4.25
2009-06-26,4.46999979019165,4.110000133514404,4.230000019073486,4.409999847412109,303000.0,4.409999847412109
2009-06-29,4.590000152587891,4.389999866485596,4.389999866485596,4.53000020980835,82400.0,4.53000020980835
2009-06-30,4.559999942779541,4.389999866485596,4.53000020980835,4.429999828338623,99500.0,4.429999828338623
2009-07-01,4.599999904632568,4.409999847412109,4.5,4.570000171661377,135900.0,4.570000171661377
2009-07-02,4.510000228881836,4.050000190734863,4.510000228881836,4.099999904632568,133000.0,4.099999904632568
2009-07-06,4.119999885559082,3.8399999141693115,4.099999904632568,3.9800000190734863,203700.0,3.9800000190734863
2009-07-07,4.119999885559082,3.9000000953674316,3.9700000286102295,4.070000171661377,84800.0,4.070000171661377
2009-07-08,4.150000095367432,3.7799999713897705,4.110000133514404,3.9000000953674316,168500.0,3.9000000953674316
2009-07-09,3.950000047683716,3.759999990463257,3.950000047683716,3.7899999618530273,105300.0,3.7899999618530273
2009-07-10,3.8299999237060547,3.6600000858306885,3.7699999809265137,3.75,56200.0,3.75
2009-07-13,3.8399999141693115,3.6500000953674316,3.7899999618530273,3.799999952316284,143400.0,3.799999952316284
2009-07-14,3.8499999046325684,3.75,3.799999952316284,3.809999942779541,90800.0,3.809999942779541
2009-07-15,4.460000038146973,3.809999942779541,3.869999885559082,4.440000057220459,212300.0,4.440000057220459
2009-07-16,4.550000190734863,4.210000038146973,4.400000095367432,4.519999980926514,100100.0,4.519999980926514
2009-07-17,4.53000020980835,4.260000228881836,4.53000020980835,4.300000190734863,100800.0,4.300000190734863
2009-07-20,4.380000114440918,4.090000152587891,4.320000171661377,4.25,77000.0,4.25
2009-07-21,4.300000190734863,4.130000114440918,4.28000020980835,4.300000190734863,59200.0,4.300000190734863
2009-07-22,4.570000171661377,4.179999828338623,4.28000020980835,4.570000171661377,85500.0,4.570000171661377
2009-07-23,4.699999809265137,4.510000228881836,4.550000190734863,4.670000076293945,127100.0,4.670000076293945
2009-07-24,4.75,4.5,4.670000076293945,4.699999809265137,74700.0,4.699999809265137
2009-07-27,4.699999809265137,4.5,4.699999809265137,4.659999847412109,42700.0,4.659999847412109
2009-07-28,4.679999828338623,4.5,4.599999904632568,4.639999866485596,71100.0,4.639999866485596
2009-07-29,4.739999771118164,4.599999904632568,4.599999904632568,4.699999809265137,40500.0,4.699999809265137
2009-07-30,5.159999847412109,4.699999809265137,4.710000038146973,5.119999885559082,141800.0,5.119999885559082
2009-07-31,5.199999809265137,4.960000038146973,5.090000152587891,5.099999904632568,107600.0,5.099999904632568
2009-08-03,5.199999809265137,4.869999885559082,5.199999809265137,5.070000171661377,62100.0,5.070000171661377
2009-08-04,5.119999885559082,4.920000076293945,5.0,5.03000020980835,43000.0,5.03000020980835
2009-08-05,5.019999980926514,4.849999904632568,5.019999980926514,4.860000133514404,98000.0,4.860000133514404
2009-08-06,4.889999866485596,4.659999847412109,4.880000114440918,4.670000076293945,58500.0,4.670000076293945
2009-08-07,5.050000190734863,4.610000133514404,4.789999961853027,4.929999828338623,110200.0,4.929999828338623
2009-08-10,5.039999961853027,4.829999923706055,4.909999847412109,5.010000228881836,39300.0,5.010000228881836
2009-08-11,5.050000190734863,4.679999828338623,4.989999771118164,4.789999961853027,60100.0,4.789999961853027
2009-08-12,5.21999979019165,4.809999942779541,4.809999942779541,5.110000133514404,110200.0,5.110000133514404
2009-08-13,5.159999847412109,4.960000038146973,5.130000114440918,4.980000019073486,40100.0,4.980000019073486
2009-08-14,5.070000171661377,4.619999885559082,4.989999771118164,4.710000038146973,84600.0,4.710000038146973
2009-08-17,4.650000095367432,4.480000019073486,4.599999904632568,4.510000228881836,54400.0,4.510000228881836
2009-08-18,4.800000190734863,4.429999828338623,4.550000190734863,4.78000020980835,45800.0,4.78000020980835
2009-08-19,4.869999885559082,4.559999942779541,4.679999828338623,4.840000152587891,61000.0,4.840000152587891
2009-08-20,4.980000019073486,4.769999980926514,4.829999923706055,4.980000019073486,80700.0,4.980000019073486
2009-08-21,5.360000133514404,4.880000114440918,5.03000020980835,5.25,188200.0,5.25
2009-08-24,5.429999828338623,5.050000190734863,5.25,5.110000133514404,60200.0,5.110000133514404
2009-08-25,5.369999885559082,5.070000171661377,5.130000114440918,5.230000019073486,52900.0,5.230000019073486
2009-08-26,5.289999961853027,5.059999942779541,5.199999809265137,5.190000057220459,57200.0,5.190000057220459
2009-08-27,5.340000152587891,5.050000190734863,5.159999847412109,5.28000020980835,54200.0,5.28000020980835
2009-08-28,5.360000133514404,5.010000228881836,5.329999923706055,5.059999942779541,96400.0,5.059999942779541
2009-08-31,5.360000133514404,5.0,5.010000228881836,5.090000152587891,111300.0,5.090000152587891
2009-09-01,5.409999847412109,5.010000228881836,5.03000020980835,5.019999980926514,122700.0,5.019999980926514
2009-09-02,5.269999980926514,5.010000228881836,5.019999980926514,5.190000057220459,50400.0,5.190000057220459
2009-09-03,5.230000019073486,5.010000228881836,5.199999809265137,5.199999809265137,82600.0,5.199999809265137
2009-09-04,5.46999979019165,5.119999885559082,5.170000076293945,5.460000038146973,90700.0,5.460000038146973
2009-09-08,5.539999961853027,5.300000190734863,5.5,5.440000057220459,70300.0,5.440000057220459
2009-09-09,5.460000038146973,5.269999980926514,5.420000076293945,5.340000152587891,55700.0,5.340000152587891
2009-09-10,5.510000228881836,5.28000020980835,5.309999942779541,5.349999904632568,190000.0,5.349999904632568
2009-09-11,5.599999904632568,5.349999904632568,5.349999904632568,5.559999942779541,78200.0,5.559999942779541
2009-09-14,5.849999904632568,5.5,5.519999980926514,5.760000228881836,81100.0,5.760000228881836
2009-09-15,5.849999904632568,5.599999904632568,5.760000228881836,5.730000019073486,116300.0,5.730000019073486
2009-09-16,5.989999771118164,5.690000057220459,5.769999980926514,5.980000019073486,103900.0,5.980000019073486
2009-09-17,6.28000020980835,5.980000019073486,6.0,6.260000228881836,196100.0,6.260000228881836
2009-09-18,7.25,6.289999961853027,6.300000190734863,7.079999923706055,589500.0,7.079999923706055
2009-09-21,7.25,6.809999942779541,7.050000190734863,7.050000190734863,271500.0,7.050000190734863
2009-09-22,7.119999885559082,6.550000190734863,7.099999904632568,6.820000171661377,284900.0,6.820000171661377
2009-09-23,7.949999809265137,6.809999942779541,6.809999942779541,7.579999923706055,452300.0,7.579999923706055
2009-09-24,7.980000019073486,7.329999923706055,7.579999923706055,7.369999885559082,384200.0,7.369999885559082
2009-09-25,7.710000038146973,7.300000190734863,7.380000114440918,7.369999885559082,79900.0,7.369999885559082
2009-09-28,7.78000020980835,7.369999885559082,7.400000095367432,7.590000152587891,124400.0,7.590000152587891
2009-09-29,7.639999866485596,7.25,7.639999866485596,7.289999961853027,103100.0,7.289999961853027
2009-09-30,7.400000095367432,6.670000076293945,7.309999942779541,7.079999923706055,226500.0,7.079999923706055
2009-10-01,7.039999961853027,6.820000171661377,7.010000228881836,6.849999904632568,140200.0,6.849999904632568
2009-10-02,7.079999923706055,6.659999847412109,6.699999809265137,6.880000114440918,82600.0,6.880000114440918
2009-10-05,6.949999809265137,6.360000133514404,6.909999847412109,6.769999980926514,306800.0,6.769999980926514
2009-10-06,7.099999904632568,6.760000228881836,6.800000190734863,6.920000076293945,123700.0,6.920000076293945
2009-10-07,7.320000171661377,6.849999904632568,6.920000076293945,7.139999866485596,180700.0,7.139999866485596
2009-10-08,7.809999942779541,7.21999979019165,7.21999979019165,7.440000057220459,180700.0,7.440000057220459
2009-10-09,7.519999980926514,7.199999809265137,7.460000038146973,7.340000152587891,95900.0,7.340000152587891
2009-10-12,7.340000152587891,7.059999942779541,7.320000171661377,7.260000228881836,79600.0,7.260000228881836
2009-10-13,7.389999866485596,7.079999923706055,7.230000019073486,7.349999904632568,89500.0,7.349999904632568
2009-10-14,7.75,7.28000020980835,7.400000095367432,7.659999847412109,95500.0,7.659999847412109
2009-10-15,7.789999961853027,7.309999942779541,7.590000152587891,7.329999923706055,202200.0,7.329999923706055
2009-10-16,7.300000190734863,6.800000190734863,7.25,6.809999942779541,279600.0,6.809999942779541
2009-10-19,7.239999771118164,6.800000190734863,6.820000171661377,7.099999904632568,185900.0,7.099999904632568
2009-10-20,7.25,6.809999942779541,7.150000095367432,6.900000095367432,214400.0,6.900000095367432
2009-10-21,7.110000133514404,6.820000171661377,6.860000133514404,6.849999904632568,225200.0,6.849999904632568
2009-10-22,7.079999923706055,6.809999942779541,6.860000133514404,7.039999961853027,144000.0,7.039999961853027
2009-10-23,7.090000152587891,6.71999979019165,7.050000190734863,6.760000228881836,202900.0,6.760000228881836
2009-10-26,6.909999847412109,6.400000095367432,6.75,6.46999979019165,203100.0,6.46999979019165
2009-10-27,6.550000190734863,6.099999904632568,6.519999980926514,6.170000076293945,194600.0,6.170000076293945
2009-10-28,6.25,5.71999979019165,6.099999904632568,5.760000228881836,205800.0,5.760000228881836
2009-10-29,5.929999828338623,5.679999828338623,5.809999942779541,5.800000190734863,141200.0,5.800000190734863
2009-10-30,5.800000190734863,5.289999961853027,5.75,5.510000228881836,229500.0,5.510000228881836
2009-11-02,5.75,5.400000095367432,5.75,5.510000228881836,110700.0,5.510000228881836
2009-11-03,5.510000228881836,5.070000171661377,5.46999979019165,5.139999866485596,288500.0,5.139999866485596
2009-11-04,5.400000095367432,5.150000095367432,5.190000057220459,5.320000171661377,237300.0,5.320000171661377
2009-11-05,6.050000190734863,5.539999961853027,5.550000190734863,5.989999771118164,372500.0,5.989999771118164
2009-11-06,5.929999828338623,5.570000171661377,5.909999847412109,5.659999847412109,204500.0,5.659999847412109
2009-11-09,5.75,5.559999942779541,5.710000038146973,5.599999904632568,148800.0,5.599999904632568
2009-11-10,5.78000020980835,5.570000171661377,5.570000171661377,5.679999828338623,135500.0,5.679999828338623
2009-11-11,5.809999942779541,5.590000152587891,5.769999980926514,5.78000020980835,155100.0,5.78000020980835
2009-11-12,5.869999885559082,5.550000190734863,5.78000020980835,5.590000152587891,184700.0,5.590000152587891
2009-11-13,5.840000152587891,5.53000020980835,5.630000114440918,5.739999771118164,169000.0,5.739999771118164
2009-11-16,6.0,5.71999979019165,5.809999942779541,6.0,221900.0,6.0
2009-11-17,6.5,5.900000095367432,5.980000019073486,6.239999771118164,383300.0,6.239999771118164
2009-11-18,6.289999961853027,6.110000133514404,6.239999771118164,6.190000057220459,131100.0,6.190000057220459
2009-11-19,6.139999866485596,5.769999980926514,6.139999866485596,5.869999885559082,158800.0,5.869999885559082
2009-11-20,5.949999809265137,5.75,5.829999923706055,5.900000095367432,168300.0,5.900000095367432
2009-11-23,6.170000076293945,5.929999828338623,6.070000171661377,6.039999961853027,194500.0,6.039999961853027
2009-11-24,6.059999942779541,5.28000020980835,6.059999942779541,5.420000076293945,415800.0,5.420000076293945
2009-11-25,5.570000171661377,5.260000228881836,5.46999979019165,5.380000114440918,151000.0,5.380000114440918
2009-11-27,5.300000190734863,5.070000171661377,5.170000076293945,5.190000057220459,104500.0,5.190000057220459
2009-11-30,5.230000019073486,5.019999980926514,5.159999847412109,5.179999828338623,263000.0,5.179999828338623
2009-12-01,5.75,5.25,5.260000228881836,5.699999809265137,192800.0,5.699999809265137
2009-12-02,5.880000114440918,5.610000133514404,5.730000019073486,5.880000114440918,148200.0,5.880000114440918
2009-12-03,6.099999904632568,5.820000171661377,5.880000114440918,6.070000171661377,223700.0,6.070000171661377
2009-12-04,6.190000057220459,5.769999980926514,6.099999904632568,5.909999847412109,188600.0,5.909999847412109
2009-12-07,5.929999828338623,5.690000057220459,5.929999828338623,5.880000114440918,81200.0,5.880000114440918
2009-12-08,5.849999904632568,5.630000114440918,5.809999942779541,5.679999828338623,121100.0,5.679999828338623
2009-12-09,5.670000076293945,5.5,5.670000076293945,5.559999942779541,63900.0,5.559999942779541
2009-12-10,5.75,5.289999961853027,5.579999923706055,5.380000114440918,145600.0,5.380000114440918
2009-12-11,5.869999885559082,5.360000133514404,5.550000190734863,5.480000019073486,153000.0,5.480000019073486
2009-12-14,5.730000019073486,5.489999771118164,5.5,5.710000038146973,89500.0,5.710000038146973
2009-12-15,5.699999809265137,5.539999961853027,5.670000076293945,5.570000171661377,131300.0,5.570000171661377
2009-12-16,5.739999771118164,5.510000228881836,5.619999885559082,5.739999771118164,89600.0,5.739999771118164
2009-12-17,5.869999885559082,5.539999961853027,5.699999809265137,5.610000133514404,105500.0,5.610000133514404
2009-12-18,5.869999885559082,5.619999885559082,5.690000057220459,5.699999809265137,564300.0,5.699999809265137
2009-12-21,6.0,5.710000038146973,5.760000228881836,5.75,172800.0,5.75
2009-12-22,5.929999828338623,5.599999904632568,5.809999942779541,5.849999904632568,151400.0,5.849999904632568
2009-12-23,5.920000076293945,5.619999885559082,5.900000095367432,5.690000057220459,211300.0,5.690000057220459
2009-12-24,5.860000133514404,5.639999866485596,5.710000038146973,5.849999904632568,68100.0,5.849999904632568
2009-12-28,5.920000076293945,5.619999885559082,5.849999904632568,5.659999847412109,142700.0,5.659999847412109
2009-12-29,5.800000190734863,5.639999866485596,5.650000095367432,5.710000038146973,101200.0,5.710000038146973
2009-12-30,5.710000038146973,5.369999885559082,5.670000076293945,5.559999942779541,180100.0,5.559999942779541
2009-12-31,5.619999885559082,5.369999885559082,5.539999961853027,5.380000114440918,78100.0,5.380000114440918
2010-01-04,5.679999828338623,5.409999847412109,5.480000019073486,5.670000076293945,145800.0,5.670000076293945
2010-01-05,5.940000057220459,5.650000095367432,5.679999828338623,5.900000095367432,194100.0,5.900000095367432
2010-01-06,5.96999979019165,5.710000038146973,5.869999885559082,5.829999923706055,154500.0,5.829999923706055
2010-01-07,5.909999847412109,5.659999847412109,5.809999942779541,5.909999847412109,128700.0,5.909999847412109
2010-01-08,6.170000076293945,5.809999942779541,5.869999885559082,6.139999866485596,238600.0,6.139999866485596
2010-01-11,6.260000228881836,6.079999923706055,6.199999809265137,6.210000038146973,175300.0,6.210000038146973
2010-01-12,6.329999923706055,6.130000114440918,6.130000114440918,6.210000038146973,100800.0,6.210000038146973
2010-01-13,6.360000133514404,6.03000020980835,6.21999979019165,6.230000019073486,273000.0,6.230000019073486
2010-01-14,6.309999942779541,6.090000152587891,6.190000057220459,6.230000019073486,132700.0,6.230000019073486
2010-01-15,6.260000228881836,5.840000152587891,6.260000228881836,5.889999866485596,218900.0,5.889999866485596
2010-01-19,6.039999961853027,5.829999923706055,5.920000076293945,6.010000228881836,133700.0,6.010000228881836
2010-01-20,5.949999809265137,5.539999961853027,5.920000076293945,5.71999979019165,161300.0,5.71999979019165
2010-01-21,5.75,5.019999980926514,5.710000038146973,5.03000020980835,445300.0,5.03000020980835
2010-01-22,5.309999942779541,5.050000190734863,5.070000171661377,5.090000152587891,239400.0,5.090000152587891
2010-01-25,5.239999771118164,4.849999904632568,5.150000095367432,5.079999923706055,154800.0,5.079999923706055
2010-01-26,5.039999961853027,4.860000133514404,5.03000020980835,4.869999885559082,121400.0,4.869999885559082
2010-01-27,4.980000019073486,4.71999979019165,4.820000171661377,4.96999979019165,90100.0,4.96999979019165
2010-01-28,4.989999771118164,4.5,4.980000019073486,4.519999980926514,274500.0,4.519999980926514
2010-01-29,4.840000152587891,4.409999847412109,4.579999923706055,4.739999771118164,243400.0,4.739999771118164
2010-02-01,4.820000171661377,4.559999942779541,4.78000020980835,4.659999847412109,75300.0,4.659999847412109
2010-02-02,4.940000057220459,4.630000114440918,4.679999828338623,4.860000133514404,200200.0,4.860000133514404
2010-02-03,4.900000095367432,4.75,4.900000095367432,4.760000228881836,144900.0,4.760000228881836
2010-02-04,4.800000190734863,4.739999771118164,4.760000228881836,4.75,156100.0,4.75
2010-02-05,4.860000133514404,4.75,4.75,4.820000171661377,137300.0,4.820000171661377
2010-02-08,4.809999942779541,4.75,4.800000190734863,4.760000228881836,68400.0,4.760000228881836
2010-02-09,4.849999904632568,4.760000228881836,4.820000171661377,4.809999942779541,71800.0,4.809999942779541
2010-02-10,4.840000152587891,4.75,4.800000190734863,4.820000171661377,60600.0,4.820000171661377
2010-02-11,4.980000019073486,4.760000228881836,4.789999961853027,4.96999979019165,66100.0,4.96999979019165
2010-02-12,5.099999904632568,4.820000171661377,4.889999866485596,5.090000152587891,178500.0,5.090000152587891
2010-02-16,5.239999771118164,5.010000228881836,5.159999847412109,5.170000076293945,136700.0,5.170000076293945
2010-02-17,5.320000171661377,5.119999885559082,5.190000057220459,5.21999979019165,106700.0,5.21999979019165
2010-02-18,5.340000152587891,5.139999866485596,5.21999979019165,5.340000152587891,92600.0,5.340000152587891
2010-02-19,5.440000057220459,5.269999980926514,5.340000152587891,5.340000152587891,170900.0,5.340000152587891
2010-02-22,5.380000114440918,5.260000228881836,5.349999904632568,5.300000190734863,68200.0,5.300000190734863
2010-02-23,5.329999923706055,5.179999828338623,5.269999980926514,5.269999980926514,159600.0,5.269999980926514
2010-02-24,5.440000057220459,5.28000020980835,5.320000171661377,5.380000114440918,106900.0,5.380000114440918
2010-02-25,5.400000095367432,5.260000228881836,5.260000228881836,5.320000171661377,77700.0,5.320000171661377
2010-02-26,5.360000133514404,5.21999979019165,5.320000171661377,5.230000019073486,94600.0,5.230000019073486
2010-03-01,6.130000114440918,5.25,5.269999980926514,6.070000171661377,1293100.0,6.070000171661377
2010-03-02,6.21999979019165,5.880000114440918,6.099999904632568,6.139999866485596,543800.0,6.139999866485596
2010-03-03,6.179999828338623,5.949999809265137,6.139999866485596,6.110000133514404,252800.0,6.110000133514404
2010-03-04,6.130000114440918,5.829999923706055,6.130000114440918,5.860000133514404,129800.0,5.860000133514404
2010-03-05,6.059999942779541,5.789999961853027,5.909999847412109,5.989999771118164,157300.0,5.989999771118164
2010-03-08,6.159999847412109,5.949999809265137,6.039999961853027,6.079999923706055,95800.0,6.079999923706055
2010-03-09,6.139999866485596,6.050000190734863,6.099999904632568,6.099999904632568,122100.0,6.099999904632568
2010-03-10,6.320000171661377,6.050000190734863,6.079999923706055,6.25,148800.0,6.25
2010-03-11,6.230000019073486,6.03000020980835,6.21999979019165,6.150000095367432,79900.0,6.150000095367432
2010-03-12,6.269999980926514,5.909999847412109,6.159999847412109,6.230000019073486,159400.0,6.230000019073486
2010-03-15,6.28000020980835,6.0,6.050000190734863,6.239999771118164,247800.0,6.239999771118164
2010-03-16,6.309999942779541,6.159999847412109,6.25,6.25,147100.0,6.25
2010-03-17,6.420000076293945,6.199999809265137,6.25,6.230000019073486,197600.0,6.230000019073486
2010-03-18,6.25,6.150000095367432,6.179999828338623,6.179999828338623,73100.0,6.179999828338623
2010-03-19,6.230000019073486,5.820000171661377,5.980000019073486,5.980000019073486,206200.0,5.980000019073486
2010-03-22,5.980000019073486,5.800000190734863,5.889999866485596,5.949999809265137,124500.0,5.949999809265137
2010-03-23,6.170000076293945,5.860000133514404,5.929999828338623,6.099999904632568,118400.0,6.099999904632568
2010-03-24,6.150000095367432,5.960000038146973,6.050000190734863,5.960000038146973,67700.0,5.960000038146973
2010-03-25,6.070000171661377,5.849999904632568,6.019999980926514,5.860000133514404,112900.0,5.860000133514404
2010-03-26,6.389999866485596,5.800000190734863,5.880000114440918,6.239999771118164,572900.0,6.239999771118164
2010-03-29,6.340000152587891,5.929999828338623,6.28000020980835,5.960000038146973,396800.0,5.960000038146973
2010-03-30,6.199999809265137,5.900000095367432,5.949999809265137,6.039999961853027,189900.0,6.039999961853027
2010-03-31,6.150000095367432,5.949999809265137,5.989999771118164,6.019999980926514,115800.0,6.019999980926514
2010-04-01,6.150000095367432,5.96999979019165,6.050000190734863,6.079999923706055,118100.0,6.079999923706055
2010-04-05,6.230000019073486,6.070000171661377,6.139999866485596,6.230000019073486,143800.0,6.230000019073486
2010-04-06,6.309999942779541,6.139999866485596,6.199999809265137,6.289999961853027,132900.0,6.289999961853027
2010-04-07,6.289999961853027,6.179999828338623,6.260000228881836,6.260000228881836,131800.0,6.260000228881836
2010-04-08,6.239999771118164,6.110000133514404,6.230000019073486,6.210000038146973,114400.0,6.210000038146973
2010-04-09,6.260000228881836,6.159999847412109,6.190000057220459,6.190000057220459,72600.0,6.190000057220459
2010-04-12,6.199999809265137,6.070000171661377,6.170000076293945,6.150000095367432,93800.0,6.150000095367432
2010-04-13,6.139999866485596,6.0,6.130000114440918,6.010000228881836,59300.0,6.010000228881836
2010-04-14,6.309999942779541,5.940000057220459,6.039999961853027,6.300000190734863,202400.0,6.300000190734863
2010-04-15,6.349999904632568,6.25,6.28000020980835,6.309999942779541,83400.0,6.309999942779541
2010-04-16,6.300000190734863,5.929999828338623,6.300000190734863,6.159999847412109,171100.0,6.159999847412109
2010-04-19,6.269999980926514,5.989999771118164,6.110000133514404,6.119999885559082,144900.0,6.119999885559082
2010-04-20,6.309999942779541,6.110000133514404,6.150000095367432,6.269999980926514,98500.0,6.269999980926514
2010-04-21,6.320000171661377,6.199999809265137,6.269999980926514,6.28000020980835,103500.0,6.28000020980835
2010-04-22,6.429999828338623,5.960000038146973,6.099999904632568,6.429999828338623,152800.0,6.429999828338623
2010-04-23,6.78000020980835,6.429999828338623,6.429999828338623,6.670000076293945,265100.0,6.670000076293945
2010-04-26,6.78000020980835,6.480000019073486,6.690000057220459,6.489999771118164,208500.0,6.489999771118164
2010-04-27,6.579999923706055,6.019999980926514,6.440000057220459,6.03000020980835,188800.0,6.03000020980835
2010-04-28,6.239999771118164,6.039999961853027,6.099999904632568,6.179999828338623,141600.0,6.179999828338623
2010-04-29,6.360000133514404,6.139999866485596,6.230000019073486,6.300000190734863,157100.0,6.300000190734863
2010-04-30,6.340000152587891,5.96999979019165,6.300000190734863,5.96999979019165,227100.0,5.96999979019165
2010-05-03,6.190000057220459,5.900000095367432,6.039999961853027,6.179999828338623,176700.0,6.179999828338623
2010-05-04,6.090000152587891,5.75,6.059999942779541,5.800000190734863,193400.0,5.800000190734863
2010-05-05,5.920000076293945,5.630000114440918,5.679999828338623,5.71999979019165,210000.0,5.71999979019165
2010-05-06,5.730000019073486,5.400000095367432,5.690000057220459,5.5,338000.0,5.5
2010-05-07,5.619999885559082,5.309999942779541,5.489999771118164,5.360000133514404,213600.0,5.360000133514404
2010-05-10,5.78000020980835,5.570000171661377,5.590000152587891,5.679999828338623,216500.0,5.679999828338623
2010-05-11,6.0,5.519999980926514,5.590000152587891,5.920000076293945,137500.0,5.920000076293945
2010-05-12,6.079999923706055,5.869999885559082,5.920000076293945,6.079999923706055,161100.0,6.079999923706055
2010-05-13,6.099999904632568,5.920000076293945,6.070000171661377,6.019999980926514,174000.0,6.019999980926514
2010-05-14,5.960000038146973,5.710000038146973,5.940000057220459,5.840000152587891,77600.0,5.840000152587891
2010-05-17,6.079999923706055,5.739999771118164,5.909999847412109,5.869999885559082,280700.0,5.869999885559082
2010-05-18,6.03000020980835,5.78000020980835,5.96999979019165,5.789999961853027,87600.0,5.789999961853027
2010-05-19,5.769999980926514,5.590000152587891,5.75,5.599999904632568,116400.0,5.599999904632568
2010-05-20,5.590000152587891,5.309999942779541,5.420000076293945,5.329999923706055,256100.0,5.329999923706055
2010-05-21,5.400000095367432,5.150000095367432,5.25,5.260000228881836,122400.0,5.260000228881836
2010-05-24,5.340000152587891,5.179999828338623,5.239999771118164,5.199999809265137,78600.0,5.199999809265137
2010-05-25,5.090000152587891,4.809999942779541,4.940000057220459,4.949999809265137,166600.0,4.949999809265137
2010-05-26,5.289999961853027,4.960000038146973,4.989999771118164,4.980000019073486,146500.0,4.980000019073486
2010-05-27,5.400000095367432,5.130000114440918,5.130000114440918,5.400000095367432,106000.0,5.400000095367432
2010-05-28,5.53000020980835,5.21999979019165,5.369999885559082,5.309999942779541,108700.0,5.309999942779541
2010-06-01,5.289999961853027,4.880000114440918,5.210000038146973,4.889999866485596,146000.0,4.889999866485596
2010-06-02,5.21999979019165,4.840000152587891,4.909999847412109,5.21999979019165,148500.0,5.21999979019165
2010-06-03,5.320000171661377,5.050000190734863,5.25,5.179999828338623,121400.0,5.179999828338623
2010-06-04,5.03000020980835,4.699999809265137,4.960000038146973,4.710000038146973,253800.0,4.710000038146973
2010-06-07,4.760000228881836,4.53000020980835,4.760000228881836,4.550000190734863,200600.0,4.550000190734863
2010-06-08,4.690000057220459,4.400000095367432,4.570000171661377,4.440000057220459,145900.0,4.440000057220459
2010-06-09,4.5,4.099999904632568,4.460000038146973,4.179999828338623,190400.0,4.179999828338623
2010-06-10,4.460000038146973,4.010000228881836,4.239999771118164,4.400000095367432,334700.0,4.400000095367432
2010-06-11,4.449999809265137,4.239999771118164,4.25,4.389999866485596,139300.0,4.389999866485596
2010-06-14,4.639999866485596,4.420000076293945,4.420000076293945,4.46999979019165,153100.0,4.46999979019165
2010-06-15,4.5,4.329999923706055,4.5,4.400000095367432,139600.0,4.400000095367432
2010-06-16,4.420000076293945,4.230000019073486,4.320000171661377,4.239999771118164,173600.0,4.239999771118164
2010-06-17,4.400000095367432,4.179999828338623,4.239999771118164,4.309999942779541,87000.0,4.309999942779541
2010-06-18,4.449999809265137,4.289999961853027,4.300000190734863,4.440000057220459,172500.0,4.440000057220459
2010-06-21,4.550000190734863,4.150000095367432,4.550000190734863,4.199999809265137,111900.0,4.199999809265137
2010-06-22,4.329999923706055,4.03000020980835,4.210000038146973,4.059999942779541,145800.0,4.059999942779541
2010-06-23,4.300000190734863,4.059999942779541,4.059999942779541,4.25,126600.0,4.25
2010-06-24,4.389999866485596,4.21999979019165,4.21999979019165,4.360000133514404,108300.0,4.360000133514404
2010-06-25,4.440000057220459,4.329999923706055,4.360000133514404,4.389999866485596,388000.0,4.389999866485596
2010-06-28,4.619999885559082,4.380000114440918,4.409999847412109,4.570000171661377,85900.0,4.570000171661377
2010-06-29,4.53000020980835,4.260000228881836,4.409999847412109,4.380000114440918,296800.0,4.380000114440918
2010-06-30,4.360000133514404,4.010000228881836,4.360000133514404,4.070000171661377,152300.0,4.070000171661377
2010-07-01,4.110000133514404,3.880000114440918,4.03000020980835,4.010000228881836,208300.0,4.010000228881836
2010-07-02,4.090000152587891,3.9600000381469727,4.070000171661377,4.0,67900.0,4.0
2010-07-06,4.099999904632568,3.9100000858306885,4.070000171661377,3.9200000762939453,109400.0,3.9200000762939453
2010-07-07,3.950000047683716,3.819999933242798,3.950000047683716,3.940000057220459,109100.0,3.940000057220459
2010-07-08,4.099999904632568,3.9800000190734863,3.9800000190734863,4.059999942779541,45700.0,4.059999942779541
2010-07-09,4.230000019073486,4.039999961853027,4.039999961853027,4.230000019073486,43000.0,4.230000019073486
2010-07-12,4.25,4.119999885559082,4.199999809265137,4.159999847412109,32100.0,4.159999847412109
2010-07-13,4.480000019073486,4.199999809265137,4.260000228881836,4.449999809265137,127600.0,4.449999809265137
2010-07-14,4.420000076293945,4.320000171661377,4.409999847412109,4.409999847412109,55300.0,4.409999847412109
2010-07-15,4.400000095367432,4.199999809265137,4.400000095367432,4.269999980926514,64000.0,4.269999980926514
2010-07-16,4.230000019073486,3.9200000762939453,4.230000019073486,3.940000057220459,144900.0,3.940000057220459
2010-07-19,4.03000020980835,3.880000114440918,3.9700000286102295,4.03000020980835,64000.0,4.03000020980835
2010-07-20,3.990000009536743,3.8399999141693115,3.950000047683716,3.9600000381469727,83000.0,3.9600000381469727
2010-07-21,4.070000171661377,3.8299999237060547,4.0,3.9000000953674316,88600.0,3.9000000953674316
2010-07-22,4.019999980926514,3.9200000762939453,3.9700000286102295,4.019999980926514,118400.0,4.019999980926514
2010-07-23,4.5,3.9800000190734863,3.990000009536743,4.480000019073486,156900.0,4.480000019073486
2010-07-26,4.639999866485596,4.480000019073486,4.519999980926514,4.619999885559082,132200.0,4.619999885559082
2010-07-27,4.739999771118164,4.489999771118164,4.659999847412109,4.53000020980835,146400.0,4.53000020980835
2010-07-28,4.519999980926514,4.21999979019165,4.519999980926514,4.260000228881836,59100.0,4.260000228881836
2010-07-29,4.519999980926514,4.150000095367432,4.260000228881836,4.510000228881836,76000.0,4.510000228881836
2010-07-30,4.739999771118164,4.389999866485596,4.420000076293945,4.599999904632568,86500.0,4.599999904632568
2010-08-02,4.710000038146973,4.480000019073486,4.710000038146973,4.539999961853027,102300.0,4.539999961853027
2010-08-03,4.639999866485596,4.380000114440918,4.5,4.46999979019165,117900.0,4.46999979019165
2010-08-04,4.639999866485596,4.429999828338623,4.5,4.619999885559082,32500.0,4.619999885559082
2010-08-05,4.550000190734863,4.460000038146973,4.550000190734863,4.46999979019165,30000.0,4.46999979019165
2010-08-06,4.420000076293945,4.25,4.380000114440918,4.400000095367432,41000.0,4.400000095367432
2010-08-09,4.5,4.400000095367432,4.429999828338623,4.46999979019165,62000.0,4.46999979019165
2010-08-10,4.46999979019165,4.28000020980835,4.46999979019165,4.360000133514404,70800.0,4.360000133514404
2010-08-11,4.25,3.940000057220459,4.21999979019165,3.940000057220459,132200.0,3.940000057220459
2010-08-12,4.070000171661377,3.819999933242798,3.9000000953674316,3.859999895095825,124000.0,3.859999895095825
2010-08-13,3.890000104904175,3.7100000381469727,3.8499999046325684,3.7200000286102295,146400.0,3.7200000286102295
2010-08-16,3.7799999713897705,3.6600000858306885,3.700000047683716,3.7200000286102295,79500.0,3.7200000286102295
2010-08-17,3.890000104904175,3.75,3.7699999809265137,3.799999952316284,84600.0,3.799999952316284
2010-08-18,4.159999847412109,3.75,3.7799999713897705,4.139999866485596,92600.0,4.139999866485596
2010-08-19,4.139999866485596,3.690000057220459,4.099999904632568,3.690000057220459,147200.0,3.690000057220459
2010-08-20,3.8299999237060547,3.5999999046325684,3.7200000286102295,3.680000066757202,157100.0,3.680000066757202
2010-08-23,3.7699999809265137,3.569999933242798,3.7100000381469727,3.569999933242798,81000.0,3.569999933242798
2010-08-24,3.569999933242798,3.359999895095825,3.5,3.369999885559082,127200.0,3.369999885559082
2010-08-25,3.549999952316284,3.3299999237060547,3.3499999046325684,3.5399999618530273,76100.0,3.5399999618530273
2010-08-26,3.740000009536743,3.5,3.569999933242798,3.549999952316284,87600.0,3.549999952316284
2010-08-27,3.690000057220459,3.380000114440918,3.630000114440918,3.680000066757202,97500.0,3.680000066757202
2010-08-30,3.809999942779541,3.5,3.6500000953674316,3.5,96400.0,3.5
2010-08-31,3.700000047683716,3.359999895095825,3.5,3.5399999618530273,115500.0,3.5399999618530273
2010-09-01,3.8299999237060547,3.5899999141693115,3.609999895095825,3.6600000858306885,158200.0,3.6600000858306885
2010-09-02,3.7200000286102295,3.549999952316284,3.690000057220459,3.6600000858306885,93800.0,3.6600000858306885
2010-09-03,3.75,3.609999895095825,3.7200000286102295,3.700000047683716,134800.0,3.700000047683716
2010-09-07,3.740000009536743,3.5,3.700000047683716,3.5199999809265137,118400.0,3.5199999809265137
2010-09-08,3.6500000953674316,3.5299999713897705,3.5299999713897705,3.630000114440918,67300.0,3.630000114440918
2010-09-09,3.869999885559082,3.6700000762939453,3.700000047683716,3.7899999618530273,108500.0,3.7899999618530273
2010-09-10,3.890000104904175,3.6600000858306885,3.799999952316284,3.7699999809265137,84200.0,3.7699999809265137
2010-09-13,3.869999885559082,3.75,3.869999885559082,3.8299999237060547,152300.0,3.8299999237060547
2010-09-14,3.8499999046325684,3.7300000190734863,3.819999933242798,3.8299999237060547,90000.0,3.8299999237060547
2010-09-15,3.890000104904175,3.799999952316284,3.819999933242798,3.8399999141693115,82600.0,3.8399999141693115
2010-09-16,3.8399999141693115,3.75,3.8399999141693115,3.75,38900.0,3.75
2010-09-17,3.9000000953674316,3.7200000286102295,3.809999942779541,3.759999990463257,161700.0,3.759999990463257
2010-09-20,4.079999923706055,3.759999990463257,3.759999990463257,4.019999980926514,221100.0,4.019999980926514
2010-09-21,4.099999904632568,3.9000000953674316,4.03000020980835,3.9700000286102295,157100.0,3.9700000286102295
2010-09-22,3.9600000381469727,3.8399999141693115,3.9600000381469727,3.9000000953674316,85100.0,3.9000000953674316
2010-09-23,3.9000000953674316,3.7799999713897705,3.8399999141693115,3.8299999237060547,61600.0,3.8299999237060547
2010-09-24,4.039999961853027,3.8499999046325684,3.9100000858306885,4.03000020980835,119200.0,4.03000020980835
2010-09-27,4.019999980926514,3.819999933242798,4.019999980926514,3.8399999141693115,111500.0,3.8399999141693115
2010-09-28,3.9700000286102295,3.7899999618530273,3.869999885559082,3.9700000286102295,45100.0,3.9700000286102295
2010-09-29,3.940000057220459,3.819999933242798,3.940000057220459,3.859999895095825,80900.0,3.859999895095825
2010-09-30,3.9600000381469727,3.7899999618530273,3.9100000858306885,3.799999952316284,103700.0,3.799999952316284
2010-10-01,3.890000104904175,3.7899999618530273,3.799999952316284,3.890000104904175,72500.0,3.890000104904175
2010-10-04,3.890000104904175,3.6500000953674316,3.8499999046325684,3.680000066757202,137200.0,3.680000066757202
2010-10-05,3.9800000190734863,3.680000066757202,3.75,3.930000066757202,159400.0,3.930000066757202
2010-10-06,3.950000047683716,3.819999933242798,3.930000066757202,3.890000104904175,84800.0,3.890000104904175
2010-10-07,3.9800000190734863,3.8299999237060547,3.930000066757202,3.869999885559082,61600.0,3.869999885559082
2010-10-08,3.990000009536743,3.8499999046325684,3.890000104904175,3.9600000381469727,106400.0,3.9600000381469727
2010-10-11,4.03000020980835,3.9200000762939453,3.950000047683716,3.9200000762939453,74200.0,3.9200000762939453
2010-10-12,3.990000009536743,3.7699999809265137,3.9200000762939453,3.9800000190734863,64100.0,3.9800000190734863
2010-10-13,4.079999923706055,3.9600000381469727,4.0,4.050000190734863,144600.0,4.050000190734863
2010-10-14,4.300000190734863,4.03000020980835,4.059999942779541,4.28000020980835,125400.0,4.28000020980835
2010-10-15,4.380000114440918,4.099999904632568,4.380000114440918,4.300000190734863,187500.0,4.300000190734863
2010-10-18,4.570000171661377,4.269999980926514,4.300000190734863,4.559999942779541,120400.0,4.559999942779541
2010-10-19,4.460000038146973,4.320000171661377,4.440000057220459,4.409999847412109,116200.0,4.409999847412109
2010-10-20,4.559999942779541,4.360000133514404,4.460000038146973,4.559999942779541,82300.0,4.559999942779541
2010-10-21,4.610000133514404,4.289999961853027,4.599999904632568,4.369999885559082,124400.0,4.369999885559082
2010-10-22,4.389999866485596,4.199999809265137,4.389999866485596,4.329999923706055,68500.0,4.329999923706055
2010-10-25,4.409999847412109,4.260000228881836,4.360000133514404,4.320000171661377,78200.0,4.320000171661377
2010-10-26,4.289999961853027,4.159999847412109,4.269999980926514,4.190000057220459,67200.0,4.190000057220459
2010-10-27,4.21999979019165,4.119999885559082,4.139999866485596,4.170000076293945,87700.0,4.170000076293945
2010-10-28,4.25,4.110000133514404,4.239999771118164,4.179999828338623,85100.0,4.179999828338623
2010-10-29,4.389999866485596,4.170000076293945,4.170000076293945,4.309999942779541,80500.0,4.309999942779541
2010-11-01,4.429999828338623,4.119999885559082,4.340000152587891,4.159999847412109,88700.0,4.159999847412109
2010-11-02,4.349999904632568,4.170000076293945,4.230000019073486,4.329999923706055,90200.0,4.329999923706055
2010-11-03,4.369999885559082,4.170000076293945,4.320000171661377,4.289999961853027,57700.0,4.289999961853027
2010-11-04,4.5,4.340000152587891,4.340000152587891,4.489999771118164,159800.0,4.489999771118164
2010-11-05,4.599999904632568,4.429999828338623,4.46999979019165,4.579999923706055,75300.0,4.579999923706055
2010-11-08,4.659999847412109,4.480000019073486,4.559999942779541,4.639999866485596,69500.0,4.639999866485596
2010-11-09,4.659999847412109,4.460000038146973,4.630000114440918,4.510000228881836,80700.0,4.510000228881836
2010-11-10,4.809999942779541,4.400000095367432,4.510000228881836,4.800000190734863,164800.0,4.800000190734863
2010-11-11,4.880000114440918,4.579999923706055,4.710000038146973,4.690000057220459,99700.0,4.690000057220459
2010-11-12,4.739999771118164,4.539999961853027,4.619999885559082,4.539999961853027,60600.0,4.539999961853027
2010-11-15,4.619999885559082,4.449999809265137,4.570000171661377,4.550000190734863,50000.0,4.550000190734863
2010-11-16,4.510000228881836,4.170000076293945,4.489999771118164,4.179999828338623,156500.0,4.179999828338623
2010-11-17,4.25,4.070000171661377,4.199999809265137,4.190000057220459,98500.0,4.190000057220459
2010-11-18,4.519999980926514,4.25,4.25,4.510000228881836,103900.0,4.510000228881836
2010-11-19,4.53000020980835,4.380000114440918,4.510000228881836,4.400000095367432,75600.0,4.400000095367432
2010-11-22,4.380000114440918,4.179999828338623,4.360000133514404,4.340000152587891,58700.0,4.340000152587891
2010-11-23,4.289999961853027,4.139999866485596,4.260000228881836,4.269999980926514,81200.0,4.269999980926514
2010-11-24,4.579999923706055,4.25,4.329999923706055,4.519999980926514,86400.0,4.519999980926514
2010-11-26,4.590000152587891,4.320000171661377,4.46999979019165,4.320000171661377,30400.0,4.320000171661377
2010-11-29,4.400000095367432,4.090000152587891,4.300000190734863,4.329999923706055,54200.0,4.329999923706055
2010-11-30,4.400000095367432,4.150000095367432,4.25,4.400000095367432,137700.0,4.400000095367432
2010-12-01,4.639999866485596,4.460000038146973,4.53000020980835,4.610000133514404,120200.0,4.610000133514404
2010-12-02,4.650000095367432,4.46999979019165,4.599999904632568,4.519999980926514,66200.0,4.519999980926514
2010-12-03,4.699999809265137,4.460000038146973,4.480000019073486,4.699999809265137,67200.0,4.699999809265137
2010-12-06,4.840000152587891,4.670000076293945,4.670000076293945,4.840000152587891,93200.0,4.840000152587891
2010-12-07,4.929999828338623,4.699999809265137,4.929999828338623,4.900000095367432,220200.0,4.900000095367432
2010-12-08,4.929999828338623,4.809999942779541,4.900000095367432,4.809999942779541,96300.0,4.809999942779541
2010-12-09,4.940000057220459,4.820000171661377,4.869999885559082,4.920000076293945,93600.0,4.920000076293945
2010-12-10,5.019999980926514,4.739999771118164,4.929999828338623,4.840000152587891,131600.0,4.840000152587891
2010-12-13,5.03000020980835,4.800000190734863,4.849999904632568,4.829999923706055,150100.0,4.829999923706055
2010-12-14,5.159999847412109,4.820000171661377,4.869999885559082,5.150000095367432,174900.0,5.150000095367432
2010-12-15,5.420000076293945,5.019999980926514,5.119999885559082,5.159999847412109,260300.0,5.159999847412109
2010-12-16,5.289999961853027,5.03000020980835,5.199999809265137,5.260000228881836,107600.0,5.260000228881836
2010-12-17,5.380000114440918,5.159999847412109,5.28000020980835,5.369999885559082,301900.0,5.369999885559082
2010-12-20,5.809999942779541,5.400000095367432,5.420000076293945,5.800000190734863,169600.0,5.800000190734863
2010-12-21,5.829999923706055,5.46999979019165,5.829999923706055,5.5,142000.0,5.5
2010-12-22,5.510000228881836,5.360000133514404,5.489999771118164,5.46999979019165,98900.0,5.46999979019165
2010-12-23,5.769999980926514,5.449999809265137,5.489999771118164,5.75,103800.0,5.75
2010-12-27,5.739999771118164,5.579999923706055,5.699999809265137,5.670000076293945,77500.0,5.670000076293945
2010-12-28,5.710000038146973,5.599999904632568,5.659999847412109,5.619999885559082,79900.0,5.619999885559082
2010-12-29,5.639999866485596,5.420000076293945,5.619999885559082,5.480000019073486,73100.0,5.480000019073486
2010-12-30,5.5,5.349999904632568,5.489999771118164,5.429999828338623,106700.0,5.429999828338623
2010-12-31,5.449999809265137,5.25,5.409999847412109,5.28000020980835,114700.0,5.28000020980835
2011-01-03,5.53000020980835,5.369999885559082,5.369999885559082,5.5,90900.0,5.5
2011-01-04,5.679999828338623,5.409999847412109,5.53000020980835,5.659999847412109,171900.0,5.659999847412109
2011-01-05,5.730000019073486,5.53000020980835,5.650000095367432,5.71999979019165,92300.0,5.71999979019165
2011-01-06,5.710000038146973,5.599999904632568,5.699999809265137,5.639999866485596,81000.0,5.639999866485596
2011-01-07,5.670000076293945,5.340000152587891,5.670000076293945,5.519999980926514,84800.0,5.519999980926514
2011-01-10,5.650000095367432,5.340000152587891,5.460000038146973,5.610000133514404,107600.0,5.610000133514404
2011-01-11,5.690000057220459,5.590000152587891,5.670000076293945,5.679999828338623,80700.0,5.679999828338623
2011-01-12,5.800000190734863,5.670000076293945,5.730000019073486,5.789999961853027,119400.0,5.789999961853027
2011-01-13,5.800000190734863,5.510000228881836,5.760000228881836,5.539999961853027,111200.0,5.539999961853027
2011-01-14,5.590000152587891,5.449999809265137,5.510000228881836,5.559999942779541,104900.0,5.559999942779541
2011-01-18,5.559999942779541,5.420000076293945,5.510000228881836,5.46999979019165,113900.0,5.46999979019165
2011-01-19,5.460000038146973,5.130000114440918,5.440000057220459,5.150000095367432,139500.0,5.150000095367432
2011-01-20,5.289999961853027,5.050000190734863,5.090000152587891,5.289999961853027,133200.0,5.289999961853027
2011-01-21,5.349999904632568,5.130000114440918,5.329999923706055,5.130000114440918,74300.0,5.130000114440918
2011-01-24,5.329999923706055,5.139999866485596,5.139999866485596,5.239999771118164,98800.0,5.239999771118164
2011-01-25,5.25,5.050000190734863,5.190000057220459,5.130000114440918,64500.0,5.130000114440918
2011-01-26,5.329999923706055,5.099999904632568,5.139999866485596,5.300000190734863,82600.0,5.300000190734863
2011-01-27,5.389999866485596,5.239999771118164,5.28000020980835,5.300000190734863,45700.0,5.300000190734863
2011-01-28,5.28000020980835,4.900000095367432,5.269999980926514,4.920000076293945,124000.0,4.920000076293945
2011-01-31,5.099999904632568,4.769999980926514,4.960000038146973,4.960000038146973,93600.0,4.960000038146973
2011-02-01,5.199999809265137,4.929999828338623,5.010000228881836,5.090000152587891,113100.0,5.090000152587891
2011-02-02,5.179999828338623,5.010000228881836,5.050000190734863,5.059999942779541,87700.0,5.059999942779541
2011-02-03,5.070000171661377,4.96999979019165,5.039999961853027,5.010000228881836,89800.0,5.010000228881836
2011-02-04,4.989999771118164,4.849999904632568,4.989999771118164,4.880000114440918,52000.0,4.880000114440918
2011-02-07,5.019999980926514,4.889999866485596,4.889999866485596,4.929999828338623,54300.0,4.929999828338623
2011-02-08,4.940000057220459,4.860000133514404,4.929999828338623,4.920000076293945,32100.0,4.920000076293945
2011-02-09,4.920000076293945,4.699999809265137,4.900000095367432,4.800000190734863,74400.0,4.800000190734863
2011-02-10,5.0,4.699999809265137,4.739999771118164,4.809999942779541,79200.0,4.809999942779541
2011-02-11,4.860000133514404,4.730000019073486,4.769999980926514,4.840000152587891,84100.0,4.840000152587891
2011-02-14,4.829999923706055,4.75,4.829999923706055,4.760000228881836,32500.0,4.760000228881836
2011-02-15,4.760000228881836,4.559999942779541,4.760000228881836,4.559999942779541,134000.0,4.559999942779541
2011-02-16,4.599999904632568,4.480000019073486,4.590000152587891,4.510000228881836,67400.0,4.510000228881836
2011-02-17,4.650000095367432,4.460000038146973,4.510000228881836,4.519999980926514,106400.0,4.519999980926514
2011-02-18,4.679999828338623,4.539999961853027,4.559999942779541,4.590000152587891,97400.0,4.590000152587891
2011-02-22,4.610000133514404,4.420000076293945,4.510000228881836,4.449999809265137,97800.0,4.449999809265137
2011-02-23,4.539999961853027,4.230000019073486,4.449999809265137,4.230000019073486,83300.0,4.230000019073486
2011-02-24,4.300000190734863,4.170000076293945,4.239999771118164,4.28000020980835,114900.0,4.28000020980835
2011-02-25,4.380000114440918,4.25,4.289999961853027,4.369999885559082,108700.0,4.369999885559082
2011-02-28,4.480000019073486,4.309999942779541,4.400000095367432,4.309999942779541,70100.0,4.309999942779541
2011-03-01,4.380000114440918,4.199999809265137,4.340000152587891,4.239999771118164,93400.0,4.239999771118164
2011-03-02,4.289999961853027,4.150000095367432,4.230000019073486,4.269999980926514,226400.0,4.269999980926514
2011-03-03,4.440000057220459,4.340000152587891,4.340000152587891,4.400000095367432,122500.0,4.400000095367432
2011-03-04,4.429999828338623,4.190000057220459,4.429999828338623,4.25,129600.0,4.25
2011-03-07,4.25,3.9000000953674316,4.25,4.019999980926514,188900.0,4.019999980926514
2011-03-08,4.190000057220459,3.990000009536743,4.0,4.130000114440918,98200.0,4.130000114440918
2011-03-09,4.130000114440918,4.050000190734863,4.130000114440918,4.079999923706055,35500.0,4.079999923706055
2011-03-10,4.019999980926514,3.950000047683716,3.9800000190734863,3.9700000286102295,108500.0,3.9700000286102295
2011-03-11,4.019999980926514,3.9000000953674316,3.950000047683716,3.9100000858306885,163100.0,3.9100000858306885
2011-03-14,3.9700000286102295,3.8499999046325684,3.8499999046325684,3.9000000953674316,87200.0,3.9000000953674316
2011-03-15,3.9100000858306885,3.7300000190734863,3.8499999046325684,3.740000009536743,114300.0,3.740000009536743
2011-03-16,3.7200000286102295,3.509999990463257,3.7100000381469727,3.509999990463257,170600.0,3.509999990463257
2011-03-17,3.619999885559082,3.450000047683716,3.5999999046325684,3.4600000381469727,155400.0,3.4600000381469727
2011-03-18,3.5199999809265137,3.4800000190734863,3.5,3.5,293100.0,3.5
2011-03-21,3.619999885559082,3.5,3.5899999141693115,3.5399999618530273,159000.0,3.5399999618530273
2011-03-22,3.5999999046325684,3.5399999618530273,3.569999933242798,3.5799999237060547,85100.0,3.5799999237060547
2011-03-23,3.7300000190734863,3.559999942779541,3.5799999237060547,3.7200000286102295,140000.0,3.7200000286102295
2011-03-24,3.9800000190734863,3.75,3.7699999809265137,3.950000047683716,218800.0,3.950000047683716
2011-03-25,4.03000020980835,3.950000047683716,4.0,3.9700000286102295,129000.0,3.9700000286102295
2011-03-28,4.059999942779541,3.9700000286102295,4.0,4.0,91900.0,4.0
2011-03-29,4.079999923706055,3.880000114440918,4.0,4.03000020980835,225400.0,4.03000020980835
2011-03-30,4.130000114440918,4.03000020980835,4.059999942779541,4.119999885559082,95100.0,4.119999885559082
2011-03-31,4.239999771118164,4.03000020980835,4.119999885559082,4.190000057220459,212000.0,4.190000057220459
2011-04-01,4.260000228881836,4.070000171661377,4.239999771118164,4.170000076293945,292300.0,4.170000076293945
2011-04-04,4.230000019073486,4.130000114440918,4.190000057220459,4.159999847412109,111900.0,4.159999847412109
2011-04-05,4.21999979019165,4.090000152587891,4.159999847412109,4.170000076293945,48600.0,4.170000076293945
2011-04-06,4.21999979019165,4.150000095367432,4.21999979019165,4.170000076293945,65000.0,4.170000076293945
2011-04-07,4.210000038146973,3.990000009536743,4.199999809265137,3.990000009536743,728300.0,3.990000009536743
2011-04-08,4.050000190734863,3.680000066757202,4.0,3.7699999809265137,250200.0,3.7699999809265137
2011-04-11,3.8299999237060547,3.7100000381469727,3.759999990463257,3.8299999237060547,216600.0,3.8299999237060547
2011-04-12,3.869999885559082,3.75,3.75,3.799999952316284,105600.0,3.799999952316284
2011-04-13,3.8299999237060547,3.6500000953674316,3.8299999237060547,3.740000009536743,156800.0,3.740000009536743
2011-04-14,4.0,3.640000104904175,3.6700000762939453,4.0,186400.0,4.0
2011-04-15,4.010000228881836,3.8299999237060547,3.9800000190734863,3.8299999237060547,141600.0,3.8299999237060547
2011-04-18,3.7799999713897705,3.680000066757202,3.740000009536743,3.690000057220459,100900.0,3.690000057220459
2011-04-19,3.740000009536743,3.690000057220459,3.7300000190734863,3.700000047683716,38100.0,3.700000047683716
2011-04-20,3.819999933242798,3.740000009536743,3.799999952316284,3.809999942779541,108300.0,3.809999942779541
2011-04-21,3.859999895095825,3.7100000381469727,3.859999895095825,3.7899999618530273,301800.0,3.7899999618530273
2011-04-25,3.8399999141693115,3.7699999809265137,3.7699999809265137,3.819999933242798,34200.0,3.819999933242798
2011-04-26,3.930000066757202,3.819999933242798,3.819999933242798,3.880000114440918,66200.0,3.880000114440918
2011-04-27,3.990000009536743,3.859999895095825,3.869999885559082,3.990000009536743,71600.0,3.990000009536743
2011-04-28,4.050000190734863,3.9000000953674316,3.9600000381469727,4.019999980926514,54600.0,4.019999980926514
2011-04-29,4.03000020980835,3.9100000858306885,4.03000020980835,3.990000009536743,85000.0,3.990000009536743
2011-05-02,4.0,3.8299999237060547,4.0,3.9000000953674316,99000.0,3.9000000953674316
2011-05-03,3.9200000762939453,3.8399999141693115,3.890000104904175,3.9100000858306885,77000.0,3.9100000858306885
2011-05-04,4.0,3.809999942779541,3.940000057220459,3.8399999141693115,74000.0,3.8399999141693115
2011-05-05,3.9000000953674316,3.759999990463257,3.799999952316284,3.8499999046325684,91900.0,3.8499999046325684
2011-05-06,3.940000057220459,3.740000009536743,3.930000066757202,3.8399999141693115,52600.0,3.8399999141693115
2011-05-09,3.880000114440918,3.7699999809265137,3.809999942779541,3.859999895095825,66000.0,3.859999895095825
2011-05-10,3.990000009536743,3.8399999141693115,3.9100000858306885,3.990000009536743,81500.0,3.990000009536743
2011-05-11,3.950000047683716,3.859999895095825,3.950000047683716,3.880000114440918,109800.0,3.880000114440918
2011-05-12,3.990000009536743,3.819999933242798,3.819999933242798,3.990000009536743,82000.0,3.990000009536743
2011-05-13,4.0,3.8499999046325684,4.0,3.990000009536743,103300.0,3.990000009536743
2011-05-16,4.0,3.890000104904175,3.930000066757202,3.9200000762939453,131600.0,3.9200000762939453
2011-05-17,4.010000228881836,3.890000104904175,3.9200000762939453,4.0,98200.0,4.0
2011-05-18,4.03000020980835,3.9700000286102295,4.019999980926514,4.019999980926514,56800.0,4.019999980926514
2011-05-19,4.099999904632568,3.9100000858306885,4.079999923706055,3.990000009536743,82100.0,3.990000009536743
2011-05-20,4.03000020980835,3.930000066757202,3.9700000286102295,3.9800000190734863,97300.0,3.9800000190734863
2011-05-23,3.9100000858306885,3.819999933242798,3.8499999046325684,3.8399999141693115,76100.0,3.8399999141693115
2011-05-24,3.8399999141693115,3.75,3.8399999141693115,3.759999990463257,146400.0,3.759999990463257
2011-05-25,3.869999885559082,3.75,3.75,3.869999885559082,44900.0,3.869999885559082
2011-05-26,3.990000009536743,3.819999933242798,3.8299999237060547,3.9800000190734863,58900.0,3.9800000190734863
2011-05-27,4.090000152587891,3.9600000381469727,4.0,3.9700000286102295,49600.0,3.9700000286102295
2011-05-31,4.21999979019165,3.940000057220459,4.03000020980835,4.0,497300.0,4.0
2011-06-01,4.0,3.7899999618530273,4.0,3.8299999237060547,105200.0,3.8299999237060547
2011-06-02,3.8399999141693115,3.7200000286102295,3.8299999237060547,3.740000009536743,85700.0,3.740000009536743
2011-06-03,3.740000009536743,3.6500000953674316,3.700000047683716,3.6500000953674316,120100.0,3.6500000953674316
2011-06-06,3.7899999618530273,3.5,3.680000066757202,3.5199999809265137,114900.0,3.5199999809265137
2011-06-07,3.6600000858306885,3.509999990463257,3.569999933242798,3.5199999809265137,69900.0,3.5199999809265137
2011-06-08,3.619999885559082,3.5,3.509999990463257,3.5899999141693115,167500.0,3.5899999141693115
2011-06-09,3.940000057220459,3.5299999713897705,3.609999895095825,3.7100000381469727,311100.0,3.7100000381469727
2011-06-10,3.950000047683716,3.690000057220459,3.7200000286102295,3.740000009536743,103300.0,3.740000009536743
2011-06-13,3.890000104904175,3.7799999713897705,3.7799999713897705,3.7899999618530273,67700.0,3.7899999618530273
2011-06-14,3.940000057220459,3.8299999237060547,3.8499999046325684,3.930000066757202,102700.0,3.930000066757202
2011-06-15,3.940000057220459,3.759999990463257,3.8499999046325684,3.7799999713897705,89900.0,3.7799999713897705
2011-06-16,3.990000009536743,3.799999952316284,3.799999952316284,3.8499999046325684,101500.0,3.8499999046325684
2011-06-17,3.9000000953674316,3.7300000190734863,3.9000000953674316,3.75,162500.0,3.75
2011-06-20,3.859999895095825,3.7100000381469727,3.7300000190734863,3.819999933242798,90900.0,3.819999933242798
2011-06-21,4.199999809265137,3.7699999809265137,3.859999895095825,4.059999942779541,528300.0,4.059999942779541
2011-06-22,4.119999885559082,3.890000104904175,4.010000228881836,3.9100000858306885,162600.0,3.9100000858306885
2011-06-23,3.950000047683716,3.759999990463257,3.8399999141693115,3.7699999809265137,180000.0,3.7699999809265137
2011-06-24,3.9700000286102295,3.7699999809265137,3.7799999713897705,3.890000104904175,736600.0,3.890000104904175
2011-06-27,4.159999847412109,3.859999895095825,3.9200000762939453,4.150000095367432,98300.0,4.150000095367432
2011-06-28,4.199999809265137,4.130000114440918,4.150000095367432,4.179999828338623,140900.0,4.179999828338623
2011-06-29,4.190000057220459,4.059999942779541,4.190000057220459,4.150000095367432,88500.0,4.150000095367432
2011-06-30,4.25,4.150000095367432,4.170000076293945,4.25,171300.0,4.25
2011-07-01,4.400000095367432,4.25,4.25,4.380000114440918,136700.0,4.380000114440918
2011-07-05,4.409999847412109,4.260000228881836,4.389999866485596,4.409999847412109,86900.0,4.409999847412109
2011-07-06,4.619999885559082,4.320000171661377,4.400000095367432,4.599999904632568,125800.0,4.599999904632568
2011-07-07,4.739999771118164,4.46999979019165,4.650000095367432,4.71999979019165,112500.0,4.71999979019165
2011-07-08,4.730000019073486,4.619999885559082,4.639999866485596,4.710000038146973,59000.0,4.710000038146973
2011-07-11,4.809999942779541,4.53000020980835,4.659999847412109,4.739999771118164,133100.0,4.739999771118164
2011-07-12,4.880000114440918,4.670000076293945,4.71999979019165,4.730000019073486,144000.0,4.730000019073486
2011-07-13,4.800000190734863,4.5,4.75,4.559999942779541,386900.0,4.559999942779541
2011-07-14,4.570000171661377,4.28000020980835,4.489999771118164,4.289999961853027,118500.0,4.289999961853027
2011-07-15,4.409999847412109,4.25,4.300000190734863,4.28000020980835,103600.0,4.28000020980835
2011-07-18,4.28000020980835,4.070000171661377,4.260000228881836,4.079999923706055,108800.0,4.079999923706055
2011-07-19,4.179999828338623,3.990000009536743,4.139999866485596,4.039999961853027,322800.0,4.039999961853027
2011-07-20,4.050000190734863,3.9800000190734863,4.050000190734863,3.9800000190734863,54800.0,3.9800000190734863
2011-07-21,4.239999771118164,3.9800000190734863,4.019999980926514,4.190000057220459,105400.0,4.190000057220459
2011-07-22,4.230000019073486,4.010000228881836,4.210000038146973,4.050000190734863,67900.0,4.050000190734863
2011-07-25,4.079999923706055,4.0,4.03000020980835,4.0,68600.0,4.0
2011-07-26,4.010000228881836,3.9100000858306885,4.010000228881836,3.950000047683716,70800.0,3.950000047683716
2011-07-27,3.9100000858306885,3.759999990463257,3.9000000953674316,3.7899999618530273,175000.0,3.7899999618530273
2011-07-28,3.940000057220459,3.7899999618530273,3.7899999618530273,3.7899999618530273,49600.0,3.7899999618530273
2011-07-29,3.8499999046325684,3.680000066757202,3.7799999713897705,3.8399999141693115,77900.0,3.8399999141693115
2011-08-01,3.930000066757202,3.75,3.880000114440918,3.819999933242798,97100.0,3.819999933242798
2011-08-02,3.819999933242798,3.680000066757202,3.799999952316284,3.680000066757202,131300.0,3.680000066757202
2011-08-03,3.8299999237060547,3.549999952316284,3.700000047683716,3.7699999809265137,131800.0,3.7699999809265137
2011-08-04,3.740000009536743,3.5,3.690000057220459,3.509999990463257,189800.0,3.509999990463257
2011-08-05,3.569999933242798,3.259999990463257,3.559999942779541,3.3499999046325684,320400.0,3.3499999046325684
2011-08-08,3.3399999141693115,2.8299999237060547,3.1600000858306885,2.8299999237060547,530900.0,2.8299999237060547
2011-08-09,3.0899999141693115,2.6500000953674316,2.9200000762939453,3.0799999237060547,509100.0,3.0799999237060547
2011-08-10,3.049999952316284,2.759999990463257,3.0,2.7699999809265137,271400.0,2.7699999809265137
2011-08-11,3.059999942779541,2.7200000286102295,2.7899999618530273,2.9700000286102295,227700.0,2.9700000286102295
2011-08-12,3.0,2.809999942779541,3.0,2.9000000953674316,71300.0,2.9000000953674316
2011-08-15,3.0399999618530273,2.8299999237060547,2.930000066757202,2.930000066757202,82500.0,2.930000066757202
2011-08-16,2.930000066757202,2.809999942779541,2.859999895095825,2.890000104904175,132000.0,2.890000104904175
2011-08-17,2.9600000381469727,2.8399999141693115,2.9000000953674316,2.9100000858306885,71900.0,2.9100000858306885
2011-08-18,2.8399999141693115,2.5899999141693115,2.75,2.6700000762939453,942400.0,2.6700000762939453
2011-08-19,2.7699999809265137,2.5999999046325684,2.609999895095825,2.680000066757202,118000.0,2.680000066757202
2011-08-22,2.8499999046325684,2.640000104904175,2.7899999618530273,2.6600000858306885,83800.0,2.6600000858306885
2011-08-23,2.880000114440918,2.6600000858306885,2.690000057220459,2.880000114440918,122400.0,2.880000114440918
2011-08-24,2.9600000381469727,2.759999990463257,2.859999895095825,2.950000047683716,48800.0,2.950000047683716
2011-08-25,2.9800000190734863,2.7200000286102295,2.9800000190734863,2.7300000190734863,124300.0,2.7300000190734863
2011-08-26,2.9200000762939453,2.700000047683716,2.7100000381469727,2.890000104904175,79700.0,2.890000104904175
2011-08-29,3.009999990463257,2.880000114440918,2.940000057220459,3.009999990463257,122800.0,3.009999990463257
2011-08-30,3.0399999618530273,2.869999885559082,2.990000009536743,3.0299999713897705,69500.0,3.0299999713897705
2011-08-31,3.0799999237060547,2.859999895095825,3.0399999618530273,2.9200000762939453,123200.0,2.9200000762939453
2011-09-01,2.950000047683716,2.740000009536743,2.9100000858306885,2.8499999046325684,143300.0,2.8499999046325684
2011-09-02,2.8499999046325684,2.6600000858306885,2.75,2.680000066757202,106100.0,2.680000066757202
2011-09-06,2.75,2.559999942779541,2.559999942779541,2.7200000286102295,88900.0,2.7200000286102295
2011-09-07,2.869999885559082,2.75,2.759999990463257,2.8499999046325684,109000.0,2.8499999046325684
2011-09-08,2.890000104904175,2.75,2.809999942779541,2.75,83100.0,2.75
2011-09-09,2.75,2.569999933242798,2.7100000381469727,2.690000057220459,137500.0,2.690000057220459
2011-09-12,2.75,2.5799999237060547,2.619999885559082,2.7200000286102295,66000.0,2.7200000286102295
2011-09-13,2.75,2.6600000858306885,2.75,2.700000047683716,52100.0,2.700000047683716
2011-09-14,2.880000114440918,2.690000057220459,2.740000009536743,2.799999952316284,67400.0,2.799999952316284
2011-09-15,2.8499999046325684,2.75,2.8399999141693115,2.809999942779541,45400.0,2.809999942779541
2011-09-16,2.890000104904175,2.799999952316284,2.859999895095825,2.880000114440918,169900.0,2.880000114440918
2011-09-19,2.9000000953674316,2.7799999713897705,2.799999952316284,2.8299999237060547,34000.0,2.8299999237060547
2011-09-20,2.8499999046325684,2.6600000858306885,2.8499999046325684,2.6600000858306885,616100.0,2.6600000858306885
2011-09-21,2.75,2.450000047683716,2.6500000953674316,2.4800000190734863,116200.0,2.4800000190734863
2011-09-22,2.5,2.359999895095825,2.380000114440918,2.4200000762939453,151500.0,2.4200000762939453
2011-09-23,2.4600000381469727,2.049999952316284,2.430000066757202,2.369999885559082,2082400.0,2.369999885559082
2011-09-26,2.4700000286102295,2.359999895095825,2.450000047683716,2.4600000381469727,124800.0,2.4600000381469727
2011-09-27,2.7100000381469727,2.490000009536743,2.5199999809265137,2.559999942779541,221500.0,2.559999942779541
2011-09-28,2.559999942779541,2.359999895095825,2.559999942779541,2.359999895095825,157500.0,2.359999895095825
2011-09-29,2.5,2.259999990463257,2.450000047683716,2.390000104904175,103000.0,2.390000104904175
2011-09-30,2.609999895095825,2.309999942779541,2.3299999237060547,2.569999933242798,208200.0,2.569999933242798
2011-10-03,2.559999942779541,2.299999952316284,2.5399999618530273,2.309999942779541,158600.0,2.309999942779541
2011-10-04,2.880000114440918,2.2899999618530273,2.319999933242798,2.8399999141693115,288700.0,2.8399999141693115
2011-10-05,2.8399999141693115,2.640000104904175,2.8299999237060547,2.690000057220459,169200.0,2.690000057220459
2011-10-06,2.7899999618530273,2.680000066757202,2.690000057220459,2.7899999618530273,115000.0,2.7899999618530273
2011-10-07,2.8499999046325684,2.559999942779541,2.740000009536743,2.630000114440918,156000.0,2.630000114440918
2011-10-10,2.7300000190734863,2.5899999141693115,2.7100000381469727,2.6600000858306885,131300.0,2.6600000858306885
2011-10-11,2.7899999618530273,2.5799999237060547,2.5799999237060547,2.7899999618530273,129600.0,2.7899999618530273
2011-10-12,2.9100000858306885,2.7799999713897705,2.809999942779541,2.819999933242798,160700.0,2.819999933242798
2011-10-13,2.8399999141693115,2.740000009536743,2.809999942779541,2.8399999141693115,44000.0,2.8399999141693115
2011-10-14,2.930000066757202,2.8299999237060547,2.890000104904175,2.8499999046325684,142000.0,2.8499999046325684
2011-10-17,2.880000114440918,2.7300000190734863,2.799999952316284,2.7699999809265137,119800.0,2.7699999809265137
2011-10-18,2.859999895095825,2.6500000953674316,2.7799999713897705,2.799999952316284,165500.0,2.799999952316284
2011-10-19,2.809999942779541,2.740000009536743,2.809999942779541,2.75,87500.0,2.75
2011-10-20,2.759999990463257,2.559999942779541,2.759999990463257,2.609999895095825,73100.0,2.609999895095825
2011-10-21,2.7200000286102295,2.5999999046325684,2.680000066757202,2.6700000762939453,90900.0,2.6700000762939453
2011-10-24,2.859999895095825,2.609999895095825,2.6600000858306885,2.859999895095825,193000.0,2.859999895095825
2011-10-25,2.8299999237060547,2.7300000190734863,2.809999942779541,2.7699999809265137,173100.0,2.7699999809265137
2011-10-26,2.8499999046325684,2.5999999046325684,2.8499999046325684,2.759999990463257,120000.0,2.759999990463257
2011-10-27,2.880000114440918,2.7699999809265137,2.880000114440918,2.869999885559082,316300.0,2.869999885559082
2011-10-28,2.940000057220459,2.8499999046325684,2.859999895095825,2.890000104904175,111500.0,2.890000104904175
2011-10-31,2.950000047683716,2.8399999141693115,2.8399999141693115,2.859999895095825,212900.0,2.859999895095825
2011-11-01,2.8299999237060547,2.609999895095825,2.7100000381469727,2.6500000953674316,128800.0,2.6500000953674316
2011-11-02,2.7200000286102295,2.609999895095825,2.7200000286102295,2.680000066757202,89100.0,2.680000066757202
2011-11-03,2.8299999237060547,2.609999895095825,2.7200000286102295,2.8299999237060547,85800.0,2.8299999237060547
2011-11-04,2.809999942779541,2.6500000953674316,2.7899999618530273,2.740000009536743,69500.0,2.740000009536743
2011-11-07,2.7300000190734863,2.609999895095825,2.7300000190734863,2.700000047683716,72400.0,2.700000047683716
2011-11-08,2.8499999046325684,2.7100000381469727,2.7200000286102295,2.740000009536743,114500.0,2.740000009536743
2011-11-09,2.7699999809265137,2.5,2.7100000381469727,2.5,180600.0,2.5
2011-11-10,2.630000114440918,2.4800000190734863,2.5799999237060547,2.509999990463257,69100.0,2.509999990463257
2011-11-11,2.549999952316284,2.5,2.5399999618530273,2.5299999713897705,87300.0,2.5299999713897705
2011-11-14,2.5199999809265137,2.359999895095825,2.5199999809265137,2.380000114440918,101500.0,2.380000114440918
2011-11-15,2.450000047683716,2.200000047683716,2.390000104904175,2.2699999809265137,1343500.0,2.2699999809265137
2011-11-16,2.3399999141693115,2.1700000762939453,2.240000009536743,2.1700000762939453,227800.0,2.1700000762939453
2011-11-17,2.2300000190734863,2.059999942779541,2.200000047683716,2.109999895095825,354600.0,2.109999895095825
2011-11-18,2.2200000286102295,2.119999885559082,2.119999885559082,2.1500000953674316,170600.0,2.1500000953674316
2011-11-21,2.2799999713897705,2.130000114440918,2.180000066757202,2.200000047683716,326700.0,2.200000047683716
2011-11-22,2.2200000286102295,2.0399999618530273,2.2200000286102295,2.0999999046325684,127300.0,2.0999999046325684
2011-11-23,2.0899999141693115,2.009999990463257,2.0799999237060547,2.0299999713897705,154200.0,2.0299999713897705
2011-11-25,2.0999999046325684,1.9900000095367432,2.0199999809265137,1.9900000095367432,66800.0,1.9900000095367432
2011-11-28,2.119999885559082,1.9800000190734863,2.0799999237060547,2.059999942779541,156400.0,2.059999942779541
2011-11-29,2.1600000858306885,2.0299999713897705,2.059999942779541,2.0899999141693115,60400.0,2.0899999141693115
2011-11-30,2.490000009536743,2.140000104904175,2.240000009536743,2.450000047683716,375300.0,2.450000047683716
2011-12-01,2.4100000858306885,2.240000009536743,2.4000000953674316,2.3299999237060547,99600.0,2.3299999237060547
2011-12-02,2.359999895095825,2.240000009536743,2.359999895095825,2.2699999809265137,43500.0,2.2699999809265137
2011-12-05,2.369999885559082,2.2699999809265137,2.319999933242798,2.3499999046325684,100400.0,2.3499999046325684
2011-12-06,2.430000066757202,2.299999952316284,2.369999885559082,2.380000114440918,98700.0,2.380000114440918
2011-12-07,2.4000000953674316,2.2899999618530273,2.369999885559082,2.3499999046325684,62700.0,2.3499999046325684
2011-12-08,2.3399999141693115,2.0999999046325684,2.319999933242798,2.0999999046325684,88000.0,2.0999999046325684
2011-12-09,2.369999885559082,2.130000114440918,2.130000114440918,2.3299999237060547,224300.0,2.3299999237060547
2011-12-12,2.380000114440918,2.2799999713897705,2.2799999713897705,2.369999885559082,174100.0,2.369999885559082
2011-12-13,2.390000104904175,2.059999942779541,2.390000104904175,2.0899999141693115,176400.0,2.0899999141693115
2011-12-14,2.2200000286102295,2.0299999713897705,2.069999933242798,2.2100000381469727,131800.0,2.2100000381469727
2011-12-15,2.259999990463257,2.0899999141693115,2.240000009536743,2.1700000762939453,130400.0,2.1700000762939453
2011-12-16,2.2100000381469727,2.059999942779541,2.200000047683716,2.130000114440918,446800.0,2.130000114440918
2011-12-19,2.130000114440918,2.0399999618530273,2.119999885559082,2.069999933242798,149600.0,2.069999933242798
2011-12-20,2.140000104904175,2.049999952316284,2.119999885559082,2.0999999046325684,177500.0,2.0999999046325684
2011-12-21,2.200000047683716,2.049999952316284,2.059999942779541,2.200000047683716,170600.0,2.200000047683716
2011-12-22,2.200000047683716,2.1600000858306885,2.180000066757202,2.190000057220459,168100.0,2.190000057220459
2011-12-23,2.200000047683716,2.1600000858306885,2.180000066757202,2.180000066757202,92100.0,2.180000066757202
2011-12-27,2.2200000286102295,2.1600000858306885,2.1600000858306885,2.180000066757202,78400.0,2.180000066757202
2011-12-28,2.200000047683716,2.1600000858306885,2.1700000762939453,2.1700000762939453,206300.0,2.1700000762939453
2011-12-29,2.2699999809265137,2.1600000858306885,2.200000047683716,2.259999990463257,166500.0,2.259999990463257
2011-12-30,2.2699999809265137,2.1500000953674316,2.240000009536743,2.240000009536743,143900.0,2.240000009536743
2012-01-03,2.369999885559082,2.2799999713897705,2.309999942779541,2.369999885559082,103800.0,2.369999885559082
2012-01-04,2.3499999046325684,2.259999990463257,2.3299999237060547,2.259999990463257,34500.0,2.259999990463257
2012-01-05,2.2899999618530273,2.180000066757202,2.240000009536743,2.2799999713897705,25700.0,2.2799999713897705
2012-01-06,2.2699999809265137,2.1500000953674316,2.2699999809265137,2.2300000190734863,124700.0,2.2300000190734863
2012-01-09,2.2699999809265137,2.2100000381469727,2.2200000286102295,2.2300000190734863,52100.0,2.2300000190734863
2012-01-10,2.309999942779541,2.2100000381469727,2.2699999809265137,2.309999942779541,78700.0,2.309999942779541
2012-01-11,2.4200000762939453,2.259999990463257,2.2899999618530273,2.3499999046325684,77700.0,2.3499999046325684
2012-01-12,2.3499999046325684,2.25,2.3499999046325684,2.3299999237060547,70000.0,2.3299999237060547
2012-01-13,2.3299999237060547,2.2699999809265137,2.2699999809265137,2.309999942779541,54100.0,2.309999942779541
2012-01-17,2.3499999046325684,2.2699999809265137,2.3299999237060547,2.2799999713897705,87200.0,2.2799999713897705
2012-01-18,2.3299999237060547,2.25,2.259999990463257,2.299999952316284,48000.0,2.299999952316284
2012-01-19,2.3399999141693115,2.259999990463257,2.319999933242798,2.3299999237060547,46700.0,2.3299999237060547
2012-01-20,2.380000114440918,2.2899999618530273,2.319999933242798,2.3499999046325684,105000.0,2.3499999046325684
2012-01-23,2.3399999141693115,2.2799999713897705,2.3399999141693115,2.309999942779541,49800.0,2.309999942779541
2012-01-24,2.380000114440918,2.2799999713897705,2.2899999618530273,2.369999885559082,91300.0,2.369999885559082
2012-01-25,2.4200000762939453,2.359999895095825,2.359999895095825,2.4100000858306885,67100.0,2.4100000858306885
2012-01-26,2.4700000286102295,2.390000104904175,2.4200000762939453,2.4600000381469727,60500.0,2.4600000381469727
2012-01-27,2.640000104904175,2.4000000953674316,2.440000057220459,2.640000104904175,57300.0,2.640000104904175
2012-01-30,2.5799999237060547,2.440000057220459,2.5799999237060547,2.549999952316284,93500.0,2.549999952316284
2012-01-31,2.5799999237060547,2.4800000190734863,2.5799999237060547,2.549999952316284,100500.0,2.549999952316284
2012-02-01,2.700000047683716,2.509999990463257,2.559999942779541,2.690000057220459,141000.0,2.690000057220459
2012-02-02,2.799999952316284,2.640000104904175,2.6600000858306885,2.799999952316284,105100.0,2.799999952316284
2012-02-03,2.940000057220459,2.7799999713897705,2.8399999141693115,2.859999895095825,187900.0,2.859999895095825
2012-02-06,2.880000114440918,2.799999952316284,2.8399999141693115,2.859999895095825,71500.0,2.859999895095825
2012-02-07,2.9000000953674316,2.7200000286102295,2.819999933242798,2.890000104904175,239200.0,2.890000104904175
2012-02-08,2.950000047683716,2.819999933242798,2.890000104904175,2.930000066757202,120500.0,2.930000066757202
2012-02-09,2.940000057220459,2.6700000762939453,2.940000057220459,2.799999952316284,111200.0,2.799999952316284
2012-02-10,2.859999895095825,2.7300000190734863,2.759999990463257,2.7699999809265137,105600.0,2.7699999809265137
2012-02-13,2.940000057220459,2.799999952316284,2.819999933242798,2.940000057220459,275200.0,2.940000057220459
2012-02-14,2.930000066757202,2.8399999141693115,2.930000066757202,2.9000000953674316,51400.0,2.9000000953674316
2012-02-15,2.9200000762939453,2.819999933242798,2.9200000762939453,2.859999895095825,50400.0,2.859999895095825
2012-02-16,3.0799999237060547,2.859999895095825,2.869999885559082,3.0199999809265137,229600.0,3.0199999809265137
2012-02-17,3.0399999618530273,2.9700000286102295,3.0399999618530273,2.990000009536743,41000.0,2.990000009536743
2012-02-21,3.119999885559082,3.0299999713897705,3.0999999046325684,3.049999952316284,183300.0,3.049999952316284
2012-02-22,3.0999999046325684,2.8399999141693115,3.049999952316284,2.8399999141693115,66300.0,2.8399999141693115
2012-02-23,2.940000057220459,2.8499999046325684,2.859999895095825,2.9100000858306885,76900.0,2.9100000858306885
2012-02-24,2.930000066757202,2.8499999046325684,2.9100000858306885,2.859999895095825,64400.0,2.859999895095825
2012-02-27,2.8499999046325684,2.7699999809265137,2.819999933242798,2.7799999713897705,36200.0,2.7799999713897705
2012-02-28,2.799999952316284,2.7699999809265137,2.7699999809265137,2.7699999809265137,33200.0,2.7699999809265137
2012-02-29,2.7899999618530273,2.509999990463257,2.7899999618530273,2.5799999237060547,125100.0,2.5799999237060547
2012-03-01,2.7699999809265137,2.5899999141693115,2.5899999141693115,2.7200000286102295,125000.0,2.7200000286102295
2012-03-02,2.799999952316284,2.6500000953674316,2.7200000286102295,2.700000047683716,225200.0,2.700000047683716
2012-03-05,2.7699999809265137,2.609999895095825,2.700000047683716,2.7699999809265137,43500.0,2.7699999809265137
2012-03-06,2.75,2.690000057220459,2.7200000286102295,2.7100000381469727,73400.0,2.7100000381469727
2012-03-07,2.8399999141693115,2.7200000286102295,2.7200000286102295,2.799999952316284,105300.0,2.799999952316284
2012-03-08,2.8299999237060547,2.75,2.8299999237060547,2.7699999809265137,29500.0,2.7699999809265137
2012-03-09,2.859999895095825,2.7300000190734863,2.759999990463257,2.7699999809265137,54800.0,2.7699999809265137
2012-03-12,2.859999895095825,2.75,2.7899999618530273,2.809999942779541,48000.0,2.809999942779541
2012-03-13,2.8299999237060547,2.640000104904175,2.7300000190734863,2.8299999237060547,135300.0,2.8299999237060547
2012-03-14,2.819999933242798,2.7200000286102295,2.809999942779541,2.7799999713897705,34300.0,2.7799999713897705
2012-03-15,2.7799999713897705,2.700000047683716,2.7799999713897705,2.7200000286102295,95400.0,2.7200000286102295
2012-03-16,2.75,2.700000047683716,2.7300000190734863,2.7100000381469727,166200.0,2.7100000381469727
2012-03-19,2.859999895095825,2.700000047683716,2.7200000286102295,2.8399999141693115,94100.0,2.8399999141693115
2012-03-20,2.8499999046325684,2.7100000381469727,2.799999952316284,2.75,42100.0,2.75
2012-03-21,2.819999933242798,2.740000009536743,2.75,2.7899999618530273,56600.0,2.7899999618530273
2012-03-22,2.7799999713897705,2.740000009536743,2.740000009536743,2.759999990463257,36800.0,2.759999990463257
2012-03-23,2.859999895095825,2.6700000762939453,2.75,2.7799999713897705,84900.0,2.7799999713897705
2012-03-26,2.819999933242798,2.7100000381469727,2.819999933242798,2.75,116000.0,2.75
2012-03-27,2.759999990463257,2.690000057220459,2.75,2.7100000381469727,101500.0,2.7100000381469727
2012-03-28,2.7300000190734863,2.700000047683716,2.7300000190734863,2.700000047683716,72400.0,2.700000047683716
2012-03-29,2.700000047683716,2.609999895095825,2.6600000858306885,2.6600000858306885,162300.0,2.6600000858306885
2012-03-30,2.75,2.559999942779541,2.700000047683716,2.690000057220459,181900.0,2.690000057220459
2012-04-02,2.7200000286102295,2.619999885559082,2.690000057220459,2.7100000381469727,157700.0,2.7100000381469727
2012-04-03,2.700000047683716,2.509999990463257,2.700000047683716,2.549999952316284,56700.0,2.549999952316284
2012-04-04,2.5,2.319999933242798,2.5,2.3499999046325684,209600.0,2.3499999046325684
2012-04-05,2.3399999141693115,2.2799999713897705,2.3299999237060547,2.299999952316284,88800.0,2.299999952316284
2012-04-09,2.3399999141693115,2.130000114440918,2.240000009536743,2.2699999809265137,825500.0,2.2699999809265137
2012-04-10,2.380000114440918,2.190000057220459,2.2699999809265137,2.3399999141693115,229600.0,2.3399999141693115
2012-04-11,2.380000114440918,2.190000057220459,2.369999885559082,2.25,224800.0,2.25
2012-04-12,2.2699999809265137,2.200000047683716,2.2200000286102295,2.2100000381469727,88500.0,2.2100000381469727
2012-04-13,2.2899999618530273,2.1700000762939453,2.200000047683716,2.25,230200.0,2.25
2012-04-16,2.359999895095825,2.25,2.259999990463257,2.359999895095825,188300.0,2.359999895095825
2012-04-17,2.4200000762939453,2.3299999237060547,2.4000000953674316,2.380000114440918,121400.0,2.380000114440918
2012-04-18,2.549999952316284,2.319999933242798,2.3499999046325684,2.5,269500.0,2.5
2012-04-19,2.5999999046325684,2.4200000762939453,2.509999990463257,2.5,104000.0,2.5
2012-04-20,2.6500000953674316,2.5,2.5299999713897705,2.509999990463257,171200.0,2.509999990463257
2012-04-23,2.5999999046325684,2.450000047683716,2.450000047683716,2.450000047683716,167200.0,2.450000047683716
2012-04-24,2.490000009536743,2.390000104904175,2.4600000381469727,2.4800000190734863,93600.0,2.4800000190734863
2012-04-25,2.630000114440918,2.4800000190734863,2.5299999713897705,2.5899999141693115,179200.0,2.5899999141693115
2012-04-26,2.7100000381469727,2.5399999618530273,2.5799999237060547,2.630000114440918,222700.0,2.630000114440918
2012-04-27,2.740000009536743,2.630000114440918,2.630000114440918,2.690000057220459,233600.0,2.690000057220459
2012-04-30,2.880000114440918,2.680000066757202,2.680000066757202,2.740000009536743,247000.0,2.740000009536743
2012-05-01,2.799999952316284,2.6600000858306885,2.75,2.6700000762939453,149500.0,2.6700000762939453
2012-05-02,2.6500000953674316,2.5299999713897705,2.6500000953674316,2.569999933242798,93000.0,2.569999933242798
2012-05-03,2.5899999141693115,2.380000114440918,2.549999952316284,2.509999990463257,210400.0,2.509999990463257
2012-05-04,2.609999895095825,2.3499999046325684,2.490000009536743,2.359999895095825,187300.0,2.359999895095825
2012-05-07,2.380000114440918,2.299999952316284,2.3399999141693115,2.369999885559082,66000.0,2.369999885559082
2012-05-08,2.369999885559082,2.2699999809265137,2.3399999141693115,2.2799999713897705,116300.0,2.2799999713897705
2012-05-09,2.319999933242798,2.25,2.25,2.299999952316284,91000.0,2.299999952316284
2012-05-10,2.309999942779541,2.200000047683716,2.309999942779541,2.2100000381469727,134500.0,2.2100000381469727
2012-05-11,2.2799999713897705,2.1700000762939453,2.200000047683716,2.2100000381469727,142000.0,2.2100000381469727
2012-05-14,2.2100000381469727,2.1500000953674316,2.1700000762939453,2.1500000953674316,113000.0,2.1500000953674316
2012-05-15,2.240000009536743,2.109999895095825,2.1600000858306885,2.119999885559082,70000.0,2.119999885559082
2012-05-16,2.180000066757202,2.0399999618530273,2.140000104904175,2.049999952316284,121400.0,2.049999952316284
2012-05-17,2.069999933242798,2.009999990463257,2.049999952316284,2.0199999809265137,133800.0,2.0199999809265137
2012-05-18,2.0799999237060547,1.9900000095367432,2.009999990463257,2.059999942779541,117000.0,2.059999942779541
2012-05-21,2.130000114440918,1.9700000286102295,2.0199999809265137,2.0299999713897705,137500.0,2.0299999713897705
2012-05-22,2.0899999141693115,1.9800000190734863,2.0199999809265137,2.009999990463257,142000.0,2.009999990463257
2012-05-23,2.0899999141693115,1.9800000190734863,1.9800000190734863,2.059999942779541,105000.0,2.059999942779541
2012-05-24,2.0799999237060547,1.9600000381469727,2.059999942779541,2.0299999713897705,86800.0,2.0299999713897705
2012-05-25,2.069999933242798,1.9500000476837158,2.0199999809265137,1.9800000190734863,96400.0,1.9800000190734863
2012-05-29,2.049999952316284,1.940000057220459,2.0,1.9800000190734863,138000.0,1.9800000190734863
2012-05-30,2.009999990463257,1.8899999856948853,1.9600000381469727,1.9299999475479126,147400.0,1.9299999475479126
2012-05-31,2.0,1.7999999523162842,1.9299999475479126,1.8200000524520874,1259100.0,1.8200000524520874
2012-06-01,1.8700000047683716,1.7899999618530273,1.8200000524520874,1.7899999618530273,299600.0,1.7899999618530273
2012-06-04,1.7999999523162842,1.649999976158142,1.7899999618530273,1.75,240600.0,1.75
2012-06-05,1.940000057220459,1.7000000476837158,1.7000000476837158,1.8300000429153442,146700.0,1.8300000429153442
2012-06-06,1.8799999952316284,1.7999999523162842,1.840000033378601,1.850000023841858,173200.0,1.850000023841858
2012-06-07,1.9800000190734863,1.8200000524520874,1.850000023841858,1.8700000047683716,151700.0,1.8700000047683716
2012-06-08,2.0299999713897705,1.8200000524520874,1.8300000429153442,2.0,258100.0,2.0
2012-06-11,2.059999942779541,1.850000023841858,2.059999942779541,1.899999976158142,194700.0,1.899999976158142
2012-06-12,2.0,1.8899999856948853,1.909999966621399,1.8899999856948853,170600.0,1.8899999856948853
2012-06-13,1.899999976158142,1.7200000286102295,1.899999976158142,1.7599999904632568,131100.0,1.7599999904632568
2012-06-14,1.850000023841858,1.6699999570846558,1.7599999904632568,1.7200000286102295,171600.0,1.7200000286102295
2012-06-15,1.7200000286102295,1.659999966621399,1.7100000381469727,1.6699999570846558,249900.0,1.6699999570846558
2012-06-18,1.9700000286102295,1.659999966621399,1.659999966621399,1.840000033378601,213300.0,1.840000033378601
2012-06-19,1.8700000047683716,1.75,1.850000023841858,1.7899999618530273,519200.0,1.7899999618530273
2012-06-20,2.190000057220459,1.7599999904632568,1.7799999713897705,2.009999990463257,820600.0,2.009999990463257
2012-06-21,2.0399999618530273,1.8600000143051147,2.0199999809265137,1.8600000143051147,313500.0,1.8600000143051147
2012-06-22,1.940000057220459,1.8300000429153442,1.8899999856948853,1.8300000429153442,4476900.0,1.8300000429153442
2012-06-25,2.009999990463257,1.8200000524520874,1.850000023841858,1.850000023841858,256500.0,1.850000023841858
2012-06-26,1.9600000381469727,1.7000000476837158,1.840000033378601,1.7300000190734863,188800.0,1.7300000190734863
2012-06-27,1.7799999713897705,1.690000057220459,1.7300000190734863,1.7100000381469727,174200.0,1.7100000381469727
2012-06-28,1.7899999618530273,1.6699999570846558,1.7100000381469727,1.7000000476837158,221100.0,1.7000000476837158
2012-06-29,1.8200000524520874,1.6699999570846558,1.75,1.6699999570846558,308300.0,1.6699999570846558
2012-07-02,1.690000057220459,1.600000023841858,1.6799999475479126,1.6399999856948853,252200.0,1.6399999856948853
2012-07-03,1.7000000476837158,1.559999942779541,1.649999976158142,1.6799999475479126,101700.0,1.6799999475479126
2012-07-05,1.75,1.649999976158142,1.649999976158142,1.75,134500.0,1.75
2012-07-06,1.7400000095367432,1.6100000143051147,1.7400000095367432,1.6299999952316284,159500.0,1.6299999952316284
2012-07-09,1.6299999952316284,1.5399999618530273,1.600000023841858,1.5700000524520874,215600.0,1.5700000524520874
2012-07-10,1.6200000047683716,1.5499999523162842,1.590000033378601,1.5800000429153442,140100.0,1.5800000429153442
2012-07-11,1.590000033378601,1.5399999618530273,1.5499999523162842,1.5399999618530273,75800.0,1.5399999618530273
2012-07-12,1.600000023841858,1.5099999904632568,1.5399999618530273,1.5499999523162842,138800.0,1.5499999523162842
2012-07-13,1.6100000143051147,1.5299999713897705,1.5800000429153442,1.559999942779541,110900.0,1.559999942779541
2012-07-16,1.6699999570846558,1.5099999904632568,1.5800000429153442,1.5800000429153442,111600.0,1.5800000429153442
2012-07-17,1.600000023841858,1.5499999523162842,1.5700000524520874,1.5499999523162842,72200.0,1.5499999523162842
2012-07-18,1.590000033378601,1.5199999809265137,1.5499999523162842,1.5399999618530273,67600.0,1.5399999618530273
2012-07-19,1.5700000524520874,1.5299999713897705,1.559999942779541,1.559999942779541,46900.0,1.559999942779541
2012-07-20,1.5800000429153442,1.5199999809265137,1.5299999713897705,1.5399999618530273,118600.0,1.5399999618530273
2012-07-23,1.5499999523162842,1.4800000190734863,1.5099999904632568,1.4900000095367432,129300.0,1.4900000095367432
2012-07-24,1.5,1.4600000381469727,1.4700000286102295,1.4600000381469727,175700.0,1.4600000381469727
2012-07-25,1.5499999523162842,1.4500000476837158,1.4500000476837158,1.5,120600.0,1.5
2012-07-26,1.5700000524520874,1.5199999809265137,1.5399999618530273,1.559999942779541,64300.0,1.559999942779541
2012-07-27,1.5700000524520874,1.4500000476837158,1.5299999713897705,1.4800000190734863,174200.0,1.4800000190734863
2012-07-30,1.5199999809265137,1.4299999475479126,1.5,1.4700000286102295,75300.0,1.4700000286102295
2012-07-31,1.5199999809265137,1.4299999475479126,1.4600000381469727,1.5,41900.0,1.5
2012-08-01,1.5700000524520874,1.4299999475479126,1.4500000476837158,1.5,134300.0,1.5
2012-08-02,1.590000033378601,1.4900000095367432,1.4900000095367432,1.5,110200.0,1.5
2012-08-03,1.5700000524520874,1.4700000286102295,1.5199999809265137,1.5299999713897705,36000.0,1.5299999713897705
2012-08-06,1.6699999570846558,1.5099999904632568,1.5299999713897705,1.6299999952316284,115000.0,1.6299999952316284
2012-08-07,1.6699999570846558,1.4800000190734863,1.649999976158142,1.5399999618530273,115100.0,1.5399999618530273
2012-08-08,1.6100000143051147,1.4900000095367432,1.5299999713897705,1.5,58900.0,1.5
2012-08-09,1.5499999523162842,1.4800000190734863,1.5199999809265137,1.5199999809265137,55800.0,1.5199999809265137
2012-08-10,1.590000033378601,1.5,1.5199999809265137,1.5399999618530273,78800.0,1.5399999618530273
2012-08-13,1.559999942779541,1.3300000429153442,1.5199999809265137,1.4900000095367432,140500.0,1.4900000095367432
2012-08-14,1.5199999809265137,1.440000057220459,1.5099999904632568,1.4900000095367432,107400.0,1.4900000095367432
2012-08-15,1.5199999809265137,1.4299999475479126,1.4600000381469727,1.5199999809265137,85900.0,1.5199999809265137
2012-08-16,1.5199999809265137,1.4700000286102295,1.5199999809265137,1.5199999809265137,37200.0,1.5199999809265137
2012-08-17,1.5299999713897705,1.4800000190734863,1.5099999904632568,1.5199999809265137,55500.0,1.5199999809265137
2012-08-20,1.6399999856948853,1.5299999713897705,1.5299999713897705,1.600000023841858,64800.0,1.600000023841858
2012-08-21,1.6699999570846558,1.5499999523162842,1.6200000047683716,1.6699999570846558,82600.0,1.6699999570846558
2012-08-22,1.8200000524520874,1.6299999952316284,1.690000057220459,1.659999966621399,269000.0,1.659999966621399
2012-08-23,1.8899999856948853,1.6299999952316284,1.659999966621399,1.7899999618530273,165600.0,1.7899999618530273
2012-08-24,1.8200000524520874,1.75,1.809999942779541,1.7999999523162842,166600.0,1.7999999523162842
2012-08-27,1.8600000143051147,1.7599999904632568,1.809999942779541,1.8200000524520874,172400.0,1.8200000524520874
2012-08-28,1.9700000286102295,1.7799999713897705,1.840000033378601,1.909999966621399,184800.0,1.909999966621399
2012-08-29,1.9900000095367432,1.8300000429153442,1.9199999570846558,1.8300000429153442,193000.0,1.8300000429153442
2012-08-30,1.909999966621399,1.7999999523162842,1.850000023841858,1.840000033378601,65300.0,1.840000033378601
2012-08-31,1.8899999856948853,1.7899999618530273,1.8200000524520874,1.8799999952316284,50500.0,1.8799999952316284
2012-09-04,1.8799999952316284,1.7899999618530273,1.8600000143051147,1.809999942779541,56100.0,1.809999942779541
2012-09-05,1.809999942779541,1.7300000190734863,1.809999942779541,1.7400000095367432,70200.0,1.7400000095367432
2012-09-06,1.7899999618530273,1.7000000476837158,1.7100000381469727,1.7300000190734863,86600.0,1.7300000190734863
2012-09-07,1.7899999618530273,1.6799999475479126,1.7400000095367432,1.7899999618530273,86100.0,1.7899999618530273
2012-09-10,1.899999976158142,1.75,1.75,1.8600000143051147,101100.0,1.8600000143051147
2012-09-11,1.899999976158142,1.7699999809265137,1.8300000429153442,1.8600000143051147,154700.0,1.8600000143051147
2012-09-12,1.9299999475479126,1.809999942779541,1.8899999856948853,1.9199999570846558,145600.0,1.9199999570846558
2012-09-13,1.9500000476837158,1.840000033378601,1.8899999856948853,1.940000057220459,92600.0,1.940000057220459
2012-09-14,1.9700000286102295,1.8799999952316284,1.9299999475479126,1.9600000381469727,65500.0,1.9600000381469727
2012-09-17,1.9800000190734863,1.9199999570846558,1.9600000381469727,1.9199999570846558,59900.0,1.9199999570846558
2012-09-18,2.0,1.899999976158142,1.940000057220459,2.0,69200.0,2.0
2012-09-19,2.0,1.8700000047683716,2.0,1.8799999952316284,118600.0,1.8799999952316284
2012-09-20,1.9700000286102295,1.840000033378601,1.850000023841858,1.9700000286102295,71100.0,1.9700000286102295
2012-09-21,2.119999885559082,1.899999976158142,1.9700000286102295,2.119999885559082,283000.0,2.119999885559082
2012-09-24,2.119999885559082,2.0,2.119999885559082,2.0299999713897705,124300.0,2.0299999713897705
2012-09-25,2.1700000762939453,2.0199999809265137,2.059999942779541,2.109999895095825,138500.0,2.109999895095825
2012-09-26,2.0899999141693115,2.0,2.0799999237060547,2.059999942779541,68900.0,2.059999942779541
2012-09-27,2.109999895095825,2.0199999809265137,2.0399999618530273,2.049999952316284,71500.0,2.049999952316284
2012-09-28,2.0399999618530273,2.0,2.0199999809265137,2.0399999618530273,36400.0,2.0399999618530273
2012-10-01,2.049999952316284,1.9500000476837158,2.0199999809265137,1.9600000381469727,88800.0,1.9600000381469727
2012-10-02,2.0,1.8799999952316284,2.0,1.9299999475479126,76500.0,1.9299999475479126
2012-10-03,1.9700000286102295,1.840000033378601,1.909999966621399,1.8799999952316284,82900.0,1.8799999952316284
2012-10-04,1.9800000190734863,1.8700000047683716,1.8799999952316284,1.9800000190734863,49000.0,1.9800000190734863
2012-10-05,2.0899999141693115,1.9500000476837158,1.9500000476837158,2.0899999141693115,210400.0,2.0899999141693115
2012-10-08,2.119999885559082,1.9800000190734863,2.0899999141693115,2.059999942779541,85000.0,2.059999942779541
2012-10-09,2.0799999237060547,2.009999990463257,2.0799999237060547,2.009999990463257,39100.0,2.009999990463257
2012-10-10,2.049999952316284,1.9500000476837158,2.009999990463257,2.009999990463257,46200.0,2.009999990463257
2012-10-11,2.0399999618530273,1.9299999475479126,2.0299999713897705,1.940000057220459,73500.0,1.940000057220459
2012-10-12,2.0,1.8799999952316284,1.9299999475479126,1.9500000476837158,75200.0,1.9500000476837158
2012-10-15,2.069999933242798,1.9199999570846558,1.9199999570846558,1.9800000190734863,47900.0,1.9800000190734863
2012-10-16,1.9800000190734863,1.809999942779541,1.9800000190734863,1.8899999856948853,128600.0,1.8899999856948853
2012-10-17,1.8700000047683716,1.7400000095367432,1.8700000047683716,1.850000023841858,127600.0,1.850000023841858
2012-10-18,1.8700000047683716,1.75,1.850000023841858,1.8200000524520874,80800.0,1.8200000524520874
2012-10-19,1.8200000524520874,1.7200000286102295,1.8200000524520874,1.7799999713897705,263800.0,1.7799999713897705
2012-10-22,1.9299999475479126,1.7599999904632568,1.7599999904632568,1.909999966621399,162500.0,1.909999966621399
2012-10-23,1.9700000286102295,1.850000023841858,1.9299999475479126,1.899999976158142,50800.0,1.899999976158142
2012-10-24,2.049999952316284,1.7999999523162842,1.9299999475479126,1.9299999475479126,32200.0,1.9299999475479126
2012-10-25,2.009999990463257,1.8899999856948853,1.909999966621399,2.0,133800.0,2.0
2012-10-26,2.0799999237060547,1.940000057220459,1.9800000190734863,2.059999942779541,91900.0,2.059999942779541
2012-10-31,2.0899999141693115,1.8200000524520874,2.069999933242798,2.0,78800.0,2.0
2012-11-01,2.4200000762939453,1.8600000143051147,2.0,2.299999952316284,283100.0,2.299999952316284
2012-11-02,3.0899999141693115,2.4700000286102295,2.5,2.7799999713897705,2954000.0,2.7799999713897705
2012-11-05,2.759999990463257,2.490000009536743,2.6600000858306885,2.6600000858306885,607100.0,2.6600000858306885
2012-11-06,2.7699999809265137,2.5999999046325684,2.7100000381469727,2.759999990463257,176100.0,2.759999990463257
2012-11-07,2.75,2.4700000286102295,2.7200000286102295,2.740000009536743,135600.0,2.740000009536743
2012-11-08,2.75,2.640000104904175,2.680000066757202,2.75,124400.0,2.75
2012-11-09,2.7699999809265137,2.5899999141693115,2.7200000286102295,2.680000066757202,142000.0,2.680000066757202
2012-11-12,2.7300000190734863,2.5799999237060547,2.7300000190734863,2.5799999237060547,145300.0,2.5799999237060547
2012-11-13,2.809999942779541,2.559999942779541,2.559999942779541,2.7799999713897705,292000.0,2.7799999713897705
2012-11-14,2.880000114440918,2.7799999713897705,2.7799999713897705,2.8499999046325684,226400.0,2.8499999046325684
2012-11-15,2.869999885559082,2.6600000858306885,2.869999885559082,2.75,157100.0,2.75
2012-11-16,2.7799999713897705,2.559999942779541,2.700000047683716,2.609999895095825,234600.0,2.609999895095825
2012-11-19,2.690000057220459,2.569999933242798,2.609999895095825,2.640000104904175,128000.0,2.640000104904175
2012-11-20,2.740000009536743,2.569999933242798,2.609999895095825,2.619999885559082,167000.0,2.619999885559082
2012-11-21,2.6600000858306885,2.5899999141693115,2.5899999141693115,2.619999885559082,115000.0,2.619999885559082
2012-11-23,2.6500000953674316,2.5999999046325684,2.609999895095825,2.630000114440918,38700.0,2.630000114440918
2012-11-26,2.6600000858306885,2.509999990463257,2.630000114440918,2.5999999046325684,70700.0,2.5999999046325684
2012-11-27,2.630000114440918,2.509999990463257,2.569999933242798,2.5799999237060547,149400.0,2.5799999237060547
2012-11-28,2.630000114440918,2.490000009536743,2.549999952316284,2.619999885559082,135800.0,2.619999885559082
2012-11-29,2.740000009536743,2.559999942779541,2.5899999141693115,2.680000066757202,65200.0,2.680000066757202
2012-11-30,2.950000047683716,2.700000047683716,2.940000057220459,2.759999990463257,233200.0,2.759999990463257
2012-12-03,2.9000000953674316,2.609999895095825,2.7200000286102295,2.859999895095825,269500.0,2.859999895095825
2012-12-04,2.8399999141693115,2.7200000286102295,2.8399999141693115,2.7799999713897705,72600.0,2.7799999713897705
2012-12-05,2.759999990463257,2.609999895095825,2.7300000190734863,2.6500000953674316,154200.0,2.6500000953674316
2012-12-06,2.7100000381469727,2.549999952316284,2.609999895095825,2.6500000953674316,176900.0,2.6500000953674316
2012-12-07,2.740000009536743,2.549999952316284,2.619999885559082,2.7100000381469727,94800.0,2.7100000381469727
2012-12-10,2.740000009536743,2.630000114440918,2.7200000286102295,2.690000057220459,130700.0,2.690000057220459
2012-12-11,2.7100000381469727,2.559999942779541,2.6600000858306885,2.690000057220459,145400.0,2.690000057220459
2012-12-12,2.7300000190734863,2.640000104904175,2.6600000858306885,2.7200000286102295,85200.0,2.7200000286102295
2012-12-13,2.759999990463257,2.5999999046325684,2.680000066757202,2.6500000953674316,95400.0,2.6500000953674316
2012-12-14,2.6600000858306885,2.5999999046325684,2.630000114440918,2.630000114440918,49200.0,2.630000114440918
2012-12-17,2.7200000286102295,2.609999895095825,2.6500000953674316,2.640000104904175,52500.0,2.640000104904175
2012-12-18,2.700000047683716,2.619999885559082,2.630000114440918,2.619999885559082,57600.0,2.619999885559082
2012-12-19,2.6700000762939453,2.569999933242798,2.609999895095825,2.5799999237060547,73800.0,2.5799999237060547
2012-12-20,2.630000114440918,2.549999952316284,2.549999952316284,2.5999999046325684,62600.0,2.5999999046325684
2012-12-21,2.619999885559082,2.490000009536743,2.5799999237060547,2.490000009536743,175500.0,2.490000009536743
2012-12-24,2.5999999046325684,2.490000009536743,2.490000009536743,2.5399999618530273,28800.0,2.5399999618530273
2012-12-26,2.7300000190734863,2.490000009536743,2.549999952316284,2.7200000286102295,83700.0,2.7200000286102295
2012-12-27,2.759999990463257,2.5,2.680000066757202,2.609999895095825,112500.0,2.609999895095825
2012-12-28,2.700000047683716,2.5899999141693115,2.5999999046325684,2.680000066757202,52600.0,2.680000066757202
2012-12-31,2.700000047683716,2.609999895095825,2.640000104904175,2.700000047683716,70500.0,2.700000047683716
2013-01-02,2.7799999713897705,2.680000066757202,2.7200000286102295,2.75,111400.0,2.75
2013-01-03,2.9700000286102295,2.700000047683716,2.700000047683716,2.9000000953674316,149600.0,2.9000000953674316
2013-01-04,3.0,2.859999895095825,2.890000104904175,2.9800000190734863,84400.0,2.9800000190734863
2013-01-07,3.0299999713897705,2.8299999237060547,3.0,3.0299999713897705,78500.0,3.0299999713897705
2013-01-08,3.130000114440918,2.950000047683716,2.9800000190734863,3.0999999046325684,327100.0,3.0999999046325684
2013-01-09,3.1600000858306885,3.0299999713897705,3.130000114440918,3.059999942779541,112100.0,3.059999942779541
2013-01-10,3.059999942779541,2.950000047683716,3.0299999713897705,2.950000047683716,48100.0,2.950000047683716
2013-01-11,3.069999933242798,2.9600000381469727,3.0,3.0,26600.0,3.0
2013-01-14,3.009999990463257,2.9000000953674316,2.9800000190734863,2.9200000762939453,17800.0,2.9200000762939453
2013-01-15,3.0,2.880000114440918,2.9600000381469727,2.930000066757202,41300.0,2.930000066757202
2013-01-16,2.9800000190734863,2.819999933242798,2.9800000190734863,2.8499999046325684,57800.0,2.8499999046325684
2013-01-17,2.990000009536743,2.8399999141693115,2.880000114440918,2.880000114440918,41300.0,2.880000114440918
2013-01-18,2.950000047683716,2.8299999237060547,2.8299999237060547,2.930000066757202,28400.0,2.930000066757202
2013-01-22,3.059999942779541,2.9000000953674316,2.950000047683716,2.940000057220459,80400.0,2.940000057220459
2013-01-23,2.9800000190734863,2.8499999046325684,2.9100000858306885,2.890000104904175,71700.0,2.890000104904175
2013-01-24,2.9600000381469727,2.8299999237060547,2.8499999046325684,2.9000000953674316,71400.0,2.9000000953674316
2013-01-25,2.9600000381469727,2.859999895095825,2.9000000953674316,2.869999885559082,51400.0,2.869999885559082
2013-01-28,2.940000057220459,2.759999990463257,2.859999895095825,2.890000104904175,76100.0,2.890000104904175
2013-01-29,2.940000057220459,2.8299999237060547,2.9200000762939453,2.9200000762939453,39700.0,2.9200000762939453
2013-01-30,2.9100000858306885,2.8299999237060547,2.9100000858306885,2.9000000953674316,19900.0,2.9000000953674316
2013-01-31,2.9200000762939453,2.8499999046325684,2.9000000953674316,2.890000104904175,58700.0,2.890000104904175
2013-02-01,2.9100000858306885,2.799999952316284,2.9100000858306885,2.869999885559082,33300.0,2.869999885559082
2013-02-04,2.9100000858306885,2.8299999237060547,2.859999895095825,2.859999895095825,18700.0,2.859999895095825
2013-02-05,2.9100000858306885,2.75,2.8399999141693115,2.7799999713897705,71100.0,2.7799999713897705
2013-02-06,2.809999942779541,2.740000009536743,2.7699999809265137,2.799999952316284,41500.0,2.799999952316284
2013-02-07,2.809999942779541,2.740000009536743,2.7699999809265137,2.799999952316284,29600.0,2.799999952316284
2013-02-08,2.799999952316284,2.740000009536743,2.7799999713897705,2.75,25100.0,2.75
2013-02-11,2.7699999809265137,2.630000114440918,2.7699999809265137,2.700000047683716,56100.0,2.700000047683716
2013-02-12,2.7799999713897705,2.609999895095825,2.6600000858306885,2.7799999713897705,46700.0,2.7799999713897705
2013-02-13,2.9000000953674316,2.7300000190734863,2.7300000190734863,2.9000000953674316,40600.0,2.9000000953674316
2013-02-14,3.069999933242798,2.880000114440918,3.0,2.990000009536743,419000.0,2.990000009536743
2013-02-15,3.0199999809265137,2.930000066757202,2.950000047683716,3.0199999809265137,89500.0,3.0199999809265137
2013-02-19,3.059999942779541,2.940000057220459,3.0,3.059999942779541,58600.0,3.059999942779541
2013-02-20,3.059999942779541,2.990000009536743,3.049999952316284,3.049999952316284,64600.0,3.049999952316284
2013-02-21,3.0999999046325684,2.930000066757202,3.0299999713897705,3.0999999046325684,71900.0,3.0999999046325684
2013-02-22,3.130000114440918,3.0,3.0899999141693115,3.059999942779541,89200.0,3.059999942779541
2013-02-25,3.049999952316284,2.940000057220459,3.049999952316284,2.9700000286102295,82200.0,2.9700000286102295
2013-02-26,3.0,2.880000114440918,2.990000009536743,2.9800000190734863,51000.0,2.9800000190734863
2013-02-27,3.0,2.9000000953674316,2.9700000286102295,2.940000057220459,61500.0,2.940000057220459
2013-02-28,3.0,2.869999885559082,3.0,3.0,74600.0,3.0
2013-03-01,2.9700000286102295,2.869999885559082,2.9600000381469727,2.940000057220459,23600.0,2.940000057220459
2013-03-04,2.9000000953674316,2.819999933242798,2.9000000953674316,2.869999885559082,45600.0,2.869999885559082
2013-03-05,2.9000000953674316,2.7300000190734863,2.859999895095825,2.799999952316284,54200.0,2.799999952316284
2013-03-06,2.809999942779541,2.75,2.7799999713897705,2.809999942779541,47000.0,2.809999942779541
2013-03-07,2.8399999141693115,2.75,2.7799999713897705,2.7699999809265137,17000.0,2.7699999809265137
2013-03-08,2.9100000858306885,2.75,2.75,2.869999885559082,36400.0,2.869999885559082
2013-03-11,2.9100000858306885,2.819999933242798,2.8499999046325684,2.9100000858306885,21600.0,2.9100000858306885
2013-03-12,2.940000057220459,2.8299999237060547,2.880000114440918,2.869999885559082,74500.0,2.869999885559082
2013-03-13,2.9200000762939453,2.609999895095825,2.869999885559082,2.700000047683716,113800.0,2.700000047683716
2013-03-14,2.7699999809265137,2.640000104904175,2.6700000762939453,2.680000066757202,68600.0,2.680000066757202
2013-03-15,2.7799999713897705,2.5999999046325684,2.609999895095825,2.7300000190734863,72800.0,2.7300000190734863
2013-03-18,2.7699999809265137,2.609999895095825,2.7100000381469727,2.7200000286102295,49900.0,2.7200000286102295
2013-03-19,2.75,2.619999885559082,2.690000057220459,2.6700000762939453,48500.0,2.6700000762939453
2013-03-20,2.690000057220459,2.619999885559082,2.6500000953674316,2.6600000858306885,68700.0,2.6600000858306885
2013-03-21,2.75,2.6500000953674316,2.6600000858306885,2.680000066757202,14200.0,2.680000066757202
2013-03-22,2.690000057220459,2.569999933242798,2.690000057220459,2.6500000953674316,44100.0,2.6500000953674316
2013-03-25,2.700000047683716,2.369999885559082,2.619999885559082,2.5,222500.0,2.5
2013-03-26,2.5399999618530273,2.380000114440918,2.440000057220459,2.490000009536743,50600.0,2.490000009536743
2013-03-27,2.5,2.3299999237060547,2.440000057220459,2.4200000762939453,83600.0,2.4200000762939453
2013-03-28,2.5199999809265137,2.450000047683716,2.450000047683716,2.5199999809265137,56200.0,2.5199999809265137
2013-04-01,2.4700000286102295,2.2699999809265137,2.4700000286102295,2.309999942779541,128000.0,2.309999942779541
2013-04-02,2.369999885559082,2.309999942779541,2.319999933242798,2.309999942779541,34100.0,2.309999942779541
2013-04-03,2.3499999046325684,2.2300000190734863,2.3299999237060547,2.2799999713897705,94700.0,2.2799999713897705
2013-04-04,2.309999942779541,1.9900000095367432,2.309999942779541,2.130000114440918,227000.0,2.130000114440918
2013-04-05,2.140000104904175,1.940000057220459,2.0799999237060547,1.940000057220459,493100.0,1.940000057220459
2013-04-08,2.109999895095825,1.8300000429153442,1.909999966621399,2.0899999141693115,206000.0,2.0899999141693115
2013-04-09,2.1700000762939453,2.059999942779541,2.0999999046325684,2.059999942779541,62500.0,2.059999942779541
2013-04-10,2.0899999141693115,1.9800000190734863,2.059999942779541,2.059999942779541,96800.0,2.059999942779541
2013-04-11,2.180000066757202,2.0399999618530273,2.0799999237060547,2.180000066757202,1701300.0,2.180000066757202
2013-04-12,2.2699999809265137,2.1500000953674316,2.1500000953674316,2.180000066757202,81600.0,2.180000066757202
2013-04-15,2.2300000190734863,2.069999933242798,2.2100000381469727,2.1500000953674316,89500.0,2.1500000953674316
2013-04-16,2.1600000858306885,2.0799999237060547,2.119999885559082,2.109999895095825,55100.0,2.109999895095825
2013-04-17,2.109999895095825,2.0,2.109999895095825,2.109999895095825,87300.0,2.109999895095825
2013-04-18,2.140000104904175,1.899999976158142,2.119999885559082,2.0999999046325684,135500.0,2.0999999046325684
2013-04-19,2.200000047683716,2.059999942779541,2.0999999046325684,2.180000066757202,54600.0,2.180000066757202
2013-04-22,2.1700000762939453,2.0999999046325684,2.119999885559082,2.119999885559082,28900.0,2.119999885559082
2013-04-23,2.2200000286102295,2.069999933242798,2.1500000953674316,2.140000104904175,31500.0,2.140000104904175
2013-04-24,2.1500000953674316,2.0799999237060547,2.0999999046325684,2.1500000953674316,45800.0,2.1500000953674316
2013-04-25,2.2200000286102295,2.109999895095825,2.190000057220459,2.190000057220459,77300.0,2.190000057220459
2013-04-26,2.2200000286102295,2.130000114440918,2.1700000762939453,2.1600000858306885,28500.0,2.1600000858306885
2013-04-29,2.2799999713897705,2.1700000762939453,2.25,2.2200000286102295,112100.0,2.2200000286102295
2013-04-30,2.3499999046325684,2.2300000190734863,2.25,2.240000009536743,143900.0,2.240000009536743
2013-05-01,2.2899999618530273,2.1700000762939453,2.259999990463257,2.200000047683716,77600.0,2.200000047683716
2013-05-02,2.4000000953674316,2.180000066757202,2.2100000381469727,2.2100000381469727,80400.0,2.2100000381469727
2013-05-03,2.299999952316284,2.2100000381469727,2.2100000381469727,2.259999990463257,39600.0,2.259999990463257
2013-05-06,2.2799999713897705,2.2100000381469727,2.259999990463257,2.2300000190734863,37900.0,2.2300000190734863
2013-05-07,2.2699999809265137,2.2200000286102295,2.2300000190734863,2.259999990463257,54500.0,2.259999990463257
2013-05-08,2.2899999618530273,2.200000047683716,2.259999990463257,2.2899999618530273,54000.0,2.2899999618530273
2013-05-09,2.2899999618530273,2.240000009536743,2.2899999618530273,2.2799999713897705,20700.0,2.2799999713897705
2013-05-10,2.2799999713897705,2.240000009536743,2.259999990463257,2.259999990463257,46800.0,2.259999990463257
2013-05-13,2.2899999618530273,2.2200000286102295,2.2200000286102295,2.25,38400.0,2.25
2013-05-14,2.2899999618530273,2.2100000381469727,2.2699999809265137,2.2899999618530273,68800.0,2.2899999618530273
2013-05-15,2.2799999713897705,2.240000009536743,2.259999990463257,2.2799999713897705,38600.0,2.2799999713897705
2013-05-16,2.2799999713897705,2.2100000381469727,2.259999990463257,2.25,67400.0,2.25
2013-05-17,2.2799999713897705,2.25,2.25,2.2799999713897705,67900.0,2.2799999713897705
2013-05-20,2.2799999713897705,2.200000047683716,2.259999990463257,2.25,44700.0,2.25
2013-05-21,2.299999952316284,2.190000057220459,2.240000009536743,2.2899999618530273,58600.0,2.2899999618530273
2013-05-22,2.3499999046325684,2.25,2.319999933242798,2.25,97000.0,2.25
2013-05-23,2.2699999809265137,2.2200000286102295,2.2300000190734863,2.240000009536743,42900.0,2.240000009536743
2013-05-24,2.3399999141693115,2.2300000190734863,2.25,2.2300000190734863,49300.0,2.2300000190734863
2013-05-28,2.3399999141693115,2.259999990463257,2.2699999809265137,2.319999933242798,181300.0,2.319999933242798
2013-05-29,2.4200000762939453,2.309999942779541,2.3299999237060547,2.3299999237060547,115100.0,2.3299999237060547
2013-05-30,2.390000104904175,2.3299999237060547,2.3299999237060547,2.3399999141693115,85300.0,2.3399999141693115
2013-05-31,2.430000066757202,2.2799999713897705,2.4000000953674316,2.3399999141693115,218000.0,2.3399999141693115
2013-06-03,2.369999885559082,2.299999952316284,2.3499999046325684,2.299999952316284,74800.0,2.299999952316284
2013-06-04,2.3499999046325684,2.25,2.299999952316284,2.259999990463257,205300.0,2.259999990463257
2013-06-05,2.319999933242798,2.1700000762939453,2.2799999713897705,2.1700000762939453,73900.0,2.1700000762939453
2013-06-06,2.309999942779541,2.049999952316284,2.130000114440918,2.2699999809265137,493000.0,2.2699999809265137
2013-06-07,2.309999942779541,2.180000066757202,2.259999990463257,2.2699999809265137,57200.0,2.2699999809265137
2013-06-10,2.309999942779541,2.25,2.309999942779541,2.2699999809265137,92400.0,2.2699999809265137
2013-06-11,2.259999990463257,2.0999999046325684,2.259999990463257,2.190000057220459,193900.0,2.190000057220459
2013-06-12,2.2699999809265137,2.190000057220459,2.190000057220459,2.2100000381469727,61300.0,2.2100000381469727
2013-06-13,2.25,2.1500000953674316,2.2300000190734863,2.1700000762939453,39800.0,2.1700000762939453
2013-06-14,2.2200000286102295,2.1700000762939453,2.1700000762939453,2.1700000762939453,37700.0,2.1700000762939453
2013-06-17,2.25,2.1600000858306885,2.180000066757202,2.200000047683716,69700.0,2.200000047683716
2013-06-18,2.2899999618530273,2.190000057220459,2.2100000381469727,2.2899999618530273,80500.0,2.2899999618530273
2013-06-19,2.309999942779541,2.240000009536743,2.259999990463257,2.309999942779541,27100.0,2.309999942779541
2013-06-20,2.299999952316284,2.240000009536743,2.259999990463257,2.2699999809265137,31900.0,2.2699999809265137
2013-06-21,2.1700000762939453,2.049999952316284,2.130000114440918,2.0899999141693115,349900.0,2.0899999141693115
2013-06-24,2.1500000953674316,2.059999942779541,2.109999895095825,2.119999885559082,55900.0,2.119999885559082
2013-06-25,2.1600000858306885,2.0299999713897705,2.1500000953674316,2.059999942779541,36200.0,2.059999942779541
2013-06-26,2.109999895095825,2.0399999618530273,2.059999942779541,2.109999895095825,64400.0,2.109999895095825
2013-06-27,2.109999895095825,1.9600000381469727,2.0999999046325684,2.109999895095825,246700.0,2.109999895095825
2013-06-28,2.0999999046325684,2.0,2.0799999237060547,2.0799999237060547,3322600.0,2.0799999237060547
2013-07-01,2.200000047683716,2.0,2.059999942779541,2.130000114440918,165900.0,2.130000114440918
2013-07-02,2.299999952316284,2.140000104904175,2.1600000858306885,2.190000057220459,153300.0,2.190000057220459
2013-07-03,2.200000047683716,2.109999895095825,2.180000066757202,2.200000047683716,59800.0,2.200000047683716
2013-07-05,2.2300000190734863,2.119999885559082,2.2300000190734863,2.190000057220459,57900.0,2.190000057220459
2013-07-08,2.2300000190734863,2.1500000953674316,2.190000057220459,2.1700000762939453,114200.0,2.1700000762939453
2013-07-09,2.25,2.1500000953674316,2.1600000858306885,2.2300000190734863,159900.0,2.2300000190734863
2013-07-10,2.259999990463257,2.2300000190734863,2.2300000190734863,2.25,97000.0,2.25
2013-07-11,2.2799999713897705,2.180000066757202,2.259999990463257,2.2300000190734863,140000.0,2.2300000190734863
2013-07-12,2.259999990463257,2.130000114440918,2.2100000381469727,2.240000009536743,130900.0,2.240000009536743
2013-07-15,2.2699999809265137,2.2200000286102295,2.2300000190734863,2.240000009536743,37600.0,2.240000009536743
2013-07-16,2.25,2.1600000858306885,2.240000009536743,2.200000047683716,81100.0,2.200000047683716
2013-07-17,2.259999990463257,2.1600000858306885,2.2100000381469727,2.2200000286102295,71800.0,2.2200000286102295
2013-07-18,2.259999990463257,2.2100000381469727,2.2200000286102295,2.240000009536743,85200.0,2.240000009536743
2013-07-19,2.2799999713897705,2.200000047683716,2.240000009536743,2.2699999809265137,98200.0,2.2699999809265137
2013-07-22,2.2799999713897705,2.2300000190734863,2.2699999809265137,2.2300000190734863,43600.0,2.2300000190734863
2013-07-23,2.259999990463257,2.2100000381469727,2.25,2.240000009536743,92300.0,2.240000009536743
2013-07-24,2.25,2.1700000762939453,2.240000009536743,2.190000057220459,146600.0,2.190000057220459
2013-07-25,2.2699999809265137,2.190000057220459,2.200000047683716,2.200000047683716,129200.0,2.200000047683716
2013-07-26,2.2699999809265137,2.190000057220459,2.190000057220459,2.240000009536743,40300.0,2.240000009536743
2013-07-29,2.25,2.130000114440918,2.2300000190734863,2.140000104904175,91700.0,2.140000104904175
2013-07-30,2.2200000286102295,2.140000104904175,2.1600000858306885,2.180000066757202,63800.0,2.180000066757202
2013-07-31,2.240000009536743,2.1500000953674316,2.200000047683716,2.180000066757202,18600.0,2.180000066757202
2013-08-01,2.25,2.180000066757202,2.2100000381469727,2.2100000381469727,22000.0,2.2100000381469727
2013-08-02,2.2300000190734863,2.180000066757202,2.180000066757202,2.2200000286102295,79900.0,2.2200000286102295
2013-08-05,2.759999990463257,2.1600000858306885,2.2300000190734863,2.5299999713897705,1311600.0,2.5299999713897705
2013-08-06,2.630000114440918,2.4600000381469727,2.630000114440918,2.490000009536743,342800.0,2.490000009536743
2013-08-07,2.5,2.4000000953674316,2.5,2.4200000762939453,68600.0,2.4200000762939453
2013-08-08,2.4700000286102295,2.369999885559082,2.4700000286102295,2.4100000858306885,66600.0,2.4100000858306885
2013-08-09,2.4700000286102295,2.369999885559082,2.4000000953674316,2.4000000953674316,87400.0,2.4000000953674316
2013-08-12,2.490000009536743,2.309999942779541,2.380000114440918,2.3499999046325684,117700.0,2.3499999046325684
2013-08-13,2.3499999046325684,2.299999952316284,2.3499999046325684,2.319999933242798,53300.0,2.319999933242798
2013-08-14,2.390000104904175,2.3299999237060547,2.3299999237060547,2.380000114440918,27600.0,2.380000114440918
2013-08-15,2.4100000858306885,2.319999933242798,2.3499999046325684,2.380000114440918,42300.0,2.380000114440918
2013-08-16,2.380000114440918,2.3499999046325684,2.369999885559082,2.3499999046325684,27300.0,2.3499999046325684
2013-08-19,2.359999895095825,2.299999952316284,2.3399999141693115,2.299999952316284,32100.0,2.299999952316284
2013-08-20,2.390000104904175,2.299999952316284,2.3499999046325684,2.299999952316284,30800.0,2.299999952316284
2013-08-21,2.3399999141693115,2.240000009536743,2.2799999713897705,2.2699999809265137,42400.0,2.2699999809265137
2013-08-22,2.380000114440918,2.259999990463257,2.259999990463257,2.380000114440918,52400.0,2.380000114440918
2013-08-23,2.5999999046325684,2.4000000953674316,2.4200000762939453,2.5399999618530273,160200.0,2.5399999618530273
2013-08-26,2.619999885559082,2.5,2.5399999618530273,2.5799999237060547,75700.0,2.5799999237060547
2013-08-27,2.5999999046325684,2.450000047683716,2.5399999618530273,2.4600000381469727,72600.0,2.4600000381469727
2013-08-28,2.5799999237060547,2.4200000762939453,2.4600000381469727,2.509999990463257,65800.0,2.509999990463257
2013-08-29,2.559999942779541,2.4600000381469727,2.509999990463257,2.5,44500.0,2.5
2013-08-30,2.5,2.4100000858306885,2.5,2.440000057220459,25700.0,2.440000057220459
2013-09-03,2.549999952316284,2.3499999046325684,2.5,2.380000114440918,34700.0,2.380000114440918
2013-09-04,2.4700000286102295,2.359999895095825,2.359999895095825,2.4200000762939453,33900.0,2.4200000762939453
2013-09-05,2.5,2.4000000953674316,2.4000000953674316,2.4600000381469727,22100.0,2.4600000381469727
2013-09-06,2.559999942779541,2.4800000190734863,2.490000009536743,2.509999990463257,126500.0,2.509999990463257
2013-09-09,2.680000066757202,2.509999990463257,2.5199999809265137,2.619999885559082,211200.0,2.619999885559082
2013-09-10,2.6500000953674316,2.5399999618530273,2.640000104904175,2.5799999237060547,78500.0,2.5799999237060547
2013-09-11,2.640000104904175,2.4200000762939453,2.5999999046325684,2.5999999046325684,149700.0,2.5999999046325684
2013-09-12,2.609999895095825,2.549999952316284,2.609999895095825,2.559999942779541,13800.0,2.559999942779541
2013-09-13,2.5899999141693115,2.5199999809265137,2.549999952316284,2.549999952316284,20300.0,2.549999952316284
2013-09-16,2.5799999237060547,2.5,2.5399999618530273,2.5399999618530273,30900.0,2.5399999618530273
2013-09-17,2.5199999809265137,2.390000104904175,2.4800000190734863,2.5,80400.0,2.5
2013-09-18,2.559999942779541,2.5,2.5,2.509999990463257,67900.0,2.509999990463257
2013-09-19,2.5,2.4600000381469727,2.4800000190734863,2.5,18500.0,2.5
2013-09-20,2.5199999809265137,2.490000009536743,2.5,2.5199999809265137,19100.0,2.5199999809265137
2013-09-23,2.5399999618530273,2.5,2.5,2.5399999618530273,16900.0,2.5399999618530273
2013-09-24,2.5399999618530273,2.4200000762939453,2.5199999809265137,2.5199999809265137,37900.0,2.5199999809265137
2013-09-25,2.549999952316284,2.490000009536743,2.5199999809265137,2.509999990463257,39600.0,2.509999990463257
2013-09-26,2.5399999618530273,2.490000009536743,2.5,2.5399999618530273,18400.0,2.5399999618530273
2013-09-27,2.549999952316284,2.450000047683716,2.509999990463257,2.5199999809265137,164000.0,2.5199999809265137
2013-09-30,2.5799999237060547,2.490000009536743,2.490000009536743,2.5199999809265137,39300.0,2.5199999809265137
2013-10-01,2.5799999237060547,2.4600000381469727,2.5,2.509999990463257,60100.0,2.509999990463257
2013-10-02,2.5299999713897705,2.450000047683716,2.4700000286102295,2.5299999713897705,43300.0,2.5299999713897705
2013-10-03,2.5199999809265137,2.450000047683716,2.509999990463257,2.5,21500.0,2.5
2013-10-04,2.5299999713897705,2.5,2.509999990463257,2.5199999809265137,61300.0,2.5199999809265137
2013-10-07,2.5299999713897705,2.490000009536743,2.5199999809265137,2.5199999809265137,58400.0,2.5199999809265137
2013-10-08,2.5399999618530273,2.4100000858306885,2.5399999618530273,2.490000009536743,206800.0,2.490000009536743
2013-10-09,2.5199999809265137,2.4200000762939453,2.4700000286102295,2.5,34000.0,2.5
2013-10-10,2.5399999618530273,2.430000066757202,2.509999990463257,2.5,101100.0,2.5
2013-10-11,2.5299999713897705,2.450000047683716,2.4700000286102295,2.450000047683716,54100.0,2.450000047683716
2013-10-14,2.5199999809265137,2.390000104904175,2.450000047683716,2.4600000381469727,77000.0,2.4600000381469727
2013-10-15,2.4800000190734863,2.309999942779541,2.4000000953674316,2.4200000762939453,43900.0,2.4200000762939453
2013-10-16,2.4700000286102295,2.359999895095825,2.4200000762939453,2.4000000953674316,48200.0,2.4000000953674316
2013-10-17,2.430000066757202,2.25,2.3499999046325684,2.430000066757202,83400.0,2.430000066757202
2013-10-18,2.4700000286102295,2.390000104904175,2.430000066757202,2.440000057220459,90000.0,2.440000057220459
2013-10-21,2.4600000381469727,2.380000114440918,2.4200000762939453,2.440000057220459,97500.0,2.440000057220459
2013-10-22,2.430000066757202,2.369999885559082,2.430000066757202,2.430000066757202,57900.0,2.430000066757202
2013-10-23,2.450000047683716,2.4000000953674316,2.4100000858306885,2.450000047683716,185800.0,2.450000047683716
2013-10-24,2.4700000286102295,2.369999885559082,2.450000047683716,2.430000066757202,555300.0,2.430000066757202
2013-10-25,2.430000066757202,2.309999942779541,2.4200000762939453,2.380000114440918,332500.0,2.380000114440918
2013-10-28,2.5,2.359999895095825,2.359999895095825,2.4800000190734863,42500.0,2.4800000190734863
2013-10-29,2.5,2.3399999141693115,2.390000104904175,2.369999885559082,283000.0,2.369999885559082
2013-10-30,2.450000047683716,2.2799999713897705,2.369999885559082,2.430000066757202,114300.0,2.430000066757202
2013-10-31,2.5,2.4100000858306885,2.4100000858306885,2.490000009536743,81200.0,2.490000009536743
2013-11-01,2.5,2.4000000953674316,2.490000009536743,2.4600000381469727,147700.0,2.4600000381469727
2013-11-04,2.4800000190734863,2.3399999141693115,2.4800000190734863,2.3499999046325684,217800.0,2.3499999046325684
2013-11-05,2.5,2.3299999237060547,2.3499999046325684,2.4700000286102295,128600.0,2.4700000286102295
2013-11-06,2.4700000286102295,2.4000000953674316,2.4600000381469727,2.4100000858306885,30800.0,2.4100000858306885
2013-11-07,2.450000047683716,2.369999885559082,2.450000047683716,2.450000047683716,34800.0,2.450000047683716
2013-11-08,2.4700000286102295,2.390000104904175,2.430000066757202,2.430000066757202,48500.0,2.430000066757202
2013-11-11,2.4700000286102295,2.359999895095825,2.4600000381469727,2.359999895095825,124000.0,2.359999895095825
2013-11-12,2.4200000762939453,2.299999952316284,2.380000114440918,2.3399999141693115,86700.0,2.3399999141693115
2013-11-13,2.390000104904175,2.3499999046325684,2.3499999046325684,2.359999895095825,20400.0,2.359999895095825
2013-11-14,2.4100000858306885,2.309999942779541,2.3399999141693115,2.3399999141693115,85100.0,2.3399999141693115
2013-11-15,2.4000000953674316,2.2699999809265137,2.2699999809265137,2.359999895095825,112400.0,2.359999895095825
2013-11-18,2.4000000953674316,2.319999933242798,2.3399999141693115,2.359999895095825,41400.0,2.359999895095825
2013-11-19,2.4000000953674316,2.3299999237060547,2.369999885559082,2.390000104904175,82400.0,2.390000104904175
2013-11-20,2.4000000953674316,2.359999895095825,2.359999895095825,2.369999885559082,30700.0,2.369999885559082
2013-11-21,2.4000000953674316,2.359999895095825,2.380000114440918,2.359999895095825,33700.0,2.359999895095825
2013-11-22,2.4000000953674316,2.2899999618530273,2.369999885559082,2.369999885559082,125700.0,2.369999885559082
2013-11-25,2.440000057220459,2.380000114440918,2.380000114440918,2.430000066757202,79500.0,2.430000066757202
2013-11-26,2.450000047683716,2.3399999141693115,2.369999885559082,2.440000057220459,165200.0,2.440000057220459
2013-11-27,2.4700000286102295,2.3399999141693115,2.4200000762939453,2.430000066757202,138900.0,2.430000066757202
2013-11-29,2.4600000381469727,2.4200000762939453,2.450000047683716,2.4600000381469727,28900.0,2.4600000381469727
2013-12-02,2.4700000286102295,2.440000057220459,2.440000057220459,2.4700000286102295,46300.0,2.4700000286102295
2013-12-03,2.4700000286102295,2.4200000762939453,2.4600000381469727,2.4600000381469727,43700.0,2.4600000381469727
2013-12-04,2.4700000286102295,2.390000104904175,2.4700000286102295,2.4100000858306885,152700.0,2.4100000858306885
2013-12-05,2.450000047683716,2.359999895095825,2.4000000953674316,2.4200000762939453,66100.0,2.4200000762939453
2013-12-06,2.450000047683716,2.430000066757202,2.440000057220459,2.450000047683716,81100.0,2.450000047683716
2013-12-09,2.4600000381469727,2.4000000953674316,2.440000057220459,2.440000057220459,118800.0,2.440000057220459
2013-12-10,2.450000047683716,2.390000104904175,2.440000057220459,2.450000047683716,78000.0,2.450000047683716
2013-12-11,2.450000047683716,2.390000104904175,2.430000066757202,2.4100000858306885,50200.0,2.4100000858306885
2013-12-12,2.450000047683716,2.3499999046325684,2.390000104904175,2.430000066757202,138500.0,2.430000066757202
2013-12-13,2.4600000381469727,2.4200000762939453,2.4200000762939453,2.450000047683716,171300.0,2.450000047683716
2013-12-16,2.450000047683716,2.390000104904175,2.450000047683716,2.430000066757202,61600.0,2.430000066757202
2013-12-17,2.450000047683716,2.3299999237060547,2.4200000762939453,2.390000104904175,84700.0,2.390000104904175
2013-12-18,2.5,2.319999933242798,2.4000000953674316,2.450000047683716,284600.0,2.450000047683716
2013-12-19,2.5899999141693115,2.450000047683716,2.450000047683716,2.569999933242798,536400.0,2.569999933242798
2013-12-20,2.740000009536743,2.5799999237060547,2.5899999141693115,2.7100000381469727,514400.0,2.7100000381469727
2013-12-23,2.9000000953674316,2.5999999046325684,2.75,2.8499999046325684,548200.0,2.8499999046325684
2013-12-24,2.9800000190734863,2.8399999141693115,2.880000114440918,2.8499999046325684,245900.0,2.8499999046325684
2013-12-26,2.940000057220459,2.8299999237060547,2.869999885559082,2.890000104904175,117500.0,2.890000104904175
2013-12-27,2.9000000953674316,2.8499999046325684,2.869999885559082,2.880000114440918,70800.0,2.880000114440918
2013-12-30,2.950000047683716,2.799999952316284,2.859999895095825,2.890000104904175,198900.0,2.890000104904175
2013-12-31,2.9800000190734863,2.880000114440918,2.9100000858306885,2.9200000762939453,187700.0,2.9200000762939453
2014-01-02,2.940000057220459,2.880000114440918,2.940000057220459,2.9200000762939453,52900.0,2.9200000762939453
2014-01-03,2.930000066757202,2.859999895095825,2.930000066757202,2.890000104904175,111200.0,2.890000104904175
2014-01-06,3.630000114440918,2.7200000286102295,2.869999885559082,2.75,1363900.0,2.75
2014-01-07,2.990000009536743,2.7699999809265137,2.809999942779541,2.9000000953674316,250800.0,2.9000000953674316
2014-01-08,3.0999999046325684,2.8299999237060547,3.0,2.869999885559082,203700.0,2.869999885559082
2014-01-09,2.9200000762939453,2.8299999237060547,2.859999895095825,2.890000104904175,91900.0,2.890000104904175
2014-01-10,2.9100000858306885,2.859999895095825,2.890000104904175,2.9000000953674316,154800.0,2.9000000953674316
2014-01-13,2.950000047683716,2.819999933242798,2.9100000858306885,2.8499999046325684,112100.0,2.8499999046325684
2014-01-14,2.869999885559082,2.740000009536743,2.859999895095825,2.7799999713897705,137700.0,2.7799999713897705
2014-01-15,2.7699999809265137,2.609999895095825,2.7699999809265137,2.690000057220459,272100.0,2.690000057220459
2014-01-16,2.7799999713897705,2.6500000953674316,2.7100000381469727,2.7799999713897705,368400.0,2.7799999713897705
2014-01-17,2.7799999713897705,2.630000114440918,2.7699999809265137,2.700000047683716,223600.0,2.700000047683716
2014-01-21,2.819999933242798,2.690000057220459,2.7100000381469727,2.799999952316284,194400.0,2.799999952316284
2014-01-22,2.8499999046325684,2.7699999809265137,2.7899999618530273,2.819999933242798,154600.0,2.819999933242798
2014-01-23,2.880000114440918,2.7799999713897705,2.8299999237060547,2.880000114440918,873700.0,2.880000114440918
2014-01-24,2.930000066757202,2.7300000190734863,2.9200000762939453,2.809999942779541,215300.0,2.809999942779541
2014-01-27,2.799999952316284,2.630000114440918,2.799999952316284,2.740000009536743,331700.0,2.740000009536743
2014-01-28,2.890000104904175,2.6500000953674316,2.740000009536743,2.809999942779541,459600.0,2.809999942779541
2014-01-29,2.8399999141693115,2.75,2.7799999713897705,2.7699999809265137,89700.0,2.7699999809265137
2014-01-30,2.869999885559082,2.7300000190734863,2.759999990463257,2.859999895095825,90900.0,2.859999895095825
2014-01-31,2.880000114440918,2.7699999809265137,2.8399999141693115,2.809999942779541,94300.0,2.809999942779541
2014-02-03,2.869999885559082,2.680000066757202,2.8299999237060547,2.75,102200.0,2.75
2014-02-04,3.3399999141693115,2.7300000190734863,2.740000009536743,3.2300000190734863,1218300.0,3.2300000190734863
2014-02-05,3.380000114440918,3.140000104904175,3.25,3.380000114440918,544700.0,3.380000114440918
2014-02-06,3.4000000953674316,3.190000057220459,3.4000000953674316,3.3399999141693115,149800.0,3.3399999141693115
2014-02-07,3.369999885559082,3.259999990463257,3.369999885559082,3.3399999141693115,270900.0,3.3399999141693115
2014-02-10,3.3499999046325684,3.299999952316284,3.3499999046325684,3.3499999046325684,121700.0,3.3499999046325684
2014-02-11,3.3499999046325684,3.2899999618530273,3.3499999046325684,3.3299999237060547,158400.0,3.3299999237060547
2014-02-12,3.3499999046325684,3.2699999809265137,3.309999942779541,3.299999952316284,525600.0,3.299999952316284
2014-02-13,3.3399999141693115,3.2799999713897705,3.309999942779541,3.309999942779541,822300.0,3.309999942779541
2014-02-14,3.3399999141693115,3.2799999713897705,3.2799999713897705,3.3399999141693115,292700.0,3.3399999141693115
2014-02-18,3.5,3.2899999618530273,3.369999885559082,3.4200000762939453,878700.0,3.4200000762939453
2014-02-19,3.5999999046325684,3.359999895095825,3.430000066757202,3.5899999141693115,357500.0,3.5899999141693115
2014-02-20,4.110000133514404,3.5399999618530273,3.619999885559082,4.010000228881836,1621300.0,4.010000228881836
2014-02-21,4.039999961853027,3.8499999046325684,4.010000228881836,3.9100000858306885,635600.0,3.9100000858306885
2014-02-24,4.0,3.7799999713897705,3.940000057220459,3.7799999713897705,628600.0,3.7799999713897705
2014-02-25,3.950000047683716,3.75,3.7699999809265137,3.799999952316284,316400.0,3.799999952316284
2014-02-26,3.940000057220459,3.7899999618530273,3.8299999237060547,3.859999895095825,229300.0,3.859999895095825
2014-02-27,3.8499999046325684,3.609999895095825,3.8399999141693115,3.799999952316284,317000.0,3.799999952316284
2014-02-28,3.890000104904175,3.690000057220459,3.8299999237060547,3.7100000381469727,262800.0,3.7100000381469727
2014-03-03,3.7799999713897705,3.5899999141693115,3.690000057220459,3.5999999046325684,215300.0,3.5999999046325684
2014-03-04,3.680000066757202,3.559999942779541,3.6500000953674316,3.609999895095825,209500.0,3.609999895095825
2014-03-05,3.619999885559082,3.5199999809265137,3.609999895095825,3.559999942779541,261600.0,3.559999942779541
2014-03-06,3.630000114440918,3.5,3.559999942779541,3.559999942779541,224400.0,3.559999942779541
2014-03-07,3.6700000762939453,3.5299999713897705,3.5799999237060547,3.630000114440918,239300.0,3.630000114440918
2014-03-10,3.990000009536743,3.609999895095825,3.619999885559082,3.990000009536743,483400.0,3.990000009536743
2014-03-11,3.9700000286102295,3.6600000858306885,3.9700000286102295,3.8399999141693115,423500.0,3.8399999141693115
2014-03-12,3.930000066757202,3.700000047683716,3.7799999713897705,3.890000104904175,358100.0,3.890000104904175
2014-03-13,3.9600000381469727,3.869999885559082,3.9000000953674316,3.9200000762939453,334800.0,3.9200000762939453
2014-03-14,4.340000152587891,3.8499999046325684,3.890000104904175,4.239999771118164,729700.0,4.239999771118164
2014-03-17,4.320000171661377,4.110000133514404,4.28000020980835,4.199999809265137,268200.0,4.199999809265137
2014-03-18,4.380000114440918,4.190000057220459,4.199999809265137,4.329999923706055,345200.0,4.329999923706055
2014-03-19,4.360000133514404,4.179999828338623,4.329999923706055,4.21999979019165,253700.0,4.21999979019165
2014-03-20,4.300000190734863,4.150000095367432,4.190000057220459,4.25,226300.0,4.25
2014-03-21,4.349999904632568,4.199999809265137,4.289999961853027,4.349999904632568,358600.0,4.349999904632568
2014-03-24,4.340000152587891,4.010000228881836,4.340000152587891,4.03000020980835,261500.0,4.03000020980835
2014-03-25,4.150000095367432,3.9000000953674316,3.9800000190734863,4.079999923706055,232600.0,4.079999923706055
2014-03-26,4.190000057220459,3.75,4.079999923706055,3.940000057220459,243900.0,3.940000057220459
2014-03-27,4.019999980926514,3.8499999046325684,3.940000057220459,3.950000047683716,110400.0,3.950000047683716
2014-03-28,4.059999942779541,3.890000104904175,3.930000066757202,3.9700000286102295,161100.0,3.9700000286102295
2014-03-31,4.179999828338623,3.950000047683716,4.0,4.159999847412109,314700.0,4.159999847412109
2014-04-01,4.289999961853027,4.130000114440918,4.179999828338623,4.289999961853027,375200.0,4.289999961853027
2014-04-02,4.739999771118164,4.28000020980835,4.300000190734863,4.5,1165900.0,4.5
2014-04-03,4.670000076293945,4.309999942779541,4.489999771118164,4.550000190734863,394500.0,4.550000190734863
2014-04-04,4.599999904632568,4.389999866485596,4.579999923706055,4.440000057220459,375300.0,4.440000057220459
2014-04-07,4.539999961853027,4.179999828338623,4.400000095367432,4.199999809265137,499700.0,4.199999809265137
2014-04-08,4.25,4.039999961853027,4.179999828338623,4.070000171661377,379000.0,4.070000171661377
2014-04-09,4.230000019073486,4.0,4.090000152587891,4.110000133514404,519700.0,4.110000133514404
2014-04-10,4.21999979019165,4.03000020980835,4.170000076293945,4.190000057220459,420800.0,4.190000057220459
2014-04-11,4.210000038146973,4.110000133514404,4.159999847412109,4.179999828338623,296000.0,4.179999828338623
2014-04-14,4.28000020980835,4.110000133514404,4.110000133514404,4.199999809265137,254300.0,4.199999809265137
2014-04-15,4.210000038146973,3.9200000762939453,4.210000038146973,4.139999866485596,137600.0,4.139999866485596
2014-04-16,4.309999942779541,4.179999828338623,4.179999828338623,4.309999942779541,229400.0,4.309999942779541
2014-04-17,4.369999885559082,4.25,4.309999942779541,4.289999961853027,116000.0,4.289999961853027
2014-04-21,4.369999885559082,4.179999828338623,4.340000152587891,4.199999809265137,165200.0,4.199999809265137
2014-04-22,4.360000133514404,4.179999828338623,4.179999828338623,4.300000190734863,150800.0,4.300000190734863
2014-04-23,4.380000114440918,4.239999771118164,4.300000190734863,4.289999961853027,121300.0,4.289999961853027
2014-04-24,4.429999828338623,4.230000019073486,4.329999923706055,4.389999866485596,181900.0,4.389999866485596
2014-04-25,4.389999866485596,4.199999809265137,4.380000114440918,4.269999980926514,109100.0,4.269999980926514
2014-04-28,4.300000190734863,3.9700000286102295,4.28000020980835,4.070000171661377,495200.0,4.070000171661377
2014-04-29,4.190000057220459,4.0,4.019999980926514,4.059999942779541,185200.0,4.059999942779541
2014-04-30,4.21999979019165,3.9800000190734863,4.059999942779541,4.199999809265137,188000.0,4.199999809265137
2014-05-01,4.230000019073486,3.990000009536743,4.199999809265137,4.130000114440918,160700.0,4.130000114440918
2014-05-02,4.159999847412109,4.050000190734863,4.130000114440918,4.070000171661377,164300.0,4.070000171661377
2014-05-05,4.079999923706055,3.990000009536743,4.039999961853027,4.019999980926514,56700.0,4.019999980926514
2014-05-06,4.139999866485596,4.0,4.03000020980835,4.019999980926514,180200.0,4.019999980926514
2014-05-07,4.03000020980835,3.630000114440918,4.010000228881836,3.690000057220459,384900.0,3.690000057220459
2014-05-08,3.7200000286102295,3.380000114440918,3.6600000858306885,3.440000057220459,312800.0,3.440000057220459
2014-05-09,3.569999933242798,3.369999885559082,3.440000057220459,3.5399999618530273,183700.0,3.5399999618530273
2014-05-12,3.6700000762939453,3.5399999618530273,3.5399999618530273,3.6600000858306885,148300.0,3.6600000858306885
2014-05-13,3.859999895095825,3.569999933242798,3.569999933242798,3.819999933242798,262800.0,3.819999933242798
2014-05-14,3.869999885559082,3.559999942779541,3.7899999618530273,3.559999942779541,202800.0,3.559999942779541
2014-05-15,3.759999990463257,3.4800000190734863,3.5399999618530273,3.680000066757202,192500.0,3.680000066757202
2014-05-16,3.740000009536743,3.5999999046325684,3.6700000762939453,3.7100000381469727,295600.0,3.7100000381469727
2014-05-19,3.759999990463257,3.640000104904175,3.759999990463257,3.6600000858306885,137200.0,3.6600000858306885
2014-05-20,3.700000047683716,3.509999990463257,3.6500000953674316,3.630000114440918,148200.0,3.630000114440918
2014-05-21,3.680000066757202,3.509999990463257,3.619999885559082,3.559999942779541,107800.0,3.559999942779541
2014-05-22,3.740000009536743,3.569999933242798,3.619999885559082,3.680000066757202,104200.0,3.680000066757202
2014-05-23,3.819999933242798,3.640000104904175,3.680000066757202,3.7899999618530273,127500.0,3.7899999618530273
2014-05-27,3.8399999141693115,3.75,3.799999952316284,3.8399999141693115,104500.0,3.8399999141693115
2014-05-28,3.9800000190734863,3.7899999618530273,3.7899999618530273,3.8499999046325684,139700.0,3.8499999046325684
2014-05-29,3.9100000858306885,3.7300000190734863,3.869999885559082,3.809999942779541,99300.0,3.809999942779541
2014-05-30,4.130000114440918,3.8499999046325684,3.8499999046325684,4.110000133514404,368700.0,4.110000133514404
2014-06-02,4.510000228881836,4.099999904632568,4.150000095367432,4.389999866485596,461400.0,4.389999866485596
2014-06-03,4.53000020980835,4.320000171661377,4.400000095367432,4.53000020980835,247100.0,4.53000020980835
2014-06-04,4.619999885559082,4.460000038146973,4.519999980926514,4.510000228881836,176200.0,4.510000228881836
2014-06-05,4.710000038146973,4.46999979019165,4.46999979019165,4.659999847412109,377300.0,4.659999847412109
2014-06-06,4.800000190734863,4.550000190734863,4.739999771118164,4.619999885559082,276500.0,4.619999885559082
2014-06-09,4.769999980926514,4.519999980926514,4.630000114440918,4.590000152587891,256400.0,4.590000152587891
2014-06-10,4.980000019073486,4.599999904632568,4.96999979019165,4.760000228881836,508300.0,4.760000228881836
2014-06-11,4.829999923706055,4.630000114440918,4.699999809265137,4.809999942779541,344800.0,4.809999942779541
2014-06-12,5.0,4.739999771118164,4.760000228881836,4.889999866485596,315500.0,4.889999866485596
2014-06-13,5.090000152587891,4.829999923706055,4.929999828338623,5.019999980926514,310500.0,5.019999980926514
2014-06-16,5.409999847412109,5.03000020980835,5.079999923706055,5.340000152587891,667000.0,5.340000152587891
2014-06-17,5.53000020980835,5.260000228881836,5.340000152587891,5.329999923706055,569400.0,5.329999923706055
2014-06-18,5.460000038146973,5.230000019073486,5.300000190734863,5.320000171661377,244400.0,5.320000171661377
2014-06-19,5.409999847412109,5.25,5.380000114440918,5.340000152587891,221400.0,5.340000152587891
2014-06-20,5.46999979019165,5.329999923706055,5.409999847412109,5.409999847412109,283300.0,5.409999847412109
2014-06-23,5.5,5.159999847412109,5.5,5.269999980926514,410700.0,5.269999980926514
2014-06-24,5.360000133514404,4.940000057220459,5.28000020980835,4.96999979019165,333600.0,4.96999979019165
2014-06-25,5.21999979019165,4.849999904632568,4.900000095367432,5.050000190734863,481100.0,5.050000190734863
2014-06-26,5.090000152587891,4.880000114440918,5.090000152587891,4.940000057220459,294300.0,4.940000057220459
2014-06-27,5.289999961853027,4.900000095367432,4.929999828338623,4.900000095367432,3911400.0,4.900000095367432
2014-06-30,5.300000190734863,4.849999904632568,4.909999847412109,5.25,835200.0,5.25
2014-07-01,5.400000095367432,5.170000076293945,5.369999885559082,5.21999979019165,403800.0,5.21999979019165
2014-07-02,5.28000020980835,5.170000076293945,5.199999809265137,5.260000228881836,220000.0,5.260000228881836
2014-07-03,5.340000152587891,5.25,5.260000228881836,5.309999942779541,82700.0,5.309999942779541
2014-07-07,5.369999885559082,5.199999809265137,5.289999961853027,5.25,268000.0,5.25
2014-07-08,5.25,4.980000019073486,5.210000038146973,5.179999828338623,293400.0,5.179999828338623
2014-07-09,5.28000020980835,5.090000152587891,5.190000057220459,5.130000114440918,204400.0,5.130000114440918
2014-07-10,5.119999885559082,5.0,5.050000190734863,5.059999942779541,234500.0,5.059999942779541
2014-07-11,5.289999961853027,5.039999961853027,5.039999961853027,5.199999809265137,173300.0,5.199999809265137
2014-07-14,5.300000190734863,5.119999885559082,5.289999961853027,5.179999828338623,199000.0,5.179999828338623
2014-07-15,5.21999979019165,5.039999961853027,5.190000057220459,5.090000152587891,224500.0,5.090000152587891
2014-07-16,5.139999866485596,4.980000019073486,5.130000114440918,5.019999980926514,171500.0,5.019999980926514
2014-07-17,5.110000133514404,4.960000038146973,5.0,4.989999771118164,186300.0,4.989999771118164
2014-07-18,5.130000114440918,4.960000038146973,4.960000038146973,5.03000020980835,153900.0,5.03000020980835
2014-07-21,5.050000190734863,4.900000095367432,4.980000019073486,5.03000020980835,242300.0,5.03000020980835
2014-07-22,5.179999828338623,5.019999980926514,5.059999942779541,5.159999847412109,238800.0,5.159999847412109
2014-07-23,5.320000171661377,5.139999866485596,5.199999809265137,5.239999771118164,386600.0,5.239999771118164
2014-07-24,5.300000190734863,5.070000171661377,5.25,5.130000114440918,282500.0,5.130000114440918
2014-07-25,5.139999866485596,5.0,5.059999942779541,5.010000228881836,258300.0,5.010000228881836
2014-07-28,5.010000228881836,4.679999828338623,5.0,4.739999771118164,337500.0,4.739999771118164
2014-07-29,4.940000057220459,4.760000228881836,4.760000228881836,4.900000095367432,123500.0,4.900000095367432
2014-07-30,5.0,4.860000133514404,4.909999847412109,4.96999979019165,163700.0,4.96999979019165
2014-07-31,4.949999809265137,4.739999771118164,4.909999847412109,4.800000190734863,230900.0,4.800000190734863
2014-08-01,4.860000133514404,4.519999980926514,4.820000171661377,4.610000133514404,267800.0,4.610000133514404
2014-08-04,4.630000114440918,4.369999885559082,4.519999980926514,4.599999904632568,324100.0,4.599999904632568
2014-08-05,4.670000076293945,4.5,4.570000171661377,4.550000190734863,179600.0,4.550000190734863
2014-08-06,5.010000228881836,4.489999771118164,4.5,5.0,370200.0,5.0
2014-08-07,5.150000095367432,4.980000019073486,5.03000020980835,5.039999961853027,278700.0,5.039999961853027
2014-08-08,5.25,5.03000020980835,5.050000190734863,5.170000076293945,367600.0,5.170000076293945
2014-08-11,5.360000133514404,5.110000133514404,5.21999979019165,5.349999904632568,217700.0,5.349999904632568
2014-08-12,5.340000152587891,5.170000076293945,5.309999942779541,5.260000228881836,292700.0,5.260000228881836
2014-08-13,5.420000076293945,5.21999979019165,5.269999980926514,5.25,362000.0,5.25
2014-08-14,5.349999904632568,5.210000038146973,5.239999771118164,5.340000152587891,152900.0,5.340000152587891
2014-08-15,5.400000095367432,5.289999961853027,5.400000095367432,5.349999904632568,168900.0,5.349999904632568
2014-08-18,5.409999847412109,5.28000020980835,5.389999866485596,5.389999866485596,284200.0,5.389999866485596
2014-08-19,5.429999828338623,5.340000152587891,5.369999885559082,5.420000076293945,117100.0,5.420000076293945
2014-08-20,5.5,5.360000133514404,5.400000095367432,5.460000038146973,190700.0,5.460000038146973
2014-08-21,5.449999809265137,5.300000190734863,5.449999809265137,5.400000095367432,175300.0,5.400000095367432
2014-08-22,5.699999809265137,5.329999923706055,5.409999847412109,5.539999961853027,211300.0,5.539999961853027
2014-08-25,5.800000190734863,5.539999961853027,5.539999961853027,5.659999847412109,217700.0,5.659999847412109
2014-08-26,5.949999809265137,5.650000095367432,5.659999847412109,5.900000095367432,264400.0,5.900000095367432
2014-08-27,5.920000076293945,5.760000228881836,5.920000076293945,5.78000020980835,174500.0,5.78000020980835
2014-08-28,5.840000152587891,5.650000095367432,5.769999980926514,5.730000019073486,104100.0,5.730000019073486
2014-08-29,5.960000038146973,5.670000076293945,5.730000019073486,5.949999809265137,194900.0,5.949999809265137
2014-09-02,6.130000114440918,5.889999866485596,5.960000038146973,6.079999923706055,380800.0,6.079999923706055
2014-09-03,6.099999904632568,5.820000171661377,6.099999904632568,5.860000133514404,122400.0,5.860000133514404
2014-09-04,6.050000190734863,5.869999885559082,5.869999885559082,5.929999828338623,157300.0,5.929999828338623
2014-09-05,6.039999961853027,5.800000190734863,5.880000114440918,5.989999771118164,123800.0,5.989999771118164
2014-09-08,6.079999923706055,5.929999828338623,5.96999979019165,6.070000171661377,96100.0,6.070000171661377
2014-09-09,6.130000114440918,5.940000057220459,6.019999980926514,6.010000228881836,120100.0,6.010000228881836
2014-09-10,6.03000020980835,5.840000152587891,6.03000020980835,6.0,280400.0,6.0
2014-09-11,6.010000228881836,5.900000095367432,5.960000038146973,6.0,106700.0,6.0
2014-09-12,6.039999961853027,5.769999980926514,6.019999980926514,5.809999942779541,151700.0,5.809999942779541
2014-09-15,5.849999904632568,5.5,5.820000171661377,5.75,170300.0,5.75
2014-09-16,5.829999923706055,5.679999828338623,5.710000038146973,5.739999771118164,90000.0,5.739999771118164
2014-09-17,5.789999961853027,5.570000171661377,5.760000228881836,5.619999885559082,100200.0,5.619999885559082
2014-09-18,5.710000038146973,5.599999904632568,5.630000114440918,5.639999866485596,157700.0,5.639999866485596
2014-09-19,5.699999809265137,5.159999847412109,5.630000114440918,5.320000171661377,355000.0,5.320000171661377
2014-09-22,5.46999979019165,5.239999771118164,5.360000133514404,5.260000228881836,150700.0,5.260000228881836
2014-09-23,5.309999942779541,4.900000095367432,5.25,4.960000038146973,324000.0,4.960000038146973
2014-09-24,5.21999979019165,4.980000019073486,4.989999771118164,5.199999809265137,194400.0,5.199999809265137
2014-09-25,5.159999847412109,4.96999979019165,5.119999885559082,5.019999980926514,136900.0,5.019999980926514
2014-09-26,5.25,5.010000228881836,5.039999961853027,5.210000038146973,167000.0,5.210000038146973
2014-09-29,5.230000019073486,5.059999942779541,5.119999885559082,5.179999828338623,159400.0,5.179999828338623
2014-09-30,5.329999923706055,5.070000171661377,5.159999847412109,5.150000095367432,364000.0,5.150000095367432
2014-10-01,5.25,5.090000152587891,5.159999847412109,5.130000114440918,178700.0,5.130000114440918
2014-10-02,5.300000190734863,5.099999904632568,5.099999904632568,5.230000019073486,175200.0,5.230000019073486
2014-10-03,5.309999942779541,5.159999847412109,5.28000020980835,5.230000019073486,136400.0,5.230000019073486
2014-10-06,5.28000020980835,5.039999961853027,5.199999809265137,5.139999866485596,187700.0,5.139999866485596
2014-10-07,5.190000057220459,5.010000228881836,5.119999885559082,5.070000171661377,114200.0,5.070000171661377
2014-10-08,5.090000152587891,4.570000171661377,5.03000020980835,4.940000057220459,311200.0,4.940000057220459
2014-10-09,5.019999980926514,4.710000038146973,4.960000038146973,4.769999980926514,201500.0,4.769999980926514
2014-10-10,5.130000114440918,4.650000095367432,4.650000095367432,4.849999904632568,583700.0,4.849999904632568
2014-10-13,4.949999809265137,4.679999828338623,4.849999904632568,4.760000228881836,276600.0,4.760000228881836
2014-10-14,4.909999847412109,4.630000114440918,4.78000020980835,4.739999771118164,217600.0,4.739999771118164
2014-10-15,4.940000057220459,4.570000171661377,4.639999866485596,4.900000095367432,160100.0,4.900000095367432
2014-10-16,5.039999961853027,4.760000228881836,4.809999942779541,4.900000095367432,127800.0,4.900000095367432
2014-10-17,5.070000171661377,4.78000020980835,4.980000019073486,4.849999904632568,156200.0,4.849999904632568
2014-10-20,4.989999771118164,4.800000190734863,4.800000190734863,4.880000114440918,117300.0,4.880000114440918
2014-10-21,4.909999847412109,4.739999771118164,4.880000114440918,4.889999866485596,119600.0,4.889999866485596
2014-10-22,4.960000038146973,4.78000020980835,4.880000114440918,4.800000190734863,179200.0,4.800000190734863
2014-10-23,5.010000228881836,4.829999923706055,4.889999866485596,4.929999828338623,117900.0,4.929999828338623
2014-10-24,4.989999771118164,4.849999904632568,4.949999809265137,4.949999809265137,176600.0,4.949999809265137
2014-10-27,5.019999980926514,4.860000133514404,4.900000095367432,4.96999979019165,83900.0,4.96999979019165
2014-10-28,5.159999847412109,4.980000019073486,5.010000228881836,5.130000114440918,167700.0,5.130000114440918
2014-10-29,5.159999847412109,5.0,5.119999885559082,5.110000133514404,200700.0,5.110000133514404
2014-10-30,5.179999828338623,5.070000171661377,5.099999904632568,5.139999866485596,309200.0,5.139999866485596
2014-10-31,5.28000020980835,5.110000133514404,5.28000020980835,5.21999979019165,185400.0,5.21999979019165
2014-11-03,5.300000190734863,5.150000095367432,5.210000038146973,5.269999980926514,189000.0,5.269999980926514
2014-11-04,5.380000114440918,5.199999809265137,5.269999980926514,5.230000019073486,106600.0,5.230000019073486
2014-11-05,5.289999961853027,4.900000095367432,5.25,4.980000019073486,244600.0,4.980000019073486
2014-11-06,5.099999904632568,4.96999979019165,5.0,5.070000171661377,195500.0,5.070000171661377
2014-11-07,5.070000171661377,4.829999923706055,5.070000171661377,4.940000057220459,379500.0,4.940000057220459
2014-11-10,5.050000190734863,4.829999923706055,4.909999847412109,5.039999961853027,71500.0,5.039999961853027
2014-11-11,5.03000020980835,4.829999923706055,5.03000020980835,4.920000076293945,105900.0,4.920000076293945
2014-11-12,5.050000190734863,4.880000114440918,4.909999847412109,4.949999809265137,104800.0,4.949999809265137
2014-11-13,5.059999942779541,4.820000171661377,4.96999979019165,4.900000095367432,153700.0,4.900000095367432
2014-11-14,4.900000095367432,4.659999847412109,4.900000095367432,4.78000020980835,111300.0,4.78000020980835
2014-11-17,4.829999923706055,4.610000133514404,4.760000228881836,4.650000095367432,159000.0,4.650000095367432
2014-11-18,4.78000020980835,4.590000152587891,4.630000114440918,4.659999847412109,62900.0,4.659999847412109
2014-11-19,4.659999847412109,4.46999979019165,4.659999847412109,4.5,130300.0,4.5
2014-11-20,4.510000228881836,4.139999866485596,4.460000038146973,4.190000057220459,217900.0,4.190000057220459
2014-11-21,4.539999961853027,4.25,4.269999980926514,4.480000019073486,655900.0,4.480000019073486
2014-11-24,4.71999979019165,4.429999828338623,4.5,4.710000038146973,211700.0,4.710000038146973
2014-11-25,4.739999771118164,4.53000020980835,4.739999771118164,4.639999866485596,115900.0,4.639999866485596
2014-11-26,4.730000019073486,4.570000171661377,4.630000114440918,4.650000095367432,74300.0,4.650000095367432
2014-11-28,4.690000057220459,4.5,4.659999847412109,4.539999961853027,67500.0,4.539999961853027
2014-12-01,4.559999942779541,4.400000095367432,4.5,4.46999979019165,119200.0,4.46999979019165
2014-12-02,4.570000171661377,4.429999828338623,4.429999828338623,4.489999771118164,325100.0,4.489999771118164
2014-12-03,4.679999828338623,4.489999771118164,4.510000228881836,4.610000133514404,277900.0,4.610000133514404
2014-12-04,4.679999828338623,4.480000019073486,4.599999904632568,4.559999942779541,193900.0,4.559999942779541
2014-12-05,4.610000133514404,4.460000038146973,4.550000190734863,4.559999942779541,167800.0,4.559999942779541
2014-12-08,4.630000114440918,4.460000038146973,4.510000228881836,4.579999923706055,217400.0,4.579999923706055
2014-12-09,4.909999847412109,4.420000076293945,4.510000228881836,4.880000114440918,168600.0,4.880000114440918
2014-12-10,4.880000114440918,4.53000020980835,4.880000114440918,4.659999847412109,235100.0,4.659999847412109
2014-12-11,4.739999771118164,4.559999942779541,4.670000076293945,4.610000133514404,94600.0,4.610000133514404
2014-12-12,4.690000057220459,4.550000190734863,4.550000190734863,4.590000152587891,160500.0,4.590000152587891
2014-12-15,4.599999904632568,4.119999885559082,4.599999904632568,4.150000095367432,309700.0,4.150000095367432
2014-12-16,4.199999809265137,4.019999980926514,4.090000152587891,4.099999904632568,246800.0,4.099999904632568
2014-12-17,4.619999885559082,4.110000133514404,4.110000133514404,4.610000133514404,324100.0,4.610000133514404
2014-12-18,4.71999979019165,4.559999942779541,4.659999847412109,4.679999828338623,204300.0,4.679999828338623
2014-12-19,4.699999809265137,4.579999923706055,4.670000076293945,4.679999828338623,340900.0,4.679999828338623
2014-12-22,4.739999771118164,4.429999828338623,4.679999828338623,4.510000228881836,108800.0,4.510000228881836
2014-12-23,4.579999923706055,4.269999980926514,4.5,4.420000076293945,112500.0,4.420000076293945
2014-12-24,4.579999923706055,4.369999885559082,4.449999809265137,4.510000228881836,49300.0,4.510000228881836
2014-12-26,4.590000152587891,4.489999771118164,4.550000190734863,4.570000171661377,52200.0,4.570000171661377
2014-12-29,4.590000152587891,4.260000228881836,4.590000152587891,4.360000133514404,79100.0,4.360000133514404
2014-12-30,4.53000020980835,4.289999961853027,4.320000171661377,4.5,111600.0,4.5
2014-12-31,4.570000171661377,4.400000095367432,4.53000020980835,4.440000057220459,131700.0,4.440000057220459
2015-01-02,4.550000190734863,4.389999866485596,4.480000019073486,4.449999809265137,112900.0,4.449999809265137
2015-01-05,4.480000019073486,4.170000076293945,4.409999847412109,4.230000019073486,659600.0,4.230000019073486
2015-01-06,4.340000152587891,4.079999923706055,4.260000228881836,4.110000133514404,113100.0,4.110000133514404
2015-01-07,4.190000057220459,3.9600000381469727,4.179999828338623,4.050000190734863,131500.0,4.050000190734863
2015-01-08,4.159999847412109,3.9700000286102295,4.099999904632568,4.010000228881836,104300.0,4.010000228881836
2015-01-09,4.150000095367432,3.9000000953674316,4.0,3.930000066757202,536500.0,3.930000066757202
2015-01-12,4.010000228881836,3.740000009536743,4.0,3.7699999809265137,147900.0,3.7699999809265137
2015-01-13,3.9100000858306885,3.7200000286102295,3.819999933242798,3.759999990463257,130300.0,3.759999990463257
2015-01-14,3.8499999046325684,3.6700000762939453,3.700000047683716,3.690000057220459,143800.0,3.690000057220459
2015-01-15,3.7200000286102295,3.4100000858306885,3.680000066757202,3.4200000762939453,258100.0,3.4200000762939453
2015-01-16,3.6600000858306885,3.4100000858306885,3.4100000858306885,3.609999895095825,222000.0,3.609999895095825
2015-01-20,3.690000057220459,3.4200000762939453,3.690000057220459,3.4700000286102295,152800.0,3.4700000286102295
2015-01-21,3.5199999809265137,3.3399999141693115,3.450000047683716,3.4000000953674316,63500.0,3.4000000953674316
2015-01-22,3.5,3.259999990463257,3.430000066757202,3.490000009536743,104800.0,3.490000009536743
2015-01-23,3.5,3.369999885559082,3.490000009536743,3.4700000286102295,95800.0,3.4700000286102295
2015-01-26,3.490000009536743,3.3499999046325684,3.450000047683716,3.490000009536743,105700.0,3.490000009536743
2015-01-27,3.509999990463257,3.3499999046325684,3.440000057220459,3.4200000762939453,90500.0,3.4200000762939453
2015-01-28,3.4200000762939453,3.2300000190734863,3.4200000762939453,3.25,130000.0,3.25
2015-01-29,3.3399999141693115,3.0899999141693115,3.25,3.130000114440918,180600.0,3.130000114440918
2015-01-30,3.200000047683716,3.0799999237060547,3.0799999237060547,3.1500000953674316,149200.0,3.1500000953674316
2015-02-02,3.25,2.990000009536743,3.1700000762939453,3.2100000381469727,616400.0,3.2100000381469727
2015-02-03,3.3499999046325684,3.190000057220459,3.2200000286102295,3.299999952316284,114700.0,3.299999952316284
2015-02-04,3.4000000953674316,3.240000009536743,3.2799999713897705,3.359999895095825,178500.0,3.359999895095825
2015-02-05,3.440000057220459,3.2899999618530273,3.4200000762939453,3.390000104904175,170000.0,3.390000104904175
2015-02-06,3.549999952316284,3.2899999618530273,3.4000000953674316,3.359999895095825,207600.0,3.359999895095825
2015-02-09,3.5399999618530273,3.2799999713897705,3.359999895095825,3.2899999618530273,139400.0,3.2899999618530273
2015-02-10,3.549999952316284,3.2699999809265137,3.3299999237060547,3.430000066757202,184000.0,3.430000066757202
2015-02-11,3.440000057220459,3.259999990463257,3.430000066757202,3.2699999809265137,120200.0,3.2699999809265137
2015-02-12,3.380000114440918,3.2799999713897705,3.309999942779541,3.299999952316284,112900.0,3.299999952316284
2015-02-13,3.2899999618530273,3.0199999809265137,3.2899999618530273,3.119999885559082,219000.0,3.119999885559082
2015-02-17,3.240000009536743,3.009999990463257,3.130000114440918,3.0199999809265137,213500.0,3.0199999809265137
2015-02-18,3.140000104904175,3.0199999809265137,3.109999895095825,3.049999952316284,130800.0,3.049999952316284
2015-02-19,3.109999895095825,3.0,3.049999952316284,3.009999990463257,96100.0,3.009999990463257
2015-02-20,3.0299999713897705,2.880000114440918,3.0199999809265137,2.930000066757202,354000.0,2.930000066757202
2015-02-23,2.990000009536743,2.509999990463257,2.950000047683716,2.569999933242798,1060100.0,2.569999933242798
2015-02-24,2.9700000286102295,2.559999942779541,2.5899999141693115,2.950000047683716,641000.0,2.950000047683716
2015-02-25,3.059999942779541,2.9000000953674316,2.950000047683716,3.0,207300.0,3.0
2015-02-26,3.069999933242798,2.9700000286102295,2.9800000190734863,3.049999952316284,192100.0,3.049999952316284
2015-02-27,3.0999999046325684,2.990000009536743,3.049999952316284,3.059999942779541,181000.0,3.059999942779541
2015-03-02,3.109999895095825,2.990000009536743,3.0799999237060547,3.069999933242798,115600.0,3.069999933242798
2015-03-03,3.069999933242798,3.0,3.0299999713897705,3.0199999809265137,66700.0,3.0199999809265137
2015-03-04,3.0799999237060547,2.9200000762939453,3.0,3.0,197000.0,3.0
2015-03-05,3.180000066757202,3.0,3.0,3.0199999809265137,151100.0,3.0199999809265137
2015-03-06,3.009999990463257,2.9200000762939453,3.0,2.9800000190734863,192500.0,2.9800000190734863
2015-03-09,3.109999895095825,2.9700000286102295,3.0,3.0999999046325684,140900.0,3.0999999046325684
2015-03-10,3.109999895095825,2.9700000286102295,3.0999999046325684,3.0,206100.0,3.0
2015-03-11,3.0999999046325684,3.0,3.0199999809265137,3.069999933242798,135900.0,3.069999933242798
2015-03-12,3.119999885559082,3.0399999618530273,3.109999895095825,3.0799999237060547,209900.0,3.0799999237060547
2015-03-13,3.3499999046325684,3.0799999237060547,3.0799999237060547,3.309999942779541,310600.0,3.309999942779541
2015-03-16,3.200000047683716,2.549999952316284,3.190000057220459,3.059999942779541,1822300.0,3.059999942779541
2015-03-17,3.069999933242798,2.9100000858306885,3.0,3.059999942779541,866300.0,3.059999942779541
2015-03-18,3.0899999141693115,3.0,3.0299999713897705,3.0299999713897705,268400.0,3.0299999713897705
2015-03-19,3.119999885559082,3.0299999713897705,3.0399999618530273,3.059999942779541,163900.0,3.059999942779541
2015-03-20,3.130000114440918,3.0,3.0899999141693115,3.0199999809265137,300400.0,3.0199999809265137
2015-03-23,3.049999952316284,3.0,3.0,3.009999990463257,135000.0,3.009999990463257
2015-03-24,3.0799999237060547,2.9100000858306885,3.049999952316284,3.0,206100.0,3.0
2015-03-25,3.049999952316284,2.930000066757202,3.0199999809265137,2.9800000190734863,243800.0,2.9800000190734863
2015-03-26,3.0399999618530273,2.930000066757202,2.9600000381469727,3.0,182900.0,3.0
2015-03-27,3.0299999713897705,2.8499999046325684,3.0199999809265137,2.880000114440918,171000.0,2.880000114440918
2015-03-30,3.0399999618530273,2.869999885559082,2.880000114440918,3.0299999713897705,157800.0,3.0299999713897705
2015-03-31,3.069999933242798,2.9200000762939453,3.0299999713897705,2.950000047683716,149700.0,2.950000047683716
2015-04-01,3.009999990463257,2.9200000762939453,2.950000047683716,3.0,188100.0,3.0
2015-04-02,3.0399999618530273,2.9800000190734863,3.0199999809265137,3.009999990463257,145200.0,3.009999990463257
2015-04-06,3.0399999618530273,2.9000000953674316,3.0,2.9800000190734863,142000.0,2.9800000190734863
2015-04-07,3.0199999809265137,2.9700000286102295,2.9800000190734863,2.990000009536743,142700.0,2.990000009536743
2015-04-08,2.990000009536743,2.859999895095825,2.950000047683716,2.9200000762939453,307300.0,2.9200000762939453
2015-04-09,2.990000009536743,2.9100000858306885,2.9100000858306885,2.950000047683716,91800.0,2.950000047683716
2015-04-10,3.0,2.9000000953674316,2.9800000190734863,2.9200000762939453,106200.0,2.9200000762939453
2015-04-13,2.9700000286102295,2.8299999237060547,2.940000057220459,2.880000114440918,119700.0,2.880000114440918
2015-04-14,2.890000104904175,2.7300000190734863,2.880000114440918,2.7300000190734863,139600.0,2.7300000190734863
2015-04-15,2.75,2.7100000381469727,2.740000009536743,2.7300000190734863,177500.0,2.7300000190734863
2015-04-16,2.7300000190734863,2.6600000858306885,2.7200000286102295,2.6600000858306885,340900.0,2.6600000858306885
2015-04-17,2.7200000286102295,2.549999952316284,2.6500000953674316,2.700000047683716,253700.0,2.700000047683716
2015-04-20,2.859999895095825,2.680000066757202,2.700000047683716,2.8499999046325684,224100.0,2.8499999046325684
2015-04-21,3.069999933242798,2.8499999046325684,2.859999895095825,3.0299999713897705,338000.0,3.0299999713897705
2015-04-22,3.0899999141693115,2.990000009536743,3.049999952316284,3.0199999809265137,218600.0,3.0199999809265137
2015-04-23,3.069999933242798,2.9800000190734863,3.0,3.0299999713897705,215700.0,3.0299999713897705
2015-04-24,3.0399999618530273,2.990000009536743,3.0399999618530273,3.009999990463257,488900.0,3.009999990463257
2015-04-27,3.0399999618530273,2.8499999046325684,3.0,2.9000000953674316,190000.0,2.9000000953674316
2015-04-28,2.9700000286102295,2.859999895095825,2.950000047683716,2.9100000858306885,142600.0,2.9100000858306885
2015-04-29,2.950000047683716,2.859999895095825,2.9000000953674316,2.9000000953674316,108100.0,2.9000000953674316
2015-04-30,2.9800000190734863,2.7699999809265137,2.869999885559082,2.799999952316284,310900.0,2.799999952316284
2015-05-01,2.819999933242798,2.740000009536743,2.7899999618530273,2.7799999713897705,173200.0,2.7799999713897705
2015-05-04,2.819999933242798,2.7699999809265137,2.7899999618530273,2.799999952316284,183100.0,2.799999952316284
2015-05-05,2.809999942779541,2.690000057220459,2.7799999713897705,2.690000057220459,203300.0,2.690000057220459
2015-05-06,2.700000047683716,2.609999895095825,2.700000047683716,2.609999895095825,98100.0,2.609999895095825
2015-05-07,2.680000066757202,2.5,2.5999999046325684,2.5299999713897705,228300.0,2.5299999713897705
2015-05-08,2.609999895095825,2.4800000190734863,2.569999933242798,2.559999942779541,264100.0,2.559999942779541
2015-05-11,2.5799999237060547,2.5199999809265137,2.559999942779541,2.5399999618530273,129600.0,2.5399999618530273
2015-05-12,2.609999895095825,2.450000047683716,2.4800000190734863,2.5399999618530273,491800.0,2.5399999618530273
2015-05-13,2.609999895095825,2.509999990463257,2.5199999809265137,2.5199999809265137,190800.0,2.5199999809265137
2015-05-14,2.549999952316284,2.4700000286102295,2.5199999809265137,2.5,90500.0,2.5
2015-05-15,2.5199999809265137,2.4200000762939453,2.490000009536743,2.5,246300.0,2.5
2015-05-18,2.5199999809265137,2.450000047683716,2.509999990463257,2.490000009536743,181800.0,2.490000009536743
2015-05-19,2.6600000858306885,2.4700000286102295,2.4700000286102295,2.609999895095825,962000.0,2.609999895095825
2015-05-20,2.740000009536743,2.630000114440918,2.630000114440918,2.7100000381469727,166700.0,2.7100000381469727
2015-05-21,2.75,2.640000104904175,2.690000057220459,2.6600000858306885,119800.0,2.6600000858306885
2015-05-22,2.7300000190734863,2.549999952316284,2.6500000953674316,2.559999942779541,146000.0,2.559999942779541
2015-05-26,2.5399999618530273,2.380000114440918,2.5,2.430000066757202,238900.0,2.430000066757202
2015-05-27,2.490000009536743,2.259999990463257,2.4000000953674316,2.4800000190734863,465600.0,2.4800000190734863
2015-05-28,2.4800000190734863,2.4000000953674316,2.4600000381469727,2.4700000286102295,158700.0,2.4700000286102295
2015-05-29,2.4800000190734863,2.430000066757202,2.4800000190734863,2.430000066757202,141400.0,2.430000066757202
2015-06-01,2.490000009536743,2.4000000953674316,2.440000057220459,2.4800000190734863,99500.0,2.4800000190734863
2015-06-02,2.609999895095825,2.440000057220459,2.5,2.5899999141693115,202700.0,2.5899999141693115
2015-06-03,2.809999942779541,2.5899999141693115,2.630000114440918,2.799999952316284,262000.0,2.799999952316284
2015-06-04,2.9000000953674316,2.6700000762939453,2.759999990463257,2.890000104904175,329000.0,2.890000104904175
2015-06-05,2.9600000381469727,2.8399999141693115,2.9000000953674316,2.9600000381469727,231900.0,2.9600000381469727
2015-06-08,2.9600000381469727,2.9000000953674316,2.940000057220459,2.9600000381469727,194300.0,2.9600000381469727
2015-06-09,3.1600000858306885,2.9200000762939453,2.9800000190734863,3.0999999046325684,414400.0,3.0999999046325684
2015-06-10,3.240000009536743,2.869999885559082,3.1600000858306885,3.049999952316284,631100.0,3.049999952316284
2015-06-11,3.0899999141693115,2.9800000190734863,3.049999952316284,3.0199999809265137,297900.0,3.0199999809265137
2015-06-12,3.0299999713897705,2.9800000190734863,3.0199999809265137,3.0,467900.0,3.0
2015-06-15,3.0899999141693115,2.950000047683716,3.0,3.009999990463257,190300.0,3.009999990463257
2015-06-16,3.0399999618530273,2.9700000286102295,2.9700000286102295,3.0,103800.0,3.0
2015-06-17,3.119999885559082,2.9800000190734863,2.990000009536743,3.049999952316284,213900.0,3.049999952316284
2015-06-18,3.140000104904175,2.9800000190734863,3.069999933242798,3.0199999809265137,190900.0,3.0199999809265137
2015-06-19,3.0299999713897705,2.9000000953674316,3.0299999713897705,2.940000057220459,349300.0,2.940000057220459
2015-06-22,3.049999952316284,2.9100000858306885,2.930000066757202,3.0399999618530273,180000.0,3.0399999618530273
2015-06-23,3.109999895095825,2.9700000286102295,3.0399999618530273,3.0,247900.0,3.0
2015-06-24,3.140000104904175,3.0,3.0,3.0399999618530273,338500.0,3.0399999618530273
2015-06-25,3.130000114440918,2.930000066757202,3.069999933242798,2.950000047683716,189500.0,2.950000047683716
2015-06-26,2.9800000190734863,2.799999952316284,2.9800000190734863,2.890000104904175,2574900.0,2.890000104904175
2015-06-29,2.9700000286102295,2.869999885559082,2.880000114440918,2.940000057220459,199000.0,2.940000057220459
2015-06-30,3.049999952316284,2.9100000858306885,2.9100000858306885,3.0299999713897705,113900.0,3.0299999713897705
2015-07-01,3.0999999046325684,2.9100000858306885,3.0799999237060547,2.950000047683716,115800.0,2.950000047683716
2015-07-02,2.990000009536743,2.9100000858306885,2.9600000381469727,2.9100000858306885,64900.0,2.9100000858306885
2015-07-06,3.0199999809265137,2.809999942779541,2.9100000858306885,3.009999990463257,167800.0,3.009999990463257
2015-07-07,3.130000114440918,2.940000057220459,2.9800000190734863,3.0299999713897705,217300.0,3.0299999713897705
2015-07-08,3.1600000858306885,2.9700000286102295,3.009999990463257,3.069999933242798,234400.0,3.069999933242798
2015-07-09,3.0399999618530273,2.940000057220459,3.0399999618530273,2.9600000381469727,236100.0,2.9600000381469727
2015-07-10,3.0299999713897705,2.9700000286102295,2.9800000190734863,3.0,85400.0,3.0
2015-07-13,3.0899999141693115,2.9700000286102295,3.009999990463257,3.0899999141693115,147600.0,3.0899999141693115
2015-07-14,3.2699999809265137,3.069999933242798,3.0999999046325684,3.25,124400.0,3.25
2015-07-15,3.2699999809265137,3.1500000953674316,3.240000009536743,3.1600000858306885,150700.0,3.1600000858306885
2015-07-16,3.2799999713897705,3.180000066757202,3.240000009536743,3.240000009536743,117000.0,3.240000009536743
2015-07-17,3.2799999713897705,3.180000066757202,3.240000009536743,3.200000047683716,78100.0,3.200000047683716
2015-07-20,3.2300000190734863,3.0,3.180000066757202,3.1500000953674316,220400.0,3.1500000953674316
2015-07-21,3.1700000762939453,3.059999942779541,3.130000114440918,3.119999885559082,82600.0,3.119999885559082
2015-07-22,3.25,3.0799999237060547,3.140000104904175,3.200000047683716,188200.0,3.200000047683716
2015-07-23,3.2799999713897705,3.1500000953674316,3.2300000190734863,3.190000057220459,254400.0,3.190000057220459
2015-07-24,3.240000009536743,3.0999999046325684,3.190000057220459,3.0999999046325684,115600.0,3.0999999046325684
2015-07-27,3.119999885559082,2.9800000190734863,3.0999999046325684,3.0,131700.0,3.0
2015-07-28,3.049999952316284,2.940000057220459,3.0299999713897705,3.0,170500.0,3.0
2015-07-29,3.049999952316284,2.9800000190734863,3.009999990463257,3.0199999809265137,92400.0,3.0199999809265137
2015-07-30,3.0399999618530273,2.9700000286102295,3.0299999713897705,3.0199999809265137,65300.0,3.0199999809265137
2015-07-31,3.0899999141693115,3.0,3.0199999809265137,3.0,50700.0,3.0
2015-08-03,3.0299999713897705,2.940000057220459,2.990000009536743,2.9800000190734863,105100.0,2.9800000190734863
2015-08-04,3.0299999713897705,2.9700000286102295,2.9800000190734863,3.009999990463257,102200.0,3.009999990463257
2015-08-05,3.0799999237060547,3.0,3.0399999618530273,3.049999952316284,105300.0,3.049999952316284
2015-08-06,3.0899999141693115,2.9200000762939453,3.0899999141693115,3.0199999809265137,126000.0,3.0199999809265137
2015-08-07,3.0,2.8399999141693115,3.0,2.9000000953674316,82400.0,2.9000000953674316
2015-08-10,3.0199999809265137,2.8299999237060547,2.9000000953674316,3.0,97200.0,3.0
2015-08-11,3.0199999809265137,2.9600000381469727,2.9800000190734863,3.009999990463257,84400.0,3.009999990463257
2015-08-12,3.1600000858306885,2.9600000381469727,2.9800000190734863,3.0399999618530273,104200.0,3.0399999618530273
2015-08-13,3.1500000953674316,3.0199999809265137,3.0299999713897705,3.0999999046325684,155800.0,3.0999999046325684
2015-08-14,3.130000114440918,3.0399999618530273,3.0399999618530273,3.109999895095825,46600.0,3.109999895095825
2015-08-17,3.0899999141693115,3.0,3.059999942779541,3.049999952316284,56000.0,3.049999952316284
2015-08-18,3.069999933242798,2.9100000858306885,3.069999933242798,2.990000009536743,65300.0,2.990000009536743
2015-08-19,3.0,2.880000114440918,2.9700000286102295,2.9000000953674316,85900.0,2.9000000953674316
2015-08-20,2.930000066757202,2.859999895095825,2.890000104904175,2.859999895095825,96500.0,2.859999895095825
2015-08-21,2.930000066757202,2.8499999046325684,2.8499999046325684,2.930000066757202,53400.0,2.930000066757202
2015-08-24,2.9100000858306885,2.799999952316284,2.8499999046325684,2.890000104904175,123400.0,2.890000104904175
2015-08-25,2.930000066757202,2.7799999713897705,2.930000066757202,2.7899999618530273,83600.0,2.7899999618530273
2015-08-26,2.8499999046325684,2.569999933242798,2.7300000190734863,2.809999942779541,160500.0,2.809999942779541
2015-08-27,2.869999885559082,2.759999990463257,2.819999933242798,2.8399999141693115,54900.0,2.8399999141693115
2015-08-28,2.9600000381469727,2.819999933242798,2.8299999237060547,2.869999885559082,50300.0,2.869999885559082
2015-08-31,2.950000047683716,2.8399999141693115,2.8399999141693115,2.9200000762939453,75900.0,2.9200000762939453
2015-09-01,2.9200000762939453,2.8299999237060547,2.8299999237060547,2.890000104904175,85500.0,2.890000104904175
2015-09-02,2.930000066757202,2.799999952316284,2.890000104904175,2.9200000762939453,38700.0,2.9200000762939453
2015-09-03,2.940000057220459,2.8399999141693115,2.9200000762939453,2.940000057220459,45200.0,2.940000057220459
2015-09-04,2.869999885559082,2.7300000190734863,2.869999885559082,2.859999895095825,244200.0,2.859999895095825
2015-09-08,2.930000066757202,2.7699999809265137,2.8499999046325684,2.9100000858306885,218100.0,2.9100000858306885
2015-09-09,3.0899999141693115,2.880000114440918,2.930000066757202,3.049999952316284,147000.0,3.049999952316284
2015-09-10,3.0999999046325684,2.990000009536743,2.990000009536743,3.069999933242798,36600.0,3.069999933242798
2015-09-11,3.0799999237060547,2.9100000858306885,3.049999952316284,3.0399999618530273,107200.0,3.0399999618530273
2015-09-14,3.0399999618530273,2.930000066757202,3.0399999618530273,2.990000009536743,56600.0,2.990000009536743
2015-09-15,3.0299999713897705,2.930000066757202,2.9800000190734863,2.9800000190734863,113600.0,2.9800000190734863
2015-09-16,3.0299999713897705,2.940000057220459,2.950000047683716,2.9800000190734863,78900.0,2.9800000190734863
2015-09-17,3.0899999141693115,2.9000000953674316,3.009999990463257,3.0899999141693115,139400.0,3.0899999141693115
2015-09-18,3.130000114440918,2.9600000381469727,3.0999999046325684,3.0399999618530273,192000.0,3.0399999618530273
2015-09-21,3.2100000381469727,3.0199999809265137,3.0399999618530273,3.0799999237060547,175300.0,3.0799999237060547
2015-09-22,3.2699999809265137,2.9600000381469727,2.9600000381469727,3.25,146600.0,3.25
2015-09-23,3.450000047683716,3.200000047683716,3.299999952316284,3.380000114440918,563800.0,3.380000114440918
2015-09-24,3.430000066757202,3.2799999713897705,3.390000104904175,3.4100000858306885,149300.0,3.4100000858306885
2015-09-25,3.440000057220459,3.200000047683716,3.4000000953674316,3.2100000381469727,151100.0,3.2100000381469727
2015-09-28,3.240000009536743,2.950000047683716,3.2300000190734863,3.059999942779541,134500.0,3.059999942779541
2015-09-29,3.1500000953674316,2.990000009536743,3.0999999046325684,3.119999885559082,98100.0,3.119999885559082
2015-09-30,3.25,3.0799999237060547,3.109999895095825,3.1700000762939453,148100.0,3.1700000762939453
2015-10-01,3.4000000953674316,3.119999885559082,3.180000066757202,3.369999885559082,184600.0,3.369999885559082
2015-10-02,3.4600000381469727,3.319999933242798,3.369999885559082,3.4600000381469727,85000.0,3.4600000381469727
2015-10-05,3.5999999046325684,3.4100000858306885,3.4200000762939453,3.450000047683716,178000.0,3.450000047683716
2015-10-06,3.6500000953674316,3.380000114440918,3.430000066757202,3.630000114440918,235600.0,3.630000114440918
2015-10-07,3.8499999046325684,3.5899999141693115,3.5899999141693115,3.740000009536743,462800.0,3.740000009536743
2015-10-08,3.7799999713897705,3.569999933242798,3.7699999809265137,3.7100000381469727,241200.0,3.7100000381469727
2015-10-09,3.809999942779541,3.6600000858306885,3.6600000858306885,3.75,119100.0,3.75
2015-10-12,3.8399999141693115,3.6500000953674316,3.75,3.7300000190734863,96200.0,3.7300000190734863
2015-10-13,3.880000114440918,3.7300000190734863,3.8399999141693115,3.7899999618530273,222300.0,3.7899999618530273
2015-10-14,3.859999895095825,3.7200000286102295,3.799999952316284,3.8299999237060547,211900.0,3.8299999237060547
2015-10-15,3.950000047683716,3.799999952316284,3.890000104904175,3.950000047683716,190900.0,3.950000047683716
2015-10-16,4.039999961853027,3.9200000762939453,3.9800000190734863,4.010000228881836,216100.0,4.010000228881836
2015-10-19,4.110000133514404,3.4800000190734863,4.050000190734863,3.619999885559082,514400.0,3.619999885559082
2015-10-20,4.119999885559082,3.5899999141693115,3.5899999141693115,3.880000114440918,289700.0,3.880000114440918
2015-10-21,4.239999771118164,3.700000047683716,3.869999885559082,3.740000009536743,187000.0,3.740000009536743
2015-10-22,3.950000047683716,3.640000104904175,3.700000047683716,3.809999942779541,171400.0,3.809999942779541
2015-10-23,3.9200000762939453,3.759999990463257,3.859999895095825,3.7899999618530273,117600.0,3.7899999618530273
2015-10-26,3.9000000953674316,3.7100000381469727,3.740000009536743,3.7699999809265137,108700.0,3.7699999809265137
2015-10-27,3.9100000858306885,3.7100000381469727,3.7100000381469727,3.8499999046325684,185100.0,3.8499999046325684
2015-10-28,4.0,3.8299999237060547,3.869999885559082,3.990000009536743,75000.0,3.990000009536743
2015-10-29,4.079999923706055,3.9600000381469727,4.010000228881836,3.9800000190734863,92100.0,3.9800000190734863
2015-10-30,4.019999980926514,3.700000047683716,3.9600000381469727,3.7200000286102295,247200.0,3.7200000286102295
2015-11-02,3.930000066757202,3.5999999046325684,3.7200000286102295,3.819999933242798,311900.0,3.819999933242798
2015-11-03,3.950000047683716,3.7300000190734863,3.7699999809265137,3.9000000953674316,153800.0,3.9000000953674316
2015-11-04,4.079999923706055,3.9000000953674316,3.9100000858306885,4.050000190734863,154200.0,4.050000190734863
2015-11-05,4.079999923706055,3.819999933242798,4.079999923706055,3.8499999046325684,213700.0,3.8499999046325684
2015-11-06,3.950000047683716,3.8299999237060547,3.859999895095825,3.9200000762939453,174800.0,3.9200000762939453
2015-11-09,3.9600000381469727,3.809999942779541,3.859999895095825,3.880000114440918,126600.0,3.880000114440918
2015-11-10,3.930000066757202,3.819999933242798,3.869999885559082,3.859999895095825,335700.0,3.859999895095825
2015-11-11,4.289999961853027,3.8399999141693115,3.8399999141693115,4.239999771118164,118200.0,4.239999771118164
2015-11-12,4.440000057220459,4.170000076293945,4.28000020980835,4.360000133514404,181400.0,4.360000133514404
2015-11-13,4.570000171661377,4.199999809265137,4.369999885559082,4.5,170400.0,4.5
2015-11-16,4.679999828338623,4.320000171661377,4.539999961853027,4.340000152587891,175000.0,4.340000152587891
2015-11-17,4.989999771118164,4.369999885559082,4.369999885559082,4.5,262000.0,4.5
2015-11-18,4.610000133514404,4.460000038146973,4.550000190734863,4.480000019073486,147700.0,4.480000019073486
2015-11-19,4.559999942779541,4.380000114440918,4.489999771118164,4.449999809265137,157700.0,4.449999809265137
2015-11-20,4.599999904632568,4.449999809265137,4.46999979019165,4.510000228881836,105200.0,4.510000228881836
2015-11-23,4.730000019073486,4.460000038146973,4.510000228881836,4.619999885559082,108200.0,4.619999885559082
2015-11-24,4.710000038146973,4.449999809265137,4.590000152587891,4.519999980926514,53900.0,4.519999980926514
2015-11-25,4.630000114440918,4.429999828338623,4.480000019073486,4.53000020980835,64800.0,4.53000020980835
2015-11-27,4.639999866485596,4.440000057220459,4.550000190734863,4.630000114440918,27800.0,4.630000114440918
2015-11-30,4.610000133514404,4.5,4.599999904632568,4.550000190734863,115300.0,4.550000190734863
2015-12-01,4.559999942779541,4.449999809265137,4.53000020980835,4.480000019073486,179400.0,4.480000019073486
2015-12-02,4.590000152587891,4.380000114440918,4.480000019073486,4.460000038146973,148800.0,4.460000038146973
2015-12-03,4.590000152587891,4.360000133514404,4.5,4.460000038146973,145300.0,4.460000038146973
2015-12-04,4.550000190734863,4.300000190734863,4.440000057220459,4.519999980926514,119200.0,4.519999980926514
2015-12-07,4.590000152587891,4.440000057220459,4.53000020980835,4.510000228881836,108000.0,4.510000228881836
2015-12-08,4.610000133514404,4.420000076293945,4.610000133514404,4.480000019073486,161900.0,4.480000019073486
2015-12-09,4.510000228881836,4.400000095367432,4.449999809265137,4.429999828338623,100100.0,4.429999828338623
2015-12-10,4.650000095367432,4.389999866485596,4.389999866485596,4.650000095367432,104100.0,4.650000095367432
2015-12-11,4.920000076293945,4.619999885559082,4.650000095367432,4.880000114440918,139000.0,4.880000114440918
2015-12-14,4.940000057220459,4.650000095367432,4.869999885559082,4.78000020980835,151600.0,4.78000020980835
2015-12-15,5.039999961853027,4.760000228881836,4.880000114440918,4.809999942779541,158500.0,4.809999942779541
2015-12-16,4.980000019073486,4.789999961853027,4.889999866485596,4.949999809265137,136300.0,4.949999809265137
2015-12-17,4.96999979019165,4.800000190734863,4.949999809265137,4.920000076293945,67900.0,4.920000076293945
2015-12-18,4.989999771118164,4.760000228881836,4.909999847412109,4.860000133514404,157900.0,4.860000133514404
2015-12-21,4.860000133514404,4.610000133514404,4.849999904632568,4.659999847412109,163000.0,4.659999847412109
2015-12-22,4.730000019073486,4.559999942779541,4.730000019073486,4.710000038146973,267800.0,4.710000038146973
2015-12-23,4.789999961853027,4.659999847412109,4.699999809265137,4.71999979019165,122000.0,4.71999979019165
2015-12-24,4.710000038146973,4.639999866485596,4.690000057220459,4.690000057220459,53200.0,4.690000057220459
2015-12-28,4.659999847412109,4.480000019073486,4.650000095367432,4.5,148600.0,4.5
2015-12-29,4.679999828338623,4.480000019073486,4.480000019073486,4.610000133514404,158900.0,4.610000133514404
2015-12-30,4.659999847412109,4.519999980926514,4.610000133514404,4.599999904632568,68200.0,4.599999904632568
2015-12-31,4.590000152587891,4.46999979019165,4.53000020980835,4.5,157400.0,4.5
2016-01-04,4.730000019073486,4.309999942779541,4.400000095367432,4.690000057220459,196900.0,4.690000057220459
2016-01-05,4.75,4.539999961853027,4.690000057220459,4.730000019073486,122200.0,4.730000019073486
2016-01-06,4.78000020980835,4.630000114440918,4.710000038146973,4.659999847412109,120000.0,4.659999847412109
2016-01-07,4.71999979019165,4.460000038146973,4.639999866485596,4.599999904632568,182200.0,4.599999904632568
2016-01-08,4.71999979019165,4.570000171661377,4.690000057220459,4.619999885559082,152500.0,4.619999885559082
2016-01-11,4.889999866485596,4.570000171661377,4.699999809265137,4.880000114440918,224100.0,4.880000114440918
2016-01-12,5.090000152587891,4.650000095367432,4.949999809265137,4.75,247600.0,4.75
2016-01-13,4.840000152587891,4.440000057220459,4.840000152587891,4.639999866485596,223100.0,4.639999866485596
2016-01-14,4.730000019073486,4.460000038146973,4.630000114440918,4.53000020980835,213100.0,4.53000020980835
2016-01-15,4.550000190734863,4.289999961853027,4.289999961853027,4.519999980926514,171800.0,4.519999980926514
2016-01-19,4.699999809265137,4.429999828338623,4.519999980926514,4.619999885559082,194100.0,4.619999885559082
2016-01-20,4.699999809265137,4.400000095367432,4.510000228881836,4.690000057220459,150900.0,4.690000057220459
2016-01-21,4.739999771118164,4.489999771118164,4.659999847412109,4.559999942779541,159700.0,4.559999942779541
2016-01-22,4.670000076293945,4.550000190734863,4.590000152587891,4.630000114440918,187600.0,4.630000114440918
2016-01-25,4.769999980926514,4.630000114440918,4.630000114440918,4.699999809265137,116900.0,4.699999809265137
2016-01-26,4.880000114440918,4.630000114440918,4.699999809265137,4.75,115200.0,4.75
2016-01-27,4.809999942779541,4.699999809265137,4.730000019073486,4.760000228881836,94900.0,4.760000228881836
2016-01-28,4.940000057220459,4.670000076293945,4.880000114440918,4.75,71600.0,4.75
2016-01-29,4.909999847412109,4.670000076293945,4.789999961853027,4.739999771118164,100900.0,4.739999771118164
2016-02-01,4.829999923706055,4.550000190734863,4.639999866485596,4.570000171661377,68200.0,4.570000171661377
2016-02-02,4.639999866485596,4.440000057220459,4.550000190734863,4.579999923706055,83400.0,4.579999923706055
2016-02-03,4.579999923706055,4.340000152587891,4.579999923706055,4.539999961853027,127200.0,4.539999961853027
2016-02-04,4.639999866485596,4.309999942779541,4.539999961853027,4.380000114440918,102300.0,4.380000114440918
2016-02-05,4.53000020980835,4.300000190734863,4.409999847412109,4.360000133514404,89700.0,4.360000133514404
2016-02-08,4.429999828338623,4.25,4.28000020980835,4.389999866485596,98900.0,4.389999866485596
2016-02-09,4.53000020980835,4.25,4.360000133514404,4.400000095367432,88700.0,4.400000095367432
2016-02-10,4.630000114440918,4.349999904632568,4.440000057220459,4.409999847412109,70700.0,4.409999847412109
2016-02-11,4.53000020980835,4.289999961853027,4.369999885559082,4.369999885559082,101900.0,4.369999885559082
2016-02-12,4.380000114440918,4.239999771118164,4.349999904632568,4.300000190734863,78300.0,4.300000190734863
2016-02-16,4.400000095367432,4.28000020980835,4.28000020980835,4.360000133514404,110400.0,4.360000133514404
2016-02-17,4.46999979019165,4.260000228881836,4.360000133514404,4.329999923706055,97500.0,4.329999923706055
2016-02-18,4.369999885559082,4.210000038146973,4.369999885559082,4.269999980926514,84300.0,4.269999980926514
2016-02-19,4.320000171661377,4.21999979019165,4.300000190734863,4.300000190734863,129000.0,4.300000190734863
2016-02-22,4.449999809265137,4.289999961853027,4.340000152587891,4.340000152587891,92600.0,4.340000152587891
2016-02-23,4.340000152587891,4.190000057220459,4.269999980926514,4.260000228881836,111100.0,4.260000228881836
2016-02-24,4.300000190734863,4.119999885559082,4.289999961853027,4.25,65300.0,4.25
2016-02-25,4.340000152587891,4.210000038146973,4.289999961853027,4.21999979019165,58300.0,4.21999979019165
2016-02-26,4.320000171661377,4.21999979019165,4.309999942779541,4.230000019073486,76700.0,4.230000019073486
2016-02-29,4.340000152587891,4.230000019073486,4.230000019073486,4.239999771118164,85600.0,4.239999771118164
2016-03-01,4.320000171661377,4.159999847412109,4.230000019073486,4.190000057220459,62500.0,4.190000057220459
2016-03-02,4.260000228881836,4.150000095367432,4.239999771118164,4.199999809265137,92900.0,4.199999809265137
2016-03-03,4.239999771118164,4.050000190734863,4.150000095367432,4.070000171661377,115100.0,4.070000171661377
2016-03-04,4.260000228881836,4.0,4.119999885559082,4.139999866485596,367600.0,4.139999866485596
2016-03-07,4.260000228881836,4.079999923706055,4.170000076293945,4.139999866485596,178200.0,4.139999866485596
2016-03-08,4.25,4.059999942779541,4.139999866485596,4.059999942779541,119500.0,4.059999942779541
2016-03-09,4.400000095367432,4.050000190734863,4.050000190734863,4.309999942779541,122900.0,4.309999942779541
2016-03-10,4.5,4.260000228881836,4.420000076293945,4.380000114440918,236800.0,4.380000114440918
2016-03-11,4.46999979019165,4.349999904632568,4.380000114440918,4.420000076293945,102400.0,4.420000076293945
2016-03-14,4.480000019073486,4.320000171661377,4.369999885559082,4.349999904632568,141900.0,4.349999904632568
2016-03-15,4.429999828338623,4.28000020980835,4.329999923706055,4.389999866485596,110300.0,4.389999866485596
2016-03-16,4.5,4.329999923706055,4.420000076293945,4.5,128500.0,4.5
2016-03-17,4.550000190734863,4.349999904632568,4.53000020980835,4.409999847412109,161100.0,4.409999847412109
2016-03-18,4.539999961853027,4.230000019073486,4.449999809265137,4.5,201000.0,4.5
2016-03-21,4.559999942779541,4.340000152587891,4.46999979019165,4.400000095367432,95900.0,4.400000095367432
2016-03-22,4.570000171661377,4.300000190734863,4.360000133514404,4.53000020980835,153700.0,4.53000020980835
2016-03-23,4.579999923706055,4.320000171661377,4.489999771118164,4.449999809265137,81900.0,4.449999809265137
2016-03-24,4.579999923706055,4.400000095367432,4.449999809265137,4.519999980926514,92400.0,4.519999980926514
2016-03-28,4.559999942779541,4.360000133514404,4.5,4.360000133514404,91500.0,4.360000133514404
2016-03-29,4.460000038146973,4.28000020980835,4.389999866485596,4.300000190734863,94000.0,4.300000190734863
2016-03-30,4.449999809265137,4.28000020980835,4.300000190734863,4.429999828338623,122000.0,4.429999828338623
2016-03-31,4.599999904632568,4.389999866485596,4.429999828338623,4.550000190734863,169600.0,4.550000190734863
2016-04-01,4.769999980926514,4.420000076293945,4.570000171661377,4.71999979019165,119000.0,4.71999979019165
2016-04-04,4.769999980926514,4.539999961853027,4.71999979019165,4.610000133514404,123200.0,4.610000133514404
2016-04-05,4.699999809265137,4.53000020980835,4.570000171661377,4.599999904632568,82500.0,4.599999904632568
2016-04-06,4.849999904632568,4.659999847412109,4.699999809265137,4.809999942779541,137000.0,4.809999942779541
2016-04-07,4.889999866485596,4.710000038146973,4.809999942779541,4.789999961853027,100500.0,4.789999961853027
2016-04-08,4.900000095367432,4.71999979019165,4.739999771118164,4.800000190734863,77900.0,4.800000190734863
2016-04-11,4.929999828338623,4.730000019073486,4.769999980926514,4.880000114440918,155200.0,4.880000114440918
2016-04-12,4.909999847412109,4.809999942779541,4.880000114440918,4.889999866485596,158700.0,4.889999866485596
2016-04-13,5.050000190734863,4.849999904632568,4.909999847412109,4.940000057220459,142700.0,4.940000057220459
2016-04-14,4.980000019073486,4.809999942779541,4.980000019073486,4.829999923706055,58800.0,4.829999923706055
2016-04-15,5.0,4.800000190734863,4.869999885559082,4.989999771118164,124000.0,4.989999771118164
2016-04-18,5.0,4.829999923706055,5.0,4.960000038146973,152000.0,4.960000038146973
2016-04-19,5.0,4.860000133514404,4.929999828338623,4.909999847412109,186300.0,4.909999847412109
2016-04-20,4.949999809265137,4.739999771118164,4.869999885559082,4.78000020980835,103000.0,4.78000020980835
2016-04-21,4.960000038146973,4.730000019073486,4.730000019073486,4.949999809265137,101000.0,4.949999809265137
2016-04-22,4.96999979019165,4.829999923706055,4.949999809265137,4.909999847412109,49300.0,4.909999847412109
2016-04-25,5.019999980926514,4.849999904632568,4.909999847412109,5.010000228881836,124800.0,5.010000228881836
2016-04-26,5.090000152587891,4.900000095367432,4.989999771118164,5.070000171661377,123500.0,5.070000171661377
2016-04-27,5.070000171661377,4.889999866485596,5.070000171661377,4.989999771118164,167100.0,4.989999771118164
2016-04-28,5.039999961853027,4.909999847412109,4.960000038146973,4.929999828338623,132500.0,4.929999828338623
2016-04-29,5.03000020980835,4.929999828338623,4.96999979019165,4.980000019073486,124900.0,4.980000019073486
2016-05-02,5.090000152587891,4.940000057220459,4.989999771118164,5.03000020980835,131400.0,5.03000020980835
2016-05-03,5.150000095367432,4.96999979019165,5.03000020980835,5.03000020980835,149000.0,5.03000020980835
2016-05-04,5.039999961853027,4.760000228881836,4.989999771118164,4.809999942779541,268600.0,4.809999942779541
2016-05-05,5.230000019073486,4.78000020980835,4.820000171661377,5.170000076293945,220600.0,5.170000076293945
2016-05-06,5.25,5.079999923706055,5.170000076293945,5.21999979019165,155700.0,5.21999979019165
2016-05-09,5.989999771118164,5.21999979019165,5.230000019073486,5.989999771118164,642400.0,5.989999771118164
2016-05-10,6.0,5.78000020980835,6.0,5.880000114440918,555000.0,5.880000114440918
2016-05-11,6.21999979019165,5.840000152587891,5.880000114440918,5.900000095367432,512500.0,5.900000095367432
2016-05-12,6.139999866485596,5.809999942779541,5.900000095367432,6.079999923706055,303300.0,6.079999923706055
2016-05-13,6.199999809265137,6.010000228881836,6.050000190734863,6.050000190734863,192900.0,6.050000190734863
2016-05-16,6.46999979019165,6.039999961853027,6.099999904632568,6.090000152587891,392300.0,6.090000152587891
2016-05-17,6.329999923706055,6.099999904632568,6.329999923706055,6.199999809265137,306200.0,6.199999809265137
2016-05-18,6.349999904632568,6.150000095367432,6.25,6.230000019073486,410700.0,6.230000019073486
2016-05-19,6.289999961853027,6.239999771118164,6.28000020980835,6.25,224000.0,6.25
2016-05-20,6.340000152587891,6.159999847412109,6.25,6.199999809265137,214800.0,6.199999809265137
2016-05-23,6.349999904632568,6.119999885559082,6.210000038146973,6.170000076293945,211800.0,6.170000076293945
2016-05-24,6.400000095367432,6.0,6.210000038146973,6.340000152587891,212800.0,6.340000152587891
2016-05-25,6.449999809265137,6.159999847412109,6.25,6.199999809265137,145500.0,6.199999809265137
2016-05-26,6.400000095367432,6.150000095367432,6.199999809265137,6.25,138700.0,6.25
2016-05-27,6.300000190734863,6.119999885559082,6.269999980926514,6.179999828338623,118400.0,6.179999828338623
2016-05-31,6.269999980926514,6.099999904632568,6.099999904632568,6.150000095367432,136400.0,6.150000095367432
2016-06-01,6.429999828338623,6.119999885559082,6.230000019073486,6.300000190734863,250600.0,6.300000190734863
2016-06-02,6.53000020980835,6.179999828338623,6.300000190734863,6.239999771118164,320300.0,6.239999771118164
2016-06-03,6.300000190734863,6.010000228881836,6.260000228881836,6.21999979019165,263700.0,6.21999979019165
2016-06-06,6.269999980926514,6.119999885559082,6.159999847412109,6.199999809265137,301700.0,6.199999809265137
2016-06-07,6.380000114440918,6.050000190734863,6.289999961853027,6.090000152587891,401900.0,6.090000152587891
2016-06-08,6.300000190734863,5.659999847412109,6.199999809265137,6.230000019073486,461400.0,6.230000019073486
2016-06-09,6.269999980926514,6.039999961853027,6.199999809265137,6.099999904632568,224700.0,6.099999904632568
2016-06-10,6.170000076293945,5.949999809265137,6.170000076293945,5.989999771118164,319600.0,5.989999771118164
2016-06-13,5.989999771118164,5.670000076293945,5.96999979019165,5.690000057220459,370900.0,5.690000057220459
2016-06-14,5.800000190734863,5.599999904632568,5.710000038146973,5.75,212000.0,5.75
2016-06-15,5.800000190734863,5.559999942779541,5.800000190734863,5.579999923706055,192100.0,5.579999923706055
2016-06-16,5.610000133514404,5.320000171661377,5.53000020980835,5.610000133514404,261400.0,5.610000133514404
2016-06-17,5.659999847412109,5.380000114440918,5.599999904632568,5.449999809265137,248600.0,5.449999809265137
2016-06-20,5.670000076293945,5.440000057220459,5.5,5.670000076293945,307600.0,5.670000076293945
2016-06-21,5.739999771118164,5.53000020980835,5.650000095367432,5.679999828338623,238600.0,5.679999828338623
2016-06-22,5.769999980926514,5.610000133514404,5.670000076293945,5.769999980926514,444100.0,5.769999980926514
2016-06-23,5.96999979019165,5.78000020980835,5.78000020980835,5.920000076293945,380300.0,5.920000076293945
2016-06-24,5.929999828338623,5.599999904632568,5.599999904632568,5.789999961853027,4008000.0,5.789999961853027
2016-06-27,5.929999828338623,5.449999809265137,5.860000133514404,5.659999847412109,347200.0,5.659999847412109
2016-06-28,5.800000190734863,5.630000114440918,5.650000095367432,5.679999828338623,347700.0,5.679999828338623
2016-06-29,5.860000133514404,5.699999809265137,5.739999771118164,5.820000171661377,220800.0,5.820000171661377
2016-06-30,5.980000019073486,5.809999942779541,5.869999885559082,5.96999979019165,408800.0,5.96999979019165
2016-07-01,6.070000171661377,5.920000076293945,5.980000019073486,5.96999979019165,122100.0,5.96999979019165
2016-07-05,6.090000152587891,5.909999847412109,6.0,6.010000228881836,180100.0,6.010000228881836
2016-07-06,6.130000114440918,6.0,6.0,6.110000133514404,169800.0,6.110000133514404
2016-07-07,6.139999866485596,5.96999979019165,6.130000114440918,5.989999771118164,216200.0,5.989999771118164
2016-07-08,6.070000171661377,5.869999885559082,6.070000171661377,5.940000057220459,356000.0,5.940000057220459
2016-07-11,6.199999809265137,5.96999979019165,6.0,6.179999828338623,259900.0,6.179999828338623
2016-07-12,6.300000190734863,6.159999847412109,6.199999809265137,6.199999809265137,259400.0,6.199999809265137
2016-07-13,6.300000190734863,6.099999904632568,6.230000019073486,6.190000057220459,167800.0,6.190000057220459
2016-07-14,6.369999885559082,6.119999885559082,6.25,6.360000133514404,342900.0,6.360000133514404
2016-07-15,6.5,6.369999885559082,6.400000095367432,6.5,268100.0,6.5
2016-07-18,6.849999904632568,6.440000057220459,6.53000020980835,6.510000228881836,527800.0,6.510000228881836
2016-07-19,6.679999828338623,6.46999979019165,6.53000020980835,6.489999771118164,309600.0,6.489999771118164
2016-07-20,6.639999866485596,6.449999809265137,6.5,6.579999923706055,198800.0,6.579999923706055
2016-07-21,6.650000095367432,6.480000019073486,6.539999961853027,6.5,216100.0,6.5
2016-07-22,6.599999904632568,6.460000038146973,6.5,6.539999961853027,176200.0,6.539999961853027
2016-07-25,6.539999961853027,6.400000095367432,6.519999980926514,6.5,194800.0,6.5
2016-07-26,6.619999885559082,6.46999979019165,6.489999771118164,6.53000020980835,153500.0,6.53000020980835
2016-07-27,6.75,6.5,6.570000171661377,6.710000038146973,219400.0,6.710000038146973
2016-07-28,6.789999961853027,6.639999866485596,6.699999809265137,6.699999809265137,174200.0,6.699999809265137
2016-07-29,7.0,6.639999866485596,6.679999828338623,6.96999979019165,408200.0,6.96999979019165
2016-08-01,7.0,6.699999809265137,7.0,6.71999979019165,221900.0,6.71999979019165
2016-08-02,6.800000190734863,6.639999866485596,6.710000038146973,6.760000228881836,153900.0,6.760000228881836
2016-08-03,6.809999942779541,6.690000057220459,6.75,6.75,325200.0,6.75
2016-08-04,6.769999980926514,6.679999828338623,6.75,6.71999979019165,162700.0,6.71999979019165
2016-08-05,6.789999961853027,6.699999809265137,6.699999809265137,6.730000019073486,145000.0,6.730000019073486
2016-08-08,6.769999980926514,6.659999847412109,6.710000038146973,6.730000019073486,81700.0,6.730000019073486
2016-08-09,6.800000190734863,6.690000057220459,6.769999980926514,6.760000228881836,126600.0,6.760000228881836
2016-08-10,6.800000190734863,6.519999980926514,6.71999979019165,6.590000152587891,129200.0,6.590000152587891
2016-08-11,6.71999979019165,6.570000171661377,6.659999847412109,6.659999847412109,107800.0,6.659999847412109
2016-08-12,6.650000095367432,6.340000152587891,6.650000095367432,6.360000133514404,317400.0,6.360000133514404
2016-08-15,6.440000057220459,5.760000228881836,6.340000152587891,5.860000133514404,558800.0,5.860000133514404
2016-08-16,6.139999866485596,5.809999942779541,5.900000095367432,6.059999942779541,255800.0,6.059999942779541
2016-08-17,6.079999923706055,5.929999828338623,6.059999942779541,5.960000038146973,118000.0,5.960000038146973
2016-08-18,6.03000020980835,5.809999942779541,5.960000038146973,5.929999828338623,156900.0,5.929999828338623
2016-08-19,5.949999809265137,5.829999923706055,5.940000057220459,5.880000114440918,145600.0,5.880000114440918
2016-08-22,5.989999771118164,5.840000152587891,5.880000114440918,5.840000152587891,97000.0,5.840000152587891
2016-08-23,5.949999809265137,5.760000228881836,5.869999885559082,5.789999961853027,78600.0,5.789999961853027
2016-08-24,5.789999961853027,5.579999923706055,5.75,5.630000114440918,100900.0,5.630000114440918
2016-08-25,5.730000019073486,5.570000171661377,5.659999847412109,5.590000152587891,106700.0,5.590000152587891
2016-08-26,5.730000019073486,5.579999923706055,5.590000152587891,5.599999904632568,114000.0,5.599999904632568
2016-08-29,5.809999942779541,5.559999942779541,5.599999904632568,5.699999809265137,110000.0,5.699999809265137
2016-08-30,5.760000228881836,5.639999866485596,5.670000076293945,5.679999828338623,85600.0,5.679999828338623
2016-08-31,5.699999809265137,5.550000190734863,5.679999828338623,5.559999942779541,106400.0,5.559999942779541
2016-09-01,5.860000133514404,5.550000190734863,5.570000171661377,5.849999904632568,172900.0,5.849999904632568
2016-09-02,5.940000057220459,5.590000152587891,5.940000057220459,5.710000038146973,154600.0,5.710000038146973
2016-09-06,5.75,5.599999904632568,5.699999809265137,5.610000133514404,101900.0,5.610000133514404
2016-09-07,5.71999979019165,5.539999961853027,5.599999904632568,5.630000114440918,109900.0,5.630000114440918
2016-09-08,5.869999885559082,5.550000190734863,5.610000133514404,5.800000190734863,129000.0,5.800000190734863
2016-09-09,5.760000228881836,5.599999904632568,5.760000228881836,5.610000133514404,100400.0,5.610000133514404
2016-09-12,5.690000057220459,5.599999904632568,5.599999904632568,5.670000076293945,93700.0,5.670000076293945
2016-09-13,5.710000038146973,5.400000095367432,5.710000038146973,5.449999809265137,99300.0,5.449999809265137
2016-09-14,5.5,5.429999828338623,5.440000057220459,5.46999979019165,78500.0,5.46999979019165
2016-09-15,5.5,5.400000095367432,5.460000038146973,5.480000019073486,113700.0,5.480000019073486
2016-09-16,5.539999961853027,5.420000076293945,5.53000020980835,5.440000057220459,286700.0,5.440000057220459
2016-09-19,5.460000038146973,5.159999847412109,5.440000057220459,5.28000020980835,273100.0,5.28000020980835
2016-09-20,5.480000019073486,5.150000095367432,5.320000171661377,5.150000095367432,264500.0,5.150000095367432
2016-09-21,5.260000228881836,5.019999980926514,5.170000076293945,5.199999809265137,233500.0,5.199999809265137
2016-09-22,5.230000019073486,5.130000114440918,5.230000019073486,5.199999809265137,86200.0,5.199999809265137
2016-09-23,5.230000019073486,5.119999885559082,5.230000019073486,5.130000114440918,122700.0,5.130000114440918
2016-09-26,5.130000114440918,5.050000190734863,5.090000152587891,5.079999923706055,73500.0,5.079999923706055
2016-09-27,5.119999885559082,4.940000057220459,5.119999885559082,5.050000190734863,183800.0,5.050000190734863
2016-09-28,5.070000171661377,4.909999847412109,5.059999942779541,5.039999961853027,192600.0,5.039999961853027
2016-09-29,5.070000171661377,4.920000076293945,5.070000171661377,4.920000076293945,102400.0,4.920000076293945
2016-09-30,5.179999828338623,4.880000114440918,4.929999828338623,5.090000152587891,312500.0,5.090000152587891
2016-10-03,5.110000133514404,4.960000038146973,5.090000152587891,5.090000152587891,108600.0,5.090000152587891
2016-10-04,5.170000076293945,5.050000190734863,5.059999942779541,5.059999942779541,53800.0,5.059999942779541
2016-10-05,5.119999885559082,5.050000190734863,5.059999942779541,5.110000133514404,90200.0,5.110000133514404
2016-10-06,5.159999847412109,5.070000171661377,5.110000133514404,5.139999866485596,58000.0,5.139999866485596
2016-10-07,5.139999866485596,5.090000152587891,5.130000114440918,5.130000114440918,89200.0,5.130000114440918
2016-10-10,5.320000171661377,5.159999847412109,5.170000076293945,5.260000228881836,98500.0,5.260000228881836
2016-10-11,5.28000020980835,5.0,5.25,5.059999942779541,138200.0,5.059999942779541
2016-10-12,5.170000076293945,4.980000019073486,5.070000171661377,5.090000152587891,79000.0,5.090000152587891
2016-10-13,5.090000152587891,4.920000076293945,5.03000020980835,5.070000171661377,113700.0,5.070000171661377
2016-10-14,5.699999809265137,5.210000038146973,5.210000038146973,5.630000114440918,563500.0,5.630000114440918
2016-10-17,5.860000133514404,5.579999923706055,5.769999980926514,5.650000095367432,236100.0,5.650000095367432
2016-10-18,5.989999771118164,5.71999979019165,5.71999979019165,5.949999809265137,167300.0,5.949999809265137
2016-10-19,6.260000228881836,6.0,6.0,6.179999828338623,237500.0,6.179999828338623
2016-10-20,6.269999980926514,6.110000133514404,6.230000019073486,6.119999885559082,129200.0,6.119999885559082
2016-10-21,6.090000152587891,5.820000171661377,6.059999942779541,5.929999828338623,129700.0,5.929999828338623
2016-10-24,6.340000152587891,5.929999828338623,5.949999809265137,6.329999923706055,255800.0,6.329999923706055
2016-10-25,6.409999847412109,5.989999771118164,6.409999847412109,6.019999980926514,120900.0,6.019999980926514
2016-10-26,6.059999942779541,5.809999942779541,6.03000020980835,5.909999847412109,138500.0,5.909999847412109
2016-10-27,6.03000020980835,5.900000095367432,5.96999979019165,5.960000038146973,113700.0,5.960000038146973
2016-10-28,6.059999942779541,5.920000076293945,5.949999809265137,6.0,119400.0,6.0
2016-10-31,6.190000057220459,6.0,6.090000152587891,6.099999904632568,171400.0,6.099999904632568
2016-11-01,6.110000133514404,5.800000190734863,6.110000133514404,5.820000171661377,194800.0,5.820000171661377
2016-11-02,5.900000095367432,5.800000190734863,5.820000171661377,5.840000152587891,103400.0,5.840000152587891
2016-11-03,5.929999828338623,5.789999961853027,5.849999904632568,5.809999942779541,98600.0,5.809999942779541
2016-11-04,6.070000171661377,5.849999904632568,5.849999904632568,5.900000095367432,138100.0,5.900000095367432
2016-11-07,6.110000133514404,6.0,6.0,6.079999923706055,117900.0,6.079999923706055
2016-11-08,6.159999847412109,5.989999771118164,6.050000190734863,6.070000171661377,104500.0,6.070000171661377
2016-11-09,6.460000038146973,5.860000133514404,5.960000038146973,6.449999809265137,191600.0,6.449999809265137
2016-11-10,6.710000038146973,6.409999847412109,6.519999980926514,6.570000171661377,233800.0,6.570000171661377
2016-11-11,6.730000019073486,6.409999847412109,6.610000133514404,6.619999885559082,220200.0,6.619999885559082
2016-11-14,6.989999771118164,6.639999866485596,6.650000095367432,6.949999809265137,372300.0,6.949999809265137
2016-11-15,6.980000019073486,6.650000095367432,6.949999809265137,6.829999923706055,191800.0,6.829999923706055
2016-11-16,7.059999942779541,6.75,6.929999828338623,6.980000019073486,181700.0,6.980000019073486
2016-11-17,7.090000152587891,6.869999885559082,6.949999809265137,6.880000114440918,135800.0,6.880000114440918
2016-11-18,6.929999828338623,6.809999942779541,6.909999847412109,6.889999866485596,112700.0,6.889999866485596
2016-11-21,6.960000038146973,6.840000152587891,6.869999885559082,6.929999828338623,103600.0,6.929999828338623
2016-11-22,7.050000190734863,6.869999885559082,6.989999771118164,7.019999980926514,170500.0,7.019999980926514
2016-11-23,7.079999923706055,6.940000057220459,7.019999980926514,7.0,130600.0,7.0
2016-11-25,7.079999923706055,6.940000057220459,7.039999961853027,7.010000228881836,62900.0,7.010000228881836
2016-11-28,7.059999942779541,6.909999847412109,7.039999961853027,6.920000076293945,101500.0,6.920000076293945
2016-11-29,7.170000076293945,6.929999828338623,6.929999828338623,7.079999923706055,217800.0,7.079999923706055
2016-11-30,7.199999809265137,6.75,7.159999847412109,6.820000171661377,217400.0,6.820000171661377
2016-12-01,6.880000114440918,6.5,6.820000171661377,6.610000133514404,231200.0,6.610000133514404
2016-12-02,6.730000019073486,6.449999809265137,6.639999866485596,6.670000076293945,410600.0,6.670000076293945
2016-12-05,7.269999980926514,6.690000057220459,6.690000057220459,7.25,224500.0,7.25
2016-12-06,7.230000019073486,6.829999923706055,7.230000019073486,7.099999904632568,172700.0,7.099999904632568
2016-12-07,7.289999961853027,7.0,7.130000114440918,7.28000020980835,159300.0,7.28000020980835
2016-12-08,7.5,7.130000114440918,7.21999979019165,7.480000019073486,295400.0,7.480000019073486
2016-12-09,7.510000228881836,6.659999847412109,7.5,7.059999942779541,424000.0,7.059999942779541
2016-12-12,7.070000171661377,6.849999904632568,7.0,6.989999771118164,215000.0,6.989999771118164
2016-12-13,7.269999980926514,6.849999904632568,7.059999942779541,6.900000095367432,229700.0,6.900000095367432
2016-12-14,7.139999866485596,6.820000171661377,6.889999866485596,6.829999923706055,150100.0,6.829999923706055
2016-12-15,7.039999961853027,6.849999904632568,6.869999885559082,6.909999847412109,155400.0,6.909999847412109
2016-12-16,7.150000095367432,6.800000190734863,6.929999828338623,6.829999923706055,252200.0,6.829999923706055
2016-12-19,6.920000076293945,6.760000228881836,6.829999923706055,6.789999961853027,115900.0,6.789999961853027
2016-12-20,7.03000020980835,6.820000171661377,6.849999904632568,6.889999866485596,105200.0,6.889999866485596
2016-12-21,6.909999847412109,6.690000057220459,6.909999847412109,6.820000171661377,113400.0,6.820000171661377
2016-12-22,6.880000114440918,6.760000228881836,6.820000171661377,6.840000152587891,95600.0,6.840000152587891
2016-12-23,6.960000038146973,6.809999942779541,6.820000171661377,6.889999866485596,71900.0,6.889999866485596
2016-12-27,7.199999809265137,6.840000152587891,6.949999809265137,6.980000019073486,224900.0,6.980000019073486
2016-12-28,6.980000019073486,6.78000020980835,6.980000019073486,6.809999942779541,149800.0,6.809999942779541
2016-12-29,7.0,6.820000171661377,6.869999885559082,6.929999828338623,168300.0,6.929999828338623
2016-12-30,7.059999942779541,6.829999923706055,6.909999847412109,6.940000057220459,285400.0,6.940000057220459
2017-01-03,7.170000076293945,6.960000038146973,7.070000171661377,7.139999866485596,215200.0,7.139999866485596
2017-01-04,7.25,7.010000228881836,7.25,7.199999809265137,168000.0,7.199999809265137
2017-01-05,7.230000019073486,7.050000190734863,7.230000019073486,7.070000171661377,107600.0,7.070000171661377
2017-01-06,7.179999828338623,7.070000171661377,7.099999904632568,7.150000095367432,137600.0,7.150000095367432
2017-01-09,7.139999866485596,7.0,7.099999904632568,7.050000190734863,118900.0,7.050000190734863
2017-01-10,7.199999809265137,7.050000190734863,7.050000190734863,7.190000057220459,137600.0,7.190000057220459
2017-01-11,7.239999771118164,7.050000190734863,7.21999979019165,7.190000057220459,161900.0,7.190000057220459
2017-01-12,7.210000038146973,6.900000095367432,7.210000038146973,7.059999942779541,142600.0,7.059999942779541
2017-01-13,7.150000095367432,7.050000190734863,7.119999885559082,7.110000133514404,71900.0,7.110000133514404
2017-01-17,7.090000152587891,6.820000171661377,7.0,6.869999885559082,143400.0,6.869999885559082
2017-01-18,6.929999828338623,6.710000038146973,6.929999828338623,6.880000114440918,110700.0,6.880000114440918
2017-01-19,6.960000038146973,6.760000228881836,6.900000095367432,6.800000190734863,104300.0,6.800000190734863
2017-01-20,6.920000076293945,6.71999979019165,6.800000190734863,6.809999942779541,98900.0,6.809999942779541
2017-01-23,6.989999771118164,6.710000038146973,6.820000171661377,6.949999809265137,110100.0,6.949999809265137
2017-01-24,6.96999979019165,6.75,6.960000038146973,6.789999961853027,126200.0,6.789999961853027
2017-01-25,6.940000057220459,6.710000038146973,6.880000114440918,6.760000228881836,222400.0,6.760000228881836
2017-01-26,6.800000190734863,6.579999923706055,6.78000020980835,6.650000095367432,112600.0,6.650000095367432
2017-01-27,6.739999771118164,6.599999904632568,6.699999809265137,6.679999828338623,121200.0,6.679999828338623
2017-01-30,6.639999866485596,6.420000076293945,6.610000133514404,6.46999979019165,143000.0,6.46999979019165
2017-01-31,6.78000020980835,6.269999980926514,6.420000076293945,6.679999828338623,211100.0,6.679999828338623
2017-02-01,6.849999904632568,6.75,6.760000228881836,6.809999942779541,136000.0,6.809999942779541
2017-02-02,6.900000095367432,6.659999847412109,6.809999942779541,6.679999828338623,125200.0,6.679999828338623
2017-02-03,6.929999828338623,6.579999923706055,6.75,6.920000076293945,194800.0,6.920000076293945
2017-02-06,6.960000038146973,6.789999961853027,6.869999885559082,6.820000171661377,187400.0,6.820000171661377
2017-02-07,6.889999866485596,6.679999828338623,6.849999904632568,6.78000020980835,85900.0,6.78000020980835
2017-02-08,6.809999942779541,6.400000095367432,6.809999942779541,6.510000228881836,382900.0,6.510000228881836
2017-02-09,6.699999809265137,6.389999866485596,6.389999866485596,6.559999942779541,200800.0,6.559999942779541
2017-02-10,6.650000095367432,6.449999809265137,6.53000020980835,6.550000190734863,103900.0,6.550000190734863
2017-02-13,6.659999847412109,6.360000133514404,6.590000152587891,6.400000095367432,223600.0,6.400000095367432
2017-02-14,6.53000020980835,6.380000114440918,6.400000095367432,6.460000038146973,122500.0,6.460000038146973
2017-02-15,6.820000171661377,6.429999828338623,6.429999828338623,6.78000020980835,163900.0,6.78000020980835
2017-02-16,6.760000228881836,6.539999961853027,6.730000019073486,6.650000095367432,133500.0,6.650000095367432
2017-02-17,6.849999904632568,6.590000152587891,6.710000038146973,6.840000152587891,181800.0,6.840000152587891
2017-02-21,6.860000133514404,6.659999847412109,6.820000171661377,6.710000038146973,107400.0,6.710000038146973
2017-02-22,6.760000228881836,6.579999923706055,6.699999809265137,6.659999847412109,74600.0,6.659999847412109
2017-02-23,6.789999961853027,6.5,6.679999828338623,6.579999923706055,85400.0,6.579999923706055
2017-02-24,6.670000076293945,6.510000228881836,6.539999961853027,6.659999847412109,74000.0,6.659999847412109
2017-02-27,6.690000057220459,6.550000190734863,6.630000114440918,6.630000114440918,143400.0,6.630000114440918
2017-02-28,6.610000133514404,6.420000076293945,6.610000133514404,6.449999809265137,164000.0,6.449999809265137
2017-03-01,6.690000057220459,6.510000228881836,6.550000190734863,6.590000152587891,153400.0,6.590000152587891
2017-03-02,6.840000152587891,6.650000095367432,6.650000095367432,6.809999942779541,210100.0,6.809999942779541
2017-03-03,6.960000038146973,6.78000020980835,6.809999942779541,6.949999809265137,198500.0,6.949999809265137
2017-03-06,7.130000114440918,6.929999828338623,6.980000019073486,7.039999961853027,195600.0,7.039999961853027
2017-03-07,7.139999866485596,6.820000171661377,7.0,6.840000152587891,138400.0,6.840000152587891
2017-03-08,6.900000095367432,6.670000076293945,6.860000133514404,6.699999809265137,146100.0,6.699999809265137
2017-03-09,6.78000020980835,6.670000076293945,6.679999828338623,6.690000057220459,148500.0,6.690000057220459
2017-03-10,6.78000020980835,6.679999828338623,6.71999979019165,6.75,148500.0,6.75
2017-03-13,6.949999809265137,6.699999809265137,6.75,6.920000076293945,206500.0,6.920000076293945
2017-03-14,7.190000057220459,6.809999942779541,6.960000038146973,7.0,392300.0,7.0
2017-03-15,7.070000171661377,6.900000095367432,6.909999847412109,7.050000190734863,129300.0,7.050000190734863
2017-03-16,7.119999885559082,6.920000076293945,7.110000133514404,7.03000020980835,166200.0,7.03000020980835
2017-03-17,7.630000114440918,7.0,7.03000020980835,7.510000228881836,538400.0,7.510000228881836
2017-03-20,7.929999828338623,7.320000171661377,7.46999979019165,7.900000095367432,385800.0,7.900000095367432
2017-03-21,7.900000095367432,7.730000019073486,7.900000095367432,7.869999885559082,197000.0,7.869999885559082
2017-03-22,7.920000076293945,7.769999980926514,7.769999980926514,7.880000114440918,185900.0,7.880000114440918
2017-03-23,7.96999979019165,7.840000152587891,7.880000114440918,7.909999847412109,169700.0,7.909999847412109
2017-03-24,8.489999771118164,7.920000076293945,7.940000057220459,8.430000305175781,341300.0,8.430000305175781
2017-03-27,8.720000267028809,8.119999885559082,8.289999961853027,8.65999984741211,272600.0,8.65999984741211
2017-03-28,8.739999771118164,8.300000190734863,8.579999923706055,8.4399995803833,179300.0,8.4399995803833
2017-03-29,8.489999771118164,8.260000228881836,8.430000305175781,8.3100004196167,136700.0,8.3100004196167
2017-03-30,8.380000114440918,8.15999984741211,8.25,8.1899995803833,128900.0,8.1899995803833
2017-03-31,8.479999542236328,8.109999656677246,8.130000114440918,8.369999885559082,350300.0,8.369999885559082
2017-04-03,8.649999618530273,8.319999694824219,8.430000305175781,8.430000305175781,379900.0,8.430000305175781
2017-04-04,8.420000076293945,8.119999885559082,8.350000381469727,8.199999809265137,313800.0,8.199999809265137
2017-04-05,8.239999771118164,7.980000019073486,8.239999771118164,8.0,151300.0,8.0
2017-04-06,8.130000114440918,7.829999923706055,7.989999771118164,8.130000114440918,360500.0,8.130000114440918
2017-04-07,8.199999809265137,7.920000076293945,8.100000381469727,8.020000457763672,295300.0,8.020000457763672
2017-04-10,8.100000381469727,7.869999885559082,7.960000038146973,7.880000114440918,157200.0,7.880000114440918
2017-04-11,8.0,7.760000228881836,7.820000171661377,7.989999771118164,130000.0,7.989999771118164
2017-04-12,8.020000457763672,7.880000114440918,8.0,8.0,108400.0,8.0
2017-04-13,8.029999732971191,7.900000095367432,7.980000019073486,7.949999809265137,309500.0,7.949999809265137
2017-04-17,8.65999984741211,7.960000038146973,7.960000038146973,8.649999618530273,395500.0,8.649999618530273
2017-04-18,8.84000015258789,8.359999656677246,8.649999618530273,8.520000457763672,526500.0,8.520000457763672
2017-04-19,8.890000343322754,8.5600004196167,8.630000114440918,8.859999656677246,418400.0,8.859999656677246
2017-04-20,8.979999542236328,8.779999732971191,8.920000076293945,8.880000114440918,326700.0,8.880000114440918
2017-04-21,8.949999809265137,8.770000457763672,8.850000381469727,8.779999732971191,296200.0,8.779999732971191
2017-04-24,8.949999809265137,8.760000228881836,8.949999809265137,8.800000190734863,134100.0,8.800000190734863
2017-04-25,8.9399995803833,8.699999809265137,8.850000381469727,8.720000267028809,230700.0,8.720000267028809
2017-04-26,8.75,8.5600004196167,8.720000267028809,8.600000381469727,228700.0,8.600000381469727
2017-04-27,8.760000228881836,8.550000190734863,8.619999885559082,8.739999771118164,197800.0,8.739999771118164
2017-04-28,8.850000381469727,8.699999809265137,8.75,8.800000190734863,159700.0,8.800000190734863
2017-05-01,9.029999732971191,8.75,8.84000015258789,8.859999656677246,231400.0,8.859999656677246
2017-05-02,8.899999618530273,8.720000267028809,8.859999656677246,8.8100004196167,181300.0,8.8100004196167
2017-05-03,8.869999885559082,8.65999984741211,8.760000228881836,8.850000381469727,181200.0,8.850000381469727
2017-05-04,8.989999771118164,8.75,8.899999618530273,8.75,141800.0,8.75
2017-05-05,8.869999885559082,8.710000038146973,8.770000457763672,8.829999923706055,200000.0,8.829999923706055
2017-05-08,9.0,8.8100004196167,8.850000381469727,9.0,233200.0,9.0
2017-05-09,9.390000343322754,8.970000267028809,9.029999732971191,9.380000114440918,217200.0,9.380000114440918
2017-05-10,9.420000076293945,9.100000381469727,9.390000343322754,9.390000343322754,202800.0,9.390000343322754
2017-05-11,9.390000343322754,9.170000076293945,9.380000114440918,9.270000457763672,143900.0,9.270000457763672
2017-05-12,9.680000305175781,9.25,9.260000228881836,9.289999961853027,380200.0,9.289999961853027
2017-05-15,9.390000343322754,9.170000076293945,9.34000015258789,9.180000305175781,432800.0,9.180000305175781
2017-05-16,9.239999771118164,9.0600004196167,9.170000076293945,9.210000038146973,410200.0,9.210000038146973
2017-05-17,9.149999618530273,8.859999656677246,9.149999618530273,8.899999618530273,261300.0,8.899999618530273
2017-05-18,8.949999809265137,8.680000305175781,8.899999618530273,8.770000457763672,230900.0,8.770000457763672
2017-05-19,9.390000343322754,8.720000267028809,8.789999961853027,9.020000457763672,965000.0,9.020000457763672
2017-05-22,9.140000343322754,8.850000381469727,9.109999656677246,8.9399995803833,259300.0,8.9399995803833
2017-05-23,9.15999984741211,8.930000305175781,8.989999771118164,9.069999694824219,180500.0,9.069999694824219
2017-05-24,9.140000343322754,9.010000228881836,9.069999694824219,9.039999961853027,127700.0,9.039999961853027
2017-05-25,9.15999984741211,9.050000190734863,9.0600004196167,9.050000190734863,178200.0,9.050000190734863
2017-05-26,9.140000343322754,9.0,9.050000190734863,9.079999923706055,123600.0,9.079999923706055
2017-05-30,9.15999984741211,8.890000343322754,9.0600004196167,8.979999542236328,225700.0,8.979999542236328
2017-05-31,9.130000114440918,8.899999618530273,9.0,9.0,103600.0,9.0
2017-06-01,9.15999984741211,8.970000267028809,9.0,9.100000381469727,194700.0,9.100000381469727
2017-06-02,9.539999961853027,9.050000190734863,9.100000381469727,9.369999885559082,483000.0,9.369999885559082
2017-06-05,9.449999809265137,9.0,9.359999656677246,9.020000457763672,204200.0,9.020000457763672
2017-06-06,9.15999984741211,8.979999542236328,8.979999542236328,9.100000381469727,174700.0,9.100000381469727
2017-06-07,9.140000343322754,8.989999771118164,9.09000015258789,9.039999961853027,221600.0,9.039999961853027
2017-06-08,9.220000267028809,8.930000305175781,9.119999885559082,9.15999984741211,152100.0,9.15999984741211
2017-06-09,10.75,9.199999809265137,9.3100004196167,10.380000114440918,1042200.0,10.380000114440918
2017-06-12,10.539999961853027,9.65999984741211,10.539999961853027,9.8100004196167,369200.0,9.8100004196167
2017-06-13,10.319999694824219,9.800000190734863,9.949999809265137,10.210000038146973,349200.0,10.210000038146973
2017-06-14,10.850000381469727,10.239999771118164,10.25,10.609999656677246,481900.0,10.609999656677246
2017-06-15,10.630000114440918,10.359999656677246,10.449999809265137,10.489999771118164,271400.0,10.489999771118164
2017-06-16,10.65999984741211,10.4399995803833,10.510000228881836,10.510000228881836,333500.0,10.510000228881836
2017-06-19,10.930000305175781,10.539999961853027,10.539999961853027,10.800000190734863,264900.0,10.800000190734863
2017-06-20,10.930000305175781,10.770000457763672,10.770000457763672,10.800000190734863,216200.0,10.800000190734863
2017-06-21,11.359999656677246,10.869999885559082,10.9399995803833,11.069999694824219,274900.0,11.069999694824219
2017-06-22,11.140000343322754,10.800000190734863,11.0600004196167,11.020000457763672,230100.0,11.020000457763672
2017-06-23,11.609999656677246,10.850000381469727,11.010000228881836,11.539999961853027,760900.0,11.539999961853027
2017-06-26,11.600000381469727,11.270000457763672,11.539999961853027,11.460000038146973,282800.0,11.460000038146973
2017-06-27,11.4399995803833,11.109999656677246,11.430000305175781,11.199999809265137,196400.0,11.199999809265137
2017-06-28,11.5,11.149999618530273,11.25,11.359999656677246,199100.0,11.359999656677246
2017-06-29,11.4399995803833,11.069999694824219,11.359999656677246,11.350000381469727,271900.0,11.350000381469727
2017-06-30,11.350000381469727,10.920000076293945,11.300000190734863,11.039999961853027,202700.0,11.039999961853027
2017-07-03,11.220000267028809,10.970000267028809,11.149999618530273,11.180000305175781,129800.0,11.180000305175781
2017-07-05,11.369999885559082,11.029999732971191,11.229999542236328,11.239999771118164,178800.0,11.239999771118164
2017-07-06,11.289999961853027,10.930000305175781,11.100000381469727,11.25,245600.0,11.25
2017-07-07,11.420000076293945,11.170000076293945,11.270000457763672,11.270000457763672,234700.0,11.270000457763672
2017-07-10,11.239999771118164,11.029999732971191,11.239999771118164,11.050000190734863,122400.0,11.050000190734863
2017-07-11,11.229999542236328,11.039999961853027,11.050000190734863,11.180000305175781,177300.0,11.180000305175781
2017-07-12,11.359999656677246,11.130000114440918,11.25,11.359999656677246,244600.0,11.359999656677246
2017-07-13,11.579999923706055,11.180000305175781,11.390000343322754,11.579999923706055,252300.0,11.579999923706055
2017-07-14,12.039999961853027,11.520000457763672,11.569999694824219,11.789999961853027,369300.0,11.789999961853027
2017-07-17,11.989999771118164,11.579999923706055,11.800000190734863,11.729999542236328,215400.0,11.729999542236328
2017-07-18,11.760000228881836,11.430000305175781,11.6899995803833,11.4399995803833,164000.0,11.4399995803833
2017-07-19,11.819999694824219,11.420000076293945,11.449999809265137,11.600000381469727,265200.0,11.600000381469727
2017-07-20,11.609999656677246,11.420000076293945,11.609999656677246,11.470000267028809,117300.0,11.470000267028809
2017-07-21,11.619999885559082,11.220000267028809,11.539999961853027,11.350000381469727,195000.0,11.350000381469727
2017-07-24,11.470000267028809,11.0600004196167,11.399999618530273,11.300000190734863,206800.0,11.300000190734863
2017-07-25,11.430000305175781,11.15999984741211,11.329999923706055,11.170000076293945,152500.0,11.170000076293945
2017-07-26,11.460000038146973,11.140000343322754,11.199999809265137,11.289999961853027,161600.0,11.289999961853027
2017-07-27,11.359999656677246,10.8100004196167,11.350000381469727,10.970000267028809,279000.0,10.970000267028809
2017-07-28,11.109999656677246,10.8100004196167,10.960000038146973,10.979999542236328,109200.0,10.979999542236328
2017-07-31,11.149999618530273,10.770000457763672,11.0,10.850000381469727,357600.0,10.850000381469727
2017-08-01,11.229999542236328,10.899999618530273,10.920000076293945,11.170000076293945,202300.0,11.170000076293945
2017-08-02,11.390000343322754,10.869999885559082,11.369999885559082,11.079999923706055,147800.0,11.079999923706055
2017-08-03,11.210000038146973,11.0,11.050000190734863,11.170000076293945,127900.0,11.170000076293945
2017-08-04,11.420000076293945,11.119999885559082,11.170000076293945,11.420000076293945,193400.0,11.420000076293945
2017-08-07,11.420000076293945,11.220000267028809,11.399999618530273,11.34000015258789,141200.0,11.34000015258789
2017-08-08,11.520000457763672,11.15999984741211,11.279999732971191,11.289999961853027,188000.0,11.289999961853027
2017-08-09,11.279999732971191,11.09000015258789,11.279999732971191,11.180000305175781,89100.0,11.180000305175781
2017-08-10,11.470000267028809,10.890000343322754,11.210000038146973,10.989999771118164,228700.0,10.989999771118164
2017-08-11,11.1899995803833,10.739999771118164,10.890000343322754,11.0600004196167,136700.0,11.0600004196167
2017-08-14,11.350000381469727,10.930000305175781,11.149999618530273,11.3100004196167,220400.0,11.3100004196167
2017-08-15,11.5,11.170000076293945,11.380000114440918,11.239999771118164,200100.0,11.239999771118164
2017-08-16,11.319999694824219,11.039999961853027,11.239999771118164,11.079999923706055,170600.0,11.079999923706055
2017-08-17,11.220000267028809,10.930000305175781,10.989999771118164,11.0,210200.0,11.0
2017-08-18,10.90999984741211,10.729999542236328,10.899999618530273,10.779999732971191,153600.0,10.779999732971191
2017-08-21,10.989999771118164,10.550000190734863,10.770000457763672,10.880000114440918,201900.0,10.880000114440918
2017-08-22,11.050000190734863,10.84000015258789,10.930000305175781,10.9399995803833,100900.0,10.9399995803833
2017-08-23,11.069999694824219,10.829999923706055,10.890000343322754,11.010000228881836,135700.0,11.010000228881836
2017-08-24,11.329999923706055,11.010000228881836,11.010000228881836,11.15999984741211,348400.0,11.15999984741211
2017-08-25,11.229999542236328,10.989999771118164,11.180000305175781,11.010000228881836,79400.0,11.010000228881836
2017-08-28,11.15999984741211,11.0,11.050000190734863,11.09000015258789,83500.0,11.09000015258789
2017-08-29,11.15999984741211,10.9399995803833,11.029999732971191,11.09000015258789,92800.0,11.09000015258789
2017-08-30,11.270000457763672,11.050000190734863,11.050000190734863,11.180000305175781,89900.0,11.180000305175781
2017-08-31,11.25,11.100000381469727,11.199999809265137,11.25,180800.0,11.25
2017-09-01,11.350000381469727,11.109999656677246,11.260000228881836,11.350000381469727,98500.0,11.350000381469727
2017-09-05,11.5,11.119999885559082,11.289999961853027,11.300000190734863,159800.0,11.300000190734863
2017-09-06,11.399999618530273,11.170000076293945,11.3100004196167,11.289999961853027,105400.0,11.289999961853027
2017-09-07,11.34000015258789,11.149999618530273,11.319999694824219,11.149999618530273,128200.0,11.149999618530273
2017-09-08,11.180000305175781,11.0600004196167,11.119999885559082,11.109999656677246,139100.0,11.109999656677246
2017-09-11,11.220000267028809,11.029999732971191,11.1899995803833,11.09000015258789,120600.0,11.09000015258789
2017-09-12,11.1899995803833,10.949999809265137,11.109999656677246,11.0,109700.0,11.0
2017-09-13,11.119999885559082,10.819999694824219,10.920000076293945,10.890000343322754,216100.0,10.890000343322754
2017-09-14,10.960000038146973,10.8100004196167,10.84000015258789,10.9399995803833,118700.0,10.9399995803833
2017-09-15,10.989999771118164,10.75,10.989999771118164,10.859999656677246,391400.0,10.859999656677246
2017-09-18,10.930000305175781,10.350000381469727,10.850000381469727,10.65999984741211,332000.0,10.65999984741211
2017-09-19,10.65999984741211,10.369999885559082,10.65999984741211,10.449999809265137,284900.0,10.449999809265137
2017-09-20,10.640000343322754,10.390000343322754,10.449999809265137,10.5,176800.0,10.5
2017-09-21,10.539999961853027,10.359999656677246,10.4399995803833,10.460000038146973,112300.0,10.460000038146973
2017-09-22,10.600000381469727,10.399999618530273,10.470000267028809,10.449999809265137,111500.0,10.449999809265137
2017-09-25,10.670000076293945,10.380000114440918,10.430000305175781,10.65999984741211,215600.0,10.65999984741211
2017-09-26,10.84000015258789,10.579999923706055,10.609999656677246,10.789999961853027,168600.0,10.789999961853027
2017-09-27,11.489999771118164,10.850000381469727,10.850000381469727,11.4399995803833,349100.0,11.4399995803833
2017-09-28,11.319999694824219,10.210000038146973,11.300000190734863,10.640000343322754,624500.0,10.640000343322754
2017-09-29,10.680000305175781,10.4399995803833,10.649999618530273,10.470000267028809,299400.0,10.470000267028809
2017-10-02,10.600000381469727,10.229999542236328,10.550000190734863,10.4399995803833,381500.0,10.4399995803833
2017-10-03,10.510000228881836,10.3100004196167,10.449999809265137,10.5,285900.0,10.5
2017-10-04,10.630000114440918,10.40999984741211,10.489999771118164,10.5,133200.0,10.5
2017-10-05,10.550000190734863,10.329999923706055,10.539999961853027,10.359999656677246,135200.0,10.359999656677246
2017-10-06,10.460000038146973,10.319999694824219,10.359999656677246,10.4399995803833,86300.0,10.4399995803833
2017-10-09,10.75,10.470000267028809,10.5,10.5,105000.0,10.5
2017-10-10,10.539999961853027,10.369999885559082,10.460000038146973,10.529999732971191,83500.0,10.529999732971191
2017-10-11,10.680000305175781,10.470000267028809,10.600000381469727,10.550000190734863,86800.0,10.550000190734863
2017-10-12,10.6899995803833,10.489999771118164,10.550000190734863,10.5,103900.0,10.5
2017-10-13,10.699999809265137,10.350000381469727,10.609999656677246,10.369999885559082,109100.0,10.369999885559082
2017-10-16,10.399999618530273,10.279999732971191,10.350000381469727,10.34000015258789,130600.0,10.34000015258789
2017-10-17,10.3100004196167,9.90999984741211,10.300000190734863,10.0,355300.0,10.0
2017-10-18,10.109999656677246,9.720000267028809,10.109999656677246,9.819999694824219,369700.0,9.819999694824219
2017-10-19,9.989999771118164,9.609999656677246,9.789999961853027,9.979999542236328,172700.0,9.979999542236328
2017-10-20,10.079999923706055,9.90999984741211,10.079999923706055,9.979999542236328,117800.0,9.979999542236328
2017-10-23,10.149999618530273,9.800000190734863,9.90999984741211,10.09000015258789,205200.0,10.09000015258789
2017-10-24,10.180000305175781,9.829999923706055,10.170000076293945,10.0,362200.0,10.0
2017-10-25,10.199999809265137,9.960000038146973,10.020000457763672,10.079999923706055,303000.0,10.079999923706055
2017-10-26,10.449999809265137,10.010000228881836,10.119999885559082,10.199999809265137,160500.0,10.199999809265137
2017-10-27,10.470000267028809,10.1899995803833,10.199999809265137,10.300000190734863,192900.0,10.300000190734863
2017-10-30,10.25,9.399999618530273,10.220000267028809,9.859999656677246,377700.0,9.859999656677246
2017-10-31,10.020000457763672,9.739999771118164,9.850000381469727,9.850000381469727,394100.0,9.850000381469727
2017-11-01,9.979999542236328,9.470000267028809,9.920000076293945,9.489999771118164,133600.0,9.489999771118164
2017-11-02,9.739999771118164,9.40999984741211,9.479999542236328,9.720000267028809,175500.0,9.720000267028809
2017-11-03,10.010000228881836,9.699999809265137,9.720000267028809,9.989999771118164,95700.0,9.989999771118164
2017-11-06,10.149999618530273,9.920000076293945,9.960000038146973,9.930000305175781,74800.0,9.930000305175781
2017-11-07,9.960000038146973,9.829999923706055,9.920000076293945,9.949999809265137,132600.0,9.949999809265137
2017-11-08,9.899999618530273,9.729999542236328,9.869999885559082,9.859999656677246,135600.0,9.859999656677246
2017-11-09,9.829999923706055,9.739999771118164,9.789999961853027,9.8100004196167,71000.0,9.8100004196167
2017-11-10,9.800000190734863,9.510000228881836,9.75,9.529999732971191,99700.0,9.529999732971191
2017-11-13,9.449999809265137,9.029999732971191,9.449999809265137,9.050000190734863,231600.0,9.050000190734863
2017-11-14,9.140000343322754,8.800000190734863,9.020000457763672,9.130000114440918,247500.0,9.130000114440918
2017-11-15,9.25,9.079999923706055,9.09000015258789,9.199999809265137,99300.0,9.199999809265137
2017-11-16,9.460000038146973,9.1899995803833,9.1899995803833,9.210000038146973,138900.0,9.210000038146973
2017-11-17,9.199999809265137,8.859999656677246,9.15999984741211,9.100000381469727,277200.0,9.100000381469727
2017-11-20,9.3100004196167,9.050000190734863,9.100000381469727,9.289999961853027,76600.0,9.289999961853027
2017-11-21,9.520000457763672,9.34000015258789,9.34000015258789,9.489999771118164,132400.0,9.489999771118164
2017-11-22,9.729999542236328,9.470000267028809,9.510000228881836,9.479999542236328,83800.0,9.479999542236328
2017-11-24,9.569999694824219,9.270000457763672,9.489999771118164,9.420000076293945,41200.0,9.420000076293945
2017-11-27,9.640000343322754,9.350000381469727,9.350000381469727,9.529999732971191,91100.0,9.529999732971191
2017-11-28,9.770000457763672,9.4399995803833,9.579999923706055,9.6899995803833,134000.0,9.6899995803833
2017-11-29,9.850000381469727,9.5600004196167,9.699999809265137,9.640000343322754,71000.0,9.640000343322754
2017-11-30,9.869999885559082,9.619999885559082,9.630000114440918,9.8100004196167,128800.0,9.8100004196167
2017-12-01,9.819999694824219,9.319999694824219,9.8100004196167,9.460000038146973,136500.0,9.460000038146973
2017-12-04,9.649999618530273,9.140000343322754,9.489999771118164,9.210000038146973,116600.0,9.210000038146973
2017-12-05,9.420000076293945,9.180000305175781,9.199999809265137,9.199999809265137,196800.0,9.199999809265137
2017-12-06,9.369999885559082,9.170000076293945,9.220000267028809,9.270000457763672,96000.0,9.270000457763672
2017-12-07,9.529999732971191,9.199999809265137,9.279999732971191,9.510000228881836,170000.0,9.510000228881836
2017-12-08,9.479999542236328,8.630000114440918,9.25,8.789999961853027,388700.0,8.789999961853027
2017-12-11,9.029999732971191,8.75,8.819999694824219,8.930000305175781,158200.0,8.930000305175781
2017-12-12,9.0600004196167,8.710000038146973,8.989999771118164,8.720000267028809,312000.0,8.720000267028809
2017-12-13,8.9399995803833,8.760000228881836,8.770000457763672,8.800000190734863,157200.0,8.800000190734863
2017-12-14,8.899999618530273,8.449999809265137,8.819999694824219,8.520000457763672,190100.0,8.520000457763672
2017-12-15,8.930000305175781,8.520000457763672,8.520000457763672,8.779999732971191,324300.0,8.779999732971191
2017-12-18,8.920000076293945,8.600000381469727,8.819999694824219,8.65999984741211,80500.0,8.65999984741211
2017-12-19,8.930000305175781,8.710000038146973,8.729999542236328,8.770000457763672,218300.0,8.770000457763672
2017-12-20,8.949999809265137,8.789999961853027,8.8100004196167,8.84000015258789,99600.0,8.84000015258789
2017-12-21,8.9399995803833,8.75,8.850000381469727,8.75,65800.0,8.75
2017-12-22,8.770000457763672,8.680000305175781,8.6899995803833,8.680000305175781,67000.0,8.680000305175781
2017-12-26,8.710000038146973,8.380000114440918,8.649999618530273,8.40999984741211,103200.0,8.40999984741211
2017-12-27,8.539999961853027,8.350000381469727,8.40999984741211,8.40999984741211,94800.0,8.40999984741211
2017-12-28,8.40999984741211,8.1899995803833,8.390000343322754,8.329999923706055,171000.0,8.329999923706055
2017-12-29,8.369999885559082,8.109999656677246,8.329999923706055,8.149999618530273,258500.0,8.149999618530273
2018-01-02,8.279999732971191,7.949999809265137,8.09000015258789,8.25,255800.0,8.25
2018-01-03,8.260000228881836,8.119999885559082,8.25,8.170000076293945,168800.0,8.170000076293945
2018-01-04,8.420000076293945,8.119999885559082,8.1899995803833,8.359999656677246,145400.0,8.359999656677246
2018-01-05,8.399999618530273,8.220000267028809,8.359999656677246,8.359999656677246,136100.0,8.359999656677246
2018-01-08,8.369999885559082,8.119999885559082,8.359999656677246,8.130000114440918,104700.0,8.130000114440918
2018-01-09,8.270000457763672,8.069999694824219,8.119999885559082,8.1899995803833,99200.0,8.1899995803833
2018-01-10,8.229999542236328,8.010000228881836,8.149999618530273,8.069999694824219,122500.0,8.069999694824219
2018-01-11,8.210000038146973,8.010000228881836,8.100000381469727,8.020000457763672,115100.0,8.020000457763672
2018-01-12,8.010000228881836,7.440000057220459,8.010000228881836,7.630000114440918,474400.0,7.630000114440918
2018-01-16,7.949999809265137,7.53000020980835,7.579999923706055,7.739999771118164,327800.0,7.739999771118164
2018-01-17,7.840000152587891,7.670000076293945,7.760000228881836,7.75,238100.0,7.75
2018-01-18,7.849999904632568,7.690000057220459,7.690000057220459,7.789999961853027,163900.0,7.789999961853027
2018-01-19,8.0,7.739999771118164,7.739999771118164,7.960000038146973,148000.0,7.960000038146973
2018-01-22,8.100000381469727,7.96999979019165,7.980000019073486,8.09000015258789,200000.0,8.09000015258789
2018-01-23,8.140000343322754,7.78000020980835,8.109999656677246,7.929999828338623,265800.0,7.929999828338623
2018-01-24,7.980000019073486,7.71999979019165,7.929999828338623,7.840000152587891,149300.0,7.840000152587891
2018-01-25,7.929999828338623,7.710000038146973,7.880000114440918,7.78000020980835,96800.0,7.78000020980835
2018-01-26,7.849999904632568,7.679999828338623,7.829999923706055,7.75,100900.0,7.75
2018-01-29,7.789999961853027,7.599999904632568,7.710000038146973,7.639999866485596,327200.0,7.639999866485596
2018-01-30,7.690000057220459,7.510000228881836,7.590000152587891,7.659999847412109,171000.0,7.659999847412109
2018-01-31,7.71999979019165,7.300000190734863,7.679999828338623,7.360000133514404,158800.0,7.360000133514404
2018-02-01,7.389999866485596,7.159999847412109,7.349999904632568,7.300000190734863,176400.0,7.300000190734863
2018-02-02,7.389999866485596,7.179999828338623,7.289999961853027,7.269999980926514,148000.0,7.269999980926514
2018-02-05,7.400000095367432,6.949999809265137,7.260000228881836,6.980000019073486,218400.0,6.980000019073486
2018-02-06,7.179999828338623,6.739999771118164,6.869999885559082,6.840000152587891,299400.0,6.840000152587891
2018-02-07,7.010000228881836,6.809999942779541,6.840000152587891,6.960000038146973,188500.0,6.960000038146973
2018-02-08,7.090000152587891,6.730000019073486,6.949999809265137,6.739999771118164,188700.0,6.739999771118164
2018-02-09,6.909999847412109,6.610000133514404,6.71999979019165,6.860000133514404,212100.0,6.860000133514404
2018-02-12,6.900000095367432,6.690000057220459,6.860000133514404,6.730000019073486,106100.0,6.730000019073486
2018-02-13,6.849999904632568,6.570000171661377,6.670000076293945,6.800000190734863,102100.0,6.800000190734863
2018-02-14,6.960000038146973,6.75,6.75,6.900000095367432,107900.0,6.900000095367432
2018-02-15,7.0,6.840000152587891,6.949999809265137,6.980000019073486,198900.0,6.980000019073486
2018-02-16,7.079999923706055,6.840000152587891,6.980000019073486,6.889999866485596,69400.0,6.889999866485596
2018-02-20,6.909999847412109,6.78000020980835,6.860000133514404,6.789999961853027,67800.0,6.789999961853027
2018-02-21,7.0,6.789999961853027,6.789999961853027,6.940000057220459,85000.0,6.940000057220459
2018-02-22,7.0,6.800000190734863,6.96999979019165,6.800000190734863,138700.0,6.800000190734863
2018-02-23,6.880000114440918,6.739999771118164,6.860000133514404,6.760000228881836,115100.0,6.760000228881836
2018-02-26,6.789999961853027,6.630000114440918,6.760000228881836,6.690000057220459,136500.0,6.690000057220459
2018-02-27,6.75,6.5,6.679999828338623,6.599999904632568,141500.0,6.599999904632568
2018-02-28,6.670000076293945,6.329999923706055,6.599999904632568,6.329999923706055,165800.0,6.329999923706055
2018-03-01,6.679999828338623,6.309999942779541,6.309999942779541,6.46999979019165,297800.0,6.46999979019165
2018-03-02,6.800000190734863,6.360000133514404,6.409999847412109,6.599999904632568,264900.0,6.599999904632568
2018-03-05,6.699999809265137,6.510000228881836,6.599999904632568,6.590000152587891,94000.0,6.590000152587891
2018-03-06,6.639999866485596,6.449999809265137,6.610000133514404,6.550000190734863,97600.0,6.550000190734863
2018-03-07,6.829999923706055,6.539999961853027,6.539999961853027,6.789999961853027,139500.0,6.789999961853027
2018-03-08,6.920000076293945,6.659999847412109,6.789999961853027,6.849999904632568,219200.0,6.849999904632568
2018-03-09,7.269999980926514,6.78000020980835,6.900000095367432,7.210000038146973,216200.0,7.210000038146973
2018-03-12,7.360000133514404,7.059999942779541,7.28000020980835,7.190000057220459,142400.0,7.190000057220459
2018-03-13,7.239999771118164,6.570000171661377,7.239999771118164,6.699999809265137,262600.0,6.699999809265137
2018-03-14,6.849999904632568,6.630000114440918,6.679999828338623,6.730000019073486,206900.0,6.730000019073486
2018-03-15,6.78000020980835,6.349999904632568,6.710000038146973,6.349999904632568,253200.0,6.349999904632568
2018-03-16,6.650000095367432,6.360000133514404,6.360000133514404,6.480000019073486,438400.0,6.480000019073486
2018-03-19,6.519999980926514,6.369999885559082,6.480000019073486,6.449999809265137,237400.0,6.449999809265137
2018-03-20,6.489999771118164,6.230000019073486,6.440000057220459,6.239999771118164,149400.0,6.239999771118164
2018-03-21,6.389999866485596,6.110000133514404,6.179999828338623,6.170000076293945,220400.0,6.170000076293945
2018-03-22,6.28000020980835,5.829999923706055,6.130000114440918,5.96999979019165,251100.0,5.96999979019165
2018-03-23,5.980000019073486,5.619999885559082,5.949999809265137,5.659999847412109,254300.0,5.659999847412109
2018-03-26,5.789999961853027,5.610000133514404,5.699999809265137,5.710000038146973,230800.0,5.710000038146973
2018-03-27,5.739999771118164,5.420000076293945,5.710000038146973,5.440000057220459,184200.0,5.440000057220459
2018-03-28,5.510000228881836,5.380000114440918,5.440000057220459,5.429999828338623,293500.0,5.429999828338623
2018-03-29,5.679999828338623,5.349999904632568,5.449999809265137,5.480000019073486,750200.0,5.480000019073486
2018-04-02,5.579999923706055,5.369999885559082,5.5,5.510000228881836,241500.0,5.510000228881836
2018-04-03,5.690000057220459,5.460000038146973,5.489999771118164,5.590000152587891,155300.0,5.590000152587891
2018-04-04,5.849999904632568,5.5,5.539999961853027,5.840000152587891,324800.0,5.840000152587891
2018-04-05,6.03000020980835,5.75,5.869999885559082,6.010000228881836,236700.0,6.010000228881836
2018-04-06,6.090000152587891,5.949999809265137,5.989999771118164,6.019999980926514,194300.0,6.019999980926514
2018-04-09,6.059999942779541,5.800000190734863,6.050000190734863,6.010000228881836,275000.0,6.010000228881836
2018-04-10,6.179999828338623,6.0,6.079999923706055,6.019999980926514,147100.0,6.019999980926514
2018-04-11,6.130000114440918,6.0,6.0,6.039999961853027,97500.0,6.039999961853027
2018-04-12,6.119999885559082,5.960000038146973,6.070000171661377,6.019999980926514,124000.0,6.019999980926514
2018-04-13,6.119999885559082,5.960000038146973,6.03000020980835,6.059999942779541,215900.0,6.059999942779541
2018-04-16,6.21999979019165,6.039999961853027,6.090000152587891,6.150000095367432,120000.0,6.150000095367432
2018-04-17,6.289999961853027,6.110000133514404,6.190000057220459,6.21999979019165,110200.0,6.21999979019165
2018-04-18,6.25,6.070000171661377,6.25,6.150000095367432,115200.0,6.150000095367432
2018-04-19,6.230000019073486,6.130000114440918,6.150000095367432,6.159999847412109,147200.0,6.159999847412109
2018-04-20,6.230000019073486,6.130000114440918,6.159999847412109,6.150000095367432,146600.0,6.150000095367432
2018-04-23,6.190000057220459,5.989999771118164,6.179999828338623,6.050000190734863,232600.0,6.050000190734863
2018-04-24,6.159999847412109,6.0,6.059999942779541,6.110000133514404,159200.0,6.110000133514404
2018-04-25,6.150000095367432,6.0,6.110000133514404,6.099999904632568,134400.0,6.099999904632568
2018-04-26,6.099999904632568,5.980000019073486,6.099999904632568,6.050000190734863,125300.0,6.050000190734863
2018-04-27,6.139999866485596,5.989999771118164,6.050000190734863,6.050000190734863,114300.0,6.050000190734863
2018-04-30,6.110000133514404,5.989999771118164,6.050000190734863,6.0,151300.0,6.0
2018-05-01,6.139999866485596,5.949999809265137,5.989999771118164,6.090000152587891,104800.0,6.090000152587891
2018-05-02,6.230000019073486,6.090000152587891,6.090000152587891,6.130000114440918,98500.0,6.130000114440918
2018-05-03,6.159999847412109,5.989999771118164,6.119999885559082,6.059999942779541,79900.0,6.059999942779541
2018-05-04,6.110000133514404,6.0,6.019999980926514,6.059999942779541,119800.0,6.059999942779541
2018-05-07,6.239999771118164,6.050000190734863,6.119999885559082,6.21999979019165,65100.0,6.21999979019165
2018-05-08,6.190000057220459,6.019999980926514,6.179999828338623,6.099999904632568,143900.0,6.099999904632568
2018-05-09,6.130000114440918,6.0,6.119999885559082,6.070000171661377,145400.0,6.070000171661377
2018-05-10,6.320000171661377,6.070000171661377,6.070000171661377,6.21999979019165,108900.0,6.21999979019165
2018-05-11,6.420000076293945,6.199999809265137,6.230000019073486,6.389999866485596,124200.0,6.389999866485596
2018-05-14,6.519999980926514,6.349999904632568,6.389999866485596,6.440000057220459,206100.0,6.440000057220459
2018-05-15,6.78000020980835,6.349999904632568,6.420000076293945,6.75,171700.0,6.75
2018-05-16,6.880000114440918,6.670000076293945,6.75,6.71999979019165,167500.0,6.71999979019165
2018-05-17,6.820000171661377,6.670000076293945,6.71999979019165,6.78000020980835,70800.0,6.78000020980835
2018-05-18,6.889999866485596,6.449999809265137,6.820000171661377,6.480000019073486,144100.0,6.480000019073486
2018-05-21,6.590000152587891,6.510000228881836,6.510000228881836,6.550000190734863,56800.0,6.550000190734863
2018-05-22,6.570000171661377,6.400000095367432,6.539999961853027,6.46999979019165,107000.0,6.46999979019165
2018-05-23,6.71999979019165,6.440000057220459,6.460000038146973,6.690000057220459,125100.0,6.690000057220459
2018-05-24,6.699999809265137,6.519999980926514,6.699999809265137,6.539999961853027,60600.0,6.539999961853027
2018-05-25,6.650000095367432,6.53000020980835,6.53000020980835,6.570000171661377,68400.0,6.570000171661377
2018-05-29,6.590000152587891,6.409999847412109,6.559999942779541,6.539999961853027,133300.0,6.539999961853027
2018-05-30,6.760000228881836,6.550000190734863,6.599999904632568,6.579999923706055,87800.0,6.579999923706055
2018-05-31,6.579999923706055,6.460000038146973,6.579999923706055,6.5,135000.0,6.5
2018-06-01,6.670000076293945,6.480000019073486,6.570000171661377,6.590000152587891,106700.0,6.590000152587891
2018-06-04,6.659999847412109,6.449999809265137,6.599999904632568,6.489999771118164,80900.0,6.489999771118164
2018-06-05,6.570000171661377,6.409999847412109,6.480000019073486,6.510000228881836,56400.0,6.510000228881836
2018-06-06,6.579999923706055,6.420000076293945,6.489999771118164,6.5,255900.0,6.5
2018-06-07,6.659999847412109,6.539999961853027,6.539999961853027,6.610000133514404,116800.0,6.610000133514404
2018-06-08,6.730000019073486,6.559999942779541,6.619999885559082,6.579999923706055,120000.0,6.579999923706055
2018-06-11,6.730000019073486,6.570000171661377,6.570000171661377,6.699999809265137,313000.0,6.699999809265137
2018-06-12,6.179999828338623,5.960000038146973,6.150000095367432,6.099999904632568,517100.0,6.099999904632568
2018-06-13,6.110000133514404,5.920000076293945,6.079999923706055,5.980000019073486,170700.0,5.980000019073486
2018-06-14,6.010000228881836,5.75,5.980000019073486,5.849999904632568,381200.0,5.849999904632568
2018-06-15,5.829999923706055,5.53000020980835,5.829999923706055,5.550000190734863,194100.0,5.550000190734863
2018-06-18,5.579999923706055,5.349999904632568,5.510000228881836,5.539999961853027,151400.0,5.539999961853027
2018-06-19,5.539999961853027,5.400000095367432,5.489999771118164,5.480000019073486,119100.0,5.480000019073486
2018-06-20,5.510000228881836,5.369999885559082,5.480000019073486,5.489999771118164,96800.0,5.489999771118164
2018-06-21,5.519999980926514,5.340000152587891,5.5,5.369999885559082,140900.0,5.369999885559082
2018-06-22,5.400000095367432,5.199999809265137,5.400000095367432,5.239999771118164,659800.0,5.239999771118164
2018-06-25,5.480000019073486,5.21999979019165,5.21999979019165,5.309999942779541,112500.0,5.309999942779541
2018-06-26,5.460000038146973,5.25,5.300000190734863,5.449999809265137,116500.0,5.449999809265137
2018-06-27,5.440000057220459,5.059999942779541,5.440000057220459,5.059999942779541,139500.0,5.059999942779541
2018-06-28,5.119999885559082,4.96999979019165,5.039999961853027,5.099999904632568,152000.0,5.099999904632568
2018-06-29,5.210000038146973,5.070000171661377,5.099999904632568,5.190000057220459,141900.0,5.190000057220459
2018-07-02,5.269999980926514,5.119999885559082,5.119999885559082,5.130000114440918,102100.0,5.130000114440918
2018-07-03,5.300000190734863,5.130000114440918,5.150000095367432,5.300000190734863,43600.0,5.300000190734863
2018-07-05,5.53000020980835,5.28000020980835,5.309999942779541,5.519999980926514,313100.0,5.519999980926514
2018-07-06,5.739999771118164,5.480000019073486,5.510000228881836,5.53000020980835,160400.0,5.53000020980835
2018-07-09,5.599999904632568,5.320000171661377,5.570000171661377,5.409999847412109,129300.0,5.409999847412109
2018-07-10,5.420000076293945,5.099999904632568,5.420000076293945,5.139999866485596,121400.0,5.139999866485596
2018-07-11,5.199999809265137,5.0,5.110000133514404,5.059999942779541,170500.0,5.059999942779541
2018-07-12,5.380000114440918,5.03000020980835,5.130000114440918,5.150000095367432,240700.0,5.150000095367432
2018-07-13,5.260000228881836,5.079999923706055,5.159999847412109,5.110000133514404,113700.0,5.110000133514404
2018-07-16,5.150000095367432,4.849999904632568,5.139999866485596,4.900000095367432,161900.0,4.900000095367432
2018-07-17,5.019999980926514,4.869999885559082,4.900000095367432,4.909999847412109,91300.0,4.909999847412109
2018-07-18,5.010000228881836,4.769999980926514,4.980000019073486,4.789999961853027,71400.0,4.789999961853027
2018-07-19,4.840000152587891,4.769999980926514,4.789999961853027,4.78000020980835,95200.0,4.78000020980835
2018-07-20,4.829999923706055,4.75,4.78000020980835,4.78000020980835,133600.0,4.78000020980835
2018-07-23,4.849999904632568,4.739999771118164,4.769999980926514,4.840000152587891,166000.0,4.840000152587891
2018-07-24,4.920000076293945,4.710000038146973,4.869999885559082,4.71999979019165,108100.0,4.71999979019165
2018-07-25,4.809999942779541,4.25,4.809999942779541,4.28000020980835,146500.0,4.28000020980835
2018-07-26,4.409999847412109,4.260000228881836,4.289999961853027,4.349999904632568,89800.0,4.349999904632568
2018-07-27,4.360000133514404,4.190000057220459,4.360000133514404,4.260000228881836,140800.0,4.260000228881836
2018-07-30,4.369999885559082,4.25,4.25,4.320000171661377,98400.0,4.320000171661377
2018-07-31,4.460000038146973,4.28000020980835,4.320000171661377,4.420000076293945,80700.0,4.420000076293945
2018-08-01,4.460000038146973,4.349999904632568,4.449999809265137,4.409999847412109,66400.0,4.409999847412109
2018-08-02,4.460000038146973,4.360000133514404,4.389999866485596,4.449999809265137,47700.0,4.449999809265137
2018-08-03,4.5,4.389999866485596,4.389999866485596,4.480000019073486,390000.0,4.480000019073486
2018-08-06,4.539999961853027,4.28000020980835,4.489999771118164,4.349999904632568,100800.0,4.349999904632568
2018-08-07,4.409999847412109,4.010000228881836,4.349999904632568,4.039999961853027,111900.0,4.039999961853027
2018-08-08,4.070000171661377,3.950000047683716,4.050000190734863,4.03000020980835,197100.0,4.03000020980835
2018-08-09,4.28000020980835,4.0,4.019999980926514,4.260000228881836,123300.0,4.260000228881836
2018-08-10,4.28000020980835,4.110000133514404,4.25,4.139999866485596,75900.0,4.139999866485596
2018-08-13,4.190000057220459,4.010000228881836,4.139999866485596,4.079999923706055,58400.0,4.079999923706055
2018-08-14,4.130000114440918,4.010000228881836,4.090000152587891,4.119999885559082,56000.0,4.119999885559082
2018-08-15,4.130000114440918,3.990000009536743,4.130000114440918,4.0,44000.0,4.0
2018-08-16,4.110000133514404,4.010000228881836,4.010000228881836,4.059999942779541,49700.0,4.059999942779541
2018-08-17,4.150000095367432,4.010000228881836,4.050000190734863,4.070000171661377,115600.0,4.070000171661377
2018-08-20,4.110000133514404,3.9800000190734863,4.099999904632568,4.0,57300.0,4.0
2018-08-21,4.190000057220459,4.010000228881836,4.010000228881836,4.190000057220459,60000.0,4.190000057220459
2018-08-22,4.349999904632568,4.190000057220459,4.190000057220459,4.320000171661377,100900.0,4.320000171661377
2018-08-23,4.46999979019165,4.309999942779541,4.309999942779541,4.400000095367432,118600.0,4.400000095367432
2018-08-24,4.46999979019165,4.25,4.409999847412109,4.420000076293945,134200.0,4.420000076293945
2018-08-27,4.650000095367432,3.990000009536743,4.019999980926514,4.539999961853027,144800.0,4.539999961853027
2018-08-28,4.710000038146973,4.5,4.539999961853027,4.659999847412109,111300.0,4.659999847412109
2018-08-29,4.789999961853027,4.610000133514404,4.670000076293945,4.730000019073486,137000.0,4.730000019073486
2018-08-30,4.730000019073486,4.619999885559082,4.730000019073486,4.679999828338623,105000.0,4.679999828338623
2018-08-31,4.659999847412109,4.489999771118164,4.659999847412109,4.590000152587891,138700.0,4.590000152587891
2018-09-04,4.579999923706055,4.5,4.559999942779541,4.570000171661377,86200.0,4.570000171661377
2018-09-05,4.579999923706055,4.449999809265137,4.559999942779541,4.559999942779541,220700.0,4.559999942779541
2018-09-06,4.670000076293945,4.519999980926514,4.539999961853027,4.650000095367432,58800.0,4.650000095367432
2018-09-07,4.949999809265137,4.619999885559082,4.639999866485596,4.880000114440918,269400.0,4.880000114440918
2018-09-10,5.0,4.840000152587891,4.960000038146973,4.940000057220459,323000.0,4.940000057220459
2018-09-11,4.940000057220459,4.679999828338623,4.940000057220459,4.829999923706055,110000.0,4.829999923706055
2018-09-12,4.820000171661377,4.679999828338623,4.820000171661377,4.699999809265137,74700.0,4.699999809265137
2018-09-13,4.809999942779541,4.650000095367432,4.730000019073486,4.78000020980835,84200.0,4.78000020980835
2018-09-14,4.849999904632568,4.739999771118164,4.789999961853027,4.820000171661377,75700.0,4.820000171661377
2018-09-17,4.809999942779541,4.559999942779541,4.809999942779541,4.670000076293945,117700.0,4.670000076293945
2018-09-18,4.679999828338623,4.519999980926514,4.679999828338623,4.539999961853027,52300.0,4.539999961853027
2018-09-19,4.599999904632568,4.349999904632568,4.53000020980835,4.389999866485596,89900.0,4.389999866485596
2018-09-20,4.449999809265137,4.329999923706055,4.409999847412109,4.340000152587891,87100.0,4.340000152587891
2018-09-21,4.429999828338623,4.039999961853027,4.340000152587891,4.090000152587891,600400.0,4.090000152587891
2018-09-24,4.090000152587891,3.799999952316284,4.090000152587891,3.8399999141693115,200300.0,3.8399999141693115
2018-09-25,3.9600000381469727,3.809999942779541,3.859999895095825,3.809999942779541,202700.0,3.809999942779541
2018-09-26,3.950000047683716,3.819999933242798,3.819999933242798,3.880000114440918,91100.0,3.880000114440918
2018-09-27,4.190000057220459,3.890000104904175,3.9100000858306885,4.059999942779541,182800.0,4.059999942779541
2018-09-28,4.130000114440918,4.0,4.039999961853027,4.119999885559082,108500.0,4.119999885559082
2018-10-01,4.190000057220459,3.950000047683716,4.130000114440918,4.03000020980835,75500.0,4.03000020980835
2018-10-02,4.010000228881836,3.890000104904175,4.0,3.9200000762939453,80100.0,3.9200000762939453
2018-10-03,4.550000190734863,3.930000066757202,3.930000066757202,4.199999809265137,543900.0,4.199999809265137
2018-10-04,4.25,3.950000047683716,4.25,3.990000009536743,123900.0,3.990000009536743
2018-10-05,3.9800000190734863,3.7699999809265137,3.9800000190734863,3.880000114440918,305300.0,3.880000114440918
2018-10-08,3.9700000286102295,3.819999933242798,3.880000114440918,3.950000047683716,117800.0,3.950000047683716
2018-10-09,4.110000133514404,3.9000000953674316,3.9200000762939453,4.059999942779541,107500.0,4.059999942779541
2018-10-10,4.110000133514404,3.859999895095825,4.039999961853027,3.880000114440918,102300.0,3.880000114440918
2018-10-11,3.9200000762939453,3.7300000190734863,3.890000104904175,3.75,187700.0,3.75
2018-10-12,4.130000114440918,3.759999990463257,3.7899999618530273,4.050000190734863,593100.0,4.050000190734863
2018-10-15,4.25,4.0,4.0,4.130000114440918,107200.0,4.130000114440918
2018-10-16,3.990000009536743,3.680000066757202,3.809999942779541,3.9100000858306885,272400.0,3.9100000858306885
2018-10-17,3.9000000953674316,3.759999990463257,3.869999885559082,3.7699999809265137,139600.0,3.7699999809265137
2018-10-18,3.75,3.4100000858306885,3.75,3.440000057220459,247500.0,3.440000057220459
2018-10-19,3.5199999809265137,3.2699999809265137,3.440000057220459,3.2799999713897705,128600.0,3.2799999713897705
2018-10-22,3.680000066757202,3.3299999237060547,3.3499999046325684,3.6600000858306885,265100.0,3.6600000858306885
2018-10-23,3.680000066757202,3.3499999046325684,3.680000066757202,3.359999895095825,142700.0,3.359999895095825
2018-10-24,3.430000066757202,3.0899999141693115,3.359999895095825,3.0999999046325684,167600.0,3.0999999046325684
2018-10-25,3.2699999809265137,3.0999999046325684,3.0999999046325684,3.1500000953674316,165700.0,3.1500000953674316
2018-10-26,3.2200000286102295,3.049999952316284,3.119999885559082,3.200000047683716,349900.0,3.200000047683716
2018-10-29,3.430000066757202,3.240000009536743,3.2899999618530273,3.2899999618530273,97000.0,3.2899999618530273
2018-10-30,3.309999942779541,3.130000114440918,3.2699999809265137,3.2100000381469727,124100.0,3.2100000381469727
2018-10-31,3.430000066757202,3.2899999618530273,3.2899999618530273,3.319999933242798,170200.0,3.319999933242798
2018-11-01,3.549999952316284,3.309999942779541,3.319999933242798,3.4600000381469727,127600.0,3.4600000381469727
2018-11-02,3.549999952316284,3.4100000858306885,3.4800000190734863,3.4200000762939453,74200.0,3.4200000762939453
2018-11-05,3.430000066757202,3.299999952316284,3.4000000953674316,3.3299999237060547,74100.0,3.3299999237060547
2018-11-06,3.390000104904175,3.259999990463257,3.3399999141693115,3.359999895095825,65700.0,3.359999895095825
2018-11-07,3.440000057220459,3.2799999713897705,3.359999895095825,3.309999942779541,101100.0,3.309999942779541
2018-11-08,3.4800000190734863,3.2799999713897705,3.299999952316284,3.4700000286102295,59200.0,3.4700000286102295
2018-11-09,3.4700000286102295,3.200000047683716,3.4600000381469727,3.240000009536743,101600.0,3.240000009536743
2018-11-12,3.259999990463257,3.109999895095825,3.25,3.190000057220459,93400.0,3.190000057220459
2018-11-13,3.2899999618530273,3.1500000953674316,3.200000047683716,3.2100000381469727,89100.0,3.2100000381469727
2018-11-14,3.240000009536743,3.119999885559082,3.2200000286102295,3.140000104904175,105800.0,3.140000104904175
2018-11-15,3.200000047683716,3.0799999237060547,3.0999999046325684,3.180000066757202,40100.0,3.180000066757202
2018-11-16,3.240000009536743,3.059999942779541,3.1500000953674316,3.0799999237060547,149000.0,3.0799999237060547
2018-11-19,3.200000047683716,3.009999990463257,3.0899999141693115,3.1500000953674316,180000.0,3.1500000953674316
2018-11-20,3.259999990463257,3.049999952316284,3.119999885559082,3.0799999237060547,160900.0,3.0799999237060547
2018-11-21,3.299999952316284,3.0899999141693115,3.0899999141693115,3.1600000858306885,90000.0,3.1600000858306885
2018-11-23,3.25,3.0899999141693115,3.109999895095825,3.1600000858306885,49500.0,3.1600000858306885
2018-11-26,3.25,3.0999999046325684,3.190000057220459,3.180000066757202,98000.0,3.180000066757202
2018-11-27,3.2200000286102295,3.049999952316284,3.130000114440918,3.109999895095825,69500.0,3.109999895095825
2018-11-28,3.369999885559082,3.059999942779541,3.109999895095825,3.309999942779541,142500.0,3.309999942779541
2018-11-29,3.390000104904175,3.1500000953674316,3.309999942779541,3.180000066757202,115900.0,3.180000066757202
2018-11-30,3.25,3.0299999713897705,3.180000066757202,3.0799999237060547,272500.0,3.0799999237060547
2018-12-03,3.240000009536743,3.069999933242798,3.130000114440918,3.130000114440918,256800.0,3.130000114440918
2018-12-04,3.190000057220459,2.950000047683716,3.1500000953674316,2.9800000190734863,233500.0,2.9800000190734863
2018-12-06,3.380000114440918,2.9600000381469727,2.9800000190734863,3.2699999809265137,262800.0,3.2699999809265137
2018-12-07,3.4000000953674316,3.2200000286102295,3.299999952316284,3.2300000190734863,248900.0,3.2300000190734863
2018-12-10,3.3299999237060547,3.2300000190734863,3.240000009536743,3.2699999809265137,97100.0,3.2699999809265137
2018-12-11,3.25,2.9200000762939453,3.109999895095825,2.950000047683716,275500.0,2.950000047683716
2018-12-12,3.0299999713897705,2.950000047683716,3.0,2.990000009536743,234100.0,2.990000009536743
2018-12-13,3.0199999809265137,2.890000104904175,2.940000057220459,2.9800000190734863,491800.0,2.9800000190734863
2018-12-14,3.0199999809265137,2.8499999046325684,2.9700000286102295,2.890000104904175,230400.0,2.890000104904175
2018-12-17,2.9100000858306885,2.799999952316284,2.9000000953674316,2.8499999046325684,230700.0,2.8499999046325684
2018-12-18,2.9000000953674316,2.6600000858306885,2.859999895095825,2.700000047683716,425100.0,2.700000047683716
2018-12-19,2.7799999713897705,2.559999942779541,2.7200000286102295,2.5899999141693115,385500.0,2.5899999141693115
2018-12-20,2.5999999046325684,2.4000000953674316,2.5899999141693115,2.4600000381469727,445100.0,2.4600000381469727
2018-12-21,2.5399999618530273,2.430000066757202,2.4600000381469727,2.509999990463257,1393000.0,2.509999990463257
2018-12-24,2.559999942779541,2.430000066757202,2.430000066757202,2.5199999809265137,252200.0,2.5199999809265137
2018-12-26,2.549999952316284,2.319999933242798,2.5199999809265137,2.5399999618530273,523500.0,2.5399999618530273
2018-12-27,2.7100000381469727,2.4600000381469727,2.5299999713897705,2.680000066757202,192900.0,2.680000066757202
2018-12-28,2.799999952316284,2.640000104904175,2.680000066757202,2.7100000381469727,181600.0,2.7100000381469727
2018-12-31,2.799999952316284,2.680000066757202,2.759999990463257,2.7799999713897705,230400.0,2.7799999713897705
2019-01-02,2.9200000762939453,2.7300000190734863,2.7799999713897705,2.799999952316284,104400.0,2.799999952316284
2019-01-03,2.8399999141693115,2.690000057220459,2.7699999809265137,2.7699999809265137,74900.0,2.7699999809265137
2019-01-04,2.890000104904175,2.680000066757202,2.819999933242798,2.869999885559082,118200.0,2.869999885559082
2019-01-07,2.940000057220459,2.8299999237060547,2.8299999237060547,2.9200000762939453,89000.0,2.9200000762939453
2019-01-08,3.0799999237060547,2.890000104904175,2.9700000286102295,3.0199999809265137,175200.0,3.0199999809265137
2019-01-09,3.119999885559082,2.950000047683716,3.0199999809265137,2.9600000381469727,97300.0,2.9600000381469727
2019-01-10,3.0,2.9000000953674316,2.930000066757202,2.990000009536743,151200.0,2.990000009536743
2019-01-11,3.200000047683716,2.940000057220459,2.9800000190734863,3.1700000762939453,210800.0,3.1700000762939453
2019-01-14,3.190000057220459,3.059999942779541,3.180000066757202,3.1500000953674316,137100.0,3.1500000953674316
2019-01-15,3.309999942779541,3.0799999237060547,3.109999895095825,3.259999990463257,77300.0,3.259999990463257
2019-01-16,3.549999952316284,3.259999990463257,3.259999990463257,3.5,361900.0,3.5
2019-01-17,3.7899999618530273,3.4600000381469727,3.5199999809265137,3.7699999809265137,190300.0,3.7699999809265137
2019-01-18,3.890000104904175,3.630000114440918,3.7799999713897705,3.6600000858306885,277400.0,3.6600000858306885
2019-01-22,3.799999952316284,3.6500000953674316,3.6500000953674316,3.740000009536743,128300.0,3.740000009536743
2019-01-23,3.880000114440918,3.690000057220459,3.75,3.75,77700.0,3.75
2019-01-24,3.7799999713897705,3.690000057220459,3.7300000190734863,3.700000047683716,61400.0,3.700000047683716
2019-01-25,3.8299999237060547,3.690000057220459,3.7200000286102295,3.700000047683716,59200.0,3.700000047683716
2019-01-28,3.7699999809265137,3.5999999046325684,3.6600000858306885,3.7100000381469727,102000.0,3.7100000381469727
2019-01-29,3.7799999713897705,3.700000047683716,3.740000009536743,3.7200000286102295,58300.0,3.7200000286102295
2019-01-30,3.7799999713897705,3.6700000762939453,3.7200000286102295,3.7200000286102295,76300.0,3.7200000286102295
2019-01-31,3.809999942779541,3.6700000762939453,3.680000066757202,3.759999990463257,79100.0,3.759999990463257
2019-02-01,3.940000057220459,3.7699999809265137,3.7699999809265137,3.890000104904175,74800.0,3.890000104904175
2019-02-04,4.099999904632568,3.9200000762939453,3.940000057220459,4.019999980926514,152700.0,4.019999980926514
2019-02-05,4.03000020980835,3.799999952316284,4.03000020980835,3.819999933242798,71400.0,3.819999933242798
2019-02-06,3.9700000286102295,3.799999952316284,3.8299999237060547,3.9100000858306885,61700.0,3.9100000858306885
2019-02-07,4.019999980926514,3.8499999046325684,3.890000104904175,3.9700000286102295,60300.0,3.9700000286102295
2019-02-08,4.039999961853027,3.869999885559082,3.9700000286102295,4.010000228881836,167000.0,4.010000228881836
2019-02-11,4.130000114440918,3.869999885559082,4.010000228881836,3.9000000953674316,1033700.0,3.9000000953674316
2019-02-12,3.930000066757202,3.5,3.930000066757202,3.609999895095825,199000.0,3.609999895095825
2019-02-13,3.7200000286102295,3.509999990463257,3.609999895095825,3.5299999713897705,61300.0,3.5299999713897705
2019-02-14,3.700000047683716,3.5199999809265137,3.5299999713897705,3.5999999046325684,217200.0,3.5999999046325684
2019-02-15,3.7200000286102295,3.5,3.640000104904175,3.509999990463257,235500.0,3.509999990463257
2019-02-19,3.6600000858306885,3.5,3.5,3.5799999237060547,119900.0,3.5799999237060547
2019-02-20,3.7300000190734863,3.5199999809265137,3.5899999141693115,3.5299999713897705,195100.0,3.5299999713897705
2019-02-21,3.6500000953674316,3.369999885559082,3.5299999713897705,3.4000000953674316,185900.0,3.4000000953674316
2019-02-22,3.5299999713897705,3.380000114440918,3.380000114440918,3.509999990463257,238100.0,3.509999990463257
2019-02-25,3.6500000953674316,3.490000009536743,3.5199999809265137,3.5999999046325684,172400.0,3.5999999046325684
2019-02-26,3.640000104904175,3.4700000286102295,3.5899999141693115,3.559999942779541,87400.0,3.559999942779541
2019-02-27,3.5799999237060547,3.440000057220459,3.549999952316284,3.509999990463257,161400.0,3.509999990463257
2019-02-28,3.5299999713897705,3.3499999046325684,3.5,3.380000114440918,165200.0,3.380000114440918
2019-03-01,3.4800000190734863,3.3299999237060547,3.369999885559082,3.4200000762939453,102300.0,3.4200000762939453
2019-03-04,3.4200000762939453,3.190000057220459,3.4100000858306885,3.25,79600.0,3.25
2019-03-05,3.2699999809265137,3.1700000762939453,3.25,3.200000047683716,62400.0,3.200000047683716
2019-03-06,3.2300000190734863,3.0,3.200000047683716,3.0399999618530273,292100.0,3.0399999618530273
2019-03-07,3.119999885559082,3.0,3.0,3.0299999713897705,112200.0,3.0299999713897705
2019-03-08,3.0999999046325684,3.0199999809265137,3.0399999618530273,3.049999952316284,68900.0,3.049999952316284
2019-03-11,3.119999885559082,3.0199999809265137,3.049999952316284,3.0899999141693115,46100.0,3.0899999141693115
2019-03-12,3.0999999046325684,2.7799999713897705,3.0799999237060547,2.819999933242798,222900.0,2.819999933242798
2019-03-13,3.049999952316284,2.809999942779541,2.809999942779541,2.9000000953674316,117300.0,2.9000000953674316
2019-03-14,2.9000000953674316,2.630000114440918,2.9000000953674316,2.6600000858306885,147100.0,2.6600000858306885
2019-03-15,2.700000047683716,2.509999990463257,2.6600000858306885,2.5399999618530273,488300.0,2.5399999618530273
2019-03-18,2.640000104904175,2.5299999713897705,2.5299999713897705,2.549999952316284,186100.0,2.549999952316284
2019-03-19,2.6500000953674316,2.549999952316284,2.549999952316284,2.5999999046325684,355700.0,2.5999999046325684
2019-03-20,2.6500000953674316,2.569999933242798,2.5999999046325684,2.630000114440918,216000.0,2.630000114440918
2019-03-21,2.700000047683716,2.609999895095825,2.630000114440918,2.609999895095825,209300.0,2.609999895095825
2019-03-22,2.6500000953674316,2.5399999618530273,2.609999895095825,2.569999933242798,192600.0,2.569999933242798
2019-03-25,2.5999999046325684,2.4800000190734863,2.5799999237060547,2.5799999237060547,144800.0,2.5799999237060547
2019-03-26,2.609999895095825,2.5199999809265137,2.5999999046325684,2.549999952316284,264800.0,2.549999952316284
2019-03-27,2.740000009536743,2.5999999046325684,2.740000009536743,2.690000057220459,484500.0,2.690000057220459
2019-03-28,2.7799999713897705,2.630000114440918,2.690000057220459,2.6600000858306885,101600.0,2.6600000858306885
2019-03-29,2.8399999141693115,2.640000104904175,2.6600000858306885,2.7300000190734863,916300.0,2.7300000190734863
2019-04-01,2.890000104904175,2.75,2.75,2.7899999618530273,283300.0,2.7899999618530273
2019-04-02,2.9000000953674316,2.7200000286102295,2.7899999618530273,2.890000104904175,134900.0,2.890000104904175
2019-04-03,3.009999990463257,2.8499999046325684,2.9000000953674316,2.9100000858306885,162600.0,2.9100000858306885
2019-04-04,2.9800000190734863,2.9000000953674316,2.9000000953674316,2.940000057220459,146600.0,2.940000057220459
2019-04-05,3.1600000858306885,2.950000047683716,2.9700000286102295,3.119999885559082,162600.0,3.119999885559082
2019-04-08,3.1500000953674316,3.059999942779541,3.0799999237060547,3.0799999237060547,117100.0,3.0799999237060547
2019-04-09,3.4600000381469727,3.069999933242798,3.0999999046325684,3.2899999618530273,386500.0,3.2899999618530273
2019-04-10,3.440000057220459,3.2100000381469727,3.2899999618530273,3.390000104904175,246500.0,3.390000104904175
2019-04-11,3.5,3.3299999237060547,3.4000000953674316,3.4600000381469727,217800.0,3.4600000381469727
2019-04-12,3.490000009536743,3.4000000953674316,3.4800000190734863,3.440000057220459,78700.0,3.440000057220459
2019-04-15,3.680000066757202,3.390000104904175,3.4100000858306885,3.6500000953674316,335300.0,3.6500000953674316
2019-04-16,3.7300000190734863,3.559999942779541,3.6500000953674316,3.569999933242798,147500.0,3.569999933242798
2019-04-17,3.609999895095825,3.490000009536743,3.5999999046325684,3.5799999237060547,203900.0,3.5799999237060547
2019-04-18,3.640000104904175,3.5,3.559999942779541,3.5799999237060547,271900.0,3.5799999237060547
2019-04-22,3.700000047683716,3.5,3.5799999237060547,3.630000114440918,185500.0,3.630000114440918
2019-04-23,3.680000066757202,3.559999942779541,3.5799999237060547,3.6600000858306885,230400.0,3.6600000858306885
2019-04-24,3.700000047683716,3.5799999237060547,3.680000066757202,3.619999885559082,155600.0,3.619999885559082
2019-04-25,3.640000104904175,3.5,3.630000114440918,3.5,115600.0,3.5
2019-04-26,3.5,3.390000104904175,3.5,3.4200000762939453,175300.0,3.4200000762939453
2019-04-29,3.6600000858306885,3.4200000762939453,3.430000066757202,3.5299999713897705,125400.0,3.5299999713897705
2019-04-30,3.5299999713897705,3.430000066757202,3.5299999713897705,3.4700000286102295,386000.0,3.4700000286102295
2019-05-01,3.5999999046325684,3.4600000381469727,3.4600000381469727,3.5799999237060547,77600.0,3.5799999237060547
2019-05-02,3.5999999046325684,3.4600000381469727,3.569999933242798,3.5,86000.0,3.5
2019-05-03,3.5799999237060547,3.4700000286102295,3.5,3.5399999618530273,343800.0,3.5399999618530273
2019-05-06,3.5899999141693115,3.4800000190734863,3.490000009536743,3.549999952316284,110800.0,3.549999952316284
2019-05-07,3.5999999046325684,3.509999990463257,3.509999990463257,3.559999942779541,163500.0,3.559999942779541
2019-05-08,3.75,3.5299999713897705,3.569999933242798,3.690000057220459,470100.0,3.690000057220459
2019-05-09,3.7200000286102295,3.609999895095825,3.690000057220459,3.6600000858306885,186300.0,3.6600000858306885
2019-05-10,3.75,3.5899999141693115,3.640000104904175,3.7100000381469727,331600.0,3.7100000381469727
2019-05-13,3.7200000286102295,3.569999933242798,3.6600000858306885,3.640000104904175,126300.0,3.640000104904175
2019-05-14,3.700000047683716,3.549999952316284,3.559999942779541,3.6500000953674316,162000.0,3.6500000953674316
2019-05-15,3.740000009536743,3.630000114440918,3.6500000953674316,3.6700000762939453,106100.0,3.6700000762939453
2019-05-16,3.7699999809265137,3.640000104904175,3.6700000762939453,3.6700000762939453,700100.0,3.6700000762939453
2019-05-17,3.7300000190734863,3.619999885559082,3.630000114440918,3.640000104904175,70000.0,3.640000104904175
2019-05-20,3.740000009536743,3.5999999046325684,3.609999895095825,3.619999885559082,512100.0,3.619999885559082
2019-05-21,3.700000047683716,3.299999952316284,3.640000104904175,3.3299999237060547,90400.0,3.3299999237060547
2019-05-22,3.390000104904175,3.240000009536743,3.3299999237060547,3.2899999618530273,93800.0,3.2899999618530273
2019-05-23,3.2799999713897705,3.1700000762939453,3.2799999713897705,3.240000009536743,132400.0,3.240000009536743
2019-05-24,3.2899999618530273,3.190000057220459,3.25,3.2300000190734863,58500.0,3.2300000190734863
2019-05-28,3.2300000190734863,3.0299999713897705,3.2200000286102295,3.049999952316284,146100.0,3.049999952316284
2019-05-29,3.1700000762939453,3.0399999618530273,3.0399999618530273,3.0799999237060547,96000.0,3.0799999237060547
2019-05-30,3.140000104904175,3.049999952316284,3.069999933242798,3.0899999141693115,61500.0,3.0899999141693115
2019-05-31,3.2899999618530273,3.059999942779541,3.059999942779541,3.2200000286102295,100300.0,3.2200000286102295
2019-06-03,3.299999952316284,3.1500000953674316,3.25,3.2799999713897705,188700.0,3.2799999713897705
2019-06-04,3.5999999046325684,3.309999942779541,3.309999942779541,3.569999933242798,186100.0,3.569999933242798
2019-06-05,3.609999895095825,3.4100000858306885,3.569999933242798,3.450000047683716,88600.0,3.450000047683716
2019-06-06,3.5,3.369999885559082,3.450000047683716,3.4100000858306885,122600.0,3.4100000858306885
2019-06-07,3.5999999046325684,3.380000114440918,3.4100000858306885,3.4800000190734863,172100.0,3.4800000190734863
2019-06-10,3.6700000762939453,3.4000000953674316,3.4000000953674316,3.5199999809265137,186000.0,3.5199999809265137
2019-06-11,4.150000095367432,3.5899999141693115,3.5899999141693115,3.9800000190734863,497300.0,3.9800000190734863
2019-06-12,4.460000038146973,3.9600000381469727,3.9600000381469727,4.309999942779541,703600.0,4.309999942779541
2019-06-13,4.340000152587891,4.090000152587891,4.309999942779541,4.130000114440918,277400.0,4.130000114440918
2019-06-14,4.21999979019165,3.9600000381469727,4.150000095367432,4.070000171661377,383600.0,4.070000171661377
2019-06-17,4.360000133514404,4.050000190734863,4.090000152587891,4.28000020980835,482400.0,4.28000020980835
2019-06-18,4.289999961853027,4.03000020980835,4.289999961853027,4.099999904632568,172500.0,4.099999904632568
2019-06-19,4.179999828338623,4.0,4.119999885559082,4.039999961853027,207200.0,4.039999961853027
2019-06-20,4.199999809265137,3.890000104904175,4.090000152587891,3.9200000762939453,225700.0,3.9200000762939453
2019-06-21,3.9600000381469727,3.569999933242798,3.890000104904175,3.619999885559082,512700.0,3.619999885559082
2019-06-24,3.799999952316284,3.5799999237060547,3.5899999141693115,3.7899999618530273,163700.0,3.7899999618530273
2019-06-25,3.819999933242798,3.6700000762939453,3.799999952316284,3.7300000190734863,239600.0,3.7300000190734863
2019-06-26,3.7699999809265137,3.5399999618530273,3.740000009536743,3.5899999141693115,166700.0,3.5899999141693115
2019-06-27,3.6500000953674316,3.4700000286102295,3.609999895095825,3.569999933242798,124300.0,3.569999933242798
2019-06-28,3.640000104904175,3.369999885559082,3.5799999237060547,3.369999885559082,1870600.0,3.369999885559082
2019-07-01,3.619999885559082,3.3499999046325684,3.369999885559082,3.559999942779541,248900.0,3.559999942779541
2019-07-02,3.5999999046325684,3.4800000190734863,3.569999933242798,3.5399999618530273,85800.0,3.5399999618530273
2019-07-03,3.7100000381469727,3.509999990463257,3.569999933242798,3.640000104904175,104600.0,3.640000104904175
2019-07-05,3.690000057220459,3.5799999237060547,3.609999895095825,3.6500000953674316,73600.0,3.6500000953674316
2019-07-08,3.700000047683716,3.5899999141693115,3.630000114440918,3.630000114440918,102300.0,3.630000114440918
2019-07-09,3.6500000953674316,3.549999952316284,3.609999895095825,3.5999999046325684,107900.0,3.5999999046325684
2019-07-10,3.6600000858306885,3.509999990463257,3.609999895095825,3.5899999141693115,63900.0,3.5899999141693115
2019-07-11,3.700000047683716,3.5799999237060547,3.5899999141693115,3.630000114440918,80800.0,3.630000114440918
2019-07-12,4.010000228881836,3.5999999046325684,3.5999999046325684,3.930000066757202,169900.0,3.930000066757202
2019-07-15,3.9800000190734863,3.8399999141693115,3.9700000286102295,3.9000000953674316,154900.0,3.9000000953674316
2019-07-16,3.9200000762939453,3.7300000190734863,3.869999885559082,3.740000009536743,190000.0,3.740000009536743
2019-07-17,3.8399999141693115,3.6600000858306885,3.7300000190734863,3.7699999809265137,199100.0,3.7699999809265137
2019-07-18,3.930000066757202,3.7200000286102295,3.75,3.740000009536743,555800.0,3.740000009536743
2019-07-19,3.7899999618530273,3.6500000953674316,3.7300000190734863,3.6600000858306885,188000.0,3.6600000858306885
2019-07-22,3.7200000286102295,3.630000114440918,3.6600000858306885,3.680000066757202,202900.0,3.680000066757202
2019-07-23,3.7300000190734863,3.5999999046325684,3.690000057220459,3.609999895095825,948000.0,3.609999895095825
2019-07-24,3.950000047683716,3.4700000286102295,3.5899999141693115,3.940000057220459,516200.0,3.940000057220459
2019-07-25,4.329999923706055,3.930000066757202,3.9700000286102295,4.0,361900.0,4.0
2019-07-26,4.139999866485596,3.930000066757202,4.010000228881836,3.930000066757202,153000.0,3.930000066757202
2019-07-29,3.9800000190734863,3.8299999237060547,3.9200000762939453,3.890000104904175,97400.0,3.890000104904175
2019-07-30,4.090000152587891,3.809999942779541,3.8499999046325684,3.9700000286102295,154500.0,3.9700000286102295
2019-07-31,4.070000171661377,3.9000000953674316,3.9800000190734863,3.9100000858306885,124400.0,3.9100000858306885
2019-08-01,3.9800000190734863,3.7200000286102295,3.9000000953674316,3.75,110400.0,3.75
2019-08-02,3.7699999809265137,3.5,3.759999990463257,3.509999990463257,67900.0,3.509999990463257
2019-08-05,3.4600000381469727,3.180000066757202,3.4600000381469727,3.240000009536743,197100.0,3.240000009536743
2019-08-06,3.549999952316284,3.2699999809265137,3.2699999809265137,3.5,203300.0,3.5
2019-08-07,3.680000066757202,3.4000000953674316,3.450000047683716,3.5899999141693115,174500.0,3.5899999141693115
2019-08-08,3.740000009536743,3.549999952316284,3.640000104904175,3.690000057220459,182300.0,3.690000057220459
2019-08-09,3.75,3.6500000953674316,3.700000047683716,3.7300000190734863,119100.0,3.7300000190734863
2019-08-12,3.869999885559082,3.680000066757202,3.75,3.7899999618530273,168200.0,3.7899999618530273
2019-08-13,3.809999942779541,3.609999895095825,3.75,3.7899999618530273,120800.0,3.7899999618530273
2019-08-14,3.740000009536743,3.380000114440918,3.7100000381469727,3.4000000953674316,113200.0,3.4000000953674316
2019-08-15,3.4600000381469727,3.0799999237060547,3.4000000953674316,3.0899999141693115,177500.0,3.0899999141693115
2019-08-16,3.4600000381469727,2.9800000190734863,3.109999895095825,3.2200000286102295,154900.0,3.2200000286102295
2019-08-19,3.2899999618530273,3.0999999046325684,3.25,3.109999895095825,150300.0,3.109999895095825
2019-08-20,3.1500000953674316,3.0199999809265137,3.0999999046325684,3.140000104904175,88300.0,3.140000104904175
2019-08-21,3.3499999046325684,3.200000047683716,3.200000047683716,3.2799999713897705,107200.0,3.2799999713897705
2019-08-22,3.2899999618530273,3.119999885559082,3.2899999618530273,3.140000104904175,79000.0,3.140000104904175
2019-08-23,3.190000057220459,2.990000009536743,3.130000114440918,3.009999990463257,269900.0,3.009999990463257
2019-08-26,3.180000066757202,2.9600000381469727,3.009999990463257,3.140000104904175,105500.0,3.140000104904175
2019-08-27,3.200000047683716,3.0299999713897705,3.1600000858306885,3.0399999618530273,90600.0,3.0399999618530273
2019-08-28,3.1600000858306885,2.9600000381469727,3.0299999713897705,3.119999885559082,64100.0,3.119999885559082
2019-08-29,3.259999990463257,3.1500000953674316,3.180000066757202,3.1700000762939453,45900.0,3.1700000762939453
2019-08-30,3.25,3.119999885559082,3.190000057220459,3.25,164700.0,3.25
2019-09-03,3.299999952316284,3.190000057220459,3.25,3.2699999809265137,202300.0,3.2699999809265137
2019-09-04,3.4100000858306885,3.2300000190734863,3.2799999713897705,3.25,80300.0,3.25
2019-09-05,3.390000104904175,3.2200000286102295,3.309999942779541,3.3299999237060547,58900.0,3.3299999237060547
2019-09-06,3.440000057220459,3.259999990463257,3.359999895095825,3.4000000953674316,115600.0,3.4000000953674316
2019-09-09,3.450000047683716,3.299999952316284,3.4000000953674316,3.4100000858306885,128000.0,3.4100000858306885
2019-09-10,3.4600000381469727,3.319999933242798,3.390000104904175,3.4100000858306885,101000.0,3.4100000858306885
2019-09-11,3.640000104904175,3.3499999046325684,3.4100000858306885,3.5799999237060547,145800.0,3.5799999237060547
2019-09-12,3.609999895095825,3.4200000762939453,3.609999895095825,3.569999933242798,94900.0,3.569999933242798
2019-09-13,3.799999952316284,3.4800000190734863,3.569999933242798,3.6700000762939453,145800.0,3.6700000762939453
2019-09-16,3.700000047683716,3.559999942779541,3.630000114440918,3.640000104904175,84800.0,3.640000104904175
2019-09-17,3.7200000286102295,3.5199999809265137,3.630000114440918,3.5799999237060547,96500.0,3.5799999237060547
2019-09-18,3.609999895095825,3.4600000381469727,3.5899999141693115,3.5299999713897705,90400.0,3.5299999713897705
2019-09-19,3.6500000953674316,3.509999990463257,3.5399999618530273,3.569999933242798,99200.0,3.569999933242798
2019-09-20,3.630000114440918,3.319999933242798,3.569999933242798,3.509999990463257,338900.0,3.509999990463257
2019-09-23,3.5399999618530273,3.369999885559082,3.490000009536743,3.490000009536743,53500.0,3.490000009536743
2019-09-24,3.6700000762939453,3.430000066757202,3.5199999809265137,3.5999999046325684,91200.0,3.5999999046325684
2019-09-25,3.7200000286102295,3.509999990463257,3.5999999046325684,3.6600000858306885,87100.0,3.6600000858306885
2019-09-26,3.6500000953674316,3.4800000190734863,3.6500000953674316,3.569999933242798,63300.0,3.569999933242798
2019-09-27,3.7899999618530273,3.569999933242798,3.5999999046325684,3.680000066757202,87900.0,3.680000066757202
2019-09-30,3.7899999618530273,3.5899999141693115,3.6700000762939453,3.5999999046325684,101800.0,3.5999999046325684
2019-10-01,3.759999990463257,3.4600000381469727,3.640000104904175,3.490000009536743,102000.0,3.490000009536743
2019-10-02,3.559999942779541,3.4100000858306885,3.4700000286102295,3.5199999809265137,74800.0,3.5199999809265137
2019-10-03,3.490000009536743,3.200000047683716,3.4700000286102295,3.4600000381469727,162200.0,3.4600000381469727
2019-10-04,3.549999952316284,3.4200000762939453,3.4600000381469727,3.5199999809265137,46800.0,3.5199999809265137
2019-10-07,3.690000057220459,3.4800000190734863,3.5199999809265137,3.680000066757202,96900.0,3.680000066757202
2019-10-08,3.759999990463257,3.559999942779541,3.630000114440918,3.640000104904175,74700.0,3.640000104904175
2019-10-09,3.6700000762939453,3.440000057220459,3.6700000762939453,3.5,54400.0,3.5
2019-10-10,3.5299999713897705,3.380000114440918,3.5199999809265137,3.4800000190734863,80800.0,3.4800000190734863
2019-10-11,3.7300000190734863,3.490000009536743,3.5299999713897705,3.6600000858306885,70100.0,3.6600000858306885
2019-10-14,3.630000114440918,3.25,3.5999999046325684,3.319999933242798,148600.0,3.319999933242798
2019-10-15,3.390000104904175,3.1700000762939453,3.359999895095825,3.369999885559082,128500.0,3.369999885559082
2019-10-16,3.5899999141693115,3.1700000762939453,3.1700000762939453,3.259999990463257,106800.0,3.259999990463257
2019-10-17,3.309999942779541,3.200000047683716,3.259999990463257,3.240000009536743,96300.0,3.240000009536743
2019-10-18,3.2799999713897705,3.2100000381469727,3.2200000286102295,3.2300000190734863,80800.0,3.2300000190734863
2019-10-21,3.2699999809265137,3.190000057220459,3.2699999809265137,3.2100000381469727,62600.0,3.2100000381469727
2019-10-22,3.2300000190734863,3.180000066757202,3.2100000381469727,3.2300000190734863,49400.0,3.2300000190734863
2019-10-23,3.25,3.180000066757202,3.2300000190734863,3.200000047683716,30800.0,3.200000047683716
2019-10-24,3.2699999809265137,3.200000047683716,3.2100000381469727,3.200000047683716,58300.0,3.200000047683716
2019-10-25,3.369999885559082,3.2300000190734863,3.2300000190734863,3.25,41300.0,3.25
2019-10-28,3.2699999809265137,3.2100000381469727,3.2699999809265137,3.240000009536743,76200.0,3.240000009536743
2019-10-29,3.2899999618530273,3.2200000286102295,3.2200000286102295,3.259999990463257,58400.0,3.259999990463257
2019-10-30,3.309999942779541,3.2100000381469727,3.259999990463257,3.240000009536743,31100.0,3.240000009536743
2019-10-31,3.240000009536743,3.140000104904175,3.2200000286102295,3.1600000858306885,78200.0,3.1600000858306885
2019-11-01,3.2799999713897705,3.1700000762939453,3.180000066757202,3.200000047683716,44500.0,3.200000047683716
2019-11-04,3.2699999809265137,3.180000066757202,3.25,3.2100000381469727,43500.0,3.2100000381469727
2019-11-05,3.259999990463257,3.1500000953674316,3.2300000190734863,3.190000057220459,68400.0,3.190000057220459
2019-11-06,3.2200000286102295,3.140000104904175,3.1600000858306885,3.1500000953674316,72700.0,3.1500000953674316
2019-11-07,3.180000066757202,3.119999885559082,3.1700000762939453,3.130000114440918,26200.0,3.130000114440918
2019-11-08,3.130000114440918,3.0,3.119999885559082,3.0199999809265137,121900.0,3.0199999809265137
2019-11-11,2.9800000190734863,2.799999952316284,2.9600000381469727,2.809999942779541,101800.0,2.809999942779541
2019-11-12,2.880000114440918,2.7799999713897705,2.809999942779541,2.859999895095825,85300.0,2.859999895095825
2019-11-13,2.859999895095825,2.809999942779541,2.859999895095825,2.8299999237060547,39500.0,2.8299999237060547
2019-11-14,2.869999885559082,2.7799999713897705,2.8299999237060547,2.799999952316284,64500.0,2.799999952316284
2019-11-15,2.9200000762939453,2.7799999713897705,2.8299999237060547,2.9000000953674316,63800.0,2.9000000953674316
2019-11-18,2.890000104904175,2.809999942779541,2.890000104904175,2.8499999046325684,31100.0,2.8499999046325684
2019-11-19,2.9100000858306885,2.799999952316284,2.8299999237060547,2.8399999141693115,69000.0,2.8399999141693115
2019-11-20,2.930000066757202,2.799999952316284,2.8499999046325684,2.809999942779541,91300.0,2.809999942779541
2019-11-21,2.859999895095825,2.799999952316284,2.8299999237060547,2.799999952316284,41800.0,2.799999952316284
2019-11-22,2.8399999141693115,2.7699999809265137,2.819999933242798,2.7699999809265137,64500.0,2.7699999809265137
2019-11-25,2.799999952316284,2.740000009536743,2.75,2.7899999618530273,87700.0,2.7899999618530273
2019-11-26,2.8399999141693115,2.740000009536743,2.799999952316284,2.740000009536743,60200.0,2.740000009536743
2019-11-27,2.799999952316284,2.700000047683716,2.740000009536743,2.7200000286102295,43100.0,2.7200000286102295
2019-11-29,2.7799999713897705,2.619999885559082,2.740000009536743,2.6500000953674316,35200.0,2.6500000953674316
2019-12-02,2.700000047683716,2.640000104904175,2.6600000858306885,2.6500000953674316,38600.0,2.6500000953674316
2019-12-03,2.7200000286102295,2.5899999141693115,2.609999895095825,2.7100000381469727,41900.0,2.7100000381469727
2019-12-04,2.809999942779541,2.7300000190734863,2.740000009536743,2.75,39300.0,2.75
2019-12-05,2.799999952316284,2.6600000858306885,2.7799999713897705,2.680000066757202,53900.0,2.680000066757202
2019-12-06,2.7899999618530273,2.680000066757202,2.680000066757202,2.7300000190734863,129300.0,2.7300000190734863
2019-12-09,2.7200000286102295,2.569999933242798,2.6700000762939453,2.619999885559082,167100.0,2.619999885559082
2019-12-10,3.0999999046325684,2.5299999713897705,2.5299999713897705,2.8499999046325684,179100.0,2.8499999046325684
2019-12-11,2.7899999618530273,2.569999933242798,2.7200000286102295,2.5899999141693115,190400.0,2.5899999141693115
2019-12-12,2.6700000762939453,2.569999933242798,2.5899999141693115,2.569999933242798,91800.0,2.569999933242798
2019-12-13,2.640000104904175,2.559999942779541,2.559999942779541,2.619999885559082,80300.0,2.619999885559082
2019-12-16,2.6500000953674316,2.559999942779541,2.640000104904175,2.5799999237060547,192700.0,2.5799999237060547
2019-12-17,2.6500000953674316,2.549999952316284,2.5899999141693115,2.569999933242798,135800.0,2.569999933242798
2019-12-18,2.6600000858306885,2.5199999809265137,2.5999999046325684,2.5999999046325684,185300.0,2.5999999046325684
2019-12-19,2.7699999809265137,2.5999999046325684,2.5999999046325684,2.680000066757202,101900.0,2.680000066757202
2019-12-20,2.819999933242798,2.619999885559082,2.680000066757202,2.6500000953674316,150300.0,2.6500000953674316
2019-12-23,2.680000066757202,2.609999895095825,2.609999895095825,2.630000114440918,46000.0,2.630000114440918
2019-12-24,2.680000066757202,2.5999999046325684,2.619999885559082,2.630000114440918,28500.0,2.630000114440918
2019-12-26,2.7300000190734863,2.630000114440918,2.630000114440918,2.700000047683716,53800.0,2.700000047683716
2019-12-27,2.75,2.6500000953674316,2.700000047683716,2.6500000953674316,80500.0,2.6500000953674316
2019-12-30,2.690000057220459,2.630000114440918,2.6500000953674316,2.6500000953674316,59200.0,2.6500000953674316
2019-12-31,2.6500000953674316,2.619999885559082,2.6500000953674316,2.630000114440918,86300.0,2.630000114440918
2020-01-02,2.7899999618530273,2.619999885559082,2.619999885559082,2.759999990463257,64900.0,2.759999990463257
2020-01-03,2.799999952316284,2.7200000286102295,2.75,2.7200000286102295,28200.0,2.7200000286102295
2020-01-06,2.740000009536743,2.630000114440918,2.700000047683716,2.640000104904175,49600.0,2.640000104904175
2020-01-07,2.680000066757202,2.5299999713897705,2.630000114440918,2.5399999618530273,109600.0,2.5399999618530273
2020-01-08,2.640000104904175,2.5299999713897705,2.5299999713897705,2.549999952316284,86300.0,2.549999952316284
2020-01-09,2.559999942779541,2.440000057220459,2.5299999713897705,2.440000057220459,76600.0,2.440000057220459
2020-01-10,2.4700000286102295,2.4000000953674316,2.450000047683716,2.4200000762939453,130100.0,2.4200000762939453
2020-01-13,2.4800000190734863,2.4000000953674316,2.4200000762939453,2.4200000762939453,45400.0,2.4200000762939453
2020-01-14,2.569999933242798,2.4000000953674316,2.4000000953674316,2.5399999618530273,130400.0,2.5399999618530273
2020-01-15,2.5899999141693115,2.5399999618530273,2.549999952316284,2.569999933242798,69100.0,2.569999933242798
2020-01-16,2.7200000286102295,2.5799999237060547,2.640000104904175,2.7200000286102295,93400.0,2.7200000286102295
2020-01-17,2.809999942779541,2.609999895095825,2.7799999713897705,2.630000114440918,85900.0,2.630000114440918
2020-01-21,2.619999885559082,2.5199999809265137,2.5799999237060547,2.5299999713897705,62200.0,2.5299999713897705
2020-01-22,2.700000047683716,2.5,2.5299999713897705,2.609999895095825,134600.0,2.609999895095825
2020-01-23,2.5999999046325684,2.5,2.5899999141693115,2.549999952316284,141200.0,2.549999952316284
2020-01-24,2.6500000953674316,2.549999952316284,2.549999952316284,2.5899999141693115,116900.0,2.5899999141693115
2020-01-27,2.5799999237060547,2.5199999809265137,2.559999942779541,2.5299999713897705,89500.0,2.5299999713897705
2020-01-28,2.5799999237060547,2.450000047683716,2.5,2.4600000381469727,119300.0,2.4600000381469727
2020-01-29,2.549999952316284,2.4600000381469727,2.5,2.5199999809265137,163200.0,2.5199999809265137
2020-01-30,2.549999952316284,2.490000009536743,2.509999990463257,2.5,43100.0,2.5
2020-01-31,2.5199999809265137,2.4000000953674316,2.5,2.509999990463257,131400.0,2.509999990463257
2020-02-03,2.630000114440918,2.490000009536743,2.509999990463257,2.609999895095825,111500.0,2.609999895095825
2020-02-04,2.6600000858306885,2.559999942779541,2.619999885559082,2.5999999046325684,138700.0,2.5999999046325684
2020-02-05,2.6500000953674316,2.5999999046325684,2.5999999046325684,2.609999895095825,51600.0,2.609999895095825
2020-02-06,2.630000114440918,2.5,2.5999999046325684,2.5199999809265137,153400.0,2.5199999809265137
2020-02-07,2.5199999809265137,2.359999895095825,2.5199999809265137,2.4000000953674316,91400.0,2.4000000953674316
2020-02-10,2.440000057220459,2.299999952316284,2.4000000953674316,2.3399999141693115,91000.0,2.3399999141693115
2020-02-11,2.5399999618530273,2.2799999713897705,2.380000114440918,2.2899999618530273,129500.0,2.2899999618530273
2020-02-12,2.369999885559082,2.180000066757202,2.25,2.190000057220459,186400.0,2.190000057220459
2020-02-13,2.3299999237060547,2.190000057220459,2.190000057220459,2.2699999809265137,83400.0,2.2699999809265137
2020-02-14,2.2899999618530273,2.1700000762939453,2.2699999809265137,2.2200000286102295,99300.0,2.2200000286102295
2020-02-18,2.259999990463257,2.1600000858306885,2.200000047683716,2.240000009536743,61900.0,2.240000009536743
2020-02-19,2.3499999046325684,2.200000047683716,2.25,2.2699999809265137,125600.0,2.2699999809265137
2020-02-20,2.309999942779541,2.200000047683716,2.2799999713897705,2.2100000381469727,130600.0,2.2100000381469727
2020-02-21,2.2699999809265137,2.180000066757202,2.259999990463257,2.25,76500.0,2.25
2020-02-24,2.2899999618530273,2.1500000953674316,2.200000047683716,2.200000047683716,107800.0,2.200000047683716
2020-02-25,2.509999990463257,2.2200000286102295,2.2699999809265137,2.4000000953674316,287600.0,2.4000000953674316
2020-02-26,2.430000066757202,2.190000057220459,2.4200000762939453,2.2300000190734863,102600.0,2.2300000190734863
2020-02-27,2.2799999713897705,2.0799999237060547,2.2300000190734863,2.0999999046325684,118100.0,2.0999999046325684
2020-02-28,2.1600000858306885,2.009999990463257,2.0799999237060547,2.130000114440918,141100.0,2.130000114440918
2020-03-02,2.190000057220459,2.109999895095825,2.1500000953674316,2.140000104904175,97300.0,2.140000104904175
2020-03-03,2.240000009536743,2.0999999046325684,2.180000066757202,2.0999999046325684,116100.0,2.0999999046325684
2020-03-04,2.259999990463257,2.0999999046325684,2.109999895095825,2.2300000190734863,192400.0,2.2300000190734863
2020-03-05,2.2899999618530273,2.0999999046325684,2.2200000286102295,2.259999990463257,151900.0,2.259999990463257
2020-03-06,3.799999952316284,2.859999895095825,3.3499999046325684,3.4000000953674316,19206800.0,3.4000000953674316
2020-03-09,4.849999904632568,3.450000047683716,4.739999771118164,3.869999885559082,8308600.0,3.869999885559082
2020-03-10,3.680000066757202,2.3499999046325684,3.680000066757202,2.440000057220459,3401000.0,2.440000057220459
2020-03-11,3.380000114440918,2.4600000381469727,2.5399999618530273,2.859999895095825,4716000.0,2.859999895095825
2020-03-12,2.950000047683716,2.4000000953674316,2.950000047683716,2.4200000762939453,1631200.0,2.4200000762939453
2020-03-13,2.609999895095825,2.059999942779541,2.4800000190734863,2.609999895095825,1610600.0,2.609999895095825
2020-03-16,2.319999933242798,2.059999942779541,2.200000047683716,2.0899999141693115,1065200.0,2.0899999141693115
2020-03-17,2.2799999713897705,1.7799999713897705,2.109999895095825,1.840000033378601,1299400.0,1.840000033378601
2020-03-18,1.8899999856948853,1.559999942779541,1.840000033378601,1.8200000524520874,1112700.0,1.8200000524520874
2020-03-19,2.4700000286102295,1.75,1.75,2.4000000953674316,1704900.0,2.4000000953674316
2020-03-20,2.8499999046325684,2.240000009536743,2.309999942779541,2.7799999713897705,1303100.0,2.7799999713897705
2020-03-23,2.8399999141693115,2.2200000286102295,2.799999952316284,2.309999942779541,768700.0,2.309999942779541
2020-03-24,2.5999999046325684,2.259999990463257,2.5299999713897705,2.509999990463257,763600.0,2.509999990463257
2020-03-25,2.5199999809265137,2.2300000190734863,2.369999885559082,2.4200000762939453,514000.0,2.4200000762939453
2020-03-26,2.4800000190734863,2.3499999046325684,2.369999885559082,2.4800000190734863,379900.0,2.4800000190734863
2020-03-27,2.5899999141693115,2.319999933242798,2.440000057220459,2.4700000286102295,525100.0,2.4700000286102295
2020-03-30,2.630000114440918,2.430000066757202,2.4700000286102295,2.5,390700.0,2.5
2020-03-31,2.569999933242798,2.4100000858306885,2.5,2.5299999713897705,651700.0,2.5299999713897705
2020-04-01,2.5299999713897705,2.2300000190734863,2.5,2.309999942779541,519700.0,2.309999942779541
2020-04-02,2.4000000953674316,2.119999885559082,2.2899999618530273,2.259999990463257,306700.0,2.259999990463257
2020-04-03,2.4800000190734863,2.130000114440918,2.2300000190734863,2.450000047683716,497900.0,2.450000047683716
2020-04-06,2.549999952316284,2.2899999618530273,2.509999990463257,2.5299999713897705,419700.0,2.5299999713897705
2020-04-07,2.5299999713897705,2.380000114440918,2.5299999713897705,2.430000066757202,308100.0,2.430000066757202
2020-04-08,2.4800000190734863,2.25,2.4200000762939453,2.380000114440918,243200.0,2.380000114440918
2020-04-09,2.5,2.319999933242798,2.4200000762939453,2.440000057220459,427100.0,2.440000057220459
2020-04-13,2.319999933242798,2.0899999141693115,2.200000047683716,2.2300000190734863,448000.0,2.2300000190734863
2020-04-14,2.359999895095825,2.190000057220459,2.2699999809265137,2.2699999809265137,366900.0,2.2699999809265137
2020-04-15,2.240000009536743,2.049999952316284,2.200000047683716,2.119999885559082,422400.0,2.119999885559082
2020-04-16,2.2200000286102295,1.9700000286102295,2.0799999237060547,2.190000057220459,692500.0,2.190000057220459
2020-04-17,2.450000047683716,2.109999895095825,2.140000104904175,2.390000104904175,483800.0,2.390000104904175
2020-04-20,2.359999895095825,2.2300000190734863,2.3499999046325684,2.25,200200.0,2.25
2020-04-21,2.259999990463257,2.059999942779541,2.2100000381469727,2.180000066757202,279200.0,2.180000066757202
2020-04-22,2.2200000286102295,2.119999885559082,2.180000066757202,2.1700000762939453,156000.0,2.1700000762939453
2020-04-23,3.119999885559082,2.3299999237060547,2.5999999046325684,2.6500000953674316,7689000.0,2.6500000953674316
2020-04-24,2.5899999141693115,2.369999885559082,2.569999933242798,2.5,711700.0,2.5
2020-04-27,2.7899999618530273,2.509999990463257,2.5199999809265137,2.759999990463257,605500.0,2.759999990463257
2020-04-28,3.4700000286102295,2.819999933242798,2.8499999046325684,3.2200000286102295,2727500.0,3.2200000286102295
2020-04-29,3.5999999046325684,2.9200000762939453,3.369999885559082,3.0,1917400.0,3.0
2020-04-30,3.0899999141693115,2.8499999046325684,3.0,3.0199999809265137,687900.0,3.0199999809265137
2020-05-01,3.190000057220459,2.819999933242798,3.0399999618530273,2.880000114440918,520800.0,2.880000114440918
2020-05-04,3.0399999618530273,2.700000047683716,2.809999942779541,2.950000047683716,395500.0,2.950000047683716
2020-05-05,3.049999952316284,2.7799999713897705,3.049999952316284,2.819999933242798,424400.0,2.819999933242798
2020-05-06,2.809999942779541,2.619999885559082,2.75,2.7100000381469727,313300.0,2.7100000381469727
2020-05-07,2.809999942779541,2.5799999237060547,2.759999990463257,2.630000114440918,207100.0,2.630000114440918
2020-05-08,2.9100000858306885,2.6600000858306885,2.7200000286102295,2.819999933242798,388000.0,2.819999933242798
2020-05-11,2.880000114440918,2.6700000762939453,2.819999933242798,2.799999952316284,460900.0,2.799999952316284
2020-05-12,2.950000047683716,2.640000104904175,2.880000114440918,2.6500000953674316,629600.0,2.6500000953674316
2020-05-13,2.640000104904175,2.440000057220459,2.640000104904175,2.5999999046325684,462700.0,2.5999999046325684
2020-05-14,2.5899999141693115,2.4000000953674316,2.5899999141693115,2.5199999809265137,433500.0,2.5199999809265137
2020-05-15,2.7799999713897705,2.4700000286102295,2.559999942779541,2.7100000381469727,456400.0,2.7100000381469727
2020-05-18,2.950000047683716,2.740000009536743,2.799999952316284,2.9100000858306885,1427100.0,2.9100000858306885
2020-05-19,3.119999885559082,2.9100000858306885,2.950000047683716,2.990000009536743,704200.0,2.990000009536743
2020-05-20,3.2699999809265137,3.0,3.1700000762939453,3.109999895095825,1126700.0,3.109999895095825
2020-05-21,3.2300000190734863,3.0,3.059999942779541,3.140000104904175,491200.0,3.140000104904175
2020-05-22,3.1700000762939453,2.930000066757202,3.1700000762939453,3.0299999713897705,358100.0,3.0299999713897705
2020-05-26,3.0999999046325684,2.8399999141693115,3.009999990463257,2.9000000953674316,407100.0,2.9000000953674316
2020-05-27,3.009999990463257,2.859999895095825,2.930000066757202,2.9800000190734863,309300.0,2.9800000190734863
2020-05-28,3.049999952316284,2.8299999237060547,2.9700000286102295,2.880000114440918,353500.0,2.880000114440918
2020-05-29,2.869999885559082,2.759999990463257,2.8399999141693115,2.8499999046325684,214300.0,2.8499999046325684
2020-06-01,3.059999942779541,2.819999933242798,2.9000000953674316,3.0,638800.0,3.0
2020-06-02,3.109999895095825,2.940000057220459,3.049999952316284,3.0199999809265137,421000.0,3.0199999809265137
2020-06-03,3.059999942779541,2.890000104904175,3.0299999713897705,2.9100000858306885,320600.0,2.9100000858306885
2020-06-04,2.9600000381469727,2.5199999809265137,2.9100000858306885,2.6500000953674316,592300.0,2.6500000953674316
2020-06-05,2.7899999618530273,2.5,2.759999990463257,2.559999942779541,870100.0,2.559999942779541
2020-06-08,2.799999952316284,2.569999933242798,2.630000114440918,2.740000009536743,526800.0,2.740000009536743
2020-06-09,2.700000047683716,2.4000000953674316,2.5999999046325684,2.609999895095825,473000.0,2.609999895095825
2020-06-10,2.6600000858306885,2.5,2.609999895095825,2.5199999809265137,197300.0,2.5199999809265137
2020-06-11,2.4700000286102295,2.2200000286102295,2.4700000286102295,2.240000009536743,475700.0,2.240000009536743
2020-06-12,2.359999895095825,2.200000047683716,2.2899999618530273,2.25,233500.0,2.25
2020-06-15,2.259999990463257,2.119999885559082,2.200000047683716,2.2300000190734863,269900.0,2.2300000190734863
2020-06-16,2.299999952316284,2.200000047683716,2.25,2.2100000381469727,261400.0,2.2100000381469727
2020-06-17,2.25,2.109999895095825,2.25,2.1700000762939453,482500.0,2.1700000762939453
2020-06-18,2.1700000762939453,2.0299999713897705,2.140000104904175,2.1500000953674316,694600.0,2.1500000953674316
2020-06-19,2.3399999141693115,2.140000104904175,2.140000104904175,2.25,674400.0,2.25
2020-06-22,2.380000114440918,2.190000057220459,2.2699999809265137,2.309999942779541,516800.0,2.309999942779541
2020-06-23,2.450000047683716,2.2799999713897705,2.440000057220459,2.309999942779541,442800.0,2.309999942779541
2020-06-24,2.3299999237060547,2.0899999141693115,2.299999952316284,2.1600000858306885,480000.0,2.1600000858306885
2020-06-25,2.25,2.0899999141693115,2.1500000953674316,2.240000009536743,365200.0,2.240000009536743
2020-06-26,2.2899999618530273,2.1500000953674316,2.2300000190734863,2.2899999618530273,591100.0,2.2899999618530273
2020-06-29,2.3499999046325684,2.2200000286102295,2.309999942779541,2.2699999809265137,231500.0,2.2699999809265137
2020-06-30,2.309999942779541,2.1600000858306885,2.240000009536743,2.240000009536743,961000.0,2.240000009536743
2020-07-01,2.299999952316284,2.180000066757202,2.2200000286102295,2.180000066757202,284300.0,2.180000066757202
2020-07-02,2.3299999237060547,2.190000057220459,2.25,2.319999933242798,312600.0,2.319999933242798
2020-07-06,2.4600000381469727,2.2699999809265137,2.3399999141693115,2.440000057220459,428300.0,2.440000057220459
2020-07-07,2.569999933242798,2.380000114440918,2.4200000762939453,2.4800000190734863,761800.0,2.4800000190734863
2020-07-08,3.390000104904175,2.4700000286102295,2.4700000286102295,3.0199999809265137,14458400.0,3.0199999809265137
2020-07-09,3.240000009536743,2.5899999141693115,3.049999952316284,2.680000066757202,4064100.0,2.680000066757202
2020-07-10,2.950000047683716,2.7200000286102295,2.75,2.859999895095825,1927600.0,2.859999895095825
2020-07-13,3.049999952316284,2.5999999046325684,3.0,2.640000104904175,5069100.0,2.640000104904175
2020-07-14,2.6600000858306885,2.3299999237060547,2.630000114440918,2.640000104904175,1514600.0,2.640000104904175
2020-07-15,2.6500000953674316,2.5,2.640000104904175,2.509999990463257,1006500.0,2.509999990463257
2020-07-16,2.5799999237060547,2.440000057220459,2.509999990463257,2.4600000381469727,1203600.0,2.4600000381469727
2020-07-17,2.7200000286102295,2.4200000762939453,2.4800000190734863,2.630000114440918,1030500.0,2.630000114440918
2020-07-20,2.700000047683716,2.5199999809265137,2.630000114440918,2.559999942779541,530100.0,2.559999942779541
2020-07-21,2.7699999809265137,2.5299999713897705,2.6500000953674316,2.75,3903900.0,2.75
2020-07-22,2.7300000190734863,2.549999952316284,2.7200000286102295,2.609999895095825,1143600.0,2.609999895095825
2020-07-23,2.640000104904175,2.440000057220459,2.619999885559082,2.4800000190734863,788100.0,2.4800000190734863
2020-07-24,2.490000009536743,2.380000114440918,2.4800000190734863,2.4000000953674316,468700.0,2.4000000953674316
2020-07-27,2.5399999618530273,2.359999895095825,2.450000047683716,2.509999990463257,631200.0,2.509999990463257
2020-07-28,2.5,2.380000114440918,2.5,2.4600000381469727,461400.0,2.4600000381469727
2020-07-29,2.5399999618530273,2.4000000953674316,2.4600000381469727,2.430000066757202,551700.0,2.430000066757202
2020-07-30,2.4800000190734863,2.3399999141693115,2.4000000953674316,2.4700000286102295,516200.0,2.4700000286102295
2020-07-31,2.5,2.3499999046325684,2.4700000286102295,2.380000114440918,1038800.0,2.380000114440918
2020-08-03,2.430000066757202,2.3299999237060547,2.390000104904175,2.4000000953674316,361000.0,2.4000000953674316
2020-08-04,2.5799999237060547,2.369999885559082,2.390000104904175,2.5,735500.0,2.5
2020-08-05,2.5799999237060547,2.450000047683716,2.5299999713897705,2.569999933242798,466900.0,2.569999933242798
2020-08-06,2.609999895095825,2.4700000286102295,2.5899999141693115,2.5,266600.0,2.5
2020-08-07,2.5899999141693115,2.4600000381469727,2.4800000190734863,2.5299999713897705,284600.0,2.5299999713897705
2020-08-10,2.5899999141693115,2.490000009536743,2.549999952316284,2.549999952316284,430100.0,2.549999952316284
2020-08-11,2.5399999618530273,2.450000047683716,2.5399999618530273,2.5,321200.0,2.5
2020-08-12,2.5199999809265137,2.440000057220459,2.5,2.4600000381469727,249900.0,2.4600000381469727
2020-08-13,2.5199999809265137,2.380000114440918,2.450000047683716,2.509999990463257,386300.0,2.509999990463257
2020-08-14,2.5199999809265137,2.4600000381469727,2.5,2.5,219900.0,2.5
2020-08-17,2.509999990463257,2.4000000953674316,2.5,2.4800000190734863,329200.0,2.4800000190734863
2020-08-18,2.4600000381469727,2.3399999141693115,2.450000047683716,2.369999885559082,458600.0,2.369999885559082
2020-08-19,2.4200000762939453,2.3299999237060547,2.4100000858306885,2.359999895095825,203800.0,2.359999895095825
2020-08-20,2.359999895095825,2.2899999618530273,2.319999933242798,2.319999933242798,192400.0,2.319999933242798
2020-08-21,2.380000114440918,2.2699999809265137,2.299999952316284,2.369999885559082,293600.0,2.369999885559082
2020-08-24,2.369999885559082,2.25,2.369999885559082,2.2799999713897705,268300.0,2.2799999713897705
2020-08-25,2.2899999618530273,2.2100000381469727,2.2699999809265137,2.2899999618530273,195900.0,2.2899999618530273
2020-08-26,2.359999895095825,2.2200000286102295,2.2899999618530273,2.259999990463257,229900.0,2.259999990463257
2020-08-27,2.3299999237060547,2.2100000381469727,2.259999990463257,2.2799999713897705,609600.0,2.2799999713897705
2020-08-28,2.2799999713897705,2.059999942779541,2.2799999713897705,2.140000104904175,566100.0,2.140000104904175
2020-08-31,2.200000047683716,2.0399999618530273,2.1600000858306885,2.130000114440918,494400.0,2.130000114440918
2020-09-01,2.1600000858306885,2.0799999237060547,2.140000104904175,2.130000114440918,295100.0,2.130000114440918
2020-09-02,2.1600000858306885,2.0199999809265137,2.130000114440918,2.059999942779541,389900.0,2.059999942779541
2020-09-03,2.0999999046325684,2.0399999618530273,2.0899999141693115,2.059999942779541,371200.0,2.059999942779541
2020-09-04,2.0799999237060547,2.0,2.059999942779541,2.0199999809265137,318200.0,2.0199999809265137
2020-09-08,2.180000066757202,2.0299999713897705,2.059999942779541,2.1600000858306885,427700.0,2.1600000858306885
2020-09-09,2.2799999713897705,2.119999885559082,2.1600000858306885,2.2200000286102295,459400.0,2.2200000286102295
2020-09-10,2.299999952316284,2.190000057220459,2.2699999809265137,2.200000047683716,293200.0,2.200000047683716
2020-09-11,2.2300000190734863,2.1500000953674316,2.200000047683716,2.190000057220459,189800.0,2.190000057220459
2020-09-14,2.2699999809265137,2.1700000762939453,2.190000057220459,2.259999990463257,153400.0,2.259999990463257
2020-09-15,2.4200000762939453,2.259999990463257,2.2799999713897705,2.3399999141693115,506300.0,2.3399999141693115
2020-09-16,2.380000114440918,2.299999952316284,2.3499999046325684,2.319999933242798,173700.0,2.319999933242798
2020-09-17,2.4000000953674316,2.299999952316284,2.319999933242798,2.369999885559082,166500.0,2.369999885559082
2020-09-18,2.4000000953674316,2.309999942779541,2.390000104904175,2.309999942779541,441700.0,2.309999942779541
2020-09-21,2.299999952316284,2.190000057220459,2.299999952316284,2.2699999809265137,327700.0,2.2699999809265137
2020-09-22,2.2899999618530273,2.2200000286102295,2.2899999618530273,2.2799999713897705,203800.0,2.2799999713897705
2020-09-23,2.299999952316284,2.0799999237060547,2.299999952316284,2.0899999141693115,317100.0,2.0899999141693115
2020-09-24,2.130000114440918,2.0299999713897705,2.059999942779541,2.0899999141693115,225200.0,2.0899999141693115
2020-09-25,2.190000057220459,2.0899999141693115,2.0899999141693115,2.1500000953674316,142100.0,2.1500000953674316
2020-09-28,2.2100000381469727,2.130000114440918,2.1600000858306885,2.140000104904175,152900.0,2.140000104904175
2020-09-29,2.1500000953674316,2.059999942779541,2.130000114440918,2.0799999237060547,209600.0,2.0799999237060547
2020-09-30,2.1500000953674316,2.059999942779541,2.0899999141693115,2.109999895095825,148200.0,2.109999895095825
2020-10-01,2.1700000762939453,2.0799999237060547,2.119999885559082,2.1500000953674316,129200.0,2.1500000953674316
2020-10-02,2.1600000858306885,2.059999942779541,2.0899999141693115,2.0999999046325684,160400.0,2.0999999046325684
2020-10-05,2.240000009536743,2.0799999237060547,2.0799999237060547,2.2100000381469727,190000.0,2.2100000381469727
2020-10-06,2.3499999046325684,2.1500000953674316,2.259999990463257,2.180000066757202,190000.0,2.180000066757202
2020-10-07,2.2799999713897705,2.190000057220459,2.2200000286102295,2.240000009536743,126600.0,2.240000009536743
2020-10-08,2.4200000762939453,2.25,2.259999990463257,2.359999895095825,290100.0,2.359999895095825
2020-10-09,2.390000104904175,2.2699999809265137,2.359999895095825,2.309999942779541,139700.0,2.309999942779541
2020-10-12,2.490000009536743,2.3299999237060547,2.3499999046325684,2.4700000286102295,282700.0,2.4700000286102295
2020-10-13,2.680000066757202,2.450000047683716,2.5,2.609999895095825,874200.0,2.609999895095825
2020-10-14,2.2799999713897705,2.0999999046325684,2.240000009536743,2.1600000858306885,1286700.0,2.1600000858306885
2020-10-15,2.1600000858306885,2.109999895095825,2.1600000858306885,2.130000114440918,274800.0,2.130000114440918
2020-10-16,2.259999990463257,2.109999895095825,2.109999895095825,2.1500000953674316,437500.0,2.1500000953674316
2020-10-19,2.200000047683716,2.0999999046325684,2.1700000762939453,2.0999999046325684,204900.0,2.0999999046325684
2020-10-20,2.130000114440918,2.0199999809265137,2.119999885559082,2.0299999713897705,431600.0,2.0299999713897705
2020-10-21,2.069999933242798,1.9600000381469727,2.0399999618530273,1.9800000190734863,416200.0,1.9800000190734863
2020-10-22,2.069999933242798,1.9800000190734863,2.009999990463257,2.059999942779541,469800.0,2.059999942779541
2020-10-23,2.109999895095825,2.0399999618530273,2.0799999237060547,2.0999999046325684,161500.0,2.0999999046325684
2020-10-26,2.059999942779541,1.9500000476837158,2.059999942779541,1.9800000190734863,205500.0,1.9800000190734863
2020-10-27,2.059999942779541,1.909999966621399,2.0,1.9299999475479126,394600.0,1.9299999475479126
2020-10-28,1.899999976158142,1.8200000524520874,1.8700000047683716,1.8600000143051147,210100.0,1.8600000143051147
2020-10-29,2.0,1.8200000524520874,1.840000033378601,1.9600000381469727,548400.0,1.9600000381469727
2020-10-30,1.9600000381469727,1.7999999523162842,1.9500000476837158,1.8200000524520874,319900.0,1.8200000524520874
2020-11-02,1.9299999475479126,1.7999999523162842,1.8200000524520874,1.8899999856948853,171500.0,1.8899999856948853
2020-11-03,2.069999933242798,1.9199999570846558,1.940000057220459,2.049999952316284,563800.0,2.049999952316284
2020-11-04,2.0299999713897705,1.9600000381469727,1.9600000381469727,1.9900000095367432,174900.0,1.9900000095367432
2020-11-05,2.109999895095825,1.9600000381469727,1.9900000095367432,2.0799999237060547,352200.0,2.0799999237060547
2020-11-06,2.049999952316284,1.9600000381469727,2.0199999809265137,1.9600000381469727,115900.0,1.9600000381469727
2020-11-09,2.0399999618530273,1.909999966621399,1.9199999570846558,1.9700000286102295,324500.0,1.9700000286102295
2020-11-10,2.059999942779541,1.9800000190734863,2.0199999809265137,2.0199999809265137,125500.0,2.0199999809265137
2020-11-11,2.049999952316284,1.9500000476837158,2.0199999809265137,2.0199999809265137,92200.0,2.0199999809265137
2020-11-12,2.0399999618530273,1.9800000190734863,2.009999990463257,2.009999990463257,92000.0,2.009999990463257
2020-11-13,2.059999942779541,1.9500000476837158,2.009999990463257,1.9900000095367432,187300.0,1.9900000095367432
2020-11-16,2.069999933242798,1.9800000190734863,2.049999952316284,2.0299999713897705,177400.0,2.0299999713897705
2020-11-17,2.0,1.8799999952316284,1.9900000095367432,1.9800000190734863,462800.0,1.9800000190734863
2020-11-18,2.0199999809265137,1.909999966621399,2.0,1.9500000476837158,347700.0,1.9500000476837158
2020-11-19,2.0199999809265137,1.940000057220459,2.009999990463257,1.9600000381469727,176900.0,1.9600000381469727
2020-11-20,2.0,1.9299999475479126,1.940000057220459,1.940000057220459,163500.0,1.940000057220459
2020-11-23,1.9800000190734863,1.9199999570846558,1.9500000476837158,1.9600000381469727,215400.0,1.9600000381469727
2020-11-24,1.9800000190734863,1.9299999475479126,1.9800000190734863,1.9600000381469727,204700.0,1.9600000381469727
2020-11-25,1.9700000286102295,1.940000057220459,1.9500000476837158,1.9700000286102295,134500.0,1.9700000286102295
2020-11-27,2.059999942779541,1.9700000286102295,1.9800000190734863,2.0299999713897705,281200.0,2.0299999713897705
2020-11-30,2.1700000762939453,2.0299999713897705,2.059999942779541,2.1700000762939453,531100.0,2.1700000762939453
2020-12-01,2.2200000286102295,2.0799999237060547,2.200000047683716,2.1500000953674316,295500.0,2.1500000953674316
2020-12-02,2.2100000381469727,2.059999942779541,2.059999942779541,2.1700000762939453,214300.0,2.1700000762939453
2020-12-03,2.25,2.119999885559082,2.140000104904175,2.180000066757202,210500.0,2.180000066757202
2020-12-04,2.4600000381469727,2.1500000953674316,2.200000047683716,2.4200000762939453,739500.0,2.4200000762939453
2020-12-07,2.4600000381469727,2.3499999046325684,2.4200000762939453,2.390000104904175,291200.0,2.390000104904175
2020-12-08,2.440000057220459,2.359999895095825,2.359999895095825,2.4100000858306885,213400.0,2.4100000858306885
2020-12-09,2.5,2.3399999141693115,2.450000047683716,2.490000009536743,830700.0,2.490000009536743
2020-12-10,2.509999990463257,2.319999933242798,2.509999990463257,2.490000009536743,696500.0,2.490000009536743
2020-12-11,2.5899999141693115,2.5,2.5,2.549999952316284,259600.0,2.549999952316284
2020-12-14,2.5899999141693115,2.4800000190734863,2.5899999141693115,2.5199999809265137,356700.0,2.5199999809265137
2020-12-15,2.5399999618530273,2.430000066757202,2.5399999618530273,2.4700000286102295,193500.0,2.4700000286102295
2020-12-16,2.5899999141693115,2.4200000762939453,2.5199999809265137,2.430000066757202,465000.0,2.430000066757202
2020-12-17,2.4800000190734863,2.4100000858306885,2.4200000762939453,2.440000057220459,167000.0,2.440000057220459
2020-12-18,2.4700000286102295,2.3299999237060547,2.450000047683716,2.3299999237060547,394000.0,2.3299999237060547
2020-12-21,2.380000114440918,2.25,2.3499999046325684,2.309999942779541,230100.0,2.309999942779541
2020-12-22,2.4000000953674316,2.319999933242798,2.3299999237060547,2.3399999141693115,133700.0,2.3399999141693115
2020-12-23,2.369999885559082,2.299999952316284,2.3399999141693115,2.3299999237060547,146900.0,2.3299999237060547
2020-12-24,2.3399999141693115,2.259999990463257,2.309999942779541,2.299999952316284,131800.0,2.299999952316284
2020-12-28,2.369999885559082,2.2200000286102295,2.3299999237060547,2.319999933242798,512100.0,2.319999933242798
2020-12-29,2.4000000953674316,2.309999942779541,2.319999933242798,2.380000114440918,255300.0,2.380000114440918
2020-12-30,2.6700000762939453,2.380000114440918,2.4000000953674316,2.609999895095825,559500.0,2.609999895095825
2020-12-31,2.609999895095825,2.4800000190734863,2.559999942779541,2.5199999809265137,216000.0,2.5199999809265137
2021-01-04,2.8499999046325684,2.5799999237060547,2.630000114440918,2.6600000858306885,853200.0,2.6600000858306885
2021-01-05,2.8299999237060547,2.6500000953674316,2.6600000858306885,2.7300000190734863,342900.0,2.7300000190734863
2021-01-06,2.819999933242798,2.6700000762939453,2.7200000286102295,2.7200000286102295,295600.0,2.7200000286102295
2021-01-07,2.799999952316284,2.6500000953674316,2.7699999809265137,2.690000057220459,167400.0,2.690000057220459
2021-01-08,2.740000009536743,2.5799999237060547,2.690000057220459,2.609999895095825,248500.0,2.609999895095825
2021-01-11,2.6500000953674316,2.5399999618530273,2.5899999141693115,2.630000114440918,133400.0,2.630000114440918
2021-01-12,2.690000057220459,2.5799999237060547,2.619999885559082,2.6600000858306885,198600.0,2.6600000858306885
2021-01-13,2.940000057220459,2.5899999141693115,2.6500000953674316,2.869999885559082,456100.0,2.869999885559082
2021-01-14,3.0199999809265137,2.8499999046325684,2.890000104904175,2.990000009536743,505000.0,2.990000009536743
2021-01-15,3.130000114440918,2.799999952316284,2.9600000381469727,3.0399999618530273,598500.0,3.0399999618530273
2021-01-19,3.2300000190734863,2.9200000762939453,3.009999990463257,3.200000047683716,560600.0,3.200000047683716
2021-01-20,3.200000047683716,2.880000114440918,3.190000057220459,2.9700000286102295,601900.0,2.9700000286102295
2021-01-21,3.009999990463257,2.9200000762939453,2.990000009536743,2.990000009536743,247400.0,2.990000009536743
2021-01-22,3.059999942779541,2.940000057220459,2.9800000190734863,3.059999942779541,290500.0,3.059999942779541
2021-01-25,3.1600000858306885,2.990000009536743,3.1500000953674316,3.0799999237060547,342300.0,3.0799999237060547
2021-01-26,3.1700000762939453,2.9600000381469727,3.109999895095825,3.059999942779541,580500.0,3.059999942779541
2021-01-27,3.0,2.9000000953674316,3.0,2.9200000762939453,277400.0,2.9200000762939453
2021-01-28,2.930000066757202,2.7300000190734863,2.9100000858306885,2.7699999809265137,226300.0,2.7699999809265137
2021-01-29,2.950000047683716,2.740000009536743,2.75,2.819999933242798,205500.0,2.819999933242798
2021-02-01,2.950000047683716,2.809999942779541,2.8399999141693115,2.9100000858306885,154100.0,2.9100000858306885
2021-02-02,3.0199999809265137,2.819999933242798,2.9200000762939453,3.009999990463257,170400.0,3.009999990463257
2021-02-03,3.130000114440918,2.950000047683716,3.119999885559082,2.9800000190734863,365400.0,2.9800000190734863
2021-02-04,3.359999895095825,2.940000057220459,3.0399999618530273,3.25,875600.0,3.25
2021-02-05,3.380000114440918,3.180000066757202,3.3299999237060547,3.2699999809265137,322500.0,3.2699999809265137
2021-02-08,3.440000057220459,3.2300000190734863,3.380000114440918,3.440000057220459,424400.0,3.440000057220459
2021-02-09,3.549999952316284,3.390000104904175,3.4600000381469727,3.4100000858306885,450100.0,3.4100000858306885
2021-02-10,3.4700000286102295,3.180000066757202,3.450000047683716,3.309999942779541,350500.0,3.309999942779541
2021-02-11,3.4000000953674316,3.25,3.380000114440918,3.2699999809265137,217000.0,3.2699999809265137
2021-02-12,3.3499999046325684,3.2100000381469727,3.2699999809265137,3.2699999809265137,245200.0,3.2699999809265137
2021-02-16,3.5899999141693115,3.2200000286102295,3.25,3.4600000381469727,587200.0,3.4600000381469727
2021-02-17,3.440000057220459,3.299999952316284,3.440000057220459,3.3499999046325684,202700.0,3.3499999046325684
2021-02-18,3.390000104904175,3.1500000953674316,3.369999885559082,3.2899999618530273,230500.0,3.2899999618530273
2021-02-19,3.430000066757202,3.2200000286102295,3.2899999618530273,3.4200000762939453,153500.0,3.4200000762939453
2021-02-22,3.450000047683716,3.200000047683716,3.450000047683716,3.2100000381469727,156600.0,3.2100000381469727
2021-02-23,3.190000057220459,2.880000114440918,3.1500000953674316,3.009999990463257,424100.0,3.009999990463257
2021-02-24,3.1600000858306885,2.9600000381469727,3.0299999713897705,3.069999933242798,364900.0,3.069999933242798
2021-02-25,3.0999999046325684,2.9200000762939453,3.009999990463257,2.950000047683716,198000.0,2.950000047683716
2021-02-26,3.2100000381469727,2.859999895095825,2.950000047683716,2.9200000762939453,240600.0,2.9200000762939453
2021-03-01,3.0399999618530273,2.940000057220459,2.940000057220459,2.950000047683716,199800.0,2.950000047683716
2021-03-02,3.0799999237060547,2.9200000762939453,3.0799999237060547,2.9600000381469727,169800.0,2.9600000381469727
2021-03-03,2.990000009536743,2.8299999237060547,2.9700000286102295,2.869999885559082,341200.0,2.869999885559082
2021-03-04,2.880000114440918,2.630000114440918,2.8299999237060547,2.75,502800.0,2.75
2021-03-05,2.8299999237060547,2.609999895095825,2.7799999713897705,2.799999952316284,310500.0,2.799999952316284
2021-03-08,2.8299999237060547,2.7300000190734863,2.8299999237060547,2.759999990463257,190200.0,2.759999990463257
2021-03-09,2.859999895095825,2.75,2.7699999809265137,2.7699999809265137,144100.0,2.7699999809265137
2021-03-10,2.8299999237060547,2.759999990463257,2.819999933242798,2.7799999713897705,175200.0,2.7799999713897705
2021-03-11,2.950000047683716,2.799999952316284,2.8299999237060547,2.930000066757202,228700.0,2.930000066757202
2021-03-12,2.9700000286102295,2.799999952316284,2.9700000286102295,2.859999895095825,422600.0,2.859999895095825
2021-03-15,3.0399999618530273,2.799999952316284,2.8499999046325684,2.9600000381469727,4761600.0,2.9600000381469727
2021-03-16,4.849999904632568,3.6500000953674316,3.9100000858306885,4.079999923706055,49350400.0,4.079999923706055
2021-03-17,4.039999961853027,3.7699999809265137,3.859999895095825,4.010000228881836,2203200.0,4.010000228881836
2021-03-18,4.0,3.630000114440918,3.9600000381469727,3.6700000762939453,1042900.0,3.6700000762939453
2021-03-19,3.8399999141693115,3.509999990463257,3.6700000762939453,3.740000009536743,777000.0,3.740000009536743
2021-03-22,3.819999933242798,3.700000047683716,3.799999952316284,3.7699999809265137,350000.0,3.7699999809265137
2021-03-23,3.700000047683716,3.4800000190734863,3.680000066757202,3.5,543200.0,3.5
2021-03-24,3.690000057220459,3.359999895095825,3.5199999809265137,3.369999885559082,700400.0,3.369999885559082
2021-03-25,3.5799999237060547,3.309999942779541,3.3499999046325684,3.5199999809265137,373600.0,3.5199999809265137
2021-03-26,3.559999942779541,3.4000000953674316,3.549999952316284,3.440000057220459,284400.0,3.440000057220459
2021-03-29,3.5199999809265137,3.200000047683716,3.3499999046325684,3.2300000190734863,449700.0,3.2300000190734863
2021-03-30,3.380000114440918,3.200000047683716,3.240000009536743,3.2899999618530273,189900.0,3.2899999618530273
2021-03-31,3.5,3.2799999713897705,3.2899999618530273,3.440000057220459,430000.0,3.440000057220459
2021-04-01,3.5999999046325684,3.4700000286102295,3.5,3.559999942779541,601300.0,3.559999942779541
2021-04-05,3.680000066757202,3.4700000286102295,3.619999885559082,3.609999895095825,391100.0,3.609999895095825
2021-04-06,3.630000114440918,3.5399999618530273,3.619999885559082,3.559999942779541,214100.0,3.559999942779541
2021-04-07,3.5399999618530273,3.450000047683716,3.509999990463257,3.4700000286102295,311800.0,3.4700000286102295
2021-04-08,3.509999990463257,3.4200000762939453,3.490000009536743,3.4800000190734863,214500.0,3.4800000190734863
2021-04-09,3.509999990463257,3.430000066757202,3.4700000286102295,3.4600000381469727,186200.0,3.4600000381469727
2021-04-12,3.430000066757202,3.2699999809265137,3.4100000858306885,3.3399999141693115,287200.0,3.3399999141693115
2021-04-13,3.390000104904175,3.259999990463257,3.3299999237060547,3.3399999141693115,176600.0,3.3399999141693115
2021-04-14,3.440000057220459,3.2699999809265137,3.299999952316284,3.359999895095825,222600.0,3.359999895095825
2021-04-15,3.5399999618530273,3.3399999141693115,3.369999885559082,3.4700000286102295,247100.0,3.4700000286102295
2021-04-16,3.5399999618530273,3.319999933242798,3.5399999618530273,3.3299999237060547,395600.0,3.3299999237060547
2021-04-19,3.3299999237060547,3.2200000286102295,3.2899999618530273,3.25,302900.0,3.25
2021-04-20,3.2300000190734863,3.049999952316284,3.1700000762939453,3.1600000858306885,471100.0,3.1600000858306885
2021-04-21,3.2200000286102295,3.1500000953674316,3.180000066757202,3.190000057220459,257200.0,3.190000057220459
2021-04-22,3.2699999809265137,3.130000114440918,3.2699999809265137,3.180000066757202,199600.0,3.180000066757202
2021-04-23,3.2899999618530273,3.140000104904175,3.200000047683716,3.259999990463257,125600.0,3.259999990463257
2021-04-26,3.380000114440918,3.240000009536743,3.2699999809265137,3.3399999141693115,178800.0,3.3399999141693115
2021-04-27,3.369999885559082,3.2699999809265137,3.319999933242798,3.2799999713897705,141700.0,3.2799999713897705
2021-04-28,3.319999933242798,3.259999990463257,3.2799999713897705,3.309999942779541,246300.0,3.309999942779541
2021-04-29,3.299999952316284,3.1700000762939453,3.2899999618530273,3.200000047683716,340700.0,3.200000047683716
2021-04-30,3.200000047683716,3.049999952316284,3.190000057220459,3.069999933242798,417000.0,3.069999933242798
2021-05-03,3.0999999046325684,2.9600000381469727,3.049999952316284,2.9700000286102295,267100.0,2.9700000286102295
2021-05-04,3.0,2.809999942779541,2.9100000858306885,2.9200000762939453,304200.0,2.9200000762939453
2021-05-05,2.9700000286102295,2.819999933242798,2.9100000858306885,2.9000000953674316,325200.0,2.9000000953674316
2021-05-06,2.9100000858306885,2.75,2.9000000953674316,2.859999895095825,249300.0,2.859999895095825
2021-05-07,3.0199999809265137,2.869999885559082,2.890000104904175,3.0,306600.0,3.0
2021-05-10,3.0199999809265137,2.8499999046325684,2.950000047683716,2.9200000762939453,342500.0,2.9200000762939453
2021-05-11,2.990000009536743,2.799999952316284,2.819999933242798,2.9600000381469727,174000.0,2.9600000381469727
2021-05-12,3.0,2.869999885559082,2.9000000953674316,2.890000104904175,145100.0,2.890000104904175
2021-05-13,3.009999990463257,2.799999952316284,2.9000000953674316,2.9600000381469727,273300.0,2.9600000381469727
2021-05-14,3.0799999237060547,2.859999895095825,2.9700000286102295,2.9800000190734863,192700.0,2.9800000190734863
2021-05-17,3.069999933242798,2.890000104904175,2.9700000286102295,3.0199999809265137,467600.0,3.0199999809265137
2021-05-18,3.069999933242798,2.9800000190734863,3.0299999713897705,3.0199999809265137,212600.0,3.0199999809265137
2021-05-19,3.0399999618530273,2.940000057220459,3.009999990463257,3.009999990463257,129600.0,3.009999990463257
2021-05-20,3.0299999713897705,2.9200000762939453,3.009999990463257,2.930000066757202,153800.0,2.930000066757202
2021-05-21,3.049999952316284,2.9200000762939453,2.990000009536743,3.009999990463257,233100.0,3.009999990463257
2021-05-24,3.0799999237060547,3.0,3.0199999809265137,3.069999933242798,124800.0,3.069999933242798
2021-05-25,3.1600000858306885,3.009999990463257,3.049999952316284,3.009999990463257,161400.0,3.009999990463257
2021-05-26,3.130000114440918,2.9700000286102295,2.990000009536743,3.0799999237060547,109700.0,3.0799999237060547
2021-05-27,3.180000066757202,3.069999933242798,3.109999895095825,3.1500000953674316,202500.0,3.1500000953674316
2021-05-28,3.140000104904175,3.0299999713897705,3.119999885559082,3.0799999237060547,228500.0,3.0799999237060547
2021-06-01,3.180000066757202,3.049999952316284,3.069999933242798,3.140000104904175,146800.0,3.140000104904175
2021-06-02,3.1600000858306885,3.0,3.119999885559082,3.1600000858306885,124700.0,3.1600000858306885
2021-06-03,3.3499999046325684,3.049999952316284,3.0999999046325684,3.2200000286102295,328300.0,3.2200000286102295
2021-06-04,3.2799999713897705,3.0899999141693115,3.2200000286102295,3.0999999046325684,383500.0,3.0999999046325684
2021-06-07,3.140000104904175,3.0399999618530273,3.059999942779541,3.069999933242798,528700.0,3.069999933242798
2021-06-08,3.25,3.069999933242798,3.0799999237060547,3.190000057220459,234000.0,3.190000057220459
2021-06-09,3.259999990463257,3.1700000762939453,3.190000057220459,3.200000047683716,1985500.0,3.200000047683716
2021-06-10,3.4800000190734863,3.2100000381469727,3.3499999046325684,3.4000000953674316,1643700.0,3.4000000953674316
2021-06-11,3.369999885559082,2.990000009536743,3.3399999141693115,3.0799999237060547,762500.0,3.0799999237060547
2021-06-14,3.1600000858306885,3.0199999809265137,3.119999885559082,3.059999942779541,392100.0,3.059999942779541
2021-06-15,3.0899999141693115,2.9600000381469727,3.059999942779541,3.0,479900.0,3.0
2021-06-16,3.069999933242798,2.869999885559082,2.990000009536743,3.0,392100.0,3.0
2021-06-17,3.009999990463257,2.869999885559082,3.0,2.9000000953674316,331700.0,2.9000000953674316
2021-06-18,2.930000066757202,2.809999942779541,2.8499999046325684,2.9100000858306885,610100.0,2.9100000858306885
2021-06-21,3.0899999141693115,2.859999895095825,2.880000114440918,3.059999942779541,442600.0,3.059999942779541
2021-06-22,3.049999952316284,2.9200000762939453,3.0399999618530273,3.009999990463257,414600.0,3.009999990463257
2021-06-23,3.0199999809265137,2.890000104904175,3.0,2.990000009536743,578300.0,2.990000009536743
2021-06-24,3.059999942779541,2.9000000953674316,2.990000009536743,3.0399999618530273,489200.0,3.0399999618530273
2021-06-25,3.25,2.9600000381469727,3.059999942779541,3.200000047683716,6310300.0,3.200000047683716
2021-06-28,3.3399999141693115,3.180000066757202,3.200000047683716,3.190000057220459,518600.0,3.190000057220459
2021-06-29,3.200000047683716,3.0899999141693115,3.180000066757202,3.0899999141693115,141700.0,3.0899999141693115
2021-06-30,3.200000047683716,3.0299999713897705,3.109999895095825,3.1700000762939453,284700.0,3.1700000762939453
2021-07-01,3.2200000286102295,3.059999942779541,3.200000047683716,3.1500000953674316,355800.0,3.1500000953674316
2021-07-02,3.25,3.0199999809265137,3.140000104904175,3.200000047683716,309300.0,3.200000047683716
2021-07-06,3.200000047683716,3.0,3.1700000762939453,3.009999990463257,221300.0,3.009999990463257
2021-07-07,3.119999885559082,2.880000114440918,3.009999990463257,3.0199999809265137,426900.0,3.0199999809265137
2021-07-08,3.119999885559082,2.9200000762939453,2.9600000381469727,3.0899999141693115,198900.0,3.0899999141693115
2021-07-09,3.190000057220459,3.0799999237060547,3.0799999237060547,3.130000114440918,126800.0,3.130000114440918
2021-07-12,3.180000066757202,3.069999933242798,3.130000114440918,3.1700000762939453,128300.0,3.1700000762939453
2021-07-13,3.2300000190734863,3.069999933242798,3.180000066757202,3.200000047683716,216600.0,3.200000047683716
2021-07-14,3.2300000190734863,3.180000066757202,3.2100000381469727,3.180000066757202,110700.0,3.180000066757202
2021-07-15,3.190000057220459,3.0199999809265137,3.180000066757202,3.109999895095825,230700.0,3.109999895095825
2021-07-16,3.2100000381469727,3.0399999618530273,3.1600000858306885,3.049999952316284,184800.0,3.049999952316284
2021-07-19,3.109999895095825,2.9700000286102295,2.9800000190734863,3.069999933242798,200900.0,3.069999933242798
2021-07-20,3.5,2.859999895095825,3.299999952316284,3.130000114440918,11124400.0,3.130000114440918
2021-07-21,3.2799999713897705,2.950000047683716,3.0899999141693115,3.1500000953674316,1031100.0,3.1500000953674316
2021-07-22,3.2300000190734863,3.069999933242798,3.0999999046325684,3.140000104904175,578800.0,3.140000104904175
2021-07-23,3.2300000190734863,3.0899999141693115,3.109999895095825,3.130000114440918,547000.0,3.130000114440918
2021-07-26,3.1700000762939453,3.009999990463257,3.140000104904175,3.069999933242798,331200.0,3.069999933242798
2021-07-27,3.130000114440918,2.950000047683716,3.0799999237060547,3.109999895095825,255600.0,3.109999895095825
2021-07-28,3.190000057220459,3.0899999141693115,3.0999999046325684,3.119999885559082,269400.0,3.119999885559082
2021-07-29,3.240000009536743,3.119999885559082,3.119999885559082,3.2200000286102295,172600.0,3.2200000286102295
2021-07-30,3.359999895095825,3.240000009536743,3.25,3.259999990463257,362600.0,3.259999990463257
2021-08-02,3.3499999046325684,3.259999990463257,3.299999952316284,3.2699999809265137,111100.0,3.2699999809265137
2021-08-03,3.309999942779541,3.2100000381469727,3.2899999618530273,3.2899999618530273,93800.0,3.2899999618530273
2021-08-04,3.319999933242798,3.130000114440918,3.299999952316284,3.140000104904175,105000.0,3.140000104904175
2021-08-05,3.2200000286102295,3.059999942779541,3.140000104904175,3.109999895095825,128000.0,3.109999895095825
2021-08-06,3.1600000858306885,3.059999942779541,3.1600000858306885,3.0899999141693115,117900.0,3.0899999141693115
2021-08-09,3.1600000858306885,3.049999952316284,3.069999933242798,3.1600000858306885,81000.0,3.1600000858306885
2021-08-10,3.2200000286102295,3.0899999141693115,3.1600000858306885,3.1600000858306885,129100.0,3.1600000858306885
2021-08-11,3.200000047683716,3.0799999237060547,3.140000104904175,3.1700000762939453,89800.0,3.1700000762939453
2021-08-12,3.190000057220459,3.0999999046325684,3.130000114440918,3.1600000858306885,35200.0,3.1600000858306885
2021-08-13,3.1700000762939453,3.0799999237060547,3.1500000953674316,3.0999999046325684,126600.0,3.0999999046325684
2021-08-16,3.119999885559082,3.0199999809265137,3.119999885559082,3.069999933242798,160400.0,3.069999933242798
2021-08-17,3.0799999237060547,2.9700000286102295,3.049999952316284,3.049999952316284,233100.0,3.049999952316284
2021-08-18,3.130000114440918,3.0199999809265137,3.0799999237060547,3.0399999618530273,170600.0,3.0399999618530273
2021-08-19,3.2100000381469727,3.0199999809265137,3.0399999618530273,3.190000057220459,222500.0,3.190000057220459
2021-08-20,3.369999885559082,3.200000047683716,3.2100000381469727,3.359999895095825,234200.0,3.359999895095825
2021-08-23,3.5299999713897705,3.369999885559082,3.390000104904175,3.490000009536743,281400.0,3.490000009536743
2021-08-24,3.5299999713897705,3.430000066757202,3.4600000381469727,3.4600000381469727,126200.0,3.4600000381469727
2021-08-25,3.690000057220459,3.4000000953674316,3.430000066757202,3.6500000953674316,296700.0,3.6500000953674316
2021-08-26,3.740000009536743,3.6500000953674316,3.6500000953674316,3.7300000190734863,114100.0,3.7300000190734863
2021-08-27,3.799999952316284,3.690000057220459,3.7300000190734863,3.700000047683716,147200.0,3.700000047683716
2021-08-30,3.740000009536743,3.609999895095825,3.700000047683716,3.6500000953674316,139100.0,3.6500000953674316
2021-08-31,3.7300000190734863,3.640000104904175,3.640000104904175,3.6600000858306885,84500.0,3.6600000858306885
2021-09-01,3.7300000190734863,3.6500000953674316,3.6600000858306885,3.7100000381469727,44300.0,3.7100000381469727
2021-09-02,3.8399999141693115,3.690000057220459,3.690000057220459,3.7699999809265137,122200.0,3.7699999809265137
2021-09-03,3.7799999713897705,3.680000066757202,3.7799999713897705,3.680000066757202,55100.0,3.680000066757202
2021-09-07,3.759999990463257,3.5999999046325684,3.690000057220459,3.680000066757202,67400.0,3.680000066757202
2021-09-08,3.7100000381469727,3.5399999618530273,3.7100000381469727,3.640000104904175,118300.0,3.640000104904175
2021-09-09,3.6600000858306885,3.5399999618530273,3.609999895095825,3.559999942779541,36000.0,3.559999942779541
2021-09-10,3.5999999046325684,3.4600000381469727,3.5999999046325684,3.490000009536743,28900.0,3.490000009536743
2021-09-13,3.569999933242798,3.4200000762939453,3.5,3.549999952316284,55700.0,3.549999952316284
2021-09-14,3.5999999046325684,3.369999885559082,3.5799999237060547,3.4000000953674316,105600.0,3.4000000953674316
2021-09-15,3.4100000858306885,3.2899999618530273,3.4100000858306885,3.4000000953674316,144300.0,3.4000000953674316
2021-09-16,3.4800000190734863,3.3499999046325684,3.390000104904175,3.4700000286102295,20400.0,3.4700000286102295
2021-09-17,3.619999885559082,3.4100000858306885,3.450000047683716,3.619999885559082,103000.0,3.619999885559082
2021-09-20,3.609999895095825,3.390000104904175,3.609999895095825,3.4600000381469727,122400.0,3.4600000381469727
2021-09-21,3.5799999237060547,3.450000047683716,3.4600000381469727,3.559999942779541,50300.0,3.559999942779541
2021-09-22,3.640000104904175,3.509999990463257,3.559999942779541,3.549999952316284,60800.0,3.549999952316284
2021-09-23,3.6600000858306885,3.4800000190734863,3.549999952316284,3.619999885559082,73900.0,3.619999885559082
2021-09-24,3.6600000858306885,3.5299999713897705,3.5999999046325684,3.5899999141693115,64000.0,3.5899999141693115
2021-09-27,3.609999895095825,3.5799999237060547,3.609999895095825,3.5899999141693115,113000.0,3.5899999141693115
2021-09-28,3.7699999809265137,3.5199999809265137,3.569999933242798,3.680000066757202,92100.0,3.680000066757202
2021-09-29,3.7300000190734863,3.509999990463257,3.700000047683716,3.5199999809265137,49300.0,3.5199999809265137
2021-09-30,3.5899999141693115,3.450000047683716,3.5299999713897705,3.5399999618530273,81400.0,3.5399999618530273
2021-10-01,3.549999952316284,3.4200000762939453,3.549999952316284,3.4600000381469727,489800.0,3.4600000381469727
2021-10-04,3.5799999237060547,3.4200000762939453,3.4200000762939453,3.4600000381469727,110200.0,3.4600000381469727
2021-10-05,3.509999990463257,3.430000066757202,3.5,3.490000009536743,634300.0,3.490000009536743
2021-10-06,3.609999895095825,3.390000104904175,3.450000047683716,3.559999942779541,298400.0,3.559999942779541
2021-10-07,3.9700000286102295,3.5999999046325684,3.5999999046325684,3.880000114440918,417200.0,3.880000114440918
2021-10-08,4.050000190734863,3.859999895095825,3.9100000858306885,3.990000009536743,272800.0,3.990000009536743
2021-10-11,4.150000095367432,4.0,4.0,4.090000152587891,315700.0,4.090000152587891
2021-10-12,3.9600000381469727,3.6600000858306885,3.7699999809265137,3.809999942779541,483700.0,3.809999942779541
2021-10-13,3.869999885559082,3.690000057220459,3.7799999713897705,3.8299999237060547,219300.0,3.8299999237060547
2021-10-14,3.950000047683716,3.759999990463257,3.869999885559082,3.869999885559082,246900.0,3.869999885559082
2021-10-15,3.950000047683716,3.7699999809265137,3.930000066757202,3.7799999713897705,782300.0,3.7799999713897705
2021-10-18,3.8499999046325684,3.240000009536743,3.759999990463257,3.309999942779541,1248800.0,3.309999942779541
2021-10-19,3.4100000858306885,3.200000047683716,3.3499999046325684,3.240000009536743,386400.0,3.240000009536743
2021-10-20,3.3499999046325684,3.1700000762939453,3.2799999713897705,3.25,227300.0,3.25
2021-10-21,3.3399999141693115,3.180000066757202,3.259999990463257,3.2699999809265137,195900.0,3.2699999809265137
2021-10-22,3.3499999046325684,3.1700000762939453,3.2899999618530273,3.309999942779541,234600.0,3.309999942779541
2021-10-25,3.440000057220459,3.259999990463257,3.299999952316284,3.2799999713897705,153900.0,3.2799999713897705
