Date,High,Low,Open,Close,Volume,Adj Close
2000-01-03,43.625,41.0,42.375,42.9375,1734000.0,37.550235748291016
2000-01-04,43.1875,41.0,42.5,41.5,1571900.0,36.2930908203125
2000-01-05,43.25,41.375,41.875,42.4375,2239400.0,37.11296463012695
2000-01-06,47.3125,42.4375,42.5,47.25,4630500.0,41.32167053222656
2000-01-07,47.5,44.25,47.25,47.5,3532800.0,41.540287017822266
2000-01-10,47.4375,45.75,47.4375,46.5,1437300.0,40.665767669677734
2000-01-11,46.5625,45.5,45.9375,45.625,1055100.0,39.90054702758789
2000-01-12,45.4375,44.125,44.875,45.25,1050900.0,39.57258224487305
2000-01-13,47.875,45.75,46.625,47.0,1900200.0,41.10302734375
2000-01-14,47.9375,45.6875,47.1875,46.5625,1291100.0,40.720420837402344
2000-01-18,46.375,43.125,46.0,44.1875,2412200.0,38.64340591430664
2000-01-19,45.875,43.8125,43.9375,44.25,1876500.0,38.698062896728516
2000-01-20,43.625,41.8125,42.875,42.5,2111300.0,37.16762924194336
2000-01-21,42.3125,41.0,42.3125,41.75,2363300.0,36.51173400878906
2000-01-24,41.75,40.25,41.6875,41.0,1742000.0,35.85582733154297
2000-01-25,41.3125,40.25,40.875,40.25,1686500.0,35.19993591308594
2000-01-26,42.625,40.0625,40.3125,42.375,2031900.0,37.05832290649414
2000-01-27,42.3125,40.125,41.375,40.75,1519900.0,35.63721466064453
2000-01-28,40.25,38.25,40.0625,38.6875,1970600.0,33.833465576171875
2000-01-31,39.5625,38.0625,38.4375,39.5625,1489600.0,34.59870529174805
2000-02-01,39.4375,37.9375,39.0625,38.9375,1677800.0,34.052120208740234
2000-02-02,39.125,38.0,39.0,38.5625,1539000.0,33.72416305541992
2000-02-03,40.1875,38.25,38.9375,39.5,1491500.0,34.544010162353516
2000-02-04,40.1875,38.9375,39.625,39.1875,911100.0,34.2707405090332
2000-02-07,39.9375,38.75,39.25,39.1875,1038600.0,34.2707405090332
2000-02-08,39.9375,39.1875,39.1875,39.6875,1054400.0,34.707984924316406
2000-02-09,39.5,38.625,39.0,39.0625,1242900.0,34.161415100097656
2000-02-10,39.0,37.625,38.875,38.6875,1463200.0,33.833465576171875
2000-02-11,38.6875,36.9375,38.6875,37.125,1496000.0,32.46701431274414
2000-02-14,37.8125,36.0,36.5625,36.3125,1834400.0,31.756446838378906
2000-02-15,36.5625,35.0625,36.5,35.9375,2040700.0,31.42850685119629
2000-02-16,37.5625,35.375,36.0,36.4375,1787800.0,31.865772247314453
2000-02-17,37.375,35.375,36.0625,35.625,1452200.0,31.155221939086914
2000-02-18,37.4375,35.375,36.3125,36.8125,1602000.0,32.193721771240234
2000-02-22,37.0,35.6875,35.6875,36.0,1669000.0,31.483158111572266
2000-02-23,36.1875,35.125,36.0625,35.375,945600.0,30.936586380004883
2000-02-24,35.75,34.0,35.125,34.125,1451700.0,29.843435287475586
2000-02-25,34.9375,33.25,34.75,33.5625,1386500.0,29.351486206054688
2000-02-28,35.1875,33.1875,33.3125,34.75,1390700.0,30.38998794555664
2000-02-29,35.4375,34.1875,34.5,34.9375,2101100.0,30.55396842956543
2000-03-01,35.6875,34.1875,35.375,34.4375,1121500.0,30.116708755493164
2000-03-02,34.25,33.375,34.25,33.875,1307900.0,29.62477684020996
2000-03-03,35.6875,33.75,34.125,34.75,1691000.0,30.38998794555664
2000-03-06,34.5625,32.25,34.0625,32.75,1336900.0,28.64093017578125
2000-03-07,33.125,30.5625,32.5,31.0625,2191400.0,27.165172576904297
2000-03-08,34.25,31.8125,32.5,33.0625,1946000.0,28.914226531982422
2000-03-09,34.25,32.375,33.3125,33.375,1306300.0,29.18752098083496
2000-03-10,33.875,32.6875,33.375,33.5625,1155700.0,29.351486206054688
2000-03-13,33.6875,32.6875,33.0,32.8125,1148000.0,28.695598602294922
2000-03-14,33.375,32.0,33.0,32.5,767900.0,28.422306060791016
2000-03-15,34.6875,32.0625,32.0625,33.8125,1697700.0,29.570131301879883
2000-03-16,35.9375,34.1875,34.625,35.5,2261200.0,31.045896530151367
2000-03-17,36.0,34.1875,35.3125,34.1875,2056400.0,29.89807891845703
2000-03-20,36.25,35.125,35.625,35.4375,1455600.0,30.99124526977539
2000-03-21,37.4375,35.0625,35.0625,36.625,2092000.0,32.02975082397461
2000-03-22,38.5,36.6875,37.125,37.25,2207400.0,32.576324462890625
2000-03-23,40.25,37.5,38.375,39.75,4524200.0,34.76267623901367
2000-03-24,40.8125,39.25,40.125,39.625,1836100.0,34.653350830078125
2000-03-27,39.75,38.5,39.625,38.78125,991100.0,33.91546630859375
2000-03-28,39.8125,38.0625,38.25,38.375,1256600.0,33.56019592285156
2000-03-29,39.4375,37.5625,39.0,38.0625,1411800.0,33.2868766784668
2000-03-30,39.1875,37.75,37.8125,38.625,1530400.0,33.778812408447266
2000-03-31,39.5,38.5625,39.5,38.8125,1351400.0,33.942779541015625
2000-04-03,39.625,38.6875,39.0,39.1875,1009500.0,34.2707405090332
2000-04-04,39.9375,36.5625,39.1875,38.5,1714700.0,33.66948699951172
2000-04-05,39.6875,37.8125,37.8125,39.375,1198400.0,34.434722900390625
2000-04-06,39.8125,38.25,39.5,38.9375,1193500.0,34.052120208740234
2000-04-07,39.6875,37.4375,38.75,38.1875,1600000.0,33.396217346191406
2000-04-10,41.4375,38.75,38.9375,40.5,3331200.0,35.41856384277344
2000-04-11,41.625,40.5,40.9375,41.125,1422500.0,35.96514129638672
2000-04-12,42.4375,41.1875,41.625,41.5625,2123200.0,36.34775924682617
2000-04-13,41.1875,39.875,41.0,40.25,1481800.0,35.19993591308594
2000-04-14,39.3125,37.125,39.25,37.25,1988600.0,32.576324462890625
2000-04-17,38.0,36.25,37.5,36.25,1535100.0,31.70178985595703
2000-04-18,37.75,36.3125,36.375,37.5,1178500.0,32.79496765136719
2000-04-19,38.5,37.4375,38.0,38.1875,884300.0,33.396217346191406
2000-04-20,39.125,37.5,38.0625,38.0625,817400.0,33.2868766784668
2000-04-24,38.3125,36.875,38.25,37.25,801800.0,32.576324462890625
2000-04-25,39.6875,37.0625,37.4375,39.6875,1330200.0,34.707984924316406
2000-04-26,39.5,38.375,39.125,38.375,1109100.0,33.56019592285156
2000-04-27,38.625,36.9375,38.625,37.875,1322100.0,33.12290954589844
2000-04-28,38.1875,37.5,38.0,37.6875,977100.0,32.95893478393555
2000-05-01,37.625,36.875,37.4375,37.125,975300.0,32.46701431274414
2000-05-02,37.6875,36.5625,37.625,36.9375,1324700.0,32.30305099487305
2000-05-03,36.6875,35.75,36.1875,36.0,878800.0,31.483158111572266
2000-05-04,37.75,35.5625,35.625,37.0625,1724600.0,32.41234588623047
2000-05-05,39.5625,36.8125,36.8125,39.5625,1689600.0,34.59870529174805
2000-05-08,41.25,39.5,40.0,40.125,1870500.0,35.090606689453125
2000-05-09,40.8125,39.375,40.125,39.8125,1347000.0,34.81733322143555
2000-05-10,39.75,37.8125,39.5,38.5,1256000.0,33.66948699951172
2000-05-11,40.0625,38.5,39.25,39.5,1472000.0,34.544010162353516
2000-05-12,40.4375,38.5625,40.25,38.875,741600.0,33.99745559692383
2000-05-15,37.6875,36.1875,37.125,36.4375,2548500.0,31.865772247314453
2000-05-16,37.6875,36.3125,37.5,36.5,1806300.0,31.920440673828125
2000-05-17,36.8125,35.6875,36.25,36.0625,1334200.0,31.537830352783203
2000-05-18,37.0625,35.625,36.125,36.8125,1051600.0,32.193721771240234
2000-05-19,36.3125,35.8125,35.875,36.25,866900.0,31.70178985595703
2000-05-22,36.5625,35.5,35.875,36.25,910500.0,31.70178985595703
2000-05-23,36.5,35.75,36.375,36.0,545900.0,31.483158111572266
2000-05-24,36.6875,35.875,36.0625,36.125,692800.0,31.592487335205078
2000-05-25,36.1875,35.125,36.0625,35.1875,968200.0,30.772619247436523
2000-05-26,35.25,33.25,35.0625,33.8125,1146600.0,29.570131301879883
2000-05-30,35.75,34.5,34.5,35.5,1081200.0,31.045896530151367
2000-05-31,35.9375,35.1875,35.4375,35.5,1135000.0,31.045896530151367
2000-06-01,36.75,35.25,35.5,35.6875,1443700.0,31.20987319946289
2000-06-02,37.0,35.6875,36.25,36.6875,1130800.0,32.08441162109375
2000-06-05,37.75,36.0,36.0,37.4375,1006900.0,32.74030303955078
2000-06-06,37.25,36.5,37.25,36.875,769500.0,32.248382568359375
2000-06-07,37.125,36.125,36.625,36.75,574400.0,32.13906478881836
2000-06-08,36.5,36.125,36.5,36.125,459100.0,31.592487335205078
2000-06-09,36.8125,36.125,36.3125,36.3125,385200.0,31.756446838378906
2000-06-12,37.3125,35.875,36.9375,36.03125,584300.0,31.5105037689209
2000-06-13,36.5,35.8125,35.9375,36.5,391600.0,31.920440673828125
2000-06-14,37.25,36.4375,36.5,37.1875,723000.0,32.52167510986328
2000-06-15,37.3125,36.0625,37.25,36.4375,593500.0,31.865772247314453
2000-06-16,36.625,35.625,36.5,35.75,1117000.0,31.26453971862793
2000-06-19,35.75,35.3125,35.5625,35.4375,607100.0,30.99124526977539
2000-06-20,35.4375,34.875,35.0,35.125,1221900.0,30.71794891357422
2000-06-21,35.6875,34.25,35.5625,34.4375,843400.0,30.116708755493164
2000-06-22,34.6875,34.0,34.6875,34.6875,995400.0,30.33534812927246
2000-06-23,34.8125,33.9375,34.3125,33.9375,686000.0,29.67945098876953
2000-06-26,34.5,33.375,34.3125,34.0625,725700.0,29.78876304626465
2000-06-27,37.4375,34.625,34.625,37.0,2797200.0,32.35770034790039
2000-06-28,39.25,37.25,37.625,39.0,2012600.0,34.10676193237305
2000-06-29,39.8125,38.0,38.125,38.9375,1537100.0,34.052120208740234
2000-06-30,40.1875,37.984375,38.6875,38.0,2150700.0,33.23224639892578
2000-07-03,40.1875,38.625,38.75,39.8125,606200.0,34.81733322143555
2000-07-05,41.625,40.25,40.375,40.875,1231400.0,35.74651336669922
2000-07-06,40.4375,39.4375,40.25,39.9375,809900.0,34.926631927490234
2000-07-07,39.75,39.0,39.5625,39.3125,851600.0,34.38006591796875
2000-07-10,40.375,39.3125,39.5625,40.25,699200.0,35.19993591308594
2000-07-11,40.5,39.625,40.25,40.0,776700.0,34.981285095214844
2000-07-12,41.0625,39.4375,40.8125,41.0,1188500.0,35.85582733154297
2000-07-13,41.875,40.875,41.0,41.8125,1088600.0,36.566383361816406
2000-07-14,43.4375,42.25,42.5,42.4375,1549700.0,37.11296463012695
2000-07-17,42.0,40.75,42.0,40.9375,812600.0,35.801177978515625
2000-07-18,41.3125,40.5625,40.6875,40.9375,745300.0,35.801177978515625
2000-07-19,41.5,38.9375,39.9375,40.0,1316400.0,34.981285095214844
2000-07-20,40.4375,39.25,39.9375,39.75,697300.0,34.76267623901367
2000-07-21,40.375,39.75,39.75,40.0625,679200.0,35.03595733642578
2000-07-24,40.4375,39.0625,39.8125,39.6875,676300.0,34.707984924316406
2000-07-25,39.875,39.125,39.5,39.5625,736400.0,34.59870529174805
2000-07-26,39.25,38.6875,39.1875,38.875,651600.0,33.99745559692383
2000-07-27,39.25,38.4375,38.5,38.875,546500.0,33.99745559692383
2000-07-28,39.25,37.9375,38.3125,39.125,706500.0,34.216068267822266
2000-07-31,40.0,38.5625,39.0,39.625,909600.0,34.653350830078125
2000-08-01,40.1875,39.25,39.875,39.875,655800.0,34.87198257446289
2000-08-02,40.4375,39.625,39.75,40.375,788800.0,35.30924987792969
2000-08-03,40.375,39.3125,40.375,39.5625,527000.0,34.59870529174805
2000-08-04,39.6875,38.9375,39.3125,39.3125,463000.0,34.38006591796875
2000-08-07,39.5,38.6875,38.8125,39.375,513200.0,34.434722900390625
2000-08-08,39.75,38.5,39.375,39.25,660400.0,34.325408935546875
2000-08-09,39.4375,38.375,39.0,38.5,591100.0,33.66948699951172
2000-08-10,40.9375,38.6875,38.75,40.8125,1283700.0,35.69184112548828
2000-08-11,41.75,40.375,40.375,41.5625,863900.0,36.34775924682617
2000-08-14,41.4375,40.6875,41.3125,41.125,440800.0,35.96514129638672
2000-08-15,41.1875,40.1875,40.875,41.0625,561900.0,35.910484313964844
2000-08-16,40.875,40.375,40.625,40.75,397900.0,35.63721466064453
2000-08-17,41.125,40.0625,41.125,40.4375,405700.0,35.36390686035156
2000-08-18,40.3125,39.8125,40.0,40.0,417600.0,34.981285095214844
2000-08-21,40.1875,39.625,39.75,39.875,422900.0,34.87198257446289
2000-08-22,40.875,39.5625,39.5625,40.6875,629400.0,35.58254623413086
2000-08-23,40.625,39.25,40.375,39.4375,638000.0,34.489376068115234
2000-08-24,40.125,39.3125,39.625,39.8125,545200.0,34.81733322143555
2000-08-25,41.3125,39.25,39.25,41.25,691000.0,36.074466705322266
2000-08-28,41.79999923706055,40.650001525878906,41.04999923706055,40.709999084472656,556300.0,35.60221862792969
2000-08-29,41.29999923706055,40.25,40.77000045776367,40.540000915527344,511200.0,35.45355224609375
2000-08-30,40.45000076293945,39.470001220703125,40.25,39.630001068115234,584200.0,34.6577262878418
2000-08-31,40.79999923706055,39.150001525878906,39.150001525878906,40.349998474121094,652600.0,35.28738784790039
2000-09-01,40.849998474121094,39.400001525878906,40.349998474121094,39.54999923706055,547500.0,34.5877685546875
2000-09-05,40.29999923706055,39.25,39.349998474121094,39.45000076293945,604600.0,34.500301361083984
2000-09-06,40.29999923706055,39.29999923706055,39.29999923706055,40.27000045776367,550000.0,35.2174186706543
2000-09-07,41.959999084472656,39.54999923706055,41.75,39.81999969482422,1178600.0,34.82387161254883
2000-09-08,39.779998779296875,38.93000030517578,39.04999923706055,39.2599983215332,1221800.0,34.33414840698242
2000-09-11,39.58000183105469,38.470001220703125,39.04999923706055,38.709999084472656,784100.0,33.853145599365234
2000-09-12,40.369998931884766,38.040000915527344,38.040000915527344,39.36000061035156,969700.0,34.42159652709961
2000-09-13,40.95000076293945,39.02000045776367,39.02000045776367,40.720001220703125,747400.0,35.61096954345703
2000-09-14,40.4900016784668,40.0,40.20000076293945,40.369998931884766,1018600.0,35.30485153198242
2000-09-15,40.59000015258789,39.20000076293945,40.5,39.20000076293945,1184400.0,34.281681060791016
2000-09-18,40.0,38.31999969482422,39.75,38.61000061035156,716300.0,33.76569366455078
2000-09-19,39.650001525878906,38.099998474121094,39.29999923706055,39.31999969482422,1234100.0,34.3866081237793
2000-09-20,39.310001373291016,38.5,38.75,39.04999923706055,694300.0,34.150489807128906
2000-09-21,40.290000915527344,39.29999923706055,39.349998474121094,40.2599983215332,836600.0,35.20867156982422
2000-09-22,40.720001220703125,39.849998474121094,40.099998474121094,40.54999923706055,866400.0,35.462284088134766
2000-09-25,41.45000076293945,40.599998474121094,41.0,40.75,1098000.0,35.63721466064453
2000-09-26,42.5,40.75,40.75,42.25,1272300.0,36.94898986816406
2000-09-27,43.0,42.0,42.5,42.79999923706055,1847300.0,37.42997741699219
2000-09-28,45.040000915527344,42.09000015258789,42.900001525878906,45.0,1897200.0,39.353965759277344
2000-09-29,44.75,43.900001525878906,44.75,44.34000015258789,1560200.0,38.77677536010742
2000-10-02,44.4900016784668,43.25,44.400001525878906,43.45000076293945,1016200.0,37.99843978881836
2000-10-03,44.75,43.20000076293945,43.20000076293945,44.04999923706055,971500.0,38.52313995361328
2000-10-04,45.0,44.20000076293945,44.29999923706055,45.0,1118300.0,39.353965759277344
2000-10-05,45.029998779296875,44.04999923706055,44.849998474121094,44.150001525878906,586700.0,38.6106071472168
2000-10-06,44.25,42.52000045776367,43.869998931884766,42.75,750700.0,37.386253356933594
2000-10-09,42.72999954223633,41.650001525878906,42.650001525878906,41.79999923706055,436400.0,36.555450439453125
2000-10-10,43.88999938964844,41.29999923706055,41.400001525878906,43.349998474121094,1174600.0,37.91097640991211
2000-10-11,43.25,42.31999969482422,43.099998474121094,42.619998931884766,842400.0,37.2725715637207
2000-10-12,42.459999084472656,40.439998626708984,42.369998931884766,40.45000076293945,1305700.0,35.37484359741211
2000-10-13,40.68000030517578,39.45000076293945,39.45000076293945,40.63999938964844,1038900.0,35.54098892211914
2000-10-16,41.15999984741211,39.79999923706055,40.099998474121094,41.099998474121094,692700.0,35.94328308105469
2000-10-17,41.849998474121094,40.0,41.11000061035156,40.220001220703125,809000.0,35.173683166503906
2000-10-18,39.849998474121094,38.88999938964844,39.75,39.380001068115234,756200.0,34.439083099365234
2000-10-19,42.79999923706055,39.5,39.5,42.29999923706055,1027000.0,36.99272918701172
2000-10-20,42.779998779296875,41.29999923706055,41.5,42.66999816894531,675500.0,37.31630325317383
2000-10-23,42.41999816894531,41.150001525878906,42.41999816894531,41.380001068115234,529800.0,36.18815231323242
2000-10-24,42.540000915527344,41.45000076293945,41.630001068115234,42.529998779296875,722800.0,37.193851470947266
2000-10-25,42.529998779296875,41.349998474121094,42.529998779296875,41.849998474121094,472100.0,36.59918212890625
2000-10-26,42.31999969482422,41.18000030517578,41.900001525878906,42.29999923706055,540500.0,36.99272918701172
2000-10-27,43.20000076293945,41.41999816894531,42.099998474121094,43.060001373291016,476200.0,37.657371520996094
2000-10-30,47.09000015258789,42.79999923706055,42.810001373291016,46.9900016784668,2003700.0,41.09428405761719
2000-10-31,47.0,44.029998779296875,45.5,46.86000061035156,1808500.0,40.980587005615234
2000-11-01,46.38999938964844,45.2400016784668,46.29999923706055,46.0,786000.0,40.22849655151367
2000-11-02,47.029998779296875,45.540000915527344,46.650001525878906,47.0,886600.0,41.10302734375
2000-11-03,46.79999923706055,44.849998474121094,45.5,46.75,1433100.0,40.884395599365234
2000-11-06,47.099998474121094,46.02000045776367,46.31999969482422,46.70000076293945,750600.0,40.840660095214844
2000-11-07,46.68000030517578,45.65999984741211,46.29999923706055,46.029998779296875,688000.0,40.25471878051758
2000-11-08,46.5,45.20000076293945,45.29999923706055,46.310001373291016,685000.0,40.499595642089844
2000-11-09,46.54999923706055,45.400001525878906,45.79999923706055,46.20000076293945,751400.0,40.40339660644531
2000-11-10,46.0,45.119998931884766,45.650001525878906,45.16999816894531,516000.0,39.50263977050781
2000-11-13,45.369998931884766,43.900001525878906,44.0,45.27000045776367,831800.0,39.59008026123047
2000-11-14,45.810001373291016,44.7599983215332,45.5,45.75,854200.0,40.00986099243164
2000-11-15,47.52000045776367,45.20000076293945,45.25,47.5099983215332,1087200.0,41.54903793334961
2000-11-16,47.75,46.400001525878906,46.79999923706055,47.75,1372600.0,41.75892639160156
2000-11-17,47.75,46.66999816894531,47.75,46.97999954223633,884900.0,41.08553695678711
2000-11-20,47.0,46.0,46.97999954223633,46.5,622600.0,40.665767669677734
2000-11-21,49.400001525878906,46.65999984741211,46.75,49.400001525878906,3030000.0,43.201904296875
2000-11-22,49.75,48.279998779296875,49.29999923706055,49.7400016784668,1754100.0,43.499244689941406
2000-11-24,49.849998474121094,49.04999923706055,49.709999084472656,49.849998474121094,504500.0,43.59543228149414
2000-11-27,49.599998474121094,48.900001525878906,49.400001525878906,49.099998474121094,953900.0,42.939544677734375
2000-11-28,48.9900016784668,48.150001525878906,48.5,48.959999084472656,969000.0,42.81711196899414
2000-11-29,49.5099983215332,48.459999084472656,48.709999084472656,48.869998931884766,1037800.0,42.7384033203125
2000-11-30,48.91999816894531,47.599998474121094,48.5,47.91999816894531,1066100.0,41.90757751464844
2000-12-01,48.400001525878906,47.220001220703125,47.70000076293945,47.47999954223633,830600.0,41.52277755737305
2000-12-04,46.90999984741211,46.060001373291016,46.900001525878906,46.400001525878906,1240500.0,40.57829666137695
2000-12-05,48.0,46.0099983215332,46.029998779296875,47.650001525878906,2210700.0,41.67148208618164
2000-12-06,48.0,47.029998779296875,47.79999923706055,47.279998779296875,981800.0,41.34789276123047
2000-12-07,47.70000076293945,46.5,46.5,46.939998626708984,634400.0,41.0505485534668
2000-12-08,47.900001525878906,46.81999969482422,47.900001525878906,46.9900016784668,1286500.0,41.09428405761719
2000-12-11,47.88999938964844,46.900001525878906,47.150001525878906,47.529998779296875,1203500.0,41.56652069091797
2000-12-12,48.20000076293945,46.619998931884766,47.650001525878906,47.130001068115234,1711000.0,41.216712951660156
2000-12-13,47.45000076293945,46.150001525878906,46.880001068115234,46.279998779296875,1330200.0,40.4733772277832
2000-12-14,44.0,41.25,44.0,41.970001220703125,4580600.0,36.70414352416992
2000-12-15,41.0,38.25,40.599998474121094,39.20000076293945,3607500.0,34.281681060791016
2000-12-18,39.400001525878906,37.29999923706055,39.0,37.52000045776367,2381900.0,32.81245040893555
2000-12-19,39.09000015258789,37.4900016784668,37.79999923706055,37.75,2408400.0,33.013607025146484
2000-12-20,38.029998779296875,36.599998474121094,37.900001525878906,37.25,2073400.0,32.576324462890625
2000-12-21,37.95000076293945,36.349998474121094,37.25,37.63999938964844,1331700.0,32.91739273071289
2000-12-22,38.70000076293945,36.900001525878906,37.150001525878906,38.529998779296875,1433200.0,33.69573974609375
2000-12-26,38.5,37.40999984741211,37.75,38.150001525878906,964100.0,33.3634033203125
2000-12-27,39.20000076293945,37.75,38.5,38.790000915527344,1383600.0,33.9231071472168
2000-12-28,39.18000030517578,38.0,38.25,38.81999969482422,1178100.0,33.94936752319336
2000-12-29,40.25,38.810001373291016,38.810001373291016,39.959999084472656,1048500.0,34.946327209472656
2001-01-02,39.970001220703125,38.20000076293945,39.45000076293945,38.20000076293945,936600.0,33.407142639160156
2001-01-03,41.2599983215332,38.0,38.209999084472656,41.060001373291016,2203000.0,35.90829086303711
2001-01-04,45.0,42.70000076293945,43.0,44.2599983215332,3410600.0,38.706790924072266
2001-01-05,44.70000076293945,43.0099983215332,44.70000076293945,43.810001373291016,1485800.0,38.313262939453125
2001-01-08,43.349998474121094,42.66999816894531,42.95000076293945,43.130001068115234,1120700.0,37.71858215332031
2001-01-09,42.95000076293945,42.0099983215332,42.75,42.27000045776367,1134400.0,36.96647644042969
2001-01-10,43.25,40.36000061035156,40.70000076293945,41.90999984741211,1895500.0,36.65165710449219
2001-01-11,43.33000183105469,41.20000076293945,42.40999984741211,41.20000076293945,1561200.0,36.03074645996094
2001-01-12,42.31999969482422,40.849998474121094,41.70000076293945,41.5,1044300.0,36.2930908203125
2001-01-16,43.150001525878906,41.45000076293945,41.5099983215332,42.349998474121094,893300.0,37.03644943237305
2001-01-17,44.25,42.54999923706055,42.54999923706055,43.75,1334100.0,38.26078796386719
2001-01-18,42.849998474121094,41.5,42.5,41.5,1549500.0,36.2930908203125
2001-01-19,41.63999938964844,39.900001525878906,41.099998474121094,39.90999984741211,2299800.0,34.90257263183594
2001-01-22,42.349998474121094,39.81999969482422,39.9900016784668,41.22999954223633,1137300.0,36.05697250366211
2001-01-23,43.5,41.47999954223633,41.47999954223633,42.84000015258789,1946300.0,37.464969635009766
2001-01-24,43.2400016784668,42.040000915527344,42.5,42.040000915527344,751700.0,36.76534652709961
2001-01-25,43.849998474121094,41.7599983215332,42.20000076293945,43.400001525878906,1176700.0,37.954708099365234
2001-01-26,44.45000076293945,43.560001373291016,43.75,43.709999084472656,1057200.0,38.225826263427734
2001-01-29,44.599998474121094,43.29999923706055,43.349998474121094,44.029998779296875,1223500.0,38.50566482543945
2001-01-30,45.150001525878906,44.04999923706055,44.70000076293945,44.439998626708984,1067800.0,38.864219665527344
2001-01-31,45.95000076293945,45.04999923706055,45.25,45.380001068115234,1677700.0,39.68627166748047
2001-02-01,45.52000045776367,44.41999816894531,45.400001525878906,45.27000045776367,799000.0,39.59008026123047
2001-02-02,45.29999923706055,44.279998779296875,45.11000061035156,44.290000915527344,744700.0,38.73303985595703
2001-02-05,44.38999938964844,43.83000183105469,44.0,44.18000030517578,553400.0,38.6368522644043
2001-02-06,44.5099983215332,43.779998779296875,43.779998779296875,43.79999923706055,750100.0,38.30451583862305
2001-02-07,44.150001525878906,42.900001525878906,44.150001525878906,43.09000015258789,624700.0,37.683597564697266
2001-02-08,45.0,43.58000183105469,43.75,44.86000061035156,1424600.0,39.23152160644531
2001-02-09,44.709999084472656,43.0,44.70000076293945,43.33000183105469,1241700.0,37.89347839355469
2001-02-12,44.099998474121094,43.220001220703125,43.45000076293945,43.68000030517578,966500.0,38.19959259033203
2001-02-13,44.95000076293945,44.16999816894531,44.400001525878906,44.70000076293945,1371200.0,39.09160614013672
2001-02-14,44.70000076293945,43.650001525878906,44.70000076293945,43.650001525878906,683500.0,38.17333984375
2001-02-15,45.20000076293945,43.83000183105469,43.849998474121094,45.119998931884766,949100.0,39.45890426635742
2001-02-16,45.0099983215332,44.099998474121094,44.849998474121094,44.59000015258789,688900.0,38.995399475097656
2001-02-20,45.0,43.279998779296875,44.29999923706055,43.279998779296875,1759300.0,37.84975051879883
2001-02-21,43.45000076293945,42.0,43.279998779296875,42.0099983215332,871800.0,36.739105224609375
2001-02-22,42.45000076293945,41.20000076293945,41.599998474121094,42.0,1004300.0,36.730350494384766
2001-02-23,42.4900016784668,41.11000061035156,42.150001525878906,41.68000030517578,717000.0,36.450523376464844
2001-02-26,41.54999923706055,40.29999923706055,41.2599983215332,41.45000076293945,1757700.0,36.24937438964844
2001-02-27,42.630001068115234,41.0,41.0,41.70000076293945,1283900.0,36.46799087524414
2001-02-28,41.70000076293945,40.88999938964844,41.70000076293945,40.93000030517578,1051200.0,35.79460525512695
2001-03-01,41.11000061035156,40.20000076293945,40.470001220703125,41.02000045776367,1062800.0,35.87334060668945
2001-03-02,42.4900016784668,40.59000015258789,40.849998474121094,41.95000076293945,968400.0,36.6866340637207
2001-03-05,42.7400016784668,41.65999984741211,41.95000076293945,42.47999954223633,674800.0,37.15013122558594
2001-03-06,43.54999923706055,42.310001373291016,42.5,43.119998931884766,571100.0,37.70983123779297
2001-03-07,43.97999954223633,43.0,43.0,43.20000076293945,1097700.0,37.77980422973633
2001-03-08,44.20000076293945,43.25,43.29999923706055,43.849998474121094,863500.0,38.348236083984375
2001-03-09,44.2400016784668,42.599998474121094,43.349998474121094,43.91999816894531,995400.0,38.40946578979492
2001-03-12,43.650001525878906,41.880001068115234,43.58000183105469,41.900001525878906,1125300.0,36.642921447753906
2001-03-13,42.29999923706055,40.380001068115234,41.650001525878906,42.0,1696100.0,36.730350494384766
2001-03-14,41.5,40.52000045776367,40.75,41.18000030517578,1305000.0,36.01324462890625
2001-03-15,41.79999923706055,41.29999923706055,41.43000030517578,41.31999969482422,1195600.0,36.135704040527344
2001-03-16,41.84000015258789,40.54999923706055,41.400001525878906,40.79999923706055,2689400.0,35.680908203125
2001-03-19,42.29999923706055,40.599998474121094,40.810001373291016,41.93000030517578,1263600.0,36.669166564941406
2001-03-20,41.619998931884766,40.0,41.25,40.25,1805200.0,35.19993591308594
2001-03-21,43.18000030517578,39.599998474121094,40.2400016784668,42.599998474121094,2483400.0,37.25506591796875
2001-03-22,41.20000076293945,39.25,41.0,41.029998779296875,2282200.0,35.88204574584961
2001-03-23,41.400001525878906,39.95000076293945,41.029998779296875,40.16999816894531,1408600.0,35.12995910644531
2001-03-26,41.20000076293945,39.5,40.29999923706055,40.279998779296875,1361600.0,35.22615051269531
2001-03-27,42.349998474121094,40.400001525878906,40.5,41.97999954223633,1053100.0,36.712867736816406
2001-03-28,42.150001525878906,41.06999969482422,41.9900016784668,41.97999954223633,752800.0,36.712867736816406
2001-03-29,41.849998474121094,40.7599983215332,41.0,41.220001220703125,659600.0,36.0482292175293
2001-03-30,41.959999084472656,40.7400016784668,40.79999923706055,41.68000030517578,703800.0,36.450523376464844
2001-04-02,41.790000915527344,40.70000076293945,41.54999923706055,40.91999816894531,615600.0,35.785865783691406
2001-04-03,40.25,38.9900016784668,40.25,39.0,1228400.0,34.10676193237305
2001-04-04,39.849998474121094,39.0,39.25,39.599998474121094,697400.0,34.631473541259766
2001-04-05,39.599998474121094,35.5,39.599998474121094,38.970001220703125,3433400.0,34.08053970336914
2001-04-06,38.060001373291016,36.790000915527344,38.0,37.4900016784668,1744700.0,32.78622817993164
2001-04-09,38.599998474121094,37.709999084472656,37.7400016784668,38.369998931884766,975100.0,33.555816650390625
2001-04-10,39.400001525878906,38.45000076293945,38.619998931884766,38.900001525878906,820200.0,34.019309997558594
2001-04-11,40.20000076293945,39.150001525878906,39.29999923706055,39.88999938964844,1216800.0,34.885101318359375
2001-04-12,39.79999923706055,38.79999923706055,39.599998474121094,39.79999923706055,1046000.0,34.806392669677734
2001-04-16,40.22999954223633,39.0,39.70000076293945,39.540000915527344,510200.0,34.57900619506836
2001-04-17,40.099998474121094,38.61000061035156,38.849998474121094,40.0099983215332,1039100.0,34.990055084228516
2001-04-18,42.36000061035156,39.61000061035156,39.900001525878906,41.4900016784668,1236500.0,36.28435134887695
2001-04-19,43.349998474121094,41.279998779296875,41.4900016784668,43.349998474121094,1143000.0,37.91097640991211
2001-04-20,43.75,43.0,43.349998474121094,43.5,1074300.0,38.04216384887695
2001-04-23,43.2599983215332,42.2599983215332,43.25,42.369998931884766,652900.0,37.053951263427734
2001-04-24,42.45000076293945,41.70000076293945,42.0,41.810001373291016,761000.0,36.56419372558594
2001-04-25,42.310001373291016,40.29999923706055,41.70000076293945,41.040000915527344,1545700.0,35.89080047607422
2001-04-26,41.97999954223633,40.5,40.849998474121094,41.29999923706055,747300.0,36.1181640625
2001-04-27,42.84000015258789,41.54999923706055,41.54999923706055,42.47999954223633,825100.0,37.15013122558594
2001-04-30,42.310001373291016,41.900001525878906,42.150001525878906,42.06999969482422,544200.0,36.79157638549805
2001-05-01,41.900001525878906,41.310001373291016,41.81999969482422,41.83000183105469,627200.0,36.58171463012695
2001-05-02,42.75,41.20000076293945,41.599998474121094,42.75,1097800.0,37.386253356933594
2001-05-03,42.400001525878906,40.90999984741211,42.29999923706055,41.349998474121094,713900.0,36.16191864013672
2001-05-04,41.31999969482422,40.349998474121094,40.349998474121094,41.279998779296875,820800.0,36.10069274902344
2001-05-07,40.869998931884766,39.36000061035156,40.0,40.279998779296875,1644300.0,35.22615051269531
2001-05-08,39.95000076293945,38.08000183105469,39.79999923706055,38.45000076293945,2480400.0,33.62575912475586
2001-05-09,39.20000076293945,38.0099983215332,38.459999084472656,39.09000015258789,1356600.0,34.18547058105469
2001-05-10,39.2599983215332,38.5,39.0,39.20000076293945,889200.0,34.281681060791016
2001-05-11,39.40999984741211,38.400001525878906,39.349998474121094,38.40999984741211,1260800.0,33.59080505371094
2001-05-14,38.70000076293945,38.11000061035156,38.25,38.20000076293945,794200.0,33.407142639160156
2001-05-15,38.560001373291016,38.029998779296875,38.150001525878906,38.25,1027600.0,33.45085525512695
2001-05-16,39.540000915527344,38.099998474121094,38.20000076293945,39.2599983215332,1150700.0,34.33414840698242
2001-05-17,40.5,39.099998474121094,39.2599983215332,40.25,1337600.0,35.19993591308594
2001-05-18,40.599998474121094,40.06999969482422,40.599998474121094,40.5099983215332,659100.0,35.42731475830078
2001-05-21,40.75,40.130001068115234,40.5,40.61000061035156,798900.0,35.51475524902344
2001-05-22,40.75,40.119998931884766,40.61000061035156,40.52000045776367,939500.0,35.436058044433594
2001-05-23,40.27000045776367,39.619998931884766,39.900001525878906,40.0099983215332,1866700.0,34.990055084228516
2001-05-24,40.45000076293945,39.900001525878906,40.0099983215332,40.36000061035156,1121700.0,35.296138763427734
2001-05-25,40.25,39.599998474121094,39.79999923706055,39.720001220703125,574800.0,34.7364387512207
2001-05-29,40.099998474121094,39.5,39.5,39.63999938964844,539800.0,34.666473388671875
2001-05-30,40.099998474121094,39.630001068115234,39.88999938964844,39.79999923706055,906500.0,34.806392669677734
2001-05-31,40.29999923706055,39.47999954223633,39.599998474121094,40.0,1122700.0,34.981285095214844
2001-06-01,41.25,39.72999954223633,40.0,40.849998474121094,1174200.0,35.72465133666992
2001-06-04,40.599998474121094,39.900001525878906,40.599998474121094,40.06999969482422,978200.0,35.04252624511719
2001-06-05,40.400001525878906,39.720001220703125,39.900001525878906,39.88999938964844,1170400.0,34.885101318359375
2001-06-06,40.25,39.5,40.25,39.54999923706055,1175000.0,34.5877685546875
2001-06-07,39.79999923706055,39.38999938964844,39.54999923706055,39.70000076293945,782600.0,34.71892547607422
2001-06-08,39.63999938964844,39.290000915527344,39.63999938964844,39.599998474121094,485000.0,34.631473541259766
2001-06-11,39.349998474121094,38.54999923706055,39.349998474121094,38.79999923706055,761300.0,33.93185043334961
2001-06-12,38.54999923706055,37.34000015258789,38.54999923706055,38.11000061035156,1390000.0,33.328433990478516
2001-06-13,38.11000061035156,37.5,38.04999923706055,37.52000045776367,1136800.0,32.81245040893555
2001-06-14,38.099998474121094,37.31999969482422,38.04999923706055,37.439998626708984,955500.0,32.742496490478516
2001-06-15,38.119998931884766,37.20000076293945,37.25,37.959999084472656,1364600.0,33.19723892211914
2001-06-18,38.25,37.439998626708984,37.900001525878906,37.54999923706055,747100.0,32.838714599609375
2001-06-19,37.689998626708984,37.0,37.5,37.040000915527344,838700.0,32.39267349243164
2001-06-20,37.29999923706055,36.75,37.0,37.0,1024700.0,32.35770034790039
2001-06-21,38.650001525878906,37.099998474121094,37.18000030517578,38.650001525878906,1063000.0,33.80067443847656
2001-06-22,38.13999938964844,37.47999954223633,37.900001525878906,37.47999954223633,783300.0,32.77747344970703
2001-06-25,37.36000061035156,36.369998931884766,37.22999954223633,36.630001068115234,1467900.0,32.03411865234375
2001-06-26,36.7400016784668,35.9900016784668,36.0,36.349998474121094,1927200.0,31.78926658630371
2001-06-27,36.880001068115234,36.0,36.349998474121094,36.79999923706055,1495000.0,32.182796478271484
2001-06-28,39.5,37.0,37.0,38.709999084472656,2771100.0,33.853145599365234
2001-06-29,40.20000076293945,38.709999084472656,38.720001220703125,40.20000076293945,1644400.0,35.15620422363281
2001-07-02,40.70000076293945,39.5,40.0,40.47999954223633,1617500.0,35.40107727050781
2001-07-03,41.220001220703125,40.349998474121094,40.47999954223633,41.220001220703125,958200.0,36.0482292175293
2001-07-05,41.11000061035156,40.29999923706055,40.849998474121094,40.599998474121094,720000.0,35.50600051879883
2001-07-06,40.599998474121094,39.52000045776367,40.599998474121094,39.9900016784668,904500.0,34.9725456237793
2001-07-09,40.349998474121094,39.56999969482422,39.900001525878906,40.13999938964844,747000.0,35.103721618652344
2001-07-10,40.2400016784668,39.70000076293945,40.0,39.81999969482422,401500.0,34.82387161254883
2001-07-11,40.29999923706055,39.400001525878906,39.400001525878906,39.95000076293945,1113900.0,34.93757629394531
2001-07-12,41.150001525878906,39.900001525878906,40.099998474121094,41.13999938964844,867700.0,35.97825241088867
2001-07-13,42.34000015258789,40.25,40.900001525878906,42.08000183105469,1053000.0,36.80030822753906
2001-07-16,42.599998474121094,41.75,42.0,41.849998474121094,1076600.0,36.59918212890625
2001-07-17,42.45000076293945,41.880001068115234,42.04999923706055,42.130001068115234,1319100.0,36.84403991699219
2001-07-18,42.099998474121094,41.11000061035156,41.900001525878906,41.400001525878906,916700.0,36.20564651489258
2001-07-19,41.54999923706055,40.70000076293945,41.400001525878906,41.369998931884766,806600.0,36.179405212402344
2001-07-20,41.27000045776367,40.83000183105469,41.2599983215332,41.25,518100.0,36.074466705322266
2001-07-23,41.15999984741211,40.15999984741211,41.04999923706055,40.5,1010300.0,35.41856384277344
2001-07-24,40.75,39.75,40.75,40.130001068115234,901500.0,35.09497833251953
2001-07-25,40.720001220703125,39.720001220703125,40.0,40.619998931884766,831100.0,35.52349853515625
2001-07-26,40.9900016784668,40.36000061035156,40.400001525878906,40.880001068115234,535300.0,35.75088119506836
2001-07-27,41.0,40.54999923706055,40.939998626708984,40.88999938964844,388500.0,35.75963592529297
2001-07-30,41.220001220703125,40.70000076293945,41.099998474121094,41.0099983215332,522900.0,35.86458969116211
2001-07-31,41.59000015258789,41.0099983215332,41.02000045776367,41.369998931884766,731200.0,36.179405212402344
2001-08-01,41.75,41.099998474121094,41.20000076293945,41.70000076293945,843700.0,36.46799087524414
2001-08-02,41.869998931884766,41.150001525878906,41.5,41.7400016784668,879000.0,36.50299835205078
2001-08-03,41.4900016784668,40.599998474121094,41.4900016784668,41.0,602800.0,35.85582733154297
2001-08-06,41.29999923706055,40.56999969482422,41.22999954223633,41.0,310500.0,35.85582733154297
2001-08-07,41.099998474121094,40.68000030517578,40.79999923706055,41.04999923706055,463300.0,35.899559020996094
2001-08-08,41.310001373291016,40.65999984741211,40.65999984741211,40.7599983215332,524600.0,35.64594650268555
2001-08-09,40.779998779296875,39.900001525878906,40.650001525878906,40.0,956400.0,34.981285095214844
2001-08-10,40.20000076293945,39.630001068115234,39.79999923706055,39.970001220703125,636900.0,34.955055236816406
2001-08-13,40.349998474121094,39.650001525878906,40.0,40.150001525878906,557200.0,35.11248016357422
2001-08-14,40.560001373291016,39.900001525878906,40.25,40.20000076293945,544000.0,35.15620422363281
2001-08-15,40.369998931884766,39.79999923706055,40.27000045776367,39.95000076293945,715700.0,34.93757629394531
2001-08-16,40.5,39.79999923706055,40.04999923706055,40.41999816894531,772800.0,35.34860610961914
2001-08-17,40.54999923706055,39.939998626708984,40.0,40.13999938964844,820400.0,35.103721618652344
2001-08-20,40.20000076293945,39.849998474121094,39.88999938964844,40.16999816894531,368300.0,35.12995910644531
2001-08-21,40.630001068115234,40.0,40.16999816894531,40.060001373291016,637900.0,35.03376007080078
2001-08-22,40.4900016784668,39.779998779296875,40.150001525878906,40.33000183105469,697900.0,35.2698974609375
2001-08-23,40.630001068115234,40.150001525878906,40.20000076293945,40.5,428500.0,35.41856384277344
2001-08-24,41.54999923706055,40.0,40.27000045776367,41.349998474121094,767700.0,36.16191864013672
2001-08-27,41.59000015258789,41.06999969482422,41.349998474121094,41.310001373291016,502200.0,36.126914978027344
2001-08-28,42.459999084472656,41.220001220703125,41.31999969482422,42.349998474121094,1296100.0,37.03644943237305
2001-08-29,43.58000183105469,42.5,42.54999923706055,42.9900016784668,1547900.0,37.596153259277344
2001-08-30,43.40999984741211,41.75,42.650001525878906,42.04999923706055,990200.0,36.77409362792969
2001-08-31,42.630001068115234,41.849998474121094,42.0,42.099998474121094,732500.0,36.817813873291016
2001-09-04,42.869998931884766,41.45000076293945,42.0,42.529998779296875,1146300.0,37.193851470947266
2001-09-05,42.5,41.5,41.5,42.18000030517578,1063800.0,36.88777542114258
2001-09-06,41.900001525878906,40.75,41.75,41.25,1227700.0,36.074466705322266
2001-09-07,41.099998474121094,40.0,40.5,40.209999084472656,988200.0,35.16495132446289
2001-09-10,40.150001525878906,39.54999923706055,39.709999084472656,39.97999954223633,1202800.0,34.96378707885742
2001-09-17,38.380001068115234,33.290000915527344,33.5,38.29999923706055,3823900.0,33.49457931518555
2001-09-18,38.0,34.599998474121094,38.0,35.900001525878906,3167100.0,31.395713806152344
2001-09-19,36.0,33.400001525878906,35.75,34.83000183105469,2794500.0,30.459964752197266
2001-09-20,35.70000076293945,33.150001525878906,34.25,34.95000076293945,1838600.0,30.564905166625977
2001-09-21,36.20000076293945,33.5,33.900001525878906,34.45000076293945,2294600.0,30.127641677856445
2001-09-24,36.400001525878906,35.369998931884766,35.5,35.72999954223633,1916700.0,31.247053146362305
2001-09-25,37.209999084472656,35.02000045776367,36.7400016784668,35.75,1686300.0,31.26453971862793
2001-09-26,36.4900016784668,34.79999923706055,35.900001525878906,34.900001525878906,1295300.0,30.521190643310547
2001-09-27,35.29999923706055,33.75,35.0,34.75,1259400.0,30.38998794555664
2001-09-28,36.75,34.650001525878906,34.849998474121094,36.75,1319900.0,32.13906478881836
2001-10-01,36.70000076293945,35.25,36.70000076293945,35.63999938964844,952300.0,31.1683406829834
2001-10-02,36.599998474121094,35.900001525878906,35.900001525878906,36.5,1074400.0,31.920440673828125
2001-10-03,37.900001525878906,36.220001220703125,36.25,37.900001525878906,805100.0,33.14478302001953
2001-10-04,39.2400016784668,37.29999923706055,37.900001525878906,37.970001220703125,916500.0,33.20599365234375
2001-10-05,38.91999816894531,37.560001373291016,38.0,38.70000076293945,713500.0,33.84440994262695
2001-10-08,39.349998474121094,37.849998474121094,38.45000076293945,38.130001068115234,807200.0,33.34591293334961
2001-10-09,38.0,37.18000030517578,37.84000015258789,37.27000045776367,711700.0,32.59382629394531
2001-10-10,38.81999969482422,37.25,37.25,38.709999084472656,628300.0,33.853145599365234
2001-10-11,39.88999938964844,38.709999084472656,38.709999084472656,39.70000076293945,741700.0,34.71892547607422
2001-10-12,39.5,36.5,39.5,38.09000015258789,1691700.0,33.310951232910156
2001-10-15,38.34000015258789,37.29999923706055,37.650001525878906,38.25,904400.0,33.45085525512695
2001-10-16,39.25,37.9900016784668,38.349998474121094,38.5,1050500.0,33.66948699951172
2001-10-17,39.34000015258789,38.400001525878906,39.0,39.0099983215332,1285100.0,34.115509033203125
2001-10-18,38.83000183105469,37.75,38.400001525878906,38.290000915527344,658600.0,33.485843658447266
2001-10-19,38.369998931884766,37.5,38.290000915527344,38.13999938964844,463700.0,33.35466003417969
2001-10-22,38.599998474121094,37.70000076293945,37.95000076293945,38.40999984741211,496800.0,33.59080505371094
2001-10-23,39.5,38.400001525878906,38.40999984741211,39.5,686100.0,34.544010162353516
2001-10-24,39.560001373291016,38.68000030517578,39.54999923706055,38.779998779296875,641400.0,33.914371490478516
2001-10-25,39.349998474121094,38.0099983215332,38.150001525878906,39.18000030517578,685800.0,34.26419448852539
2001-10-26,39.599998474121094,38.86000061035156,39.04999923706055,39.47999954223633,487500.0,34.526554107666016
2001-10-29,42.0,40.0,40.25,40.86000061035156,2409900.0,35.733394622802734
2001-10-30,40.86000061035156,39.650001525878906,40.54999923706055,40.099998474121094,1404600.0,35.06874465942383
2001-10-31,41.529998779296875,40.04999923706055,40.04999923706055,41.08000183105469,1152400.0,35.92579650878906
2001-11-01,42.16999816894531,40.459999084472656,41.0,42.11000061035156,1367800.0,36.82655715942383
2001-11-02,42.34000015258789,41.47999954223633,41.79999923706055,42.25,940600.0,36.94898986816406
2001-11-05,43.400001525878906,42.33000183105469,42.33000183105469,43.400001525878906,1144300.0,37.954708099365234
2001-11-06,44.45000076293945,42.70000076293945,43.25,44.349998474121094,1222200.0,38.7855224609375
2001-11-07,44.349998474121094,43.7599983215332,44.20000076293945,44.099998474121094,2049100.0,38.56688690185547
2001-11-08,44.91999816894531,43.79999923706055,43.95000076293945,44.66999816894531,1273000.0,39.06536102294922
2001-11-09,45.08000183105469,44.119998931884766,44.279998779296875,44.959999084472656,924500.0,39.31897735595703
2001-11-12,45.0099983215332,43.7400016784668,44.5,44.900001525878906,1402300.0,39.26651382446289
2001-11-13,46.77000045776367,45.11000061035156,45.400001525878906,46.709999084472656,1931500.0,40.84941101074219
2001-11-14,47.5,46.439998626708984,47.0,46.61000061035156,1947500.0,40.761932373046875
2001-11-15,47.15999984741211,46.31999969482422,46.79999923706055,46.599998474121094,1145200.0,40.75321578979492
2001-11-16,46.650001525878906,44.95000076293945,46.599998474121094,45.599998474121094,1861800.0,39.878658294677734
2001-11-19,46.29999923706055,45.470001220703125,46.0,46.2599983215332,1165500.0,40.45587158203125
2001-11-20,46.099998474121094,45.20000076293945,46.099998474121094,45.369998931884766,847400.0,39.67753219604492
2001-11-21,45.599998474121094,44.900001525878906,45.599998474121094,45.380001068115234,538300.0,39.68627166748047
2001-11-23,46.400001525878906,45.25,45.380001068115234,46.400001525878906,414200.0,40.57829666137695
2001-11-26,46.27000045776367,45.869998931884766,46.150001525878906,45.95000076293945,1168800.0,40.18475341796875
2001-11-27,45.97999954223633,45.20000076293945,45.70000076293945,45.27000045776367,1271700.0,39.59008026123047
2001-11-28,45.27000045776367,44.349998474121094,45.2599983215332,44.61000061035156,1064200.0,39.012901306152344
2001-11-29,45.470001220703125,44.45000076293945,45.150001525878906,45.25,1339500.0,39.57258224487305
2001-11-30,46.2400016784668,45.5,45.5,45.86000061035156,1411700.0,40.10606384277344
2001-12-03,46.04999923706055,45.130001068115234,45.86000061035156,45.45000076293945,904600.0,39.747501373291016
2001-12-04,48.45000076293945,45.900001525878906,46.5,48.29999923706055,2994900.0,42.23992156982422
2001-12-05,49.75,48.0,48.0,49.45000076293945,1969100.0,43.24565124511719
2001-12-06,50.099998474121094,48.869998931884766,49.2599983215332,49.439998626708984,2536100.0,43.23689651489258
2001-12-07,49.290000915527344,47.7400016784668,49.290000915527344,48.31999969482422,1843100.0,42.25741958618164
2001-12-10,48.650001525878906,47.599998474121094,48.52000045776367,47.599998474121094,799400.0,41.62775421142578
2001-12-11,48.349998474121094,47.04999923706055,47.599998474121094,47.900001525878906,835800.0,41.890106201171875
2001-12-12,48.099998474121094,46.75,48.099998474121094,47.130001068115234,971000.0,41.216712951660156
2001-12-13,47.150001525878906,46.70000076293945,47.04999923706055,46.83000183105469,973700.0,40.95435333251953
2001-12-14,48.7400016784668,46.70000076293945,46.70000076293945,48.04999923706055,1367900.0,42.02128601074219
2001-12-17,49.25,48.29999923706055,48.79999923706055,48.959999084472656,1402000.0,42.81711196899414
2001-12-18,50.95000076293945,49.41999816894531,49.5,50.79999923706055,2345100.0,44.42625045776367
2001-12-19,51.25,49.25,50.29999923706055,49.9900016784668,4329500.0,43.71788787841797
2001-12-20,52.56999969482422,50.40999984741211,50.5,52.099998474121094,3752600.0,45.5631217956543
2001-12-21,52.5,51.619998931884766,52.209999084472656,51.83000183105469,2504600.0,45.327022552490234
2001-12-24,52.880001068115234,51.75,52.0,51.880001068115234,1178000.0,45.3707389831543
2001-12-26,53.45000076293945,52.16999816894531,52.25,53.20000076293945,1214800.0,46.525123596191406
2001-12-27,53.47999954223633,52.84000015258789,53.45000076293945,53.15999984741211,1651400.0,46.490150451660156
2001-12-28,53.04999923706055,52.189998626708984,52.95000076293945,52.189998626708984,1094900.0,45.641849517822266
2001-12-31,52.4900016784668,51.880001068115234,52.20000076293945,51.880001068115234,990100.0,45.3707389831543
2002-01-02,52.20000076293945,50.25,51.70000076293945,50.900001525878906,2178000.0,44.513702392578125
2002-01-03,52.33000183105469,51.040000915527344,51.099998474121094,52.279998779296875,2056500.0,45.720550537109375
2002-01-04,55.20000076293945,52.29999923706055,52.349998474121094,54.08000183105469,2848900.0,47.294708251953125
2002-01-07,55.75,53.630001068115234,53.630001068115234,55.27000045776367,2864900.0,48.33539962768555
2002-01-08,55.0,54.11000061035156,54.86000061035156,54.9900016784668,2223500.0,48.09054183959961
2002-01-09,55.099998474121094,53.619998931884766,54.900001525878906,53.75,2287400.0,47.00613784790039
2002-01-10,54.400001525878906,52.900001525878906,54.400001525878906,53.0,2404000.0,46.350215911865234
2002-01-11,51.689998626708984,49.900001525878906,51.54999923706055,50.40999984741211,4696600.0,44.08518981933594
2002-01-14,50.869998931884766,49.619998931884766,50.63999938964844,50.709999084472656,1626300.0,44.34754180908203
2002-01-15,51.470001220703125,49.349998474121094,50.709999084472656,49.9900016784668,1819400.0,43.71788787841797
2002-01-16,50.54999923706055,48.70000076293945,50.20000076293945,48.70000076293945,2284800.0,42.5897331237793
2002-01-17,50.310001373291016,48.75,49.25,50.20000076293945,2459400.0,43.901546478271484
2002-01-18,50.939998626708984,49.70000076293945,50.0,50.81999969482422,1399300.0,44.4437370300293
2002-01-22,51.459999084472656,50.75,51.349998474121094,50.9900016784668,1187500.0,44.5924072265625
2002-01-23,52.29999923706055,51.16999816894531,51.2400016784668,52.25,1758100.0,45.694332122802734
2002-01-24,52.900001525878906,52.22999954223633,52.25,52.5,1653500.0,45.91294479370117
2002-01-25,53.25,52.25,52.5099983215332,53.13999938964844,995000.0,46.47264862060547
2002-01-28,54.09000015258789,53.13999938964844,53.13999938964844,53.650001525878906,1812400.0,46.91866683959961
2002-01-29,53.65999984741211,51.939998626708984,53.65999984741211,52.47999954223633,1637100.0,45.89543914794922
2002-01-30,53.38999938964844,52.040000915527344,52.099998474121094,53.15999984741211,1665800.0,46.490150451660156
2002-01-31,53.650001525878906,52.61000061035156,52.810001373291016,53.54999923706055,1433600.0,46.83121109008789
2002-02-01,53.939998626708984,52.810001373291016,53.54999923706055,53.54999923706055,1530000.0,46.83121109008789
2002-02-04,53.970001220703125,52.79999923706055,53.400001525878906,53.130001068115234,1377800.0,46.46390914916992
2002-02-05,54.900001525878906,53.06999969482422,53.130001068115234,54.5,2481900.0,47.66201400756836
2002-02-06,54.70000076293945,53.04999923706055,54.70000076293945,53.2599983215332,1559100.0,46.57758712768555
2002-02-07,52.70000076293945,51.650001525878906,52.45000076293945,51.779998779296875,2399000.0,45.28327941894531
2002-02-08,53.400001525878906,51.349998474121094,51.5,53.400001525878906,1703900.0,46.70002746582031
2002-02-11,55.16999816894531,53.29999923706055,53.400001525878906,55.130001068115234,2101700.0,48.21297836303711
2002-02-12,56.0,54.630001068115234,55.0,55.33000183105469,1638700.0,48.38788604736328
2002-02-13,56.849998474121094,54.72999954223633,55.58000183105469,55.0,2537300.0,48.09926986694336
2002-02-14,55.0,54.45000076293945,55.0,54.70000076293945,842600.0,47.83694076538086
2002-02-15,55.060001373291016,54.220001220703125,54.25,54.959999084472656,1005200.0,48.064308166503906
2002-02-19,54.54999923706055,53.81999969482422,54.150001525878906,54.0,1404100.0,47.22475051879883
2002-02-20,55.349998474121094,54.130001068115234,54.20000076293945,55.220001220703125,1479500.0,48.29167556762695
2002-02-21,55.36000061035156,54.70000076293945,55.0,54.70000076293945,1486600.0,47.83694076538086
2002-02-22,55.29999923706055,54.25,54.599998474121094,55.13999938964844,865500.0,48.22172927856445
2002-02-25,56.540000915527344,55.29999923706055,55.75,56.400001525878906,1158000.0,49.32362365722656
2002-02-26,57.45000076293945,56.439998626708984,56.70000076293945,57.189998626708984,988900.0,50.01451110839844
2002-02-27,58.119998931884766,56.70000076293945,57.20000076293945,58.119998931884766,1486300.0,50.82781982421875
2002-02-28,58.90999984741211,57.86000061035156,58.0,57.86000061035156,1390200.0,50.600440979003906
2002-03-01,58.45000076293945,57.400001525878906,57.61000061035156,58.45000076293945,2031400.0,51.116416931152344
2002-03-04,61.220001220703125,58.650001525878906,58.650001525878906,61.220001220703125,2232800.0,53.53886413574219
2002-03-05,61.349998474121094,60.2599983215332,61.25,60.88999938964844,2483000.0,53.250282287597656
2002-03-06,61.099998474121094,59.93000030517578,60.79999923706055,60.0,1732800.0,52.47195053100586
2002-03-07,60.400001525878906,59.5099983215332,60.150001525878906,59.599998474121094,1735100.0,52.122135162353516
2002-03-08,60.58000183105469,59.86000061035156,60.150001525878906,60.29999923706055,2540700.0,52.73430633544922
2002-03-11,60.29999923706055,58.900001525878906,60.29999923706055,59.0099983215332,1653500.0,51.60614776611328
2002-03-12,59.29999923706055,57.79999923706055,57.84000015258789,58.09000015258789,1950400.0,50.80158233642578
2002-03-13,58.09000015258789,57.20000076293945,58.08000183105469,57.779998779296875,1441800.0,50.530479431152344
2002-03-14,58.25,57.68000030517578,58.0,57.95000076293945,2287700.0,50.67914962768555
2002-03-15,58.0,56.869998931884766,57.95000076293945,57.45000076293945,2256700.0,50.24189758300781
2002-03-18,58.52000045776367,57.150001525878906,58.150001525878906,57.70000076293945,1205500.0,50.46051788330078
2002-03-19,58.4900016784668,57.400001525878906,58.0,57.72999954223633,1609200.0,50.48675537109375
2002-03-20,57.599998474121094,56.099998474121094,57.4900016784668,56.79999923706055,2374700.0,49.673439025878906
2002-03-21,57.43000030517578,55.5,56.599998474121094,57.0,2011500.0,49.84835433959961
2002-03-22,57.75,56.45000076293945,56.45000076293945,57.560001373291016,918300.0,50.33808517456055
2002-03-25,57.79999923706055,56.400001525878906,57.79999923706055,56.540000915527344,1231500.0,49.44606399536133
2002-03-26,58.02000045776367,56.279998779296875,56.29999923706055,57.5,1142000.0,50.285606384277344
2002-03-27,58.11000061035156,56.900001525878906,57.099998474121094,58.060001373291016,1087300.0,50.77534866333008
2002-03-28,58.900001525878906,57.54999923706055,57.70000076293945,58.099998474121094,1174800.0,50.81032943725586
2002-04-01,57.68000030517578,56.650001525878906,57.5,57.41999816894531,819700.0,50.21564865112305
2002-04-02,57.5,55.869998931884766,56.900001525878906,55.91999816894531,1641400.0,48.90386199951172
2002-04-03,56.2400016784668,54.79999923706055,56.04999923706055,55.0,1656200.0,48.09926986694336
2002-04-04,55.68000030517578,54.86000061035156,55.0,55.380001068115234,1780800.0,48.43161392211914
2002-04-05,55.70000076293945,54.20000076293945,55.5,54.400001525878906,1599600.0,47.57456588745117
2002-04-08,53.689998626708984,52.529998779296875,53.20000076293945,53.119998931884766,1692300.0,46.455162048339844
2002-04-09,53.7400016784668,52.75,53.58000183105469,53.5099983215332,1745200.0,46.796226501464844
2002-04-10,54.709999084472656,53.59000015258789,53.650001525878906,54.709999084472656,1286700.0,47.84565734863281
2002-04-11,54.810001373291016,53.75,54.709999084472656,53.95000076293945,1149300.0,47.18102264404297
2002-04-12,55.13999938964844,54.099998474121094,54.099998474121094,55.0,938700.0,48.09926986694336
2002-04-15,54.79999923706055,53.20000076293945,54.79999923706055,54.150001525878906,1239100.0,47.355926513671875
2002-04-16,55.70000076293945,54.720001220703125,55.0,55.70000076293945,1426200.0,48.711448669433594
2002-04-17,55.5,54.04999923706055,55.5,54.41999816894531,1080600.0,47.5920524597168
2002-04-18,54.560001373291016,52.81999969482422,54.16999816894531,53.36000061035156,1450900.0,46.66505432128906
2002-04-19,54.31999969482422,53.5,54.0,54.099998474121094,927500.0,47.31219482421875
2002-04-22,54.099998474121094,53.349998474121094,53.849998474121094,53.84000015258789,1048900.0,47.08483123779297
2002-04-23,54.400001525878906,53.630001068115234,53.900001525878906,53.91999816894531,952300.0,47.1547737121582
2002-04-24,54.15999984741211,52.95000076293945,53.91999816894531,52.9900016784668,1885300.0,46.34148406982422
2002-04-25,54.040000915527344,52.779998779296875,53.0,53.709999084472656,1138200.0,46.97112274169922
2002-04-26,54.58000183105469,53.619998931884766,53.65999984741211,54.34000015258789,1224400.0,47.5220947265625
2002-04-29,54.97999954223633,53.810001373291016,54.349998474121094,53.810001373291016,900300.0,47.05860137939453
2002-04-30,53.79999923706055,51.25,53.45000076293945,51.66999816894531,3057900.0,45.187076568603516
2002-05-01,51.66999816894531,50.0,51.66999816894531,51.310001373291016,2961600.0,44.872249603271484
2002-05-02,52.29999923706055,51.400001525878906,51.619998931884766,51.63999938964844,1712800.0,45.160865783691406
2002-05-03,52.18000030517578,51.279998779296875,51.63999938964844,51.4900016784668,969800.0,45.02967071533203
2002-05-06,51.779998779296875,50.630001068115234,51.029998779296875,50.63999938964844,719700.0,44.286319732666016
2002-05-07,50.95000076293945,49.849998474121094,50.63999938964844,49.90999984741211,1052000.0,43.647918701171875
2002-05-08,52.83000183105469,50.34000015258789,50.349998474121094,52.7599983215332,1918100.0,46.140316009521484
2002-05-09,53.400001525878906,52.25,53.0,52.29999923706055,1448700.0,45.738040924072266
2002-05-10,52.630001068115234,51.43000030517578,52.349998474121094,51.58000183105469,892500.0,45.108394622802734
2002-05-13,53.380001068115234,51.93000030517578,52.099998474121094,52.939998626708984,824500.0,46.29774856567383
2002-05-14,54.400001525878906,53.02000045776367,53.11000061035156,53.70000076293945,923900.0,46.96238327026367
2002-05-15,54.900001525878906,54.0,54.0,54.41999816894531,905500.0,47.5920524597168
2002-05-16,54.689998626708984,53.79999923706055,54.599998474121094,54.47999954223633,598600.0,47.644527435302734
2002-05-17,55.29999923706055,53.54999923706055,55.099998474121094,54.33000183105469,1317300.0,47.51335906982422
2002-05-20,55.08000183105469,53.70000076293945,54.33000183105469,54.130001068115234,885600.0,47.33845520019531
2002-05-21,54.439998626708984,53.099998474121094,54.029998779296875,53.20000076293945,962000.0,46.525123596191406
2002-05-22,53.470001220703125,52.95000076293945,53.099998474121094,53.40999984741211,734900.0,46.70877456665039
2002-05-23,54.189998626708984,53.20000076293945,53.29999923706055,54.0,733000.0,47.22475051879883
2002-05-24,53.84000015258789,52.959999084472656,53.349998474121094,52.959999084472656,889100.0,46.31523513793945
2002-05-28,52.900001525878906,52.0,52.5,52.099998474121094,1204500.0,45.5631217956543
2002-05-29,53.470001220703125,52.27000045776367,52.349998474121094,53.150001525878906,683200.0,46.48139190673828
2002-05-30,53.84000015258789,52.95000076293945,52.95000076293945,53.790000915527344,944800.0,47.041099548339844
2002-05-31,54.599998474121094,53.68000030517578,54.0,53.95000076293945,1216800.0,47.18102264404297
2002-06-03,54.2400016784668,53.29999923706055,54.040000915527344,53.400001525878906,928700.0,46.70002746582031
2002-06-04,53.369998931884766,52.06999969482422,53.29999923706055,52.650001525878906,1190300.0,46.04414367675781
2002-06-05,53.25,52.439998626708984,52.75,53.20000076293945,867700.0,46.525123596191406
2002-06-06,54.20000076293945,53.15999984741211,53.70000076293945,53.970001220703125,1444600.0,47.198509216308594
2002-06-07,54.779998779296875,53.29999923706055,53.29999923706055,54.34000015258789,1127300.0,47.5220947265625
2002-06-10,55.97999954223633,54.349998474121094,54.40999984741211,55.45000076293945,1134400.0,48.492820739746094
2002-06-11,56.900001525878906,55.849998474121094,56.099998474121094,56.0,2216900.0,48.97384262084961
2002-06-12,56.2400016784668,55.22999954223633,55.599998474121094,55.900001525878906,1006800.0,48.8863525390625
2002-06-13,57.09000015258789,56.02000045776367,56.099998474121094,56.7400016784668,1148200.0,49.6654052734375
2002-06-14,57.25,55.540000915527344,56.7400016784668,56.06999969482422,1462700.0,49.07892990112305
2002-06-17,56.75,56.20000076293945,56.25,56.619998931884766,1648300.0,49.56035614013672
2002-06-18,56.38999938964844,55.599998474121094,56.25,55.959999084472656,1190500.0,48.98263931274414
2002-06-19,56.22999954223633,55.2599983215332,55.86000061035156,55.400001525878906,1450700.0,48.49247741699219
2002-06-20,55.70000076293945,55.0,55.099998474121094,55.290000915527344,1332500.0,48.39618682861328
2002-06-21,56.66999816894531,55.04999923706055,55.04999923706055,56.38999938964844,2268700.0,49.359031677246094
2002-06-24,57.029998779296875,55.650001525878906,56.38999938964844,56.02000045776367,1526000.0,49.03516387939453
2002-06-25,52.5,47.41999816894531,51.04999923706055,48.0,14649800.0,42.01511764526367
2002-06-26,50.61000061035156,47.25,48.0099983215332,50.25,4947200.0,43.984588623046875
2002-06-27,52.119998931884766,51.04999923706055,51.349998474121094,51.58000183105469,2547700.0,45.14877700805664
2002-06-28,53.7599983215332,51.63999938964844,51.83000183105469,53.400001525878906,2175000.0,46.7418327331543
2002-07-01,53.7400016784668,52.209999084472656,53.400001525878906,52.400001525878906,1313100.0,45.86653518676758
2002-07-02,52.540000915527344,51.650001525878906,52.20000076293945,51.81999969482422,1938800.0,45.35881423950195
2002-07-03,53.06999969482422,52.0,52.0,52.810001373291016,1448700.0,46.22539138793945
2002-07-05,53.20000076293945,52.70000076293945,53.0,53.150001525878906,506400.0,46.52300262451172
2002-07-08,53.349998474121094,52.630001068115234,53.0,52.720001220703125,1435500.0,46.146610260009766
2002-07-09,53.91999816894531,52.900001525878906,52.91999816894531,53.09000015258789,1079700.0,46.470481872558594
2002-07-10,53.599998474121094,52.209999084472656,53.29999923706055,52.25,2148100.0,45.73523712158203
2002-07-11,52.04999923706055,50.25,51.75,50.439998626708984,2564900.0,44.15089416503906
2002-07-12,51.45000076293945,49.4900016784668,50.45000076293945,49.900001525878906,1520500.0,43.67824172973633
2002-07-15,50.849998474121094,48.560001373291016,49.939998626708984,50.779998779296875,2093000.0,44.448509216308594
2002-07-16,51.5,49.209999084472656,50.099998474121094,51.150001525878906,2293200.0,44.77238464355469
2002-07-17,52.099998474121094,49.90999984741211,51.70000076293945,50.66999816894531,1821100.0,44.35222244262695
2002-07-18,50.81999969482422,50.099998474121094,50.619998931884766,50.5099983215332,1661600.0,44.21217346191406
2002-07-19,50.5,48.779998779296875,50.25,49.209999084472656,3917600.0,43.07426834106445
2002-07-22,50.5,45.560001373291016,48.349998474121094,46.0,4937000.0,40.26451110839844
2002-07-23,47.4900016784668,45.2599983215332,46.150001525878906,45.9900016784668,3185800.0,40.255741119384766
2002-07-24,46.150001525878906,43.709999084472656,44.5,45.95000076293945,4137400.0,40.22072982788086
2002-07-25,47.400001525878906,45.0,45.95000076293945,46.7400016784668,2374600.0,40.91225051879883
2002-07-26,47.04999923706055,45.79999923706055,46.7400016784668,47.029998779296875,1050600.0,41.16608810424805
2002-07-29,49.68000030517578,47.650001525878906,47.70000076293945,49.619998931884766,1777700.0,43.43315505981445
2002-07-30,49.86000061035156,48.54999923706055,48.75,49.06999969482422,2137300.0,42.951725006103516
2002-07-31,50.95000076293945,48.88999938964844,49.099998474121094,50.95000076293945,2305800.0,44.597320556640625
2002-08-01,50.0,48.45000076293945,49.95000076293945,48.70000076293945,1723000.0,42.62786102294922
2002-08-02,48.689998626708984,45.84000015258789,48.689998626708984,46.720001220703125,1946800.0,40.89472579956055
2002-08-05,46.369998931884766,44.83000183105469,45.900001525878906,44.900001525878906,1551300.0,39.301666259765625
2002-08-06,48.0,45.75,45.79999923706055,47.02000045776367,1874800.0,41.15732192993164
2002-08-07,47.959999084472656,45.900001525878906,47.900001525878906,47.27000045776367,1496800.0,41.376163482666016
2002-08-08,48.72999954223633,46.75,47.400001525878906,48.290000915527344,1809500.0,42.268985748291016
2002-08-09,49.33000183105469,47.5,48.040000915527344,48.849998474121094,1105500.0,42.75914764404297
2002-08-12,48.099998474121094,47.0,48.04999923706055,47.540000915527344,1231800.0,41.61250305175781
2002-08-13,48.290000915527344,46.79999923706055,47.099998474121094,46.91999816894531,1112000.0,41.06978225708008
2002-08-14,48.56999969482422,46.349998474121094,47.0,48.38999938964844,1210000.0,42.356502532958984
2002-08-15,49.279998779296875,47.900001525878906,48.59000015258789,48.0,1656800.0,42.01511764526367
2002-08-16,49.599998474121094,47.619998931884766,47.79999923706055,48.95000076293945,1402700.0,42.84668731689453
2002-08-19,49.79999923706055,48.470001220703125,48.650001525878906,49.61000061035156,876600.0,43.42439651489258
2002-08-20,49.47999954223633,48.400001525878906,49.0,48.83000183105469,1039900.0,42.741634368896484
2002-08-21,49.279998779296875,48.459999084472656,48.83000183105469,49.150001525878906,1427000.0,43.0217399597168
2002-08-22,50.20000076293945,48.849998474121094,49.0,49.97999954223633,1090300.0,43.74824905395508
2002-08-23,50.2400016784668,48.400001525878906,49.9900016784668,48.619998931884766,678700.0,42.557830810546875
2002-08-26,48.54999923706055,47.11000061035156,48.5,48.04999923706055,1298800.0,42.058902740478516
2002-08-27,49.5,47.900001525878906,48.599998474121094,48.209999084472656,968900.0,42.198944091796875
2002-08-28,48.029998779296875,47.04999923706055,47.959999084472656,47.41999816894531,933600.0,41.507450103759766
2002-08-29,47.529998779296875,46.560001373291016,46.75,47.119998931884766,857100.0,41.24485778808594
2002-08-30,47.869998931884766,46.970001220703125,47.20000076293945,47.349998474121094,734300.0,41.44617462158203
2002-09-03,47.20000076293945,45.900001525878906,46.95000076293945,46.029998779296875,1619200.0,40.29075622558594
2002-09-04,47.54999923706055,46.06999969482422,46.279998779296875,47.5,1067800.0,41.577476501464844
2002-09-05,46.900001525878906,45.56999969482422,46.75,45.83000183105469,1614900.0,40.15797424316406
2002-09-06,46.849998474121094,46.099998474121094,46.25,46.5099983215332,1451800.0,40.753807067871094
2002-09-09,46.5,44.900001525878906,46.43000030517578,46.400001525878906,2746300.0,40.65742111206055
2002-09-10,46.75,45.790000915527344,46.400001525878906,46.0,1267400.0,40.306949615478516
2002-09-11,46.75,45.91999816894531,46.5,46.0,762300.0,40.306949615478516
2002-09-12,46.0,45.029998779296875,45.97999954223633,45.150001525878906,1213900.0,39.56212615966797
2002-09-13,44.95000076293945,44.06999969482422,44.95000076293945,44.5,2512500.0,38.992584228515625
2002-09-16,44.650001525878906,43.45000076293945,44.650001525878906,43.970001220703125,1261200.0,38.528175354003906
2002-09-17,45.349998474121094,44.029998779296875,44.900001525878906,44.400001525878906,1757000.0,38.90495300292969
2002-09-18,44.45000076293945,42.75,44.099998474121094,42.79999923706055,2278500.0,37.50297546386719
2002-09-19,48.599998474121094,44.95000076293945,45.0,47.7599983215332,6335400.0,41.84912109375
2002-09-20,48.88999938964844,47.150001525878906,48.20000076293945,47.75,2646900.0,41.84034729003906
2002-09-23,49.25,47.310001373291016,47.75,48.79999923706055,1808600.0,42.7603874206543
2002-09-24,48.75,47.5,48.04999923706055,47.599998474121094,1744800.0,41.70892333984375
2002-09-25,49.650001525878906,47.9900016784668,48.599998474121094,49.400001525878906,1435800.0,43.28614807128906
2002-09-26,52.099998474121094,49.599998474121094,49.650001525878906,51.95000076293945,2591900.0,45.52055358886719
2002-09-27,52.29999923706055,50.27000045776367,51.869998931884766,50.45000076293945,2290800.0,44.20620346069336
2002-09-30,50.45000076293945,48.0099983215332,50.45000076293945,50.06999969482422,3432100.0,43.87322235107422
2002-10-01,52.5,50.16999816894531,50.900001525878906,52.43000030517578,2226100.0,45.941131591796875
2002-10-02,52.54999923706055,50.5,51.9900016784668,51.150001525878906,2508200.0,44.81956481933594
2002-10-03,52.45000076293945,50.900001525878906,51.400001525878906,52.02000045776367,2288600.0,45.58186721801758
2002-10-04,51.97999954223633,49.959999084472656,51.970001220703125,51.060001373291016,2764800.0,44.740699768066406
2002-10-07,51.06999969482422,48.25,51.06999969482422,49.04999923706055,2935400.0,42.979454040527344
2002-10-08,49.9900016784668,48.459999084472656,49.75,49.060001373291016,2434100.0,42.98820877075195
2002-10-09,49.06999969482422,47.029998779296875,48.95000076293945,47.77000045776367,2798200.0,41.857879638671875
2002-10-10,50.439998626708984,47.40999984741211,47.720001220703125,49.91999816894531,1749100.0,43.74179458618164
2002-10-11,52.0,49.91999816894531,49.91999816894531,51.459999084472656,1911300.0,45.091190338134766
2002-10-14,52.0,50.849998474121094,51.209999084472656,51.380001068115234,1048200.0,45.02109909057617
2002-10-15,54.150001525878906,52.099998474121094,52.29999923706055,53.720001220703125,2365700.0,47.07148742675781
2002-10-16,53.09000015258789,51.72999954223633,52.63999938964844,52.45000076293945,2182700.0,45.958675384521484
2002-10-17,53.869998931884766,51.75,52.45000076293945,53.75,2081000.0,47.09779357910156
2002-10-18,53.599998474121094,51.900001525878906,53.369998931884766,53.34000015258789,2142100.0,46.738529205322266
2002-10-21,53.5,52.41999816894531,53.09000015258789,53.5,1411300.0,46.87871170043945
2002-10-22,53.349998474121094,51.959999084472656,53.02000045776367,53.25,1851200.0,46.65967559814453
2002-10-23,53.349998474121094,51.650001525878906,53.0,53.349998474121094,1509200.0,46.74728012084961
2002-10-24,53.75,52.5,53.349998474121094,52.779998779296875,1026800.0,46.247825622558594
2002-10-25,54.25,52.310001373291016,53.20000076293945,54.04999923706055,1567500.0,47.36065673828125
2002-10-28,54.9900016784668,53.459999084472656,54.900001525878906,53.72999954223633,1378900.0,47.08024215698242
2002-10-29,54.099998474121094,51.75,53.59000015258789,52.599998474121094,3198900.0,46.090087890625
2002-10-30,54.349998474121094,52.72999954223633,53.0,53.779998779296875,1981000.0,47.12405776977539
2002-10-31,54.029998779296875,52.619998931884766,53.599998474121094,53.189998626708984,1483300.0,46.60707473754883
2002-11-01,54.0099983215332,52.599998474121094,52.9900016784668,53.81999969482422,1170500.0,47.15910339355469
2002-11-04,54.25,53.189998626708984,53.95000076293945,53.2599983215332,1467800.0,46.66841506958008
2002-11-05,54.380001068115234,53.099998474121094,53.400001525878906,54.22999954223633,1443500.0,47.518367767333984
2002-11-06,54.95000076293945,53.880001068115234,54.150001525878906,54.599998474121094,1324400.0,47.84257507324219
2002-11-07,54.77000045776367,53.75,54.61000061035156,53.970001220703125,1972600.0,47.29054260253906
2002-11-08,54.75,53.869998931884766,53.970001220703125,54.599998474121094,1114300.0,47.84257507324219
2002-11-11,54.90999984741211,53.650001525878906,54.45000076293945,54.06999969482422,1564200.0,47.378177642822266
2002-11-12,54.5,53.369998931884766,53.400001525878906,53.599998474121094,1694800.0,46.96634292602539
2002-11-13,54.86000061035156,52.900001525878906,53.54999923706055,54.70000076293945,2550500.0,47.93021774291992
2002-11-14,56.2400016784668,55.0,55.0,56.119998931884766,2526700.0,49.174461364746094
2002-11-15,55.34000015258789,52.75,54.75,53.45000076293945,4210400.0,46.834903717041016
2002-11-18,54.0,53.08000183105469,53.56999969482422,53.22999954223633,1054400.0,46.64213562011719
2002-11-19,52.75,52.0,52.400001525878906,52.369998931884766,1326800.0,45.88856887817383
2002-11-20,52.9900016784668,51.599998474121094,52.119998931884766,52.79999923706055,1181600.0,46.26533508300781
2002-11-21,53.47999954223633,52.779998779296875,53.0,53.15999984741211,1274900.0,46.58080291748047
2002-11-22,53.70000076293945,52.369998931884766,53.040000915527344,52.7400016784668,1027600.0,46.21278381347656
2002-11-25,53.0099983215332,51.75,53.0,52.310001373291016,988600.0,45.83599090576172
2002-11-26,51.959999084472656,50.599998474121094,51.75,50.77000045776367,1307400.0,44.48658752441406
2002-11-27,53.20000076293945,50.79999923706055,50.880001068115234,52.59000015258789,1356600.0,46.08134078979492
2002-11-29,53.099998474121094,52.400001525878906,52.79999923706055,52.56999969482422,445400.0,46.06382751464844
2002-12-02,54.52000045776367,52.400001525878906,53.400001525878906,52.880001068115234,1873300.0,46.33545684814453
2002-12-03,52.95000076293945,52.099998474121094,52.90999984741211,52.529998779296875,980500.0,46.028778076171875
2002-12-04,53.849998474121094,52.029998779296875,52.29999923706055,53.27000045776367,1085900.0,46.677181243896484
2002-12-05,53.52000045776367,52.529998779296875,53.52000045776367,52.88999938964844,883100.0,46.34421157836914
2002-12-06,53.63999938964844,51.7599983215332,51.79999923706055,53.63999938964844,789800.0,47.00139236450195
2002-12-09,53.400001525878906,52.560001373291016,53.38999938964844,52.75,795000.0,46.221534729003906
2002-12-10,53.400001525878906,52.400001525878906,53.04999923706055,53.380001068115234,535700.0,46.81794738769531
2002-12-11,52.650001525878906,51.7400016784668,52.54999923706055,51.959999084472656,1208600.0,45.572513580322266
2002-12-12,52.150001525878906,51.29999923706055,51.900001525878906,52.040000915527344,935500.0,45.64267349243164
2002-12-13,52.900001525878906,51.63999938964844,51.849998474121094,52.099998474121094,1275100.0,45.69528579711914
2002-12-16,53.5,52.25,52.5,53.47999954223633,1307000.0,46.905662536621094
2002-12-17,53.900001525878906,53.130001068115234,53.349998474121094,53.599998474121094,1192500.0,47.01091003417969
2002-12-18,53.45000076293945,52.4900016784668,52.849998474121094,52.90999984741211,1953200.0,46.40572738647461
2002-12-19,54.599998474121094,52.84000015258789,52.90999984741211,53.95000076293945,1974000.0,47.317867279052734
2002-12-20,54.599998474121094,53.29999923706055,53.29999923706055,54.349998474121094,2592500.0,47.668697357177734
2002-12-23,54.95000076293945,54.18000030517578,54.349998474121094,54.33000183105469,1386000.0,47.65117645263672
2002-12-24,54.63999938964844,53.959999084472656,54.45000076293945,54.099998474121094,455300.0,47.44942855834961
2002-12-26,54.70000076293945,54.0,54.25,54.279998779296875,652700.0,47.60731887817383
2002-12-27,54.45000076293945,53.79999923706055,54.29999923706055,53.95000076293945,722500.0,47.317867279052734
2002-12-30,54.369998931884766,53.400001525878906,54.0,54.16999816894531,1121200.0,47.510826110839844
2002-12-31,54.5,53.33000183105469,54.04999923706055,54.220001220703125,936900.0,47.5546875
2003-01-02,55.560001373291016,54.22999954223633,54.36000061035156,55.560001373291016,1051200.0,48.72994613647461
2003-01-03,55.619998931884766,55.029998779296875,55.29999923706055,55.5,877800.0,48.677337646484375
2003-01-06,58.599998474121094,56.349998474121094,56.5,58.18000030517578,2995500.0,51.02787780761719
2003-01-07,58.29999923706055,57.84000015258789,58.0,57.95000076293945,2603200.0,50.82614517211914
2003-01-08,57.9900016784668,57.400001525878906,57.95000076293945,57.54999923706055,1520700.0,50.4753303527832
2003-01-09,58.099998474121094,57.380001068115234,57.7599983215332,57.65999984741211,1413100.0,50.57179641723633
2003-01-10,57.65999984741211,56.84000015258789,57.65999984741211,57.349998474121094,1855600.0,50.29990768432617
2003-01-13,57.849998474121094,57.099998474121094,57.599998474121094,57.56999969482422,1477200.0,50.49287796020508
2003-01-14,57.599998474121094,56.849998474121094,57.04999923706055,57.2599983215332,1144000.0,50.22097396850586
2003-01-15,57.650001525878906,56.459999084472656,57.650001525878906,56.630001068115234,1407600.0,49.66844177246094
2003-01-16,56.779998779296875,55.7599983215332,56.43000030517578,56.11000061035156,1869900.0,49.212337493896484
2003-01-17,55.84000015258789,55.150001525878906,55.599998474121094,55.54999923706055,1120600.0,48.721195220947266
2003-01-21,56.2400016784668,54.349998474121094,55.79999923706055,54.47999954223633,1260400.0,47.782718658447266
2003-01-22,54.630001068115234,52.54999923706055,54.04999923706055,52.54999923706055,1947300.0,46.089969635009766
2003-01-23,52.97999954223633,51.5,52.79999923706055,52.52000045776367,2306500.0,46.06367111206055
2003-01-24,52.529998779296875,50.630001068115234,52.099998474121094,50.79999923706055,1664500.0,44.55510330200195
2003-01-27,52.4900016784668,51.25,51.349998474121094,51.650001525878906,2427400.0,45.30061721801758
2003-01-28,52.959999084472656,51.59000015258789,51.900001525878906,52.650001525878906,2414400.0,46.17770004272461
2003-01-29,52.95000076293945,51.400001525878906,52.20000076293945,52.29999923706055,1658400.0,45.87070846557617
2003-01-30,52.68000030517578,51.880001068115234,52.400001525878906,51.88999938964844,1191700.0,45.5111083984375
2003-01-31,53.0,51.540000915527344,51.88999938964844,52.599998474121094,1099600.0,46.13382339477539
2003-02-03,53.33000183105469,52.54999923706055,52.59000015258789,52.970001220703125,1244500.0,46.45833969116211
2003-02-04,52.97999954223633,51.5099983215332,52.97999954223633,52.029998779296875,1183500.0,45.63389205932617
2003-02-05,53.20000076293945,51.529998779296875,51.939998626708984,52.349998474121094,1088800.0,45.91455841064453
2003-02-06,52.97999954223633,52.099998474121094,52.099998474121094,52.68000030517578,1048300.0,46.20401382446289
2003-02-07,53.150001525878906,51.83000183105469,53.099998474121094,52.119998931884766,1029600.0,45.71284866333008
2003-02-10,52.11000061035156,51.02000045776367,51.79999923706055,51.93000030517578,1032200.0,45.546180725097656
2003-02-11,52.349998474121094,51.34000015258789,52.060001373291016,51.540000915527344,834100.0,45.20415115356445
2003-02-12,51.810001373291016,50.5,51.54999923706055,50.869998931884766,1057900.0,44.61650085449219
2003-02-13,50.95000076293945,49.900001525878906,50.849998474121094,50.45000076293945,1218300.0,44.24814224243164
2003-02-14,51.70000076293945,50.400001525878906,50.400001525878906,51.70000076293945,1291500.0,45.344478607177734
2003-02-18,52.54999923706055,51.900001525878906,51.900001525878906,52.15999984741211,997100.0,45.7479248046875
2003-02-19,52.20000076293945,51.529998779296875,52.20000076293945,51.70000076293945,802500.0,45.344478607177734
2003-02-20,51.70000076293945,50.84000015258789,51.70000076293945,50.95000076293945,1052900.0,44.686676025390625
2003-02-21,51.599998474121094,50.45000076293945,51.0,51.29999923706055,1362400.0,44.99363708496094
2003-02-24,50.959999084472656,49.20000076293945,50.95000076293945,49.439998626708984,1393800.0,43.362308502197266
2003-02-25,49.97999954223633,47.70000076293945,49.25,49.849998474121094,2210900.0,43.72188186645508
2003-02-26,50.900001525878906,49.7400016784668,49.849998474121094,50.20000076293945,1841900.0,44.02888107299805
2003-02-27,51.099998474121094,49.970001220703125,50.209999084472656,50.34000015258789,1271600.0,44.151649475097656
2003-02-28,51.72999954223633,50.279998779296875,50.29999923706055,51.400001525878906,1683000.0,45.081356048583984
2003-03-03,52.91999816894531,52.31999969482422,52.47999954223633,52.349998474121094,2154000.0,45.91455841064453
2003-03-04,52.36000061035156,51.709999084472656,52.349998474121094,51.7599983215332,1384700.0,45.397090911865234
2003-03-05,51.77000045776367,50.84000015258789,51.7599983215332,51.439998626708984,1471200.0,45.116432189941406
2003-03-06,51.5,50.75,51.38999938964844,51.029998779296875,1506600.0,44.80037307739258
2003-03-07,51.0,50.459999084472656,50.5,50.84000015258789,1906900.0,44.63358688354492
2003-03-10,50.75,49.560001373291016,50.5,49.61000061035156,1148100.0,43.5537223815918
2003-03-11,50.31999969482422,49.54999923706055,49.72999954223633,49.66999816894531,1116400.0,43.606407165527344
2003-03-12,49.900001525878906,48.18000030517578,49.58000183105469,49.0,2116000.0,43.0181884765625
2003-03-13,50.06999969482422,48.5,48.849998474121094,50.02000045776367,3163800.0,43.91366958618164
2003-03-14,50.08000183105469,48.619998931884766,49.75,49.79999923706055,1920100.0,43.720542907714844
2003-03-17,51.40999984741211,49.5099983215332,49.79999923706055,51.40999984741211,2210500.0,45.133995056152344
2003-03-18,51.959999084472656,51.16999816894531,51.900001525878906,51.68000030517578,1566100.0,45.37102127075195
2003-03-19,55.220001220703125,52.70000076293945,52.79999923706055,55.18000030517578,3981600.0,48.44374465942383
2003-03-20,57.349998474121094,55.18000030517578,55.18000030517578,56.79999923706055,4067500.0,49.8659782409668
2003-03-21,57.45000076293945,56.5,57.150001525878906,57.2599983215332,2163300.0,50.26983642578125
2003-03-24,56.400001525878906,55.0,56.349998474121094,55.459999084472656,2066300.0,48.689571380615234
2003-03-25,56.43000030517578,55.279998779296875,55.400001525878906,55.880001068115234,1728000.0,49.05830001831055
2003-03-26,56.68000030517578,55.65999984741211,55.880001068115234,56.20000076293945,1391400.0,49.3392333984375
2003-03-27,56.77000045776367,55.599998474121094,55.599998474121094,56.650001525878906,1682700.0,49.73432540893555
2003-03-28,56.65999984741211,55.40999984741211,56.150001525878906,56.5,1313900.0,49.602622985839844
2003-03-31,55.849998474121094,54.81999969482422,55.75,55.06999969482422,1549800.0,48.347171783447266
2003-04-01,55.68000030517578,54.400001525878906,55.099998474121094,55.25,1281500.0,48.50521469116211
2003-04-02,57.16999816894531,55.2599983215332,55.2599983215332,56.93000030517578,2671500.0,49.98012161254883
2003-04-03,57.349998474121094,56.04999923706055,57.349998474121094,56.08000183105469,2014200.0,49.23388671875
2003-04-04,56.400001525878906,55.47999954223633,56.09000015258789,55.849998474121094,1264300.0,49.0319709777832
2003-04-07,57.31999969482422,56.11000061035156,56.900001525878906,56.119998931884766,1761700.0,49.269012451171875
2003-04-08,56.599998474121094,55.119998931884766,55.880001068115234,55.61000061035156,1367800.0,48.82126235961914
2003-04-09,56.7599983215332,55.52000045776367,56.0,55.97999954223633,2062300.0,49.1461181640625
2003-04-10,56.34000015258789,55.47999954223633,55.9900016784668,56.209999084472656,1654000.0,49.34803009033203
2003-04-11,57.9900016784668,56.540000915527344,57.099998474121094,57.459999084472656,2256400.0,50.44540786743164
2003-04-14,58.29999923706055,57.65999984741211,57.75,58.279998779296875,1748200.0,51.165313720703125
2003-04-15,59.529998779296875,57.45000076293945,58.279998779296875,59.45000076293945,2537700.0,52.1924934387207
2003-04-16,59.900001525878906,58.099998474121094,59.380001068115234,58.18000030517578,2974100.0,51.0775032043457
2003-04-17,58.900001525878906,57.79999923706055,58.099998474121094,58.900001525878906,1599000.0,51.709617614746094
2003-04-21,58.900001525878906,57.290000915527344,58.900001525878906,57.529998779296875,2154500.0,50.50686264038086
2003-04-22,58.70000076293945,57.5,57.529998779296875,58.54999923706055,2568800.0,51.402366638183594
2003-04-23,59.22999954223633,58.08000183105469,59.20000076293945,58.63999938964844,1525100.0,51.48135757446289
2003-04-24,59.5,57.9900016784668,58.150001525878906,59.279998779296875,2099100.0,52.043251037597656
2003-04-25,59.279998779296875,58.400001525878906,59.099998474121094,58.790000915527344,1359600.0,51.613059997558594
2003-04-28,60.0,58.630001068115234,58.70000076293945,59.93000030517578,1557600.0,52.6138916015625
2003-04-29,59.9900016784668,59.189998626708984,59.900001525878906,59.61000061035156,1684200.0,52.33295440673828
2003-04-30,60.11000061035156,59.0,59.58000183105469,59.880001068115234,2093200.0,52.569976806640625
2003-05-01,59.79999923706055,58.459999084472656,59.79999923706055,59.25,1418200.0,52.01689910888672
2003-05-02,60.900001525878906,58.619998931884766,58.75,60.7400016784668,2162200.0,53.324989318847656
2003-05-05,61.9900016784668,60.779998779296875,60.95000076293945,61.72999954223633,2439700.0,54.19416046142578
2003-05-06,62.06999969482422,61.25,61.45000076293945,61.65999984741211,2118200.0,54.1327018737793
2003-05-07,61.9900016784668,61.0,61.66999816894531,61.189998626708984,1799700.0,53.720062255859375
2003-05-08,61.29999923706055,60.68000030517578,60.9900016784668,60.779998779296875,1162800.0,53.360130310058594
2003-05-09,62.09000015258789,60.70000076293945,60.900001525878906,62.04999923706055,1552100.0,54.47507095336914
2003-05-12,63.70000076293945,61.56999969482422,61.88999938964844,63.34000015258789,1926300.0,55.60760498046875
2003-05-13,63.16999816894531,62.65999984741211,63.150001525878906,62.810001373291016,1467600.0,55.142311096191406
2003-05-14,62.869998931884766,61.75,62.810001373291016,61.77000045776367,1854600.0,54.22927474975586
2003-05-15,62.5,61.70000076293945,62.0,62.06999969482422,2289900.0,54.49263381958008
2003-05-16,62.5,61.220001220703125,62.06999969482422,62.5,1398400.0,54.87014389038086
2003-05-19,62.099998474121094,60.54999923706055,62.0,60.779998779296875,1465800.0,53.360130310058594
2003-05-20,61.150001525878906,60.45000076293945,60.779998779296875,61.0,1573700.0,53.55326843261719
2003-05-21,60.77000045776367,59.58000183105469,60.66999816894531,59.900001525878906,1986500.0,52.58754348754883
2003-05-22,60.5,59.81999969482422,59.900001525878906,60.16999816894531,1618900.0,52.824588775634766
2003-05-23,61.220001220703125,60.060001373291016,60.29999923706055,61.13999938964844,998000.0,53.676177978515625
2003-05-27,62.2599983215332,60.65999984741211,61.0,62.09000015258789,1355200.0,54.510196685791016
2003-05-28,62.810001373291016,61.93000030517578,62.29999923706055,62.220001220703125,1249800.0,54.62432861328125
2003-05-29,62.970001220703125,62.0,62.099998474121094,62.630001068115234,1779700.0,54.984291076660156
2003-05-30,64.3499984741211,62.630001068115234,62.630001068115234,63.97999954223633,1810000.0,56.169471740722656
2003-06-02,65.25,63.810001373291016,63.9900016784668,64.61000061035156,2497700.0,56.72257995605469
2003-06-03,63.95000076293945,62.77000045776367,63.0,62.9900016784668,4223000.0,55.30032730102539
2003-06-04,64.4000015258789,62.0,62.0,64.2300033569336,2599000.0,56.38894271850586
2003-06-05,64.5,63.16999816894531,63.70000076293945,64.5,1591000.0,56.62599563598633
2003-06-06,65.3499984741211,62.810001373291016,64.93000030517578,63.209999084472656,2140300.0,55.49348068237305
2003-06-09,63.45000076293945,62.36000061035156,63.0,62.79999923706055,1092400.0,55.13352584838867
2003-06-10,64.01000213623047,63.20000076293945,63.459999084472656,63.66999816894531,1444700.0,55.94184494018555
2003-06-11,64.5,63.34000015258789,63.79999923706055,64.48999786376953,1033500.0,56.66232681274414
2003-06-12,64.98999786376953,64.19999694824219,64.61000061035156,64.97000122070312,1991300.0,57.084075927734375
2003-06-13,64.94999694824219,63.66999816894531,64.9000015258789,63.86000061035156,1236000.0,56.108802795410156
2003-06-16,65.13999938964844,63.779998779296875,63.86000061035156,65.13999938964844,1680200.0,57.23344039916992
2003-06-17,65.3499984741211,64.19999694824219,65.1500015258789,64.5,1450900.0,56.671119689941406
2003-06-18,64.98999786376953,63.880001068115234,64.51000213623047,64.5,983700.0,56.671119689941406
2003-06-19,64.94999694824219,63.45000076293945,64.69999694824219,63.52000045776367,1115200.0,55.81006622314453
2003-06-20,64.2300033569336,62.5,63.72999954223633,63.0099983215332,1876200.0,55.36195755004883
2003-06-23,63.41999816894531,61.9900016784668,63.20000076293945,61.9900016784668,1752900.0,54.46577453613281
2003-06-24,61.04999923706055,60.099998474121094,61.0099983215332,60.470001220703125,3916900.0,53.13026809692383
2003-06-25,60.5,59.0099983215332,60.470001220703125,59.70000076293945,2406200.0,52.453731536865234
2003-06-26,62.689998626708984,59.20000076293945,59.20000076293945,62.41999816894531,2923900.0,54.84357833862305
2003-06-27,63.09000015258789,62.15999984741211,62.43000030517578,62.540000915527344,2557500.0,54.94902420043945
2003-06-30,62.849998474121094,61.310001373291016,62.650001525878906,62.029998779296875,2203400.0,54.500919342041016
2003-07-01,61.81999969482422,60.63999938964844,61.599998474121094,61.59000015258789,2038700.0,54.11433029174805
2003-07-02,62.189998626708984,61.2599983215332,61.2599983215332,62.16999816894531,1437000.0,54.623931884765625
2003-07-03,62.18000030517578,61.5099983215332,62.18000030517578,61.52000045776367,720300.0,54.052818298339844
2003-07-07,63.0,61.630001068115234,61.650001525878906,62.970001220703125,1933500.0,55.32680892944336
2003-07-08,64.5,62.400001525878906,62.400001525878906,64.33000183105469,1829100.0,56.52174758911133
2003-07-09,64.5,63.5099983215332,64.25,64.36000061035156,1517700.0,56.54811096191406
2003-07-10,64.48999786376953,63.529998779296875,64.27999877929688,63.84000015258789,1461200.0,56.09123611450195
2003-07-11,63.790000915527344,63.06999969482422,63.720001220703125,63.7400016784668,1325600.0,56.00336837768555
2003-07-14,64.91000366210938,64.04000091552734,64.3499984741211,64.30000305175781,1190600.0,56.49539566040039
2003-07-15,64.75,63.880001068115234,64.5,64.31999969482422,1069700.0,56.51295852661133
2003-07-16,64.48999786376953,63.38999938964844,64.31999969482422,64.0999984741211,1447400.0,56.319679260253906
2003-07-17,64.1500015258789,63.630001068115234,64.08000183105469,64.12000274658203,1140900.0,56.337249755859375
2003-07-18,65.5,63.7599983215332,64.12000274658203,65.31999969482422,1812300.0,57.39158248901367
2003-07-21,66.01000213623047,65.0199966430664,65.31999969482422,66.0,1776900.0,57.989070892333984
2003-07-22,65.9000015258789,64.62000274658203,65.9000015258789,64.98999786376953,2423200.0,57.101654052734375
2003-07-23,65.02999877929688,64.16000366210938,64.95999908447266,64.95999908447266,869000.0,57.07529067993164
2003-07-24,65.5,64.4000015258789,65.19999694824219,64.55000305175781,1210900.0,56.715065002441406
2003-07-25,65.30999755859375,63.7599983215332,64.61000061035156,65.25,1641400.0,57.330081939697266
2003-07-28,65.3499984741211,64.19999694824219,65.05000305175781,65.16000366210938,1654300.0,57.251014709472656
2003-07-29,65.44999694824219,64.48999786376953,65.0999984741211,64.83000183105469,1523300.0,56.9610710144043
2003-07-30,64.83999633789062,63.310001373291016,64.83999633789062,63.83000183105469,2059000.0,56.08245086669922
2003-07-31,65.13999938964844,63.75,64.05999755859375,64.38999938964844,1821700.0,56.5744743347168
2003-08-01,65.0,63.84000015258789,63.84000015258789,64.66000366210938,1466300.0,56.81169891357422
2003-08-04,64.87999725341797,64.01000213623047,64.5,64.69999694824219,1277800.0,56.84683609008789
2003-08-05,64.93000030517578,63.95000076293945,64.68000030517578,64.01000213623047,1502700.0,56.240596771240234
2003-08-06,64.80000305175781,63.689998626708984,63.77000045776367,64.25,1475800.0,56.45145034790039
2003-08-07,64.63999938964844,63.81999969482422,64.16000366210938,64.37000274658203,947500.0,56.55690002441406
2003-08-08,65.4000015258789,64.4000015258789,64.5999984741211,65.19999694824219,1716300.0,57.28616714477539
2003-08-11,66.12000274658203,65.27999877929688,65.4000015258789,66.01000213623047,1388600.0,57.997840881347656
2003-08-12,66.9800033569336,65.98999786376953,66.25,66.87999725341797,1228200.0,58.76223373413086
2003-08-13,67.12000274658203,66.55000305175781,66.9800033569336,66.87000274658203,1164300.0,58.75345230102539
2003-08-14,67.4800033569336,66.6500015258789,67.08999633789062,67.0,885700.0,58.8676643371582
2003-08-15,67.38999938964844,64.91999816894531,67.0,67.36000061035156,348100.0,59.183990478515625
2003-08-18,67.69999694824219,67.30999755859375,67.33999633789062,67.56999969482422,985700.0,59.36847686767578
2003-08-19,68.26000213623047,67.56999969482422,67.58000183105469,68.1500015258789,1318200.0,59.878116607666016
2003-08-20,68.25,67.41999816894531,68.1500015258789,67.56999969482422,1162700.0,59.36847686767578
2003-08-21,68.94999694824219,67.62000274658203,67.66000366210938,68.33000183105469,1323200.0,60.036258697509766
2003-08-22,68.95999908447266,66.81999969482422,68.55000305175781,67.08999633789062,1469600.0,58.94673156738281
2003-08-25,67.37000274658203,66.08999633789062,67.30000305175781,66.37000274658203,1386500.0,58.31413269042969
2003-08-26,66.30999755859375,65.4000015258789,66.0,66.08000183105469,1307400.0,58.05933380126953
2003-08-27,66.08999633789062,65.55000305175781,66.06999969482422,65.9000015258789,739400.0,57.90119171142578
2003-08-28,67.13999938964844,65.66000366210938,66.05000305175781,67.02999877929688,1072200.0,58.894012451171875
2003-08-29,67.47000122070312,66.73999786376953,67.04000091552734,67.0999984741211,758600.0,58.955543518066406
2003-09-02,68.44999694824219,66.97000122070312,67.30000305175781,68.29000091552734,1232300.0,60.00111770629883
2003-09-03,68.29000091552734,67.37000274658203,68.29000091552734,67.94999694824219,1835600.0,59.70235061645508
2003-09-04,67.95999908447266,66.87999725341797,67.95999908447266,67.25,1194900.0,59.08731460571289
2003-09-05,67.19999694824219,66.31999969482422,66.54000091552734,66.68000030517578,1006300.0,58.58650207519531
2003-09-08,67.2300033569336,66.08000183105469,66.81999969482422,66.55999755859375,1576200.0,58.524967193603516
2003-09-09,66.19999694824219,65.76000213623047,66.05000305175781,65.76000213623047,1253900.0,57.821533203125
2003-09-10,65.91000366210938,65.0,65.72000122070312,65.12000274658203,1485600.0,57.25882339477539
2003-09-11,65.63999938964844,64.51000213623047,65.12000274658203,65.26000213623047,1335800.0,57.38190460205078
2003-09-12,65.3499984741211,64.30000305175781,65.08000183105469,65.23999786376953,1151000.0,57.36429977416992
2003-09-15,65.58999633789062,64.66999816894531,65.38999938964844,64.9800033569336,1720100.0,57.135704040527344
2003-09-16,66.19000244140625,65.06999969482422,65.22000122070312,66.08000183105469,1237600.0,58.1029052734375
2003-09-17,66.6500015258789,65.01000213623047,65.5,66.51000213623047,2293400.0,58.480979919433594
2003-09-18,69.0,66.3499984741211,66.55000305175781,68.5999984741211,2194500.0,60.31871032714844
2003-09-19,67.86000061035156,66.0,66.91000366210938,66.25,3682800.0,58.25236511230469
2003-09-22,66.4000015258789,65.54000091552734,66.01000213623047,65.98999786376953,1047300.0,58.023780822753906
2003-09-23,67.20999908447266,65.88999938964844,66.19000244140625,66.69999694824219,1027600.0,58.64806365966797
2003-09-24,67.0199966430664,65.12000274658203,66.62999725341797,65.19000244140625,1156800.0,57.32035827636719
2003-09-25,65.52999877929688,64.30000305175781,65.11000061035156,64.30000305175781,1378000.0,56.537776947021484
2003-09-26,64.44000244140625,63.70000076293945,64.37000274658203,63.790000915527344,1445200.0,56.08936309814453
2003-09-29,65.05999755859375,63.70000076293945,63.88999938964844,64.81999969482422,932000.0,56.995025634765625
2003-09-30,65.18000030517578,63.900001525878906,64.81999969482422,64.43000030517578,1229200.0,56.65209197998047
2003-10-01,65.86000061035156,64.51000213623047,64.87999725341797,65.76000213623047,1277800.0,57.821533203125
2003-10-02,65.75,64.68000030517578,65.75,65.44000244140625,1154200.0,57.540164947509766
2003-10-03,67.5,66.12999725341797,66.19999694824219,66.91000366210938,1665200.0,58.83271408081055
2003-10-06,68.0,66.9800033569336,67.06999969482422,67.80000305175781,1055600.0,59.615291595458984
2003-10-07,67.55999755859375,66.86000061035156,67.55000305175781,67.37000274658203,1208400.0,59.23719024658203
2003-10-08,67.7699966430664,67.30000305175781,67.37000274658203,67.58999633789062,747700.0,59.43062210083008
2003-10-09,69.5199966430664,68.05000305175781,68.61000061035156,68.80000305175781,1713500.0,60.49458312988281
2003-10-10,68.98999786376953,68.12999725341797,68.98999786376953,68.55999755859375,1085200.0,60.283531188964844
2003-10-13,71.55000305175781,69.54000091552734,69.69999694824219,71.3499984741211,3991400.0,62.736717224121094
2003-10-14,73.73999786376953,71.19999694824219,71.33999633789062,73.6500015258789,4101300.0,64.75906372070312
2003-10-15,74.0,72.72000122070312,73.8499984741211,73.2699966430664,1977800.0,64.42496490478516
2003-10-16,73.98999786376953,73.08000183105469,73.0999984741211,73.91000366210938,1670100.0,64.98766326904297
2003-10-17,73.98999786376953,72.58000183105469,73.98999786376953,72.94999694824219,1472100.0,64.1435546875
2003-10-20,72.9000015258789,72.08000183105469,72.9000015258789,72.58999633789062,1415400.0,63.82707595825195
2003-10-21,72.79000091552734,72.04000091552734,72.4000015258789,72.5999984741211,2477900.0,63.835845947265625
2003-10-22,72.43000030517578,71.83000183105469,72.4000015258789,72.19000244140625,1253700.0,63.475303649902344
2003-10-23,72.3499984741211,71.55000305175781,72.08999633789062,72.1500015258789,1430200.0,63.44015121459961
2003-10-24,72.55999755859375,71.6500015258789,72.1500015258789,72.55999755859375,1200000.0,63.80063247680664
2003-10-27,73.5999984741211,71.81999969482422,72.80999755859375,72.0,1363300.0,63.308258056640625
2003-10-28,73.16999816894531,71.94999694824219,72.5,73.16999816894531,1377700.0,64.3370132446289
2003-10-29,73.11000061035156,72.4000015258789,73.0,73.04000091552734,906800.0,64.22269439697266
2003-10-30,74.3499984741211,73.5,73.75,73.91999816894531,1508600.0,64.99645233154297
2003-10-31,75.95999908447266,73.80000305175781,74.0,75.76000213623047,2932700.0,66.61436462402344
2003-11-03,76.61000061035156,75.61000061035156,75.7699966430664,76.26000213623047,1880000.0,67.05397033691406
2003-11-04,76.37999725341797,75.91999816894531,76.30999755859375,76.01000213623047,1380500.0,66.83415222167969
2003-11-05,76.41999816894531,75.4000015258789,75.9000015258789,75.97000122070312,1033600.0,66.79899597167969
2003-11-06,77.55000305175781,75.62999725341797,75.94000244140625,77.16000366210938,1066000.0,67.84534454345703
2003-11-07,78.05000305175781,76.83999633789062,77.16000366210938,76.9000015258789,1136200.0,67.61673736572266
2003-11-10,77.4000015258789,76.5199966430664,77.1500015258789,76.68000030517578,968900.0,67.42328643798828
2003-11-11,76.87999725341797,75.83000183105469,76.56999969482422,76.05999755859375,883800.0,66.87815856933594
2003-11-12,76.41999816894531,75.69000244140625,76.05999755859375,76.37999725341797,1326900.0,67.15950012207031
2003-11-13,77.19000244140625,75.9000015258789,76.19000244140625,77.08000183105469,1204500.0,67.7750015258789
2003-11-14,77.38999938964844,76.37000274658203,77.0199966430664,76.9000015258789,1077200.0,67.61673736572266
2003-11-17,76.9000015258789,75.75,76.9000015258789,76.01000213623047,1644300.0,66.83415222167969
2003-11-18,76.3499984741211,75.02999877929688,76.08999633789062,75.04000091552734,1065100.0,65.98126220703125
2003-11-19,75.30999755859375,74.56999969482422,75.02999877929688,74.9000015258789,1208200.0,65.8581771850586
2003-11-20,75.0,74.19999694824219,74.4000015258789,74.41000366210938,1232400.0,65.42730712890625
2003-11-21,73.1500015258789,70.06999969482422,72.75,70.4800033569336,6087600.0,61.97172164916992
2003-11-24,71.33999633789062,70.25,71.0,71.23999786376953,2849800.0,62.63999557495117
2003-11-25,72.12000274658203,70.69999694824219,70.98999786376953,71.87999725341797,1424700.0,63.20278549194336
2003-11-26,72.66000366210938,71.18000030517578,72.05000305175781,71.73999786376953,1055800.0,63.07966232299805
2003-11-28,72.7699966430664,71.87999725341797,71.98999786376953,72.69999694824219,631900.0,63.92376708984375
2003-12-01,74.44000244140625,72.9000015258789,73.05999755859375,73.5,1377300.0,64.62718963623047
2003-12-02,74.30000305175781,73.11000061035156,73.44999694824219,73.58000183105469,1410300.0,64.69754028320312
2003-12-03,74.01000213623047,73.19000244140625,73.83000183105469,73.19000244140625,1874500.0,64.35462188720703
2003-12-04,73.44999694824219,72.19000244140625,73.19000244140625,72.91000366210938,1512500.0,64.10839080810547
2003-12-05,73.37999725341797,72.5,72.91999816894531,72.52999877929688,1006100.0,63.77424621582031
2003-12-08,73.0199966430664,71.69999694824219,72.44000244140625,72.23999786376953,1998600.0,63.519248962402344
2003-12-09,72.62000274658203,71.63999938964844,72.37000274658203,71.76000213623047,1199700.0,63.097232818603516
2003-12-10,72.3499984741211,71.33999633789062,72.05000305175781,72.04000091552734,842500.0,63.39643478393555
2003-12-11,73.44999694824219,72.30999755859375,72.3499984741211,73.19000244140625,1075700.0,64.40845489501953
2003-12-12,73.95999908447266,72.69000244140625,73.19000244140625,73.75,1026400.0,64.90127563476562
2003-12-15,75.1500015258789,74.06999969482422,74.69999694824219,74.16000366210938,1334500.0,65.26206970214844
2003-12-16,74.62000274658203,73.68000030517578,74.16000366210938,74.30999755859375,1051500.0,65.39408111572266
2003-12-17,72.94999694824219,70.11000061035156,72.94999694824219,71.01000213623047,4075900.0,62.49000549316406
2003-12-18,70.33999633789062,67.80000305175781,70.19999694824219,69.69999694824219,7426800.0,61.337223052978516
2003-12-19,70.19999694824219,68.86000061035156,69.69999694824219,69.43000030517578,2322900.0,61.09958267211914
2003-12-22,69.41999816894531,68.7699966430664,69.12999725341797,69.30000305175781,1387300.0,60.985191345214844
2003-12-23,69.56999969482422,68.5999984741211,69.30000305175781,68.98999786376953,1483000.0,60.71238327026367
2003-12-24,68.98999786376953,68.69999694824219,68.72000122070312,68.81999969482422,566000.0,60.56276321411133
2003-12-26,69.05000305175781,68.44000244140625,68.91999816894531,68.86000061035156,363600.0,60.59798812866211
2003-12-29,69.95999908447266,68.94000244140625,68.9800033569336,69.94000244140625,1559500.0,61.54836654663086
2003-12-30,70.0,68.19999694824219,70.0,69.0,2497000.0,60.721187591552734
2003-12-31,68.98999786376953,67.05999755859375,68.98999786376953,67.5,3188500.0,59.40114974975586
2004-01-02,68.62000274658203,67.54000091552734,67.69999694824219,67.88999938964844,1398300.0,59.74436569213867
2004-01-05,68.58999633789062,67.80000305175781,68.4000015258789,67.94999694824219,3520700.0,59.79715347290039
2004-01-06,68.01000213623047,67.54000091552734,67.95999908447266,67.5999984741211,3129300.0,59.48915100097656
2004-01-07,67.73999786376953,66.68000030517578,67.5999984741211,66.93000030517578,3475500.0,58.899532318115234
2004-01-08,67.22000122070312,65.9000015258789,66.97000122070312,66.37999725341797,3543200.0,58.41552734375
2004-01-09,66.47000122070312,64.83999633789062,66.19999694824219,65.04000091552734,3394100.0,57.2363166809082
2004-01-12,68.43000030517578,66.02999877929688,66.5,68.19000244140625,4607500.0,60.008365631103516
2004-01-13,69.52999877929688,68.2699966430664,68.9000015258789,69.0,3985700.0,60.721187591552734
2004-01-14,69.58999633789062,68.68000030517578,69.38999938964844,69.04000091552734,1221900.0,60.75637435913086
2004-01-15,69.5999984741211,68.77999877929688,69.19999694824219,69.31999969482422,1339800.0,61.00277328491211
2004-01-16,69.94999694824219,69.05000305175781,69.5,69.94000244140625,1866400.0,61.54836654663086
2004-01-20,70.4000015258789,69.12000274658203,70.0,69.19999694824219,1186400.0,60.89717483520508
2004-01-21,70.31999969482422,69.01000213623047,69.19000244140625,70.0,1317400.0,61.60118865966797
2004-01-22,69.93000030517578,69.01000213623047,69.93000030517578,69.54000091552734,1495700.0,61.19639587402344
2004-01-23,69.80000305175781,69.19999694824219,69.63999938964844,69.62999725341797,1118900.0,61.27558135986328
2004-01-26,69.68000030517578,68.30000305175781,69.4800033569336,69.55000305175781,1454800.0,61.2051887512207
2004-01-27,70.12999725341797,69.01000213623047,69.30000305175781,69.25,1267900.0,60.941200256347656
2004-01-28,69.19999694824219,68.19999694824219,69.19999694824219,68.33999633789062,1644700.0,60.14036178588867
2004-01-29,68.58999633789062,67.55999755859375,68.33999633789062,68.30000305175781,1248300.0,60.105167388916016
2004-01-30,68.30999755859375,67.16000366210938,68.30999755859375,67.27999877929688,1006700.0,59.20754623413086
2004-02-02,67.56999969482422,66.70999908447266,67.3499984741211,67.16999816894531,1642100.0,59.11073303222656
2004-02-03,67.8499984741211,66.37000274658203,67.16999816894531,66.7699966430664,1140300.0,58.758724212646484
2004-02-04,66.72000122070312,65.11000061035156,66.30000305175781,65.2300033569336,2541100.0,57.403526306152344
2004-02-05,65.69999694824219,64.91000366210938,65.38999938964844,64.91999816894531,2537200.0,57.130714416503906
2004-02-06,66.41000366210938,64.95999908447266,65.02999877929688,66.12999725341797,1820600.0,58.195518493652344
2004-02-09,68.04000091552734,66.58000183105469,67.0999984741211,67.6500015258789,2427600.0,59.53315734863281
2004-02-10,68.5999984741211,67.4000015258789,67.75,68.5999984741211,1562500.0,60.369178771972656
2004-02-11,69.97000122070312,68.0199966430664,68.3499984741211,69.80999755859375,1950200.0,61.43400192260742
2004-02-12,69.41999816894531,68.5999984741211,69.30000305175781,69.37000274658203,1000200.0,61.04678726196289
2004-02-13,69.69999694824219,68.69999694824219,69.25,68.91000366210938,1260600.0,60.641963958740234
2004-02-17,69.4000015258789,68.43000030517578,69.19999694824219,69.27999877929688,1068200.0,60.96760559082031
2004-02-18,69.08999633789062,68.5199966430664,68.97000122070312,68.69999694824219,916300.0,60.45714569091797
2004-02-19,69.55000305175781,68.70999908447266,69.02999877929688,68.7699966430664,918900.0,60.51875686645508
2004-02-20,69.30999755859375,68.7300033569336,68.9000015258789,69.01000213623047,1217100.0,60.72996139526367
2004-02-23,69.25,68.19000244140625,69.02999877929688,68.63999938964844,921600.0,60.40435791015625
2004-02-24,68.9000015258789,68.05000305175781,68.05000305175781,68.7699966430664,1370300.0,60.51875686645508
2004-02-25,68.87999725341797,68.2699966430664,68.30000305175781,68.55999755859375,1173500.0,60.333984375
2004-02-26,69.0999984741211,68.37000274658203,68.62999725341797,68.77999877929688,1177500.0,60.52757263183594
2004-02-27,69.5,68.55000305175781,68.9000015258789,68.68000030517578,1229300.0,60.4395866394043
2004-03-01,69.19000244140625,68.26000213623047,68.69000244140625,69.18000030517578,1435300.0,60.87959289550781
2004-03-02,69.69999694824219,68.98999786376953,69.19000244140625,69.44000244140625,1295700.0,61.10840606689453
2004-03-03,69.5999984741211,68.62999725341797,69.37000274658203,69.23999786376953,997300.0,60.932376861572266
2004-03-04,69.25,68.37000274658203,69.25,68.75,998700.0,60.50115966796875
2004-03-05,69.62999725341797,68.19999694824219,68.25,69.5,1400800.0,61.16117477416992
2004-03-08,69.9000015258789,68.95999908447266,69.41000366210938,69.0199966430664,864700.0,60.73875045776367
2004-03-09,69.31999969482422,68.22000122070312,68.95999908447266,68.55000305175781,1198200.0,60.37765884399414
2004-03-10,68.48999786376953,66.0,68.48999786376953,66.19999694824219,2332400.0,58.307838439941406
2004-03-11,67.5999984741211,65.87999725341797,66.19999694824219,66.2699966430664,2076200.0,58.36947250366211
2004-03-12,67.95999908447266,66.54000091552734,66.5999984741211,67.83999633789062,1492700.0,59.75229263305664
2004-03-15,67.7300033569336,67.0,67.7300033569336,67.0999984741211,1343000.0,59.100528717041016
2004-03-16,68.5,67.38999938964844,68.0,68.43000030517578,1983200.0,60.271949768066406
2004-03-17,72.45999908447266,68.75,68.75,71.58999633789062,5887100.0,63.055267333984375
2004-03-18,72.25,71.12999725341797,71.6500015258789,71.9800033569336,2303200.0,63.39873504638672
2004-03-19,72.05000305175781,71.26000213623047,71.5,71.27999877929688,1539100.0,62.78221130371094
2004-03-22,71.7300033569336,70.9000015258789,71.29000091552734,71.06999969482422,1634300.0,62.59723663330078
2004-03-23,72.06999969482422,71.0999984741211,71.44999694824219,71.58999633789062,1717600.0,63.055267333984375
2004-03-24,71.76000213623047,70.52999877929688,71.5999984741211,71.05000305175781,1766300.0,62.579620361328125
2004-03-25,73.05000305175781,71.37000274658203,71.5,73.01000213623047,1915500.0,64.30596923828125
2004-03-26,73.38999938964844,72.2300033569336,72.5999984741211,72.79000091552734,1570800.0,64.11219787597656
2004-03-29,74.73999786376953,72.7699966430664,73.0,73.98999786376953,2161800.0,65.16909790039062
2004-03-30,74.75,73.27999877929688,74.19999694824219,74.62000274658203,1471400.0,65.7240219116211
2004-03-31,75.26000213623047,74.2300033569336,74.62000274658203,75.16000366210938,1678000.0,66.19964599609375
2004-04-01,75.55000305175781,74.47000122070312,74.97000122070312,74.80000305175781,1815700.0,65.88256072998047
2004-04-02,76.06999969482422,75.12999725341797,75.54000091552734,76.06999969482422,1470500.0,67.00116729736328
2004-04-05,76.0,74.91000366210938,75.5,75.54000091552734,1379300.0,66.53433990478516
2004-04-06,75.94999694824219,74.7699966430664,75.37000274658203,75.73999786376953,1499000.0,66.71049499511719
2004-04-07,75.73999786376953,74.61000061035156,75.73999786376953,75.05999755859375,1222600.0,66.11155700683594
2004-04-08,75.5999984741211,73.31999969482422,75.5999984741211,73.81999969482422,2577200.0,65.01937866210938
2004-04-12,75.19000244140625,73.93000030517578,74.27999877929688,74.80999755859375,954200.0,65.89134979248047
2004-04-13,75.3499984741211,74.1500015258789,75.1500015258789,74.31999969482422,1169900.0,65.45978546142578
2004-04-14,75.0,73.81999969482422,73.94999694824219,74.76000213623047,1112600.0,65.84730529785156
2004-04-15,75.63999938964844,74.4800033569336,74.95999908447266,74.94999694824219,1023800.0,66.01465606689453
2004-04-16,75.30000305175781,74.12999725341797,75.29000091552734,74.5,1263900.0,65.61833190917969
2004-04-19,74.37000274658203,73.56999969482422,74.19999694824219,73.87999725341797,877500.0,65.07221984863281
2004-04-20,74.3499984741211,73.02999877929688,73.94999694824219,73.02999877929688,767500.0,64.32356262207031
2004-04-21,74.08999633789062,72.55000305175781,72.95999908447266,73.83000183105469,915400.0,65.02821350097656
2004-04-22,75.66000366210938,73.4800033569336,73.62999725341797,75.37999725341797,1581700.0,66.39338684082031
2004-04-23,75.0999984741211,73.55000305175781,75.0999984741211,74.1500015258789,1454700.0,65.31005859375
2004-04-26,74.72000122070312,72.70999908447266,74.19999694824219,72.9800033569336,1653200.0,64.27952575683594
2004-04-27,74.7300033569336,73.36000061035156,73.36000061035156,74.19999694824219,1558300.0,65.35407257080078
2004-04-28,74.30000305175781,73.02999877929688,74.23999786376953,73.06999969482422,795000.0,64.3587875366211
2004-04-29,73.58000183105469,72.0,73.30000305175781,72.33999633789062,1236900.0,63.715824127197266
2004-04-30,72.5999984741211,71.5999984741211,72.5999984741211,71.91000366210938,1198900.0,63.33711624145508
2004-05-03,73.02999877929688,71.9000015258789,72.0999984741211,72.83000183105469,914600.0,64.14740753173828
2004-05-04,73.73999786376953,72.44000244140625,72.83000183105469,73.05999755859375,962900.0,64.3499984741211
2004-05-05,73.16999816894531,72.08999633789062,73.16999816894531,73.08999633789062,841500.0,64.37641906738281
2004-05-06,72.9000015258789,71.83000183105469,72.6500015258789,72.33000183105469,744400.0,63.70700454711914
2004-05-07,72.23999786376953,71.12999725341797,71.5199966430664,71.62000274658203,988600.0,63.08163833618164
2004-05-10,71.4800033569336,70.20999908447266,71.4000015258789,70.68000030517578,1422000.0,62.25371551513672
2004-05-11,71.22000122070312,69.91000366210938,70.9000015258789,71.18000030517578,1228800.0,62.69414520263672
2004-05-12,71.44999694824219,69.75,71.0,71.30000305175781,1439600.0,62.79981994628906
2004-05-13,71.23999786376953,70.27999877929688,71.19999694824219,70.62999725341797,1070700.0,62.209659576416016
2004-05-14,71.33999633789062,70.05999755859375,70.62999725341797,71.0,1018500.0,62.535552978515625
2004-05-17,70.87999725341797,69.3499984741211,70.75,70.55000305175781,1107600.0,62.13920593261719
2004-05-18,71.88999938964844,70.5,70.69999694824219,71.7300033569336,1163300.0,63.17853927612305
2004-05-19,72.30999755859375,71.01000213623047,72.0,71.23999786376953,997800.0,62.746952056884766
2004-05-20,71.29000091552734,70.4800033569336,71.16999816894531,71.01000213623047,707200.0,62.54438400268555
2004-05-21,71.5,70.30000305175781,71.5,70.63999938964844,1118000.0,62.218505859375
2004-05-24,72.11000061035156,70.93000030517578,71.05000305175781,71.9000015258789,993200.0,63.328285217285156
2004-05-25,74.0,71.38999938964844,72.0,73.7699966430664,1380200.0,64.975341796875
2004-05-26,74.11000061035156,73.01000213623047,73.69999694824219,73.9000015258789,1129200.0,65.0898666381836
2004-05-27,74.5999984741211,72.48999786376953,74.4000015258789,73.23999786376953,1473100.0,64.50850677490234
2004-05-28,73.8499984741211,73.05999755859375,73.3499984741211,73.58000183105469,577100.0,64.8079833984375
2004-06-01,73.41000366210938,72.27999877929688,73.41000366210938,72.81999969482422,1119500.0,64.13861083984375
2004-06-02,73.8499984741211,72.8499984741211,72.8499984741211,73.7699966430664,912400.0,64.975341796875
2004-06-03,74.33999633789062,73.13999938964844,73.5,74.16000366210938,1259900.0,65.31887817382812
2004-06-04,74.69999694824219,73.80999755859375,74.55000305175781,74.22000122070312,808200.0,65.37168884277344
2004-06-07,75.83000183105469,74.29000091552734,74.45999908447266,75.69999694824219,1159600.0,66.67525482177734
2004-06-08,76.47000122070312,75.31999969482422,75.69999694824219,76.47000122070312,1267200.0,67.41580963134766
2004-06-09,76.47000122070312,75.80000305175781,76.47000122070312,76.01000213623047,812000.0,67.01026916503906
2004-06-10,77.9000015258789,76.18000030517578,77.4000015258789,76.94000244140625,1917900.0,67.83015441894531
2004-06-14,77.3499984741211,76.20999908447266,76.5999984741211,76.69000244140625,1034400.0,67.60973358154297
2004-06-15,77.80000305175781,76.80000305175781,76.94000244140625,77.4000015258789,1259600.0,68.23572540283203
2004-06-16,78.25,77.5999984741211,77.75,78.16999816894531,1475600.0,68.91452026367188
2004-06-17,78.16000366210938,76.9000015258789,78.16000366210938,77.93000030517578,1014500.0,68.70292663574219
2004-06-18,78.62000274658203,77.51000213623047,77.91000366210938,78.2300033569336,957800.0,68.96743774414062
2004-06-21,78.54000091552734,77.9800033569336,78.19999694824219,77.9800033569336,599600.0,68.74701690673828
2004-06-22,78.4800033569336,77.76000213623047,78.02999877929688,78.43000030517578,888400.0,69.14373016357422
2004-06-23,80.43000030517578,78.86000061035156,79.02999877929688,80.05000305175781,2908000.0,70.57193756103516
2004-06-24,80.13999938964844,79.36000061035156,79.76000213623047,79.75,1270300.0,70.30743408203125
2004-06-25,80.33999633789062,79.45999908447266,79.81999969482422,79.83000183105469,1199800.0,70.37792205810547
2004-06-28,81.77999877929688,80.0999984741211,80.0999984741211,80.77999877929688,1710100.0,71.2154769897461
2004-06-29,81.36000061035156,80.80000305175781,80.80999755859375,81.06999969482422,1056200.0,71.47118377685547
2004-06-30,81.81999969482422,80.3499984741211,80.95999908447266,81.69000244140625,1458500.0,72.01773834228516
2004-07-01,81.98999786376953,80.12000274658203,81.55000305175781,80.9000015258789,1735500.0,71.3212661743164
2004-07-02,81.0999984741211,80.0999984741211,81.04000091552734,80.5,799200.0,70.96861267089844
2004-07-06,80.44999694824219,79.47000122070312,79.9000015258789,80.05999755859375,1001200.0,70.58074188232422
2004-07-07,80.9800033569336,80.05999755859375,80.05999755859375,80.9800033569336,992900.0,71.39179229736328
2004-07-08,80.68000030517578,79.33000183105469,80.55999755859375,79.33000183105469,1180900.0,69.93717956542969
2004-07-09,80.02999877929688,78.83000183105469,79.5999984741211,79.94000244140625,1263000.0,70.47494506835938
2004-07-12,80.26000213623047,79.22000122070312,79.94000244140625,79.93000030517578,743100.0,70.46613311767578
2004-07-13,79.9800033569336,79.3499984741211,79.9000015258789,79.5,663800.0,70.08708190917969
2004-07-14,80.75,79.06999969482422,79.1500015258789,80.0,1634000.0,70.52783966064453
2004-07-15,81.94999694824219,79.95999908447266,80.0,81.30000305175781,1309500.0,71.67393493652344
2004-07-16,81.87000274658203,80.76000213623047,81.86000061035156,80.80000305175781,971100.0,71.23311614990234
2004-07-19,81.25,80.26000213623047,80.98999786376953,80.81999969482422,994700.0,71.250732421875
2004-07-20,82.80999755859375,80.81999969482422,80.83000183105469,82.80999755859375,1557200.0,73.00511169433594
2004-07-21,83.47000122070312,81.56999969482422,82.80999755859375,81.56999969482422,1605500.0,71.91194915771484
2004-07-22,81.91999816894531,80.37999725341797,81.56999969482422,81.16999816894531,2267800.0,71.55929565429688
2004-07-23,81.5,79.98999786376953,80.7699966430664,80.56999969482422,1481000.0,71.03038024902344
2004-07-26,81.12999725341797,79.98999786376953,80.61000061035156,80.36000061035156,961400.0,70.84519958496094
2004-07-27,81.0,79.63999938964844,80.4000015258789,80.45999908447266,1268600.0,70.93338012695312
2004-07-28,81.47000122070312,79.51000213623047,80.19999694824219,81.19999694824219,1393100.0,71.5857925415039
2004-07-29,81.97000122070312,80.69000244140625,81.20999908447266,81.91999816894531,1413700.0,72.22047424316406
2004-07-30,81.91999816894531,81.2699966430664,81.91999816894531,81.87999725341797,846200.0,72.18522644042969
2004-08-02,82.76000213623047,81.25,81.69999694824219,82.44999694824219,1330500.0,72.68773651123047
2004-08-03,82.80000305175781,81.62000274658203,82.45999908447266,81.80999755859375,912100.0,72.12351989746094
2004-08-04,81.98999786376953,80.70999908447266,81.3499984741211,81.4800033569336,1308600.0,71.83260345458984
2004-08-05,81.68000030517578,79.25,81.68000030517578,79.25,1573900.0,69.86663055419922
2004-08-06,78.69999694824219,77.5,78.30000305175781,78.13999938964844,1711900.0,68.88805389404297
2004-08-09,78.41999816894531,77.31999969482422,77.94000244140625,77.31999969482422,1100600.0,68.1651611328125
2004-08-10,79.01000213623047,77.55000305175781,77.62000274658203,79.01000213623047,1054100.0,69.6550521850586
2004-08-11,79.12999725341797,77.58000183105469,78.75,78.69000244140625,1594000.0,69.3729476928711
2004-08-12,78.56999969482422,76.66999816894531,78.5,77.3499984741211,1230300.0,68.19160461425781
2004-08-13,77.83000183105469,76.25,77.3499984741211,76.43000030517578,1094400.0,67.38052368164062
2004-08-16,78.56999969482422,76.5,76.5,78.56999969482422,1578900.0,69.26718139648438
2004-08-17,79.56999969482422,78.47000122070312,78.91999816894531,78.62999725341797,1149000.0,69.32006072998047
2004-08-18,79.41000366210938,78.27999877929688,78.62999725341797,79.30000305175781,864200.0,69.91069793701172
2004-08-19,79.37999725341797,78.08999633789062,79.13999938964844,78.5999984741211,806500.0,69.29362487792969
2004-08-20,79.45999908447266,77.94999694824219,78.69000244140625,79.30000305175781,1293800.0,69.91069793701172
2004-08-23,82.33999633789062,80.18000030517578,81.4000015258789,80.94999694824219,3446900.0,71.36534118652344
2004-08-24,82.05000305175781,81.0199966430664,81.30000305175781,81.72000122070312,2105200.0,72.044189453125
2004-08-25,82.58999633789062,81.33000183105469,81.94000244140625,82.01000213623047,1582500.0,72.29985809326172
2004-08-26,82.44000244140625,80.9800033569336,82.05000305175781,81.54000091552734,1611700.0,71.88552856445312
2004-08-27,81.9800033569336,81.1500015258789,81.77999877929688,81.33000183105469,1349200.0,71.70039367675781
2004-08-30,81.93000030517578,81.0,81.0,81.25,1087000.0,71.62980651855469
2004-08-31,82.12000274658203,81.26000213623047,81.6500015258789,81.98999786376953,1205200.0,72.28221893310547
2004-09-01,82.91000366210938,81.87999725341797,82.30000305175781,82.27999877929688,1722600.0,72.53789520263672
2004-09-02,83.48999786376953,82.41000366210938,82.5,83.33000183105469,1405900.0,73.46356964111328
2004-09-03,83.5199966430664,82.66000366210938,83.25,83.01000213623047,841400.0,73.18145751953125
2004-09-07,84.33999633789062,83.5,83.5,84.19999694824219,1232200.0,74.23052978515625
2004-09-08,84.19000244140625,83.68000030517578,83.91000366210938,83.83000183105469,920000.0,73.96589660644531
2004-09-09,84.19999694824219,83.54000091552734,84.0999984741211,83.94999694824219,1070300.0,74.07173156738281
2004-09-10,85.83000183105469,84.4000015258789,84.6500015258789,85.66000366210938,2081800.0,75.5805435180664
2004-09-13,86.66999816894531,85.58000183105469,85.9800033569336,86.5,1439000.0,76.3216781616211
2004-09-14,86.51000213623047,85.72000122070312,86.5,86.33000183105469,1500200.0,76.17168426513672
2004-09-15,86.52999877929688,85.7699966430664,86.33000183105469,85.87999725341797,1218200.0,75.7746353149414
2004-09-16,87.0,85.80000305175781,86.06999969482422,87.0,1081900.0,76.7628402709961
2004-09-17,88.11000061035156,87.33000183105469,87.4000015258789,88.11000061035156,2052200.0,77.74225616455078
2004-09-20,88.9000015258789,87.80000305175781,88.01000213623047,88.55000305175781,1862500.0,78.1304702758789
2004-09-21,88.80000305175781,87.52999877929688,87.8499984741211,88.69000244140625,2225800.0,78.2540054321289
2004-09-22,87.5,84.62999725341797,87.18000030517578,85.20999908447266,4711200.0,75.18344116210938
2004-09-23,84.83000183105469,83.70999908447266,84.19999694824219,83.95999908447266,2615400.0,74.08055877685547
2004-09-24,85.0199966430664,83.5,83.5,84.58999633789062,1894900.0,74.63641357421875
2004-09-27,85.6500015258789,84.30999755859375,84.6500015258789,85.4000015258789,1665700.0,75.35113525390625
2004-09-28,85.7300033569336,84.69999694824219,85.54000091552734,85.19999694824219,1102800.0,75.17463684082031
2004-09-29,85.1500015258789,84.12999725341797,85.1500015258789,85.04000091552734,1429100.0,75.03347778320312
2004-09-30,85.94999694824219,84.4800033569336,85.05000305175781,85.69000244140625,1931200.0,75.60697937011719
2004-10-01,86.80000305175781,85.69999694824219,85.9800033569336,86.26000213623047,1675500.0,76.10991668701172
2004-10-04,87.79000091552734,86.81999969482422,86.9800033569336,87.63999938964844,1731700.0,77.32756042480469
2004-10-05,87.94999694824219,87.0199966430664,87.63999938964844,87.38999938964844,1211600.0,77.10691833496094
2004-10-06,88.3499984741211,87.44000244140625,87.58000183105469,88.29000091552734,983100.0,77.90101623535156
2004-10-07,88.0,86.69999694824219,87.80000305175781,86.8499984741211,1189000.0,76.63048553466797
2004-10-08,86.8499984741211,85.5199966430664,86.8499984741211,85.94000244140625,1098600.0,75.82757568359375
2004-10-11,86.77999877929688,85.75,86.3499984741211,86.44999694824219,779800.0,76.27760314941406
2004-10-12,86.97000122070312,85.69000244140625,86.45999908447266,86.88999938964844,1082200.0,76.66580963134766
2004-10-13,87.58000183105469,84.56999969482422,87.05000305175781,84.93000030517578,1899400.0,74.93640899658203
2004-10-14,85.66999816894531,84.70999908447266,85.33000183105469,85.0,1282700.0,74.9981689453125
2004-10-15,86.4800033569336,85.0999984741211,85.0999984741211,86.19999694824219,2771600.0,76.05699157714844
2004-10-18,87.12999725341797,85.33000183105469,86.20999908447266,86.9000015258789,1404600.0,76.67463684082031
2004-10-19,88.0199966430664,86.5999984741211,86.9000015258789,86.5999984741211,1501700.0,76.40988159179688
2004-10-20,87.87000274658203,86.29000091552734,86.5999984741211,87.87000274658203,1400400.0,77.53048706054688
2004-10-21,89.95999908447266,87.87000274658203,87.87000274658203,89.44999694824219,2820200.0,78.92454528808594
2004-10-22,90.0,87.68000030517578,89.45999908447266,87.77999877929688,1689900.0,77.45105743408203
2004-10-25,87.98999786376953,86.69000244140625,87.4000015258789,86.94000244140625,1932200.0,76.70992279052734
2004-10-26,88.61000061035156,86.70999908447266,87.04000091552734,88.61000061035156,1719100.0,78.18338012695312
2004-10-27,90.05999755859375,88.12000274658203,88.61000061035156,89.79000091552734,1635500.0,79.22457885742188
2004-10-28,90.55000305175781,88.68000030517578,89.80000305175781,90.55000305175781,1720400.0,79.89514923095703
2004-10-29,91.12000274658203,90.37999725341797,90.51000213623047,91.12000274658203,1825400.0,80.39803314208984
2004-11-01,91.62999725341797,90.13999938964844,91.12000274658203,90.69999694824219,1837000.0,80.02745819091797
2004-11-02,91.91999816894531,89.76000213623047,90.70999908447266,90.97000122070312,2711000.0,80.26570129394531
2004-11-03,91.91000366210938,89.63999938964844,91.69999694824219,90.16000366210938,2272800.0,79.55097961425781
2004-11-04,91.73999786376953,90.19999694824219,90.38999938964844,91.4800033569336,2346800.0,80.71571350097656
2004-11-05,92.61000061035156,91.44000244140625,91.58999633789062,91.94000244140625,1202500.0,81.1215591430664
2004-11-08,93.52999877929688,91.98999786376953,92.16000366210938,93.31999969482422,1415500.0,82.33915710449219
2004-11-09,93.91999816894531,92.4000015258789,93.0999984741211,92.62000274658203,1178600.0,81.72152709960938
2004-11-10,93.3499984741211,92.13999938964844,92.94999694824219,92.62000274658203,1159700.0,81.72152709960938
2004-11-11,94.98999786376953,93.05000305175781,93.30000305175781,94.80000305175781,1748800.0,83.64505004882812
2004-11-12,95.4000015258789,93.83999633789062,94.80000305175781,95.37000274658203,1871700.0,84.14796447753906
2004-11-15,95.63999938964844,94.55999755859375,95.52999877929688,94.95999908447266,1376800.0,83.78620910644531
2004-11-16,94.97000122070312,93.30000305175781,94.95999908447266,93.73999786376953,1465500.0,82.70976257324219
2004-11-17,95.23999786376953,93.94999694824219,93.94999694824219,94.44999694824219,1694400.0,83.33618927001953
2004-11-18,94.98999786376953,94.4000015258789,94.75,94.77999877929688,737000.0,83.62740325927734
2004-11-19,95.2300033569336,93.58000183105469,95.2300033569336,94.05000305175781,1277400.0,82.98330688476562
2004-11-22,95.41000366210938,94.19999694824219,94.4000015258789,95.27999877929688,1185600.0,84.06854248046875
2004-11-23,95.61000061035156,94.62000274658203,95.44999694824219,95.43000030517578,1089200.0,84.20089721679688
2004-11-24,96.20999908447266,95.48999786376953,95.5,95.70999908447266,1071200.0,84.44794464111328
2004-11-26,95.9000015258789,95.3499984741211,95.6500015258789,95.70999908447266,530400.0,84.44794464111328
2004-11-29,96.62999725341797,94.81999969482422,96.33000183105469,95.43000030517578,2134500.0,84.20089721679688
2004-11-30,95.58000183105469,94.94000244140625,95.55000305175781,95.02999877929688,1719000.0,83.84796905517578
2004-12-01,96.08999633789062,95.0199966430664,95.04000091552734,95.94000244140625,1387900.0,84.65087890625
2004-12-02,97.69000244140625,95.62999725341797,95.94000244140625,96.91000366210938,1637000.0,85.50674438476562
2004-12-03,97.55999755859375,96.05000305175781,96.91999816894531,96.69999694824219,1612700.0,85.32147979736328
2004-12-06,97.7699966430664,96.4800033569336,96.5,97.43000030517578,1089000.0,85.96553802490234
2004-12-07,98.05000305175781,95.77999877929688,97.52999877929688,96.26000213623047,1075900.0,84.93324279785156
2004-12-08,99.0999984741211,97.75,97.80000305175781,99.02999877929688,3193200.0,87.37728118896484
2004-12-09,99.83000183105469,98.1500015258789,98.95999908447266,99.61000061035156,2324000.0,87.95121765136719
2004-12-10,99.72000122070312,98.6500015258789,99.70999908447266,98.8499984741211,1127600.0,87.28016662597656
2004-12-13,99.58000183105469,98.69999694824219,99.5,99.19999694824219,876200.0,87.58917236328125
2004-12-14,99.87999725341797,99.19000244140625,99.55999755859375,99.5,1359600.0,87.85407257080078
2004-12-15,100.30000305175781,98.62000274658203,99.69999694824219,98.75,2355500.0,87.19187927246094
2004-12-16,97.75,95.31999969482422,95.58999633789062,97.70999908447266,5145000.0,86.27360534667969
2004-12-17,100.05999755859375,97.80000305175781,97.80000305175781,100.01000213623047,3176500.0,88.30437469482422
2004-12-20,100.62000274658203,99.62999725341797,99.98999786376953,100.08999633789062,1958000.0,88.37505340576172
2004-12-21,100.91999816894531,100.12999725341797,100.9000015258789,100.52999877929688,1754800.0,88.7635498046875
2004-12-22,100.37000274658203,99.38999938964844,100.30000305175781,99.62999725341797,1922600.0,87.96886444091797
2004-12-23,99.80000305175781,98.25,99.80000305175781,98.76000213623047,1606600.0,87.20071411132812
2004-12-27,99.41999816894531,97.80999755859375,99.4000015258789,97.80999755859375,1531800.0,86.36190795898438
2004-12-28,98.91000366210938,97.98999786376953,98.0999984741211,98.91000366210938,1573800.0,87.3331298828125
2004-12-29,99.51000213623047,98.69000244140625,99.43000030517578,99.43000030517578,843100.0,87.79225158691406
2004-12-30,99.75,98.58999633789062,99.44000244140625,98.94999694824219,814300.0,87.36846160888672
2004-12-31,99.0,98.36000061035156,98.94999694824219,98.48999786376953,682200.0,86.96228790283203
2005-01-03,99.30000305175781,97.37000274658203,99.12000274658203,97.4000015258789,1478400.0,85.99988555908203
2005-01-04,97.66999816894531,95.5,97.4000015258789,95.66000366210938,2527100.0,84.46353149414062
2005-01-05,96.2300033569336,95.16000366210938,95.91999816894531,95.54000091552734,2320700.0,84.35759735107422
2005-01-06,95.9800033569336,95.0,95.54000091552734,95.19000244140625,2044700.0,84.04853820800781
2005-01-07,97.48999786376953,94.66000366210938,96.30000305175781,94.91000366210938,3214500.0,83.80134582519531
2005-01-10,95.83000183105469,94.91000366210938,94.91000366210938,95.58999633789062,2154200.0,84.4017333984375
2005-01-11,95.81999969482422,95.18000030517578,95.19999694824219,95.41000366210938,2231700.0,84.2427749633789
2005-01-12,95.30000305175781,93.5,94.38999938964844,94.47000122070312,4172200.0,83.41279602050781
2005-01-13,95.33999633789062,93.55000305175781,94.77999877929688,93.76000213623047,3112400.0,82.78594207763672
2005-01-14,94.22000122070312,93.0,93.94999694824219,93.31999969482422,2170300.0,82.39742279052734
2005-01-18,94.88999938964844,93.0999984741211,93.31999969482422,93.8499984741211,1951000.0,82.86541748046875
2005-01-19,94.69999694824219,93.08000183105469,94.02999877929688,93.25,2215100.0,82.33562469482422
2005-01-20,93.62999725341797,91.3499984741211,93.1500015258789,91.56999969482422,2697200.0,80.85224151611328
2005-01-21,92.02999877929688,89.75,91.37999725341797,90.33999633789062,3142200.0,79.76620483398438
2005-01-24,93.08999633789062,91.2300033569336,91.5999984741211,92.44000244140625,2818900.0,81.62045288085938
2005-01-25,94.9000015258789,92.55000305175781,93.25,94.51000213623047,2827200.0,83.44812774658203
2005-01-26,95.08999633789062,93.77999877929688,94.9000015258789,94.44999694824219,2327500.0,83.39515686035156
2005-01-27,95.0,93.33999633789062,94.62000274658203,94.16999816894531,1941600.0,83.1479263305664
2005-01-28,94.5199966430664,93.29000091552734,94.18000030517578,94.43000030517578,1437600.0,83.37751007080078
2005-01-31,95.9000015258789,94.5999984741211,94.95999908447266,95.6500015258789,1848300.0,84.45470428466797
2005-02-01,96.0,95.37999725341797,96.0,95.72000122070312,1205800.0,84.51649475097656
2005-02-02,95.91999816894531,95.0999984741211,95.5,95.41000366210938,1581600.0,84.2427749633789
2005-02-03,95.41999816894531,94.08999633789062,95.41999816894531,94.43000030517578,1990200.0,83.37751007080078
2005-02-04,96.36000061035156,94.54000091552734,94.80000305175781,96.36000061035156,3484300.0,85.08161163330078
2005-02-07,96.58999633789062,95.80999755859375,96.19000244140625,96.0999984741211,1366700.0,84.8520278930664
2005-02-08,96.8499984741211,95.0999984741211,96.0999984741211,96.79000091552734,2639600.0,85.4612808227539
2005-02-09,97.4000015258789,96.30999755859375,96.4800033569336,96.66999816894531,1976300.0,85.35533142089844
2005-02-10,97.19999694824219,96.1500015258789,96.87000274658203,96.47000122070312,1210700.0,85.17874908447266
2005-02-11,98.56999969482422,96.58000183105469,96.7300033569336,98.01000213623047,1401900.0,86.53848266601562
2005-02-14,97.76000213623047,95.88999938964844,97.75,96.30999755859375,2372600.0,85.03746795654297
2005-02-15,97.19999694824219,95.9800033569336,96.77999877929688,97.18000030517578,1331900.0,85.80563354492188
2005-02-16,98.61000061035156,96.81999969482422,97.08999633789062,98.3499984741211,1242800.0,86.83869934082031
2005-02-17,98.41000366210938,96.97000122070312,98.1500015258789,97.75,1023200.0,86.30892181396484
2005-02-18,98.19000244140625,96.83999633789062,97.80000305175781,97.3499984741211,998200.0,85.95572662353516
2005-02-22,97.33999633789062,95.52999877929688,97.04000091552734,95.63999938964844,1200100.0,84.44587707519531
2005-02-23,97.08000183105469,95.63999938964844,95.63999938964844,96.63999938964844,1109400.0,85.32884979248047
2005-02-24,97.83999633789062,95.9000015258789,96.61000061035156,97.72000122070312,954100.0,86.28243255615234
2005-02-25,98.63999938964844,97.44000244140625,97.69000244140625,98.44000244140625,1226000.0,86.91817474365234
2005-02-28,98.91000366210938,97.22000122070312,98.26000213623047,97.77999877929688,1505600.0,86.33540344238281
2005-03-01,98.30999755859375,97.62999725341797,97.83999633789062,98.0999984741211,1134000.0,86.61796569824219
2005-03-02,97.8499984741211,96.76000213623047,97.5,97.16000366210938,1176600.0,85.78797912597656
2005-03-03,98.02999877929688,96.73999786376953,97.30000305175781,97.93000030517578,1293500.0,86.46783447265625
2005-03-04,99.98999786376953,98.13999938964844,98.16000366210938,99.5999984741211,1266300.0,87.94241333007812
2005-03-07,101.87000274658203,99.33999633789062,99.66999816894531,101.55000305175781,1784100.0,89.66413879394531
2005-03-08,101.54000091552734,100.51000213623047,101.0,100.7300033569336,980700.0,88.9401626586914
2005-03-09,100.4000015258789,99.54000091552734,100.25,99.56999969482422,995600.0,87.97702026367188
2005-03-10,99.69000244140625,98.5,99.4000015258789,99.12000274658203,1261200.0,87.57942199707031
2005-03-11,100.19000244140625,98.83999633789062,99.12000274658203,99.7300033569336,1013600.0,88.11842346191406
2005-03-14,100.9000015258789,99.48999786376953,100.41999816894531,100.58000183105469,1693900.0,88.86946105957031
2005-03-15,101.18000030517578,98.62000274658203,100.75,98.62999725341797,1899900.0,87.146484375
2005-03-16,99.0999984741211,96.36000061035156,98.70999908447266,96.93000030517578,2330100.0,85.6444320678711
2005-03-17,98.37999725341797,95.0199966430664,96.93000030517578,96.83999633789062,2803400.0,85.56490325927734
2005-03-18,97.18000030517578,95.22000122070312,96.93000030517578,96.12999725341797,3362200.0,84.93755340576172
2005-03-21,96.0,93.97000122070312,95.5,94.81999969482422,1920800.0,83.78009796142578
2005-03-22,96.48999786376953,94.6500015258789,94.94000244140625,94.6500015258789,1526300.0,83.62989044189453
2005-03-23,94.25,92.75,93.69999694824219,93.87000274658203,1522400.0,82.94068145751953
2005-03-24,94.83000183105469,93.8499984741211,94.23999786376953,93.88999938964844,1044400.0,82.95832824707031
2005-03-28,95.08000183105469,94.01000213623047,94.01000213623047,94.5999984741211,1055900.0,83.5856704711914
2005-03-29,94.45999908447266,92.88999938964844,94.19000244140625,93.20999908447266,1757300.0,82.35753631591797
2005-03-30,95.18000030517578,93.5,93.5,95.0,1103200.0,83.93912506103516
2005-03-31,95.1500015258789,93.55999755859375,94.81999969482422,93.94999694824219,1356400.0,83.01136016845703
2005-04-01,94.97000122070312,92.0199966430664,94.06999969482422,92.3499984741211,2497800.0,81.59766387939453
2005-04-04,93.19999694824219,91.51000213623047,92.3499984741211,92.87999725341797,1372500.0,82.0659408569336
2005-04-05,93.55999755859375,92.54000091552734,92.87000274658203,92.88999938964844,802500.0,82.07479858398438
2005-04-06,94.04000091552734,92.62999725341797,92.9000015258789,93.11000061035156,898400.0,82.26917266845703
2005-04-07,93.30000305175781,92.0,93.05000305175781,92.91000366210938,1428400.0,82.09246063232422
2005-04-08,92.7699966430664,90.83999633789062,92.76000213623047,91.0199966430664,1536100.0,80.42251586914062
2005-04-11,91.95999908447266,90.5999984741211,91.4000015258789,90.69000244140625,1361000.0,80.13094329833984
2005-04-12,92.04000091552734,89.11000061035156,90.5,91.81999969482422,2184200.0,81.12936401367188
2005-04-13,91.41999816894531,88.61000061035156,91.41000366210938,89.25,1820300.0,78.85858917236328
2005-04-14,89.44000244140625,85.66999816894531,89.25,86.18000030517578,3631100.0,76.14603424072266
2005-04-15,86.68000030517578,83.33000183105469,85.75,83.94999694824219,4082800.0,74.17567443847656
2005-04-18,85.5199966430664,83.25,84.19999694824219,84.76000213623047,2442200.0,74.89137268066406
2005-04-19,85.41000366210938,84.0,84.87000274658203,85.05000305175781,1806100.0,75.14759826660156
2005-04-20,84.87000274658203,83.11000061035156,84.75,83.69000244140625,2410100.0,73.94596099853516
2005-04-21,87.29000091552734,84.55000305175781,84.94000244140625,87.0999984741211,2426000.0,76.95890045166016
2005-04-22,86.98999786376953,85.05000305175781,86.5,85.61000061035156,2375800.0,75.64237976074219
2005-04-25,86.98999786376953,85.62000274658203,85.75,85.97000122070312,1322400.0,75.9604721069336
2005-04-26,86.41999816894531,84.5199966430664,86.08999633789062,84.62999725341797,1779100.0,74.77648162841797
2005-04-27,85.5,83.26000213623047,84.5,85.08999633789062,2015200.0,75.18293762207031
2005-04-28,85.12000274658203,83.61000061035156,84.29000091552734,83.66000366210938,1410400.0,73.91946411132812
2005-04-29,84.94999694824219,83.44000244140625,84.0,84.94999694824219,1259900.0,75.05924987792969
2005-05-02,86.0,84.5999984741211,84.80000305175781,86.0,1599700.0,75.98703002929688
2005-05-03,86.18000030517578,84.83999633789062,85.9000015258789,84.87999725341797,1416900.0,74.99739837646484
2005-05-04,86.61000061035156,84.61000061035156,85.0999984741211,86.54000091552734,1553800.0,76.46414184570312
2005-05-05,87.5999984741211,86.5199966430664,86.54000091552734,87.19000244140625,1440900.0,77.03845977783203
2005-05-06,87.58999633789062,86.3499984741211,87.3499984741211,86.69999694824219,907700.0,76.60550689697266
2005-05-09,88.05000305175781,86.69999694824219,87.05000305175781,87.66999816894531,1332500.0,77.46255493164062
2005-05-10,87.4800033569336,86.26000213623047,87.19999694824219,86.44999694824219,1588300.0,76.38462829589844
2005-05-11,88.6500015258789,86.87999725341797,88.25,87.5999984741211,2300000.0,77.40069580078125
2005-05-12,87.6500015258789,84.70999908447266,87.5999984741211,85.33999633789062,2089400.0,75.40385437011719
2005-05-13,85.5,84.0199966430664,85.33999633789062,84.61000061035156,2131300.0,74.75883483886719
2005-05-16,86.5199966430664,84.87999725341797,85.0,86.47000122070312,1808900.0,76.40228271484375
2005-05-17,87.7699966430664,85.5999984741211,86.0,87.52999877929688,1378600.0,77.33885955810547
2005-05-18,89.41000366210938,87.41999816894531,87.75,89.11000061035156,1316500.0,78.73489379882812
2005-05-19,89.69000244140625,88.41000366210938,89.11000061035156,89.22000122070312,844500.0,78.83209228515625
2005-05-20,89.55000305175781,87.87999725341797,89.47000122070312,88.30999755859375,1226100.0,78.02802276611328
2005-05-23,89.83000183105469,88.30999755859375,88.47000122070312,88.7300033569336,1313100.0,78.39916229248047
2005-05-24,88.91999816894531,87.47000122070312,88.7300033569336,88.68000030517578,1894800.0,78.35494232177734
2005-05-25,88.9000015258789,88.08999633789062,88.68000030517578,88.69999694824219,1203000.0,78.37261962890625
2005-05-26,90.7300033569336,89.0,89.22000122070312,90.33000183105469,1502500.0,79.81285858154297
2005-05-27,90.47000122070312,89.45999908447266,90.33999633789062,89.87999725341797,1161500.0,79.4152603149414
2005-05-31,90.04000091552734,88.83999633789062,89.88999938964844,89.41999816894531,1458800.0,79.00879669189453
2005-06-01,90.69999694824219,88.69999694824219,89.30999755859375,90.19000244140625,1798400.0,79.68914794921875
2005-06-02,91.4000015258789,89.87000274658203,90.20999908447266,91.25,1145300.0,80.6257553100586
2005-06-03,91.43000030517578,90.43000030517578,90.83999633789062,90.69000244140625,1113600.0,80.13094329833984
2005-06-06,90.87000274658203,90.12000274658203,90.55999755859375,90.5,1029400.0,79.96302795410156
2005-06-07,91.2300033569336,89.91999816894531,90.93000030517578,89.95999908447266,1554300.0,79.48591613769531
2005-06-08,90.16999816894531,89.44000244140625,90.0999984741211,89.69999694824219,2012100.0,79.32675170898438
2005-06-09,89.01000213623047,85.37999725341797,89.0,87.62000274658203,5990000.0,77.48729705810547
2005-06-10,87.5999984741211,86.41000366210938,87.29000091552734,86.44000244140625,3054600.0,76.4437484741211
2005-06-13,87.69999694824219,85.5999984741211,86.4000015258789,86.69999694824219,1733800.0,76.67369842529297
2005-06-14,86.94999694824219,85.05000305175781,86.91000366210938,85.16999816894531,2089100.0,75.32059478759766
2005-06-15,86.62000274658203,84.9000015258789,85.9800033569336,86.31999969482422,2218700.0,76.3376235961914
2005-06-16,86.86000061035156,85.62000274658203,86.5,86.70999908447266,1645500.0,76.6825180053711
2005-06-17,87.66999816894531,86.7300033569336,87.5199966430664,87.31999969482422,1623700.0,77.22199249267578
2005-06-20,88.19999694824219,86.51000213623047,87.37999725341797,87.81999969482422,2189400.0,77.66413116455078
2005-06-21,88.5999984741211,87.4000015258789,88.30999755859375,88.2300033569336,2219100.0,78.02676391601562
2005-06-22,88.79000091552734,87.25,88.44000244140625,88.12000274658203,1131100.0,77.929443359375
2005-06-23,85.75,80.5999984741211,85.5,80.7699966430664,12035300.0,71.42945861816406
2005-06-24,81.5,79.55000305175781,81.5,80.0999984741211,5084300.0,70.8369369506836
2005-06-27,81.05000305175781,79.62999725341797,80.11000061035156,80.12000274658203,2446400.0,70.85462188720703
2005-06-28,81.69999694824219,80.3499984741211,80.3499984741211,81.55999755859375,2499700.0,72.12808990478516
2005-06-29,83.37000274658203,81.70999908447266,82.19999694824219,82.80000305175781,4286800.0,73.22470092773438
2005-06-30,83.3499984741211,80.9800033569336,83.0999984741211,81.01000213623047,2713300.0,71.64170837402344
2005-07-01,82.6500015258789,81.37999725341797,81.48999786376953,82.23999786376953,2058800.0,72.72943878173828
2005-07-05,83.30999755859375,81.30000305175781,82.0,83.0,2539800.0,73.40152740478516
2005-07-06,82.93000030517578,82.16999816894531,82.68000030517578,82.29000091552734,1871400.0,72.77366638183594
2005-07-07,83.06999969482422,80.5,81.5,82.81999969482422,1759500.0,73.24237060546875
2005-07-08,84.5,82.5999984741211,82.94000244140625,83.95999908447266,2316500.0,74.25053405761719
2005-07-11,84.5,83.43000030517578,84.25,83.75,2099500.0,74.06484985351562
2005-07-12,83.77999877929688,82.62000274658203,83.77999877929688,82.69999694824219,1715700.0,73.13626861572266
2005-07-13,83.68000030517578,82.30000305175781,82.69999694824219,83.48999786376953,1325600.0,73.83489227294922
2005-07-14,84.23999786376953,83.0999984741211,83.5999984741211,83.4000015258789,1798200.0,73.75531005859375
2005-07-15,83.5999984741211,82.58999633789062,83.5999984741211,83.04000091552734,1458100.0,73.43695831298828
2005-07-18,83.02999877929688,82.08000183105469,82.94000244140625,82.11000061035156,1165300.0,72.6144790649414
2005-07-19,82.94999694824219,82.05000305175781,82.5999984741211,82.16000366210938,1900100.0,72.65870666503906
2005-07-20,84.75,81.6500015258789,81.7300033569336,84.36000061035156,3061500.0,74.60429382324219
2005-07-21,85.87999725341797,83.61000061035156,84.5199966430664,84.97000122070312,2911800.0,75.14371490478516
2005-07-22,85.41000366210938,84.12000274658203,85.41000366210938,85.0999984741211,1627300.0,75.25871276855469
2005-07-25,85.29000091552734,83.83999633789062,84.91999816894531,83.9000015258789,1998500.0,74.19747924804688
2005-07-26,84.98999786376953,83.12999725341797,84.0,84.6500015258789,1399900.0,74.8607406616211
2005-07-27,85.52999877929688,84.45999908447266,84.81999969482422,84.68000030517578,1561100.0,74.88729858398438
2005-07-28,85.75,84.70999908447266,84.91000366210938,85.5199966430664,1124200.0,75.6301040649414
2005-07-29,85.63999938964844,84.08999633789062,85.30000305175781,84.08999633789062,1233000.0,74.36551666259766
2005-08-01,85.05000305175781,84.0,84.13999938964844,84.76000213623047,1128500.0,74.9580307006836
2005-08-02,85.58999633789062,84.38999938964844,84.75,85.5,1324000.0,75.61248779296875
2005-08-03,85.25,84.05000305175781,85.25,84.6500015258789,1915500.0,74.8607406616211
2005-08-04,85.16000366210938,84.30999755859375,84.4000015258789,85.0,1595700.0,75.17027282714844
2005-08-05,85.3499984741211,84.4000015258789,85.01000213623047,84.5999984741211,1595200.0,74.81651306152344
2005-08-08,85.1500015258789,84.30999755859375,85.0,84.6500015258789,1503000.0,74.8607406616211
2005-08-09,85.19999694824219,84.5199966430664,84.8499984741211,84.62999725341797,1376000.0,74.8430404663086
2005-08-10,86.5,84.63999938964844,84.83999633789062,84.80000305175781,2396200.0,74.993408203125
2005-08-11,85.69000244140625,84.6500015258789,84.80999755859375,85.3499984741211,1353200.0,75.47977447509766
2005-08-12,85.0199966430664,84.3499984741211,84.9000015258789,84.6500015258789,1246500.0,74.8607406616211
2005-08-15,85.44999694824219,84.05999755859375,84.55000305175781,85.05999755859375,852200.0,75.22333526611328
2005-08-16,85.44999694824219,84.19000244140625,84.8499984741211,84.36000061035156,2468300.0,74.60429382324219
2005-08-17,84.5999984741211,83.36000061035156,84.26000213623047,84.19999694824219,2327700.0,74.46277618408203
2005-08-18,85.30000305175781,83.66000366210938,83.94999694824219,84.69000244140625,1511600.0,74.8960952758789
2005-08-19,85.13999938964844,84.30999755859375,85.0999984741211,84.7699966430664,932800.0,74.96687316894531
2005-08-22,85.0,83.47000122070312,84.7699966430664,83.83999633789062,1497400.0,74.14441680908203
2005-08-23,84.06999969482422,82.5,84.05999755859375,82.51000213623047,1649400.0,72.96823120117188
2005-08-24,83.75,82.05000305175781,82.1500015258789,82.37999725341797,1724100.0,72.85325622558594
2005-08-25,82.8499984741211,82.08000183105469,82.62999725341797,82.44999694824219,1208800.0,72.9151611328125
2005-08-26,82.73999786376953,81.30999755859375,82.66000366210938,81.68000030517578,1387000.0,72.23419952392578
2005-08-29,82.37999725341797,80.83000183105469,81.22000122070312,82.19999694824219,1649500.0,72.69405364990234
2005-08-30,82.20999908447266,80.58000183105469,82.20999908447266,81.37000274658203,2163100.0,71.9600601196289
2005-08-31,82.0,80.69000244140625,81.62999725341797,81.44000244140625,2298000.0,72.02197265625
2005-09-01,82.0,80.12000274658203,81.25,80.55000305175781,2266300.0,71.23490142822266
2005-09-02,81.13999938964844,80.31999969482422,80.31999969482422,80.51000213623047,1249600.0,71.19953155517578
2005-09-06,81.80999755859375,80.5999984741211,80.5999984741211,81.3499984741211,1436400.0,71.94236755371094
2005-09-07,81.70999908447266,80.95999908447266,81.43000030517578,81.1500015258789,1153100.0,71.76551818847656
2005-09-08,81.12999725341797,79.87999725341797,81.06999969482422,80.30000305175781,1910500.0,71.0838851928711
2005-09-09,80.41000366210938,79.33999633789062,80.30999755859375,79.76000213623047,2397800.0,70.6058578491211
2005-09-12,81.30000305175781,79.55000305175781,79.76000213623047,81.05000305175781,1671300.0,71.747802734375
2005-09-13,81.05000305175781,79.69999694824219,81.05000305175781,80.0199966430664,1860200.0,70.83602905273438
2005-09-14,80.37999725341797,79.70999908447266,79.91999816894531,79.80000305175781,1132300.0,70.6412582397461
2005-09-15,80.4000015258789,79.25,79.98999786376953,79.72000122070312,1020900.0,70.57044982910156
2005-09-16,80.33999633789062,79.25,80.25,80.19000244140625,2288600.0,70.98651885986328
2005-09-19,79.80000305175781,77.76000213623047,79.5199966430664,77.93000030517578,2793600.0,68.98587036132812
2005-09-20,78.44000244140625,76.80999755859375,78.44000244140625,77.0,3150800.0,68.1626205444336
2005-09-21,83.56999969482422,81.66000366210938,82.29000091552734,83.1500015258789,7225000.0,73.60677337646484
2005-09-22,83.73999786376953,82.16000366210938,82.5999984741211,83.33000183105469,2819400.0,73.76614379882812
2005-09-23,83.87000274658203,82.7300033569336,83.54000091552734,83.0999984741211,2269500.0,73.56250762939453
2005-09-26,84.11000061035156,83.3499984741211,83.76000213623047,83.68000030517578,2741600.0,74.0759506225586
2005-09-27,84.56999969482422,83.58000183105469,83.95999908447266,84.3499984741211,1953900.0,74.66905975341797
2005-09-28,85.7300033569336,84.5,84.83000183105469,85.25,1935500.0,75.46575164794922
2005-09-29,87.2699966430664,84.69999694824219,85.5,87.01000213623047,2318300.0,77.02374267578125
2005-09-30,87.38999938964844,86.43000030517578,87.0199966430664,87.12999725341797,1196400.0,77.12995910644531
2005-10-03,87.12999725341797,86.02999877929688,86.87999725341797,86.29000091552734,1852400.0,76.38639831542969
2005-10-04,87.01000213623047,85.54000091552734,85.94000244140625,85.58999633789062,1529800.0,75.7667236328125
2005-10-05,86.95999908447266,85.08000183105469,85.8499984741211,85.61000061035156,2164600.0,75.78441619873047
2005-10-06,87.80000305175781,86.19999694824219,86.33000183105469,87.25,2796700.0,77.23619842529297
2005-10-07,87.9000015258789,86.7300033569336,87.38999938964844,87.4000015258789,1909500.0,77.36902618408203
2005-10-10,88.5999984741211,87.08000183105469,87.6500015258789,88.04000091552734,1301300.0,77.9355239868164
2005-10-11,88.83999633789062,87.94000244140625,88.3499984741211,88.29000091552734,1558600.0,78.15680694580078
2005-10-12,88.88999938964844,86.33999633789062,87.95999908447266,87.12000274658203,1819400.0,77.12113189697266
2005-10-13,87.18000030517578,85.9800033569336,86.5,86.58000183105469,1834300.0,76.64313507080078
2005-10-14,87.69999694824219,85.95999908447266,86.9000015258789,87.5999984741211,1373400.0,77.54602813720703
2005-10-17,88.16000366210938,87.23999786376953,87.5999984741211,88.16000366210938,959700.0,78.0417709350586
2005-10-18,88.26000213623047,87.44999694824219,87.94000244140625,88.08999633789062,1138200.0,77.97980499267578
2005-10-19,89.0999984741211,86.7699966430664,88.08999633789062,88.83000183105469,1743700.0,78.6348648071289
2005-10-20,90.0999984741211,88.58999633789062,89.44999694824219,89.20999908447266,2070300.0,78.97124481201172
2005-10-21,89.31999969482422,88.30000305175781,89.22000122070312,88.52999877929688,2026500.0,78.36932373046875
2005-10-24,91.44999694824219,88.87000274658203,88.9000015258789,90.98999786376953,2267000.0,80.54695892333984
2005-10-25,91.94000244140625,90.4800033569336,91.0,91.08999633789062,2239200.0,80.63546752929688
2005-10-26,91.13999938964844,90.27999877929688,90.58999633789062,90.47000122070312,1235600.0,80.0866470336914
2005-10-27,90.48999786376953,88.94999694824219,90.19999694824219,89.51000213623047,1299700.0,79.23686981201172
2005-10-28,90.98999786376953,89.91000366210938,89.98999786376953,90.62999725341797,1437600.0,80.22830200195312
2005-10-31,92.23999786376953,90.68000030517578,90.68000030517578,91.93000030517578,1468200.0,81.37906646728516
2005-11-01,92.47000122070312,91.62999725341797,92.05000305175781,91.7300033569336,1672800.0,81.20205688476562
2005-11-02,93.5199966430664,91.9000015258789,92.4000015258789,93.5,2179500.0,82.7688980102539
2005-11-03,95.81999969482422,93.30000305175781,93.5,94.72000122070312,2335800.0,83.848876953125
2005-11-04,94.9800033569336,93.05999755859375,94.72000122070312,93.54000091552734,1543500.0,82.80426788330078
2005-11-07,94.47000122070312,93.5199966430664,93.54000091552734,94.29000091552734,1012900.0,83.46823120117188
2005-11-08,94.80000305175781,93.80000305175781,94.29000091552734,94.2699966430664,851900.0,83.45052337646484
2005-11-09,94.98999786376953,93.69999694824219,94.2699966430664,94.87000274658203,859900.0,83.98168182373047
2005-11-10,95.66999816894531,93.95999908447266,94.68000030517578,95.61000061035156,1092300.0,84.6367416381836
2005-11-11,96.58999633789062,95.62000274658203,95.66000366210938,96.0,1778000.0,84.98198699951172
2005-11-14,96.5,95.45999908447266,95.94999694824219,96.3499984741211,1178600.0,85.29180145263672
2005-11-15,95.48999786376953,93.80999755859375,95.3499984741211,94.05999755859375,2155800.0,83.26463317871094
2005-11-16,94.08000183105469,92.0999984741211,93.94999694824219,93.47000122070312,2115800.0,82.7423324584961
2005-11-17,95.73999786376953,94.05000305175781,94.05000305175781,95.73999786376953,1339800.0,84.7518081665039
2005-11-18,97.80999755859375,96.54000091552734,96.94999694824219,97.80000305175781,2189200.0,86.57537078857422
2005-11-21,98.69000244140625,97.18000030517578,97.80000305175781,97.98999786376953,1717000.0,86.74357604980469
2005-11-22,98.55999755859375,97.66000366210938,98.0,98.25,2078300.0,86.9737319946289
2005-11-23,98.72000122070312,97.80000305175781,98.05000305175781,98.0999984741211,781500.0,86.84095001220703
2005-11-25,98.69999694824219,98.0999984741211,98.3499984741211,98.18000030517578,292100.0,86.91178131103516
2005-11-28,98.5,96.69000244140625,98.18000030517578,96.86000061035156,1529700.0,85.7432632446289
2005-11-29,98.55000305175781,97.5,97.5,97.9000015258789,1199100.0,86.66390991210938
2005-11-30,98.80999755859375,97.47000122070312,98.19999694824219,97.62000274658203,1388200.0,86.416015625
2005-12-01,98.75,98.08000183105469,98.27999877929688,98.37999725341797,1116500.0,87.08879852294922
2005-12-02,98.68000030517578,97.5999984741211,98.58000183105469,97.81999969482422,543800.0,86.59307861328125
2005-12-05,97.51000213623047,95.79000091552734,97.5,95.79000091552734,1830500.0,84.79605102539062
2005-12-06,99.94000244140625,97.08999633789062,97.56999969482422,99.01000213623047,3073800.0,87.64651489257812
2005-12-07,100.16000366210938,98.4800033569336,98.5999984741211,99.4800033569336,1669700.0,88.06258392333984
2005-12-08,99.69000244140625,97.13999938964844,99.48999786376953,97.66999816894531,1650400.0,86.4603042602539
2005-12-09,98.5,97.86000061035156,98.0,98.08000183105469,947600.0,86.89441680908203
2005-12-12,98.77999877929688,97.41000366210938,98.25,98.08999633789062,883900.0,86.90326690673828
2005-12-13,98.55000305175781,97.37999725341797,98.0999984741211,98.55000305175781,1197700.0,87.3108139038086
2005-12-14,100.08000183105469,98.63999938964844,98.75,99.8499984741211,1447800.0,88.46253204345703
2005-12-15,100.94999694824219,99.4000015258789,99.44999694824219,100.5999984741211,1279700.0,89.12699890136719
2005-12-16,101.22000122070312,99.9000015258789,101.1500015258789,99.9000015258789,1449700.0,88.5068588256836
2005-12-19,100.63999938964844,99.05000305175781,99.9000015258789,99.2300033569336,1015200.0,87.91329956054688
2005-12-20,99.76000213623047,98.48999786376953,99.30000305175781,98.48999786376953,1701700.0,87.25764465332031
2005-12-21,104.02999877929688,100.62999725341797,100.62999725341797,103.69999694824219,4480700.0,91.87348175048828
2005-12-22,105.29000091552734,103.04000091552734,103.05000305175781,104.2699966430664,2888300.0,92.37847900390625
2005-12-23,104.91999816894531,103.93000030517578,104.20999908447266,104.55999755859375,1070900.0,92.63543701171875
2005-12-27,105.81999969482422,104.11000061035156,104.9000015258789,104.25,1403000.0,92.36077117919922
2005-12-28,104.80000305175781,104.1500015258789,104.3499984741211,104.20999908447266,1010100.0,92.3253173828125
2005-12-29,105.69000244140625,103.7300033569336,104.01000213623047,103.7300033569336,961300.0,91.90005493164062
2005-12-30,103.8499984741211,103.06999969482422,103.3499984741211,103.38999938964844,918200.0,91.59886169433594
2006-01-03,103.8499984741211,100.94000244140625,103.37999725341797,103.31999969482422,2227400.0,91.53684997558594
2006-01-04,105.36000061035156,103.30000305175781,103.31999969482422,104.83999633789062,1783900.0,92.88346099853516
2006-01-05,105.05000305175781,103.30999755859375,104.08999633789062,103.7699966430664,1351000.0,91.93548583984375
2006-01-06,103.9800033569336,101.51000213623047,103.6500015258789,102.58999633789062,1759100.0,90.89006805419922
2006-01-09,103.54000091552734,101.80000305175781,102.0,102.91999816894531,1512600.0,91.18243408203125
2006-01-10,102.91999816894531,101.70999908447266,102.91999816894531,101.98999786376953,1210200.0,90.3585205078125
2006-01-11,102.44999694824219,101.52999877929688,102.0999984741211,101.7699966430664,1231000.0,90.1635971069336
2006-01-12,101.16999816894531,99.5999984741211,100.98999786376953,100.30999755859375,1681700.0,88.87008666992188
2006-01-13,101.0199966430664,99.66999816894531,100.5,100.0,782600.0,88.595458984375
2006-01-17,99.7699966430664,97.47000122070312,99.76000213623047,98.19000244140625,1973800.0,86.99185180664062
2006-01-18,100.83000183105469,97.4000015258789,98.19000244140625,100.62000274658203,1861500.0,89.14474487304688
2006-01-19,103.22000122070312,100.6500015258789,100.97000122070312,102.72000122070312,1931900.0,91.0052490234375
2006-01-20,103.8499984741211,99.52999877929688,103.4000015258789,99.94999694824219,2848500.0,88.55113220214844
2006-01-23,100.7300033569336,98.45999908447266,100.58000183105469,100.26000213623047,1414000.0,88.82581329345703
2006-01-24,101.55000305175781,99.30000305175781,100.44999694824219,101.22000122070312,1281300.0,89.67630767822266
2006-01-25,102.47000122070312,100.4000015258789,101.9000015258789,100.80000305175781,1387900.0,89.30420684814453
2006-01-26,102.19999694824219,101.13999938964844,101.5,101.9000015258789,1033200.0,90.27876281738281
2006-01-27,102.83999633789062,100.75,101.8499984741211,102.45999908447266,1023300.0,90.77489471435547
2006-01-30,102.79000091552734,102.0,102.19000244140625,102.22000122070312,700900.0,90.56228637695312
2006-01-31,102.75,101.12000274658203,102.2300033569336,101.1500015258789,1210500.0,89.61430358886719
2006-02-01,101.3499984741211,99.44000244140625,101.19999694824219,99.73999786376953,2145900.0,88.36506652832031
2006-02-02,99.95999908447266,98.41999816894531,99.7300033569336,98.5,1522200.0,87.26651763916016
2006-02-03,98.69000244140625,96.5,98.0,98.48999786376953,1579700.0,87.25764465332031
2006-02-06,98.7300033569336,97.83000183105469,98.44999694824219,98.58999633789062,753700.0,87.34622955322266
2006-02-07,99.16999816894531,97.69999694824219,98.5,98.0199966430664,959900.0,86.84124755859375
2006-02-08,100.43000030517578,98.0,98.75,100.37999725341797,1420300.0,88.9321060180664
2006-02-09,101.02999877929688,99.37999725341797,100.44999694824219,99.55000305175781,1031700.0,88.19679260253906
2006-02-10,100.22000122070312,99.18000030517578,99.55000305175781,99.75,1073400.0,88.37396240234375
2006-02-13,102.38999938964844,99.80000305175781,99.80000305175781,101.12000274658203,1570700.0,89.58771514892578
2006-02-14,103.87000274658203,101.19999694824219,101.19999694824219,103.69999694824219,2046600.0,91.87348175048828
2006-02-15,104.5,102.55000305175781,103.25,104.30000305175781,1410700.0,92.4050521850586
2006-02-16,104.9000015258789,102.76000213623047,103.94999694824219,104.62999725341797,1326000.0,92.6974105834961
2006-02-17,105.1500015258789,103.91000366210938,104.69999694824219,105.05000305175781,1248700.0,93.06951904296875
2006-02-21,105.4000015258789,104.4000015258789,104.91999816894531,105.04000091552734,1784000.0,93.06066131591797
2006-02-22,106.91999816894531,105.0,105.0,106.4000015258789,2249800.0,94.26557922363281
2006-02-23,107.5,106.12999725341797,106.6500015258789,106.7300033569336,1179500.0,94.55793762207031
2006-02-24,107.62999725341797,106.75,107.4000015258789,107.16000366210938,1325600.0,94.93890380859375
2006-02-27,108.83000183105469,106.87999725341797,107.37000274658203,108.63999938964844,1276500.0,96.2500991821289
2006-02-28,108.54000091552734,106.83000183105469,108.44999694824219,107.23999786376953,1551800.0,95.00975036621094
2006-03-01,110.56999969482422,108.62000274658203,109.75,110.43000030517578,2693400.0,97.83594512939453
2006-03-02,110.0999984741211,108.63999938964844,110.0,109.4000015258789,1884100.0,96.92339324951172
2006-03-03,112.37000274658203,109.05000305175781,109.19000244140625,111.5,1874400.0,98.78392028808594
2006-03-06,111.83999633789062,110.02999877929688,111.29000091552734,111.58000183105469,1433200.0,98.85481262207031
2006-03-07,112.38999938964844,110.77999877929688,110.77999877929688,112.0,1314200.0,99.22689819335938
2006-03-08,112.19000244140625,109.98999786376953,112.08999633789062,111.77999877929688,1445100.0,99.0320053100586
2006-03-09,113.29000091552734,111.62999725341797,111.81999969482422,112.3499984741211,2125000.0,99.6082534790039
2006-03-10,113.18000030517578,111.66999816894531,112.08000183105469,112.01000213623047,1251600.0,99.30682373046875
2006-03-13,112.88999938964844,111.75,112.04000091552734,112.31999969482422,1208000.0,99.58164978027344
2006-03-14,114.80000305175781,112.44999694824219,112.5,114.76000213623047,1674500.0,101.74496459960938
2006-03-15,116.0,114.2300033569336,114.36000061035156,116.0,1573300.0,102.84431457519531
2006-03-16,116.0,114.0,116.0,114.51000213623047,1471800.0,101.52328491210938
2006-03-17,115.19999694824219,113.55000305175781,115.19999694824219,114.94000244140625,1732300.0,101.90452575683594
2006-03-20,114.97000122070312,113.41000366210938,114.62000274658203,114.0,1389000.0,101.07110595703125
2006-03-21,114.30000305175781,113.1500015258789,113.3499984741211,113.22000122070312,1590900.0,100.37960052490234
2006-03-22,114.87000274658203,111.4000015258789,112.70999908447266,114.44000244140625,2797400.0,101.46125793457031
2006-03-23,114.25,111.61000061035156,113.98999786376953,113.0,2004300.0,100.18455505371094
2006-03-24,113.05000305175781,111.62999725341797,113.05000305175781,111.80999755859375,972000.0,99.12952423095703
2006-03-27,113.0,111.69999694824219,111.69999694824219,112.73999786376953,1009700.0,99.95405578613281
2006-03-28,113.3499984741211,112.1500015258789,112.54000091552734,112.62000274658203,896200.0,99.84766387939453
2006-03-29,112.56999969482422,111.48999786376953,112.12000274658203,111.81999969482422,1199300.0,99.13838958740234
2006-03-30,112.87000274658203,110.51000213623047,111.25,111.45999908447266,1175200.0,98.81919860839844
2006-03-31,113.13999938964844,111.66999816894531,111.83999633789062,112.94000244140625,1393200.0,100.13135528564453
2006-04-03,114.88999938964844,113.30000305175781,113.5999984741211,114.68000030517578,1476400.0,101.67401885986328
2006-04-04,117.0199966430664,114.44999694824219,114.68000030517578,116.91999816894531,1879000.0,103.65998840332031
2006-04-05,117.97000122070312,116.45999908447266,116.6500015258789,117.72000122070312,1460700.0,104.36927032470703
2006-04-06,118.9800033569336,117.0,117.72000122070312,118.19999694824219,1294200.0,104.7948226928711
2006-04-07,119.25,116.91999816894531,119.19999694824219,117.0999984741211,1458900.0,103.81957244873047
2006-04-10,118.30000305175781,116.73999786376953,117.3499984741211,117.80000305175781,1325100.0,104.440185546875
2006-04-11,118.55000305175781,115.81999969482422,118.4000015258789,116.05999755859375,1391700.0,102.89752197265625
2006-04-12,116.3499984741211,114.3499984741211,115.80000305175781,114.41999816894531,1859600.0,101.44351196289062
2006-04-13,114.91000366210938,113.80999755859375,114.30000305175781,114.8499984741211,971900.0,101.82474517822266
2006-04-17,114.79000091552734,112.9000015258789,114.30000305175781,113.29000091552734,1020100.0,100.44165802001953
2006-04-18,115.37000274658203,113.48999786376953,113.48999786376953,115.27999877929688,2126000.0,102.20597076416016
2006-04-19,116.7699966430664,115.20999908447266,116.04000091552734,115.66000366210938,1012100.0,102.54287719726562
2006-04-20,117.01000213623047,115.2300033569336,115.9000015258789,115.27999877929688,1278800.0,102.20597076416016
2006-04-21,116.5,114.94000244140625,116.08999633789062,115.38999938964844,1519300.0,102.30352783203125
2006-04-24,116.0,114.22000122070312,114.94999694824219,115.66999816894531,1091100.0,102.55176544189453
2006-04-25,115.5999984741211,113.58000183105469,115.5,113.77999877929688,1241500.0,100.8760986328125
2006-04-26,115.0,113.83999633789062,114.43000030517578,114.30999755859375,819200.0,101.34598541259766
2006-04-27,115.27999877929688,113.05999755859375,114.05999755859375,115.19999694824219,1191500.0,102.13507080078125
2006-04-28,115.23999786376953,113.97000122070312,114.58000183105469,115.12999725341797,1201100.0,102.07294464111328
2006-05-01,115.29000091552734,113.44000244140625,115.12999725341797,113.5999984741211,1197100.0,100.71650695800781
2006-05-02,116.44000244140625,113.5,114.19999694824219,116.08000183105469,1511000.0,102.91525268554688
2006-05-03,114.76000213623047,113.0,114.25,114.18000030517578,2104800.0,101.2307357788086
2006-05-04,118.29000091552734,114.37999725341797,114.51000213623047,118.19999694824219,2298300.0,104.7948226928711
2006-05-05,120.01000213623047,118.41000366210938,118.98999786376953,119.30999755859375,2298600.0,105.77892303466797
2006-05-08,119.72000122070312,118.69999694824219,119.4000015258789,119.05999755859375,773300.0,105.5572738647461
2006-05-09,119.58999633789062,118.0999984741211,118.55000305175781,119.41999816894531,875800.0,105.87647247314453
2006-05-10,118.6500015258789,117.58000183105469,118.6500015258789,118.08999633789062,1281300.0,104.69731140136719
2006-05-11,117.98999786376953,116.25,117.68000030517578,117.2699966430664,1308500.0,103.97029876708984
2006-05-12,117.48999786376953,115.0,117.47000122070312,115.05999755859375,991000.0,102.01091766357422
2006-05-15,115.7300033569336,114.16000366210938,114.30000305175781,115.44000244140625,991400.0,102.34781646728516
2006-05-16,116.22000122070312,114.9000015258789,116.0999984741211,115.43000030517578,893000.0,102.3389663696289
2006-05-17,115.44000244140625,109.30000305175781,115.43000030517578,109.91999816894531,3206800.0,97.45387268066406
2006-05-18,110.5,108.55999755859375,110.25,109.25,2257100.0,96.85985565185547
2006-05-19,110.2300033569336,107.44000244140625,109.80000305175781,109.33999633789062,2277100.0,96.93965911865234
2006-05-22,110.37000274658203,107.9000015258789,109.19999694824219,110.05000305175781,1822200.0,97.56912231445312
2006-05-23,110.98999786376953,107.68000030517578,110.75,107.68000030517578,1565800.0,95.46790313720703
2006-05-24,108.0999984741211,106.0,107.69000244140625,107.31999969482422,2329900.0,95.14873504638672
2006-05-25,108.48999786376953,107.05000305175781,108.30000305175781,107.72000122070312,1346200.0,95.50334930419922
2006-05-26,107.93000030517578,106.94999694824219,107.72000122070312,107.48999786376953,1018500.0,95.29946899414062
2006-05-30,107.98999786376953,106.05000305175781,107.23999786376953,107.30999755859375,1445300.0,95.13985443115234
2006-05-31,109.73999786376953,107.80000305175781,107.9000015258789,109.2699966430664,1517100.0,96.8775863647461
2006-06-01,111.4000015258789,109.2699966430664,109.2699966430664,111.3499984741211,1269300.0,98.72164916992188
2006-06-02,111.4800033569336,110.45999908447266,111.33999633789062,111.12999725341797,1157600.0,98.52664184570312
2006-06-05,110.95999908447266,107.58999633789062,110.4000015258789,107.73999786376953,1288500.0,95.52108764648438
2006-06-06,108.52999877929688,106.2300033569336,107.98999786376953,108.2699966430664,1648000.0,95.99098205566406
2006-06-07,110.4000015258789,107.68000030517578,109.22000122070312,107.75,1665400.0,95.52992248535156
2006-06-08,107.93000030517578,104.55000305175781,107.66000366210938,107.76000213623047,2169000.0,95.61868286132812
2006-06-09,108.41000366210938,106.26000213623047,107.87999725341797,106.56999969482422,1218700.0,94.56278991699219
2006-06-12,107.25,105.02999877929688,106.30999755859375,105.0999984741211,1144400.0,93.25837707519531
2006-06-13,106.55999755859375,103.73999786376953,105.0999984741211,105.19999694824219,1878900.0,93.34711456298828
2006-06-14,105.86000061035156,104.11000061035156,105.19000244140625,105.62000274658203,1384700.0,93.71980285644531
2006-06-15,109.73999786376953,106.05000305175781,106.5,109.5,1738500.0,97.16264343261719
2006-06-16,109.83999633789062,108.52999877929688,108.9800033569336,109.63999938964844,1430000.0,97.28688049316406
2006-06-19,110.9800033569336,109.27999877929688,109.8499984741211,109.72000122070312,1282600.0,97.35787200927734
2006-06-20,110.54000091552734,108.31999969482422,110.05000305175781,108.31999969482422,1944500.0,96.11559295654297
2006-06-21,113.98999786376953,110.1500015258789,110.94999694824219,113.86000061035156,4417000.0,101.0313949584961
2006-06-22,114.41000366210938,112.30000305175781,113.5,113.4800033569336,1703100.0,100.6942138671875
2006-06-23,115.9000015258789,113.19000244140625,113.25,115.04000091552734,1507200.0,102.0784683227539
2006-06-26,115.8499984741211,113.91999816894531,115.04000091552734,115.0199966430664,1230900.0,102.06070709228516
2006-06-27,116.2699966430664,114.01000213623047,115.3499984741211,114.01000213623047,1720800.0,101.16452026367188
2006-06-28,114.5999984741211,112.70999908447266,114.5,112.97000122070312,1988500.0,100.2416763305664
2006-06-29,117.0,113.58000183105469,114.0999984741211,117.0,2672000.0,103.81764221191406
2006-06-30,117.37000274658203,115.95999908447266,117.0,116.86000061035156,1102500.0,103.6933822631836
2006-07-03,118.29000091552734,116.88999938964844,116.98999786376953,118.29000091552734,549100.0,104.96227264404297
2006-07-05,118.73999786376953,115.9000015258789,118.05000305175781,117.16999816894531,1675200.0,103.96847534179688
2006-07-06,117.69999694824219,115.61000061035156,117.4000015258789,116.55999755859375,1353000.0,103.42721557617188
2006-07-07,116.55999755859375,114.2699966430664,116.55999755859375,114.4000015258789,1434100.0,101.51056671142578
2006-07-10,115.4000015258789,113.68000030517578,115.4000015258789,114.98999786376953,895300.0,102.03408813476562
2006-07-11,115.0,112.54000091552734,114.4000015258789,114.76000213623047,1512400.0,101.82999420166016
2006-07-12,115.06999969482422,112.48999786376953,114.94999694824219,112.5999984741211,1635000.0,99.91337585449219
2006-07-13,112.6500015258789,110.16000366210938,112.5999984741211,110.55000305175781,1820500.0,98.0943603515625
2006-07-14,110.48999786376953,107.4000015258789,110.30000305175781,109.01000213623047,2450500.0,96.7278823852539
2006-07-17,109.8499984741211,108.2699966430664,109.0,108.81999969482422,1289300.0,96.55927276611328
2006-07-18,109.91999816894531,107.30000305175781,109.5199966430664,108.4000015258789,1948200.0,96.18659973144531
2006-07-19,112.69000244140625,108.13999938964844,109.0,112.44999694824219,2646400.0,99.7802734375
2006-07-20,113.87000274658203,108.08000183105469,113.5,108.12999725341797,2446700.0,95.94702911376953
2006-07-21,108.86000061035156,104.27999877929688,108.37999725341797,108.48999786376953,3207100.0,96.26644134521484
2006-07-24,110.9000015258789,108.5199966430664,109.44999694824219,110.44000244140625,1627900.0,97.99674224853516
2006-07-25,110.27999877929688,104.61000061035156,106.91000366210938,109.30999755859375,4954000.0,96.99405670166016
2006-07-26,109.0999984741211,105.05000305175781,109.0999984741211,106.66000366210938,3561400.0,94.64262390136719
2006-07-27,106.66999816894531,101.36000061035156,105.19000244140625,101.81999969482422,4047300.0,90.34794616699219
2006-07-28,105.9000015258789,101.69000244140625,101.87999725341797,105.29000091552734,2999600.0,93.4269790649414
2006-07-31,105.19999694824219,104.1500015258789,105.19999694824219,104.70999908447266,2174600.0,92.912353515625
2006-08-01,104.5199966430664,101.8499984741211,104.5,103.20999908447266,2563100.0,91.58131408691406
2006-08-02,104.11000061035156,102.33000183105469,103.5999984741211,103.31999969482422,1663300.0,91.67896270751953
2006-08-03,106.22000122070312,101.61000061035156,101.61000061035156,105.3499984741211,1806200.0,93.48020935058594
2006-08-04,109.5999984741211,103.43000030517578,106.05000305175781,104.51000213623047,2705700.0,92.7348861694336
2006-08-07,104.94999694824219,102.76000213623047,104.5,103.16000366210938,1423200.0,91.53695678710938
2006-08-08,104.44000244140625,101.75,103.75,102.38999938964844,1750700.0,90.85372924804688
2006-08-09,103.9800033569336,97.93000030517578,103.0,98.4000015258789,4002400.0,87.31329345703125
2006-08-10,100.47000122070312,98.0199966430664,98.4000015258789,100.27999877929688,2848800.0,88.98143768310547
2006-08-11,100.1500015258789,97.79000091552734,100.1500015258789,98.33999633789062,2025100.0,87.26002502441406
2006-08-14,100.75,97.91999816894531,99.3499984741211,98.25,3220700.0,87.18018341064453
2006-08-15,100.3499984741211,98.06999969482422,98.75,100.11000061035156,3193500.0,88.83063507080078
2006-08-16,104.5199966430664,100.2699966430664,101.80000305175781,104.1500015258789,3961600.0,92.41543579101562
2006-08-17,104.68000030517578,102.75,103.1500015258789,104.2300033569336,1974200.0,92.48644256591797
2006-08-18,104.83999633789062,103.2300033569336,104.5,103.87999725341797,1342000.0,92.17584228515625
2006-08-21,103.45999908447266,101.06999969482422,103.4000015258789,101.38999938964844,1771500.0,89.96643829345703
2006-08-22,102.25,100.37999725341797,101.4000015258789,100.68000030517578,1857800.0,89.33639526367188
2006-08-23,101.18000030517578,98.52999877929688,100.80000305175781,99.16000366210938,2377700.0,87.9876708984375
2006-08-24,100.25,97.80999755859375,100.0,98.12000274658203,3731900.0,87.0648193359375
2006-08-25,99.66000366210938,97.91999816894531,98.12000274658203,99.1500015258789,1433300.0,87.97876739501953
2006-08-28,101.97000122070312,99.58000183105469,99.5999984741211,100.9000015258789,1958300.0,89.5316390991211
2006-08-29,101.3499984741211,99.37000274658203,100.9000015258789,100.12000274658203,2141900.0,88.83950805664062
2006-08-30,101.16000366210938,99.33999633789062,100.75,100.54000091552734,1419100.0,89.21219635009766
2006-08-31,101.1500015258789,100.0999984741211,100.44000244140625,101.02999877929688,1227400.0,89.64696502685547
2006-09-01,102.08999633789062,100.43000030517578,101.4000015258789,101.81999969482422,1164000.0,90.34794616699219
2006-09-05,102.69999694824219,100.98999786376953,101.81999969482422,101.55000305175781,1881300.0,90.10839080810547
2006-09-06,101.69999694824219,99.94999694824219,101.55000305175781,100.76000213623047,2193600.0,89.40740203857422
2006-09-07,101.08000183105469,99.44999694824219,100.8499984741211,100.5,2049400.0,89.25641632080078
2006-09-08,100.83999633789062,99.75,100.83999633789062,100.70999908447266,1511200.0,89.44290924072266
2006-09-11,101.98999786376953,99.33999633789062,100.70999908447266,101.75,2216400.0,90.3665542602539
2006-09-12,104.86000061035156,102.33000183105469,102.44999694824219,104.80999755859375,2539200.0,93.0842056274414
2006-09-13,107.30000305175781,104.5,104.79000091552734,106.55999755859375,2625000.0,94.63844299316406
2006-09-14,106.51000213623047,104.48999786376953,106.5,105.0,1907200.0,93.2529296875
2006-09-15,106.83999633789062,104.80000305175781,105.80000305175781,105.9000015258789,2554600.0,94.05229187011719
2006-09-18,108.69999694824219,106.4000015258789,106.5,107.58000183105469,2430400.0,95.54431915283203
2006-09-19,108.4800033569336,105.86000061035156,107.6500015258789,106.83999633789062,2505500.0,94.8870849609375
2006-09-20,108.37999725341797,106.66000366210938,107.69999694824219,107.52999877929688,2590600.0,95.49989318847656
2006-09-21,109.6500015258789,104.5999984741211,109.48999786376953,106.0,4931200.0,94.14106750488281
2006-09-22,107.0999984741211,104.80999755859375,106.5999984741211,106.02999877929688,1782600.0,94.16771697998047
2006-09-25,107.0,103.79000091552734,107.0,105.37000274658203,2549800.0,93.58158111572266
2006-09-26,109.69000244140625,105.73999786376953,105.94999694824219,109.56999969482422,3451100.0,97.31169128417969
2006-09-27,110.20999908447266,108.16000366210938,109.56999969482422,110.19999694824219,2525000.0,97.87117767333984
2006-09-28,110.01000213623047,108.38999938964844,109.56999969482422,109.68000030517578,1634800.0,97.40937805175781
2006-09-29,110.0199966430664,107.8499984741211,109.27999877929688,108.68000030517578,1697600.0,96.5212631225586
2006-10-02,109.12999725341797,107.7699966430664,108.9000015258789,108.33999633789062,1184000.0,96.21930694580078
2006-10-03,110.0199966430664,107.37000274658203,108.0,109.54000091552734,1789400.0,97.28504180908203
2006-10-04,111.9000015258789,108.16999816894531,109.4000015258789,111.4000015258789,2376500.0,98.93693542480469
2006-10-05,113.43000030517578,110.7699966430664,111.4000015258789,112.93000030517578,1762400.0,100.29576110839844
2006-10-06,112.72000122070312,110.62000274658203,112.1500015258789,112.30000305175781,1630400.0,99.73627471923828
2006-10-09,112.30000305175781,110.43000030517578,112.30000305175781,111.69999694824219,1245000.0,99.20337677001953
2006-10-10,113.83999633789062,112.08000183105469,112.4000015258789,113.05000305175781,1895300.0,100.40233612060547
2006-10-11,112.6500015258789,110.19999694824219,112.6500015258789,111.0,1832100.0,98.58170318603516
2006-10-12,112.44999694824219,111.18000030517578,111.98999786376953,112.19000244140625,1739700.0,99.63858032226562
2006-10-13,114.55999755859375,111.73999786376953,112.66000366210938,113.9800033569336,2231900.0,101.2282943725586
2006-10-16,117.0,113.61000061035156,113.98999786376953,116.63999938964844,2347300.0,103.59070587158203
2006-10-17,116.19999694824219,113.55999755859375,116.13999938964844,115.81999969482422,2965600.0,102.86244201660156
2006-10-18,116.9800033569336,112.66999816894531,116.41999816894531,113.5,2438900.0,100.80199432373047
2006-10-19,116.0,113.73999786376953,113.80000305175781,115.27999877929688,1756300.0,102.38285827636719
2006-10-20,116.51000213623047,114.51000213623047,115.94999694824219,116.19999694824219,1603000.0,103.19992065429688
2006-10-23,116.58999633789062,114.37000274658203,116.19999694824219,114.6500015258789,1655400.0,101.82334899902344
2006-10-24,116.0,114.05000305175781,114.05000305175781,115.29000091552734,1964200.0,102.3917465209961
2006-10-25,116.4000015258789,113.76000213623047,115.20999908447266,115.16000366210938,2187300.0,102.27629089355469
2006-10-26,115.70999908447266,114.08999633789062,115.16000366210938,115.44999694824219,1271100.0,102.53385162353516
2006-10-27,115.0,113.83999633789062,114.94999694824219,114.02999877929688,1333600.0,101.27271270751953
2006-10-30,115.97000122070312,113.31999969482422,113.43000030517578,115.87999725341797,1362900.0,102.91575622558594
2006-10-31,116.9800033569336,114.02999877929688,116.0999984741211,114.54000091552734,1504400.0,101.72565460205078
2006-11-01,115.26000213623047,111.72000122070312,114.88999938964844,112.5,2228300.0,99.91387176513672
2006-11-02,113.4800033569336,111.0,111.7699966430664,112.08999633789062,1298900.0,99.54975128173828
2006-11-03,114.0,111.86000061035156,113.18000030517578,112.06999969482422,1419900.0,99.5320053100586
2006-11-06,114.2699966430664,112.97000122070312,112.97000122070312,113.94000244140625,1243400.0,101.19279479980469
2006-11-07,115.41000366210938,113.19999694824219,113.8499984741211,115.02999877929688,1550600.0,102.16082000732422
2006-11-08,115.66000366210938,113.4000015258789,114.8499984741211,114.88999938964844,1418000.0,102.0364761352539
2006-11-09,115.37000274658203,113.4800033569336,115.37000274658203,113.4800033569336,1527700.0,100.78425598144531
2006-11-10,115.04000091552734,113.04000091552734,113.80000305175781,114.75,1103700.0,101.91214752197266
2006-11-13,116.91000366210938,115.0,115.0999984741211,115.41000366210938,1414300.0,102.49832153320312
2006-11-14,116.0,114.04000091552734,115.98999786376953,115.5,1626400.0,102.57827758789062
2006-11-15,117.98999786376953,115.69999694824219,115.88999938964844,117.30999755859375,1856300.0,104.18575286865234
2006-11-16,118.41999816894531,116.83999633789062,117.9800033569336,118.13999938964844,2077000.0,104.92289733886719
2006-11-17,118.47000122070312,117.0,118.1500015258789,117.44000244140625,1287800.0,104.30122375488281
2006-11-20,118.29000091552734,116.87000274658203,118.29000091552734,117.58000183105469,944500.0,104.42556762695312
2006-11-21,118.55000305175781,117.37999725341797,118.27999877929688,117.58000183105469,967000.0,104.42556762695312
2006-11-22,119.20999908447266,117.41000366210938,118.2300033569336,118.62999725341797,1074200.0,105.35808563232422
2006-11-24,118.2699966430664,117.08999633789062,118.20999908447266,117.36000061035156,725600.0,104.23018646240234
2006-11-27,118.04000091552734,115.45999908447266,117.04000091552734,116.0999984741211,1812200.0,103.11111450195312
2006-11-28,116.43000030517578,114.41999816894531,116.0999984741211,115.9000015258789,1484900.0,102.93350219726562
2006-11-29,117.16000366210938,115.29000091552734,116.30999755859375,116.0,1436000.0,103.02230834960938
2006-11-30,116.0999984741211,114.38999938964844,116.0,115.43000030517578,1511900.0,102.51611328125
2006-12-01,115.91000366210938,113.47000122070312,115.5,114.87000274658203,1568300.0,102.01873779296875
2006-12-04,117.16000366210938,115.19000244140625,115.4000015258789,116.02999877929688,1412000.0,103.0489273071289
2006-12-05,117.73999786376953,115.45999908447266,116.12000274658203,117.4800033569336,1442400.0,104.33670806884766
2006-12-06,117.58000183105469,116.36000061035156,117.16999816894531,116.47000122070312,1156600.0,103.43974304199219
2006-12-07,117.5,116.16999816894531,117.5,116.83000183105469,1337500.0,103.75946044921875
2006-12-08,116.5199966430664,114.94999694824219,116.27999877929688,115.30000305175781,1376800.0,102.47957611083984
2006-12-11,115.80000305175781,114.80999755859375,115.30000305175781,115.06999969482422,1320300.0,102.27515411376953
2006-12-12,115.41999816894531,114.0,115.06999969482422,114.69999694824219,1894700.0,101.9463119506836
2006-12-13,115.4000015258789,112.94999694824219,115.4000015258789,113.18000030517578,2247600.0,100.5953140258789
2006-12-14,115.22000122070312,112.66999816894531,113.18000030517578,114.97000122070312,1481000.0,102.18628692626953
2006-12-15,115.95999908447266,114.75,115.19999694824219,115.05999755859375,1883800.0,102.26624298095703
2006-12-18,115.55000305175781,114.4000015258789,115.0,115.05999755859375,2312400.0,102.26624298095703
2006-12-19,115.0,113.0,114.98999786376953,114.0,2285000.0,101.32411193847656
2006-12-20,112.37000274658203,109.5999984741211,110.08999633789062,111.8499984741211,5224900.0,99.41319274902344
2006-12-21,112.19999694824219,108.05999755859375,112.0,108.54000091552734,4037900.0,96.47122955322266
2006-12-22,109.0,106.69000244140625,109.0,107.47000122070312,2362800.0,95.5202407836914
2006-12-26,108.5,106.69000244140625,108.5,107.41999816894531,1607900.0,95.47574615478516
2006-12-27,108.9000015258789,107.18000030517578,108.0,107.94000244140625,1427900.0,95.93793487548828
2006-12-28,108.4800033569336,107.0999984741211,107.5999984741211,107.94999694824219,1328800.0,95.94683837890625
2006-12-29,108.88999938964844,107.62999725341797,107.80000305175781,108.62000274658203,1462200.0,96.54232025146484
2007-01-03,111.05999755859375,108.66000366210938,108.75,109.7699966430664,2596700.0,97.5644760131836
2007-01-04,109.7699966430664,108.23999786376953,109.7699966430664,108.4800033569336,2248200.0,96.41789245605469
2007-01-05,108.52999877929688,107.04000091552734,108.25,107.52999877929688,1346800.0,95.57351684570312
2007-01-08,108.30999755859375,106.91999816894531,108.0,107.8499984741211,1456700.0,95.85794830322266
2007-01-09,109.47000122070312,107.29000091552734,108.80000305175781,108.16999816894531,1627100.0,96.14237213134766
2007-01-10,107.88999938964844,106.62999725341797,107.51000213623047,107.58999633789062,1252800.0,95.62686157226562
2007-01-11,108.25,106.95999908447266,107.83999633789062,107.66999816894531,1613900.0,95.69794464111328
2007-01-12,109.20999908447266,107.5,107.51000213623047,108.86000061035156,1541700.0,96.75566101074219
2007-01-16,112.9000015258789,111.12999725341797,111.9000015258789,111.68000030517578,3118300.0,99.2620849609375
2007-01-17,111.94999694824219,111.05000305175781,111.12000274658203,111.25,1801900.0,98.87989044189453
2007-01-18,112.83000183105469,110.44999694824219,112.83000183105469,110.80999755859375,1857200.0,98.48882293701172
2007-01-19,111.62000274658203,110.52999877929688,111.25,110.9800033569336,1401200.0,98.63992309570312
2007-01-22,111.12000274658203,108.63999938964844,110.6500015258789,109.62000274658203,2168500.0,97.4311294555664
2007-01-23,110.5999984741211,108.66000366210938,109.62000274658203,109.22000122070312,1866900.0,97.07563018798828
2007-01-24,110.9000015258789,109.0,109.29000091552734,110.58000183105469,1214100.0,98.28440856933594
2007-01-25,111.1500015258789,110.26000213623047,110.4800033569336,110.55999755859375,1976900.0,98.2666015625
2007-01-26,110.94999694824219,108.93000030517578,110.44999694824219,109.88999938964844,1879800.0,97.67113494873047
2007-01-29,111.58000183105469,110.0999984741211,110.23999786376953,110.80000305175781,1596200.0,98.47996520996094
2007-01-30,110.20999908447266,108.61000061035156,109.62000274658203,109.20999908447266,2447400.0,97.06678009033203
2007-01-31,110.45999908447266,108.4000015258789,109.19999694824219,110.4000015258789,1974100.0,98.12442779541016
2007-02-01,111.9000015258789,110.30000305175781,110.66999816894531,111.88999938964844,1626400.0,99.44876098632812
2007-02-02,115.36000061035156,113.0,113.69999694824219,114.9800033569336,2994800.0,102.19515991210938
2007-02-05,114.9000015258789,113.55999755859375,114.4000015258789,113.8499984741211,1450300.0,101.19078826904297
2007-02-06,115.0999984741211,113.33000183105469,114.23999786376953,115.0,1887700.0,102.21292114257812
2007-02-07,115.68000030517578,114.37999725341797,115.0,115.2300033569336,1787800.0,102.41735076904297
2007-02-08,114.79000091552734,113.01000213623047,114.77999877929688,113.75,1463400.0,101.1019287109375
2007-02-09,114.38999938964844,113.05999755859375,114.19999694824219,113.38999938964844,1085200.0,100.78193664550781
2007-02-12,114.16000366210938,113.0,113.75,113.18000030517578,961900.0,100.5953140258789
2007-02-13,113.72000122070312,111.83999633789062,113.18000030517578,113.54000091552734,1512100.0,100.9153060913086
2007-02-14,118.1500015258789,114.98999786376953,115.0999984741211,117.58000183105469,3087900.0,104.5060806274414
2007-02-15,117.8499984741211,116.20999908447266,117.5,117.29000091552734,1357800.0,104.24829864501953
2007-02-16,117.58999633789062,116.45999908447266,117.5,117.05000305175781,1318100.0,104.03498077392578
2007-02-20,118.37000274658203,116.19999694824219,116.30000305175781,118.29000091552734,1587100.0,105.13712310791016
2007-02-21,119.41999816894531,117.6500015258789,118.0,119.12999725341797,1573900.0,105.88370513916016
2007-02-22,119.69999694824219,118.44000244140625,119.61000061035156,119.01000213623047,1376300.0,105.77704620361328
2007-02-23,120.97000122070312,118.02999877929688,119.01000213623047,120.97000122070312,2038800.0,107.51912689208984
2007-02-26,121.41999816894531,116.79000091552734,121.19999694824219,116.98999786376953,2392200.0,103.9816665649414
2007-02-27,116.38999938964844,112.5,116.0,113.72000122070312,2766200.0,101.07524871826172
2007-02-28,115.5,113.80000305175781,114.69999694824219,114.2300033569336,1697200.0,101.528564453125
2007-03-01,114.75,111.29000091552734,113.05000305175781,114.16000366210938,2307000.0,101.46633911132812
2007-03-02,114.1500015258789,112.25,113.69999694824219,112.5,1590900.0,99.99091339111328
2007-03-05,112.41000366210938,110.37999725341797,110.4000015258789,111.16999816894531,2008200.0,98.80879974365234
2007-03-06,112.97000122070312,111.51000213623047,112.25,112.56999969482422,1558700.0,100.05311584472656
2007-03-07,112.91999816894531,111.88999938964844,112.19999694824219,112.3499984741211,1128600.0,99.85757446289062
2007-03-08,113.86000061035156,112.8499984741211,113.19999694824219,113.58999633789062,1267800.0,101.04063415527344
2007-03-09,116.76000213623047,114.11000061035156,115.87000274658203,114.66999816894531,1478400.0,102.0013427734375
2007-03-12,115.69000244140625,113.83999633789062,114.25,115.13999938964844,1105200.0,102.41944885253906
2007-03-13,115.05000305175781,112.69000244140625,114.5999984741211,112.69000244140625,2088900.0,100.2401123046875
2007-03-14,113.56999969482422,109.94000244140625,113.08999633789062,112.62000274658203,2464700.0,100.17782592773438
2007-03-15,113.0,111.68000030517578,112.0999984741211,111.87999725341797,1268900.0,99.51957702636719
2007-03-16,112.37000274658203,110.43000030517578,111.87999725341797,111.13999938964844,2563600.0,98.8613052368164
2007-03-19,113.0,111.62999725341797,112.25,112.4800033569336,1528100.0,100.05328369140625
2007-03-20,112.66000366210938,111.73999786376953,112.43000030517578,112.29000091552734,1698100.0,99.88427734375
2007-03-21,112.11000061035156,109.0,109.19999694824219,110.98999786376953,5472500.0,98.72789764404297
2007-03-22,111.3499984741211,110.0999984741211,111.0199966430664,110.62999725341797,2338200.0,98.4076919555664
2007-03-23,112.87999725341797,110.30000305175781,110.62999725341797,112.70999908447266,2005400.0,100.25788879394531
2007-03-26,113.0,110.54000091552734,112.19999694824219,110.83000183105469,2476000.0,98.58556365966797
2007-03-27,110.75,110.0,110.75,110.05000305175781,1995000.0,97.89176177978516
2007-03-28,110.0,107.62000274658203,110.0,107.66999816894531,2774300.0,95.774658203125
2007-03-29,109.19999694824219,106.69000244140625,108.5999984741211,107.69999694824219,2261500.0,95.8013916015625
2007-03-30,108.26000213623047,106.29000091552734,107.94000244140625,107.43000030517578,2228800.0,95.56121063232422
2007-04-02,106.33000183105469,105.1500015258789,105.55000305175781,106.06999969482422,3368900.0,94.35148620605469
2007-04-03,107.75,106.52999877929688,107.05000305175781,107.62999725341797,2025200.0,95.7391357421875
2007-04-04,108.44000244140625,107.75,108.01000213623047,108.11000061035156,1799500.0,96.16609954833984
2007-04-05,108.94000244140625,107.5999984741211,108.0,108.81999969482422,1367300.0,96.79762268066406
2007-04-09,110.36000061035156,108.93000030517578,109.0,109.26000213623047,2094900.0,97.18904113769531
2007-04-10,109.37000274658203,108.05999755859375,109.0,108.33000183105469,1369400.0,96.36178588867188
2007-04-11,108.91000366210938,106.72000122070312,108.19999694824219,107.20999908447266,1711500.0,95.36552429199219
2007-04-12,108.55000305175781,106.30000305175781,107.0999984741211,108.55000305175781,1556000.0,96.5574722290039
2007-04-13,108.55000305175781,106.87999725341797,108.51000213623047,107.91000366210938,1028600.0,95.98818969726562
2007-04-16,108.93000030517578,107.7300033569336,108.30000305175781,108.47000122070312,2039000.0,96.486328125
2007-04-17,109.19999694824219,108.12000274658203,108.69999694824219,108.55000305175781,1686100.0,96.5574722290039
2007-04-18,108.5,107.58000183105469,107.94999694824219,107.88999938964844,1769300.0,95.9703598022461
2007-04-19,109.44000244140625,107.16000366210938,109.44000244140625,107.30000305175781,1570600.0,95.44557189941406
2007-04-20,110.25,107.55999755859375,109.1500015258789,109.02999877929688,2921300.0,96.98446655273438
2007-04-23,109.77999877929688,107.7300033569336,109.25,107.94000244140625,1210500.0,96.01483917236328
2007-04-24,107.91999816894531,106.62000274658203,107.80000305175781,107.1500015258789,1287000.0,95.31212615966797
2007-04-25,108.44000244140625,107.22000122070312,107.2699966430664,108.12000274658203,1474300.0,96.17498779296875
2007-04-26,108.66999816894531,107.54000091552734,107.91999816894531,108.2699966430664,1474000.0,96.30841064453125
2007-04-27,108.2699966430664,106.06999969482422,108.0,107.22000122070312,2145800.0,95.3744125366211
2007-04-30,107.72000122070312,105.44000244140625,107.5999984741211,105.44000244140625,1980300.0,93.79105377197266
2007-05-01,106.43000030517578,105.52999877929688,105.9000015258789,106.11000061035156,2834600.0,94.38706970214844
2007-05-02,108.26000213623047,105.9800033569336,106.30999755859375,107.70999908447266,2245300.0,95.81023406982422
2007-05-03,109.73999786376953,108.5999984741211,108.5999984741211,109.33999633789062,1948100.0,97.26019287109375
2007-05-04,109.9800033569336,109.16999816894531,109.47000122070312,109.5,1894800.0,97.40254211425781
2007-05-07,110.30000305175781,108.91999816894531,109.69000244140625,108.97000122070312,1458800.0,96.93107604980469
2007-05-08,109.05999755859375,107.79000091552734,108.95999908447266,108.72000122070312,1787300.0,96.70870971679688
2007-05-09,109.19000244140625,107.7699966430664,109.05000305175781,108.54000091552734,971500.0,96.54856872558594
2007-05-10,108.80000305175781,106.98999786376953,108.54000091552734,107.23999786376953,2268500.0,95.39222717285156
2007-05-11,108.47000122070312,107.04000091552734,107.37999725341797,108.26000213623047,1013300.0,96.29951477050781
2007-05-14,108.5999984741211,107.0,108.11000061035156,107.41000366210938,975100.0,95.54340362548828
2007-05-15,108.36000061035156,106.76000213623047,107.9000015258789,106.8499984741211,1393200.0,95.04525756835938
2007-05-16,109.18000030517578,107.0,107.0999984741211,108.94000244140625,1967900.0,96.90438079833984
2007-05-17,109.0,107.11000061035156,108.5,107.2300033569336,2147400.0,95.38329315185547
2007-05-18,107.5,106.19999694824219,107.5,106.55000305175781,3950800.0,94.77843475341797
2007-05-21,106.72000122070312,105.55999755859375,106.68000030517578,105.81999969482422,3626000.0,94.12907409667969
2007-05-22,106.05000305175781,104.01000213623047,106.0199966430664,104.48999786376953,5422000.0,92.94602966308594
2007-05-23,106.55000305175781,104.61000061035156,104.6500015258789,106.05999755859375,3424400.0,94.34258270263672
2007-05-24,107.1500015258789,105.70999908447266,106.44000244140625,105.91999816894531,3646900.0,94.21802520751953
2007-05-25,106.87999725341797,105.9000015258789,106.02999877929688,105.95999908447266,3449700.0,94.25359344482422
2007-05-29,109.0,106.5199966430664,106.6500015258789,108.48999786376953,2881200.0,96.50410461425781
2007-05-30,108.87000274658203,107.5999984741211,108.4000015258789,108.80999755859375,2016800.0,96.7887191772461
2007-05-31,111.66999816894531,108.6500015258789,108.91999816894531,111.62000274658203,3043900.0,99.28832244873047
2007-06-01,113.27999877929688,110.33000183105469,112.0,111.29000091552734,2766300.0,98.99478912353516
2007-06-04,111.8499984741211,110.4800033569336,111.4800033569336,110.91999816894531,1213300.0,98.66565704345703
2007-06-05,111.66999816894531,110.0,110.19999694824219,110.5,1336100.0,98.29206085205078
2007-06-06,110.0,108.51000213623047,109.9800033569336,109.27999877929688,1469400.0,97.20683288574219
2007-06-07,109.83000183105469,107.4000015258789,108.87999725341797,107.4000015258789,2504500.0,95.62201690673828
2007-06-08,109.4000015258789,107.5,107.5,109.4000015258789,2400900.0,97.40271759033203
2007-06-11,109.69000244140625,108.04000091552734,109.0199966430664,108.62999725341797,893100.0,96.71713256835938
2007-06-12,108.95999908447266,107.05000305175781,108.62999725341797,107.05000305175781,1490700.0,95.3104248046875
2007-06-13,108.81999969482422,107.12999725341797,107.9000015258789,108.81999969482422,1440200.0,96.88629150390625
2007-06-14,110.98999786376953,108.88999938964844,108.91999816894531,110.77999877929688,2546300.0,98.63134002685547
2007-06-15,112.70999908447266,110.5,111.44999694824219,111.37000274658203,1946600.0,99.15662384033203
2007-06-18,111.3499984741211,109.4000015258789,111.3499984741211,109.91999816894531,2143100.0,97.86565399169922
2007-06-19,109.44000244140625,107.80999755859375,109.41000366210938,108.05999755859375,3049300.0,96.20963287353516
2007-06-20,112.3499984741211,108.51000213623047,108.51000213623047,109.80000305175781,6007900.0,97.75882720947266
2007-06-21,111.73999786376953,109.79000091552734,110.01000213623047,110.91999816894531,2235300.0,98.75599670410156
2007-06-22,111.47000122070312,109.69999694824219,110.30999755859375,109.95999908447266,1898100.0,97.90127563476562
2007-06-25,112.63999938964844,109.69999694824219,109.98999786376953,111.58000183105469,2903300.0,99.34363555908203
2007-06-26,113.02999877929688,111.13999938964844,111.69999694824219,111.69000244140625,2288900.0,99.44155883789062
2007-06-27,111.79000091552734,110.0,110.83999633789062,111.5999984741211,2045900.0,99.3614273071289
2007-06-28,113.0999984741211,110.56999969482422,111.45999908447266,112.37000274658203,2189600.0,100.0469970703125
2007-06-29,112.69000244140625,110.19999694824219,112.37999725341797,110.97000122070312,3282100.0,98.80052185058594
2007-07-02,111.8499984741211,109.41999816894531,111.8499984741211,110.79000091552734,1940500.0,98.64027404785156
2007-07-03,111.45999908447266,110.27999877929688,110.80000305175781,111.0,743000.0,98.82722473144531
2007-07-05,111.19999694824219,109.95999908447266,110.94999694824219,110.37999725341797,1206300.0,98.27522277832031
2007-07-06,111.0,109.83000183105469,110.37999725341797,110.83999633789062,1073000.0,98.68479919433594
2007-07-09,116.9000015258789,112.58000183105469,113.37000274658203,116.16999816894531,5535800.0,103.43025970458984
2007-07-10,116.0,112.33000183105469,115.0,112.80999755859375,3850400.0,100.43872833251953
2007-07-11,114.33000183105469,112.47000122070312,112.80999755859375,113.5199966430664,1742300.0,101.07086944580078
2007-07-12,114.43000030517578,113.2300033569336,114.30000305175781,114.41999816894531,1578400.0,101.8721923828125
2007-07-13,119.0999984741211,113.83000183105469,113.94999694824219,117.25,4619500.0,104.391845703125
2007-07-16,117.23999786376953,115.16000366210938,116.75,115.63999938964844,1765400.0,102.95838928222656
2007-07-17,117.27999877929688,115.30000305175781,115.9000015258789,116.41999816894531,1844400.0,103.65283203125
2007-07-18,117.66000366210938,115.12999725341797,116.0,116.55999755859375,2088500.0,103.77748107910156
2007-07-19,118.0199966430664,117.01000213623047,117.0999984741211,117.19999694824219,1974100.0,104.3473129272461
2007-07-20,117.0,115.30000305175781,116.94999694824219,115.66999816894531,2679300.0,102.98511505126953
2007-07-23,116.38999938964844,114.56999969482422,115.66999816894531,115.62999725341797,2762100.0,102.9494857788086
2007-07-24,115.19000244140625,113.16999816894531,114.9000015258789,113.38999938964844,3223800.0,100.95516204833984
2007-07-25,114.69000244140625,112.13999938964844,114.69000244140625,112.94999694824219,2389100.0,100.56336212158203
2007-07-26,118.5,108.80999755859375,110.62999725341797,110.9000015258789,5208900.0,98.73822021484375
2007-07-27,111.19999694824219,109.01000213623047,110.68000030517578,109.62999725341797,2819500.0,97.60746002197266
2007-07-30,112.05000305175781,109.4000015258789,109.62999725341797,112.0199966430664,1809100.0,99.73538208007812
2007-07-31,112.6500015258789,110.73999786376953,112.5999984741211,110.73999786376953,2264100.0,98.59574127197266
2007-08-01,112.18000030517578,109.5,110.0999984741211,111.13999938964844,2498400.0,98.95187377929688
2007-08-02,112.54000091552734,108.63999938964844,109.5,110.88999938964844,1950600.0,98.72930145263672
2007-08-03,111.1500015258789,108.55000305175781,111.05000305175781,108.55999755859375,2178600.0,96.65482330322266
2007-08-06,110.83999633789062,108.55000305175781,108.75,110.83000183105469,2034300.0,98.67589569091797
2007-08-07,112.12000274658203,109.98999786376953,110.0,111.30999755859375,2146300.0,99.10322570800781
2007-08-08,112.3499984741211,109.1500015258789,111.04000091552734,110.08999633789062,3084200.0,98.01699829101562
2007-08-09,110.33999633789062,107.75,108.55000305175781,109.5,3530400.0,97.49172973632812
2007-08-10,109.6500015258789,108.0,108.44999694824219,109.04000091552734,3824100.0,97.0821762084961
2007-08-13,110.69999694824219,109.44999694824219,109.5999984741211,110.08000183105469,2756700.0,98.00814056396484
2007-08-14,110.19000244140625,107.52999877929688,110.02999877929688,107.56999969482422,2459700.0,95.77338409423828
2007-08-15,108.62000274658203,106.55000305175781,107.79000091552734,106.66999816894531,2460500.0,94.97207641601562
2007-08-16,105.0,99.30000305175781,104.70999908447266,104.16999816894531,5376200.0,92.74625396728516
2007-08-17,110.0,106.0,107.0,108.0,3066100.0,96.15619659423828
2007-08-20,109.06999969482422,107.55999755859375,107.97000122070312,108.93000030517578,2068700.0,96.9842529296875
2007-08-21,109.29000091552734,107.05000305175781,108.5999984741211,108.80999755859375,1978000.0,96.87738800048828
2007-08-22,110.76000213623047,109.26000213623047,110.76000213623047,110.56999969482422,1678000.0,98.44440460205078
2007-08-23,111.05000305175781,109.54000091552734,110.5999984741211,110.30999755859375,2005700.0,98.21288299560547
2007-08-24,111.08000183105469,109.83000183105469,110.05000305175781,111.08000183105469,1035600.0,98.89846801757812
2007-08-27,111.70999908447266,110.08999633789062,111.01000213623047,110.54000091552734,746700.0,98.41767883300781
2007-08-28,110.30000305175781,107.75,109.8499984741211,107.77999877929688,1267800.0,95.96036529541016
2007-08-29,110.12000274658203,108.05000305175781,108.4000015258789,109.91999816894531,1086600.0,97.86565399169922
2007-08-30,110.47000122070312,108.4000015258789,108.80000305175781,108.97000122070312,1081500.0,97.01984405517578
2007-08-31,110.4000015258789,108.68000030517578,109.8499984741211,109.68000030517578,1298400.0,97.65200805664062
2007-09-04,111.29000091552734,108.9000015258789,109.80000305175781,110.8499984741211,1090500.0,98.69368743896484
2007-09-05,110.44000244140625,108.88999938964844,109.9000015258789,109.91999816894531,1302900.0,97.86565399169922
2007-09-06,110.30000305175781,108.5199966430664,109.58999633789062,110.16999816894531,917700.0,98.17755126953125
2007-09-07,109.29000091552734,107.80000305175781,108.8499984741211,108.20999908447266,1539800.0,96.4309310913086
2007-09-10,108.72000122070312,106.73999786376953,108.3499984741211,108.0,1528100.0,96.24378204345703
2007-09-11,109.3499984741211,107.76000213623047,107.98999786376953,108.62999725341797,1047300.0,96.80519104003906
2007-09-12,108.91999816894531,107.26000213623047,107.91000366210938,107.83000183105469,1232900.0,96.09228515625
2007-09-13,109.76000213623047,108.08999633789062,108.48999786376953,108.91999816894531,1116400.0,97.06364440917969
2007-09-14,109.48999786376953,107.9800033569336,108.04000091552734,109.18000030517578,1006700.0,97.29534149169922
2007-09-17,108.80000305175781,107.83999633789062,108.3499984741211,108.11000061035156,1252400.0,96.34180450439453
2007-09-18,109.08000183105469,106.5,108.6500015258789,108.98999786376953,2906100.0,97.12599182128906
2007-09-19,109.87000274658203,106.80999755859375,109.27999877929688,107.51000213623047,4351000.0,95.8071060180664
2007-09-20,106.25,103.5999984741211,105.91000366210938,104.44999694824219,7240600.0,93.08020782470703
2007-09-21,105.5999984741211,103.44000244140625,104.7300033569336,104.0999984741211,3570000.0,92.768310546875
2007-09-24,104.6500015258789,102.05000305175781,104.11000061035156,102.86000061035156,3516500.0,91.66329193115234
2007-09-25,104.87999725341797,102.27999877929688,102.27999877929688,104.58999633789062,2522700.0,93.2049789428711
2007-09-26,105.01000213623047,103.86000061035156,104.87999725341797,104.7300033569336,2084300.0,93.32972717285156
2007-09-27,105.12000274658203,104.4000015258789,105.0,104.63999938964844,1766600.0,93.24955749511719
2007-09-28,104.94999694824219,104.05000305175781,104.72000122070312,104.75,1852900.0,93.3475570678711
2007-10-01,106.4800033569336,104.5,104.98999786376953,106.19999694824219,1628500.0,94.63973999023438
2007-10-02,106.97000122070312,105.16000366210938,106.0,106.5,1836900.0,94.9070816040039
2007-10-03,106.37999725341797,104.58000183105469,106.19999694824219,105.29000091552734,1741400.0,93.82878112792969
2007-10-04,105.62000274658203,104.31999969482422,105.5,104.75,1239400.0,93.3475570678711
2007-10-05,106.5,104.36000061035156,105.41000366210938,106.05999755859375,2323300.0,94.51496887207031
2007-10-08,106.47000122070312,105.0,106.30000305175781,106.0999984741211,1017600.0,94.55059051513672
2007-10-09,107.69999694824219,106.2699966430664,106.2699966430664,107.11000061035156,2122200.0,95.45064544677734
2007-10-10,107.69999694824219,106.70999908447266,107.11000061035156,107.29000091552734,1571800.0,95.611083984375
2007-10-11,108.13999938964844,105.3499984741211,107.33999633789062,106.38999938964844,1993000.0,94.80901336669922
2007-10-12,107.91999816894531,106.19999694824219,106.38999938964844,107.51000213623047,1447500.0,95.8071060180664
2007-10-15,107.54000091552734,105.16000366210938,107.41000366210938,105.77999877929688,1919500.0,94.26542663574219
2007-10-16,106.55000305175781,104.66999816894531,105.12999725341797,104.88999938964844,1745200.0,93.47229766845703
2007-10-17,106.31999969482422,103.4000015258789,106.0,104.87000274658203,1873200.0,93.45450592041016
2007-10-18,105.44999694824219,104.16000366210938,104.63999938964844,105.30999755859375,1269700.0,93.84660339355469
2007-10-19,105.05999755859375,103.19000244140625,104.87999725341797,103.31999969482422,2630000.0,92.07320404052734
2007-10-22,103.62999725341797,101.9000015258789,101.9000015258789,103.02999877929688,3303600.0,91.81478881835938
2007-10-23,104.33000183105469,103.19000244140625,103.75,104.22000122070312,1637400.0,92.87525939941406
2007-10-24,104.77999877929688,102.44000244140625,103.5199966430664,104.19999694824219,2323900.0,92.85742950439453
2007-10-25,104.51000213623047,101.88999938964844,104.51000213623047,103.30000305175781,3014800.0,92.05543518066406
2007-10-26,104.54000091552734,102.68000030517578,104.52999877929688,103.94000244140625,1686600.0,92.62574005126953
2007-10-29,105.0,102.88999938964844,104.5,103.38999938964844,1199900.0,92.13558959960938
2007-10-30,103.86000061035156,102.69999694824219,103.0,103.2300033569336,1216100.0,91.99302673339844
2007-10-31,104.25,102.44999694824219,103.69999694824219,103.33999633789062,2180000.0,92.0910415649414
2007-11-01,103.0,101.05999755859375,102.6500015258789,101.20999908447266,1956200.0,90.19290924072266
2007-11-02,104.0,100.4800033569336,101.5,102.43000030517578,2357500.0,91.28009033203125
2007-11-05,103.56999969482422,101.27999877929688,101.44999694824219,102.58999633789062,1503600.0,91.42266845703125
2007-11-06,103.94000244140625,102.55000305175781,102.6500015258789,103.83000183105469,1177500.0,92.5277099609375
2007-11-07,103.05999755859375,100.52999877929688,102.41000366210938,100.63999938964844,1793100.0,89.6849594116211
2007-11-08,103.0199966430664,99.55999755859375,101.0,102.44000244140625,2976500.0,91.28901672363281
2007-11-09,102.3499984741211,99.72000122070312,101.51000213623047,99.73999786376953,2536000.0,88.8829345703125
2007-11-12,101.37000274658203,99.0,100.41000366210938,99.4800033569336,2273800.0,88.65120697021484
2007-11-13,102.05000305175781,99.87999725341797,100.5199966430664,101.94999694824219,2021300.0,90.85235595703125
2007-11-14,102.83999633789062,100.79000091552734,102.36000061035156,101.25,1634100.0,90.22855377197266
2007-11-15,102.6500015258789,100.56999969482422,100.6500015258789,101.37000274658203,1865700.0,90.33550262451172
2007-11-16,98.38999938964844,96.0999984741211,97.83999633789062,96.80000305175781,6216300.0,86.26296997070312
2007-11-19,96.48999786376953,92.80000305175781,96.0,94.05000305175781,4100200.0,83.81228637695312
2007-11-20,95.54000091552734,92.16999816894531,93.91000366210938,93.3499984741211,3491500.0,83.1884765625
2007-11-21,93.87999725341797,91.55999755859375,92.4000015258789,91.70999908447266,3165800.0,81.72700500488281
2007-11-23,93.5999984741211,92.12999725341797,92.12999725341797,93.5999984741211,872400.0,83.41128540039062
2007-11-26,94.5999984741211,91.4000015258789,93.41999816894531,91.6500015258789,2344000.0,81.67355346679688
2007-11-27,93.20999908447266,91.0999984741211,92.30999755859375,93.20999908447266,2757300.0,83.06372833251953
2007-11-28,97.58000183105469,93.11000061035156,93.25,97.12000274658203,3489500.0,86.54810333251953
2007-11-29,96.97000122070312,95.69999694824219,96.62000274658203,96.19000244140625,1956100.0,85.7193374633789
2007-11-30,98.9000015258789,96.04000091552734,97.1500015258789,98.47000122070312,3192300.0,87.75115966796875
2007-12-03,98.80999755859375,96.98999786376953,97.4800033569336,97.25,2228200.0,86.66397094726562
2007-12-04,98.27999877929688,96.56999969482422,96.86000061035156,97.20999908447266,1856800.0,86.62832641601562
2007-12-05,98.30999755859375,96.58999633789062,98.30999755859375,97.37999725341797,1771600.0,86.7797622680664
2007-12-06,98.55999755859375,96.9000015258789,97.83999633789062,98.48999786376953,1165300.0,87.76898193359375
2007-12-07,100.69999694824219,98.87000274658203,98.87000274658203,100.22000122070312,1784200.0,89.3106689453125
2007-12-10,101.52999877929688,99.75,100.30000305175781,100.87000274658203,1927000.0,89.97969818115234
2007-12-11,101.20999908447266,97.66999816894531,100.81999969482422,97.66999816894531,2238500.0,87.12517547607422
2007-12-12,100.69000244140625,96.70999908447266,99.75,97.97000122070312,2182300.0,87.39277648925781
2007-12-13,97.33000183105469,95.26000213623047,95.4000015258789,97.19000244140625,2355700.0,86.697021484375
2007-12-14,97.55999755859375,95.80999755859375,95.83000183105469,95.91999816894531,2568500.0,85.56413269042969
2007-12-17,96.68000030517578,95.04000091552734,95.30999755859375,95.9000015258789,2390700.0,85.54627990722656
2007-12-18,96.86000061035156,95.75,96.5,96.76000213623047,2071000.0,86.31344604492188
2007-12-19,96.7699966430664,94.41000366210938,96.7699966430664,94.62999725341797,2020900.0,84.41336059570312
2007-12-20,95.12000274658203,92.87000274658203,95.12000274658203,93.62999725341797,2781800.0,83.52133178710938
2007-12-21,95.4800033569336,92.61000061035156,92.61000061035156,94.29000091552734,3756800.0,84.11007690429688
2007-12-24,94.0,91.7699966430664,93.20999908447266,92.12999725341797,2206100.0,82.18327331542969
2007-12-26,93.19999694824219,91.8499984741211,92.0,92.91000366210938,2841200.0,82.87910461425781
2007-12-27,92.86000061035156,91.6500015258789,92.70999908447266,91.9000015258789,2679300.0,81.9781265258789
2007-12-28,92.5999984741211,89.47000122070312,91.61000061035156,90.62000274658203,2736700.0,80.8363265991211
2007-12-31,90.22000122070312,89.01000213623047,90.13999938964844,89.16999816894531,2865100.0,79.54286193847656
2008-01-02,88.56999969482422,85.05999755859375,88.56999969482422,86.16000366210938,6514400.0,76.8578109741211
2008-01-03,87.69000244140625,86.31999969482422,86.62000274658203,87.30999755859375,2623000.0,77.8836669921875
2008-01-04,86.76000213623047,83.18000030517578,86.75,84.0999984741211,4317400.0,75.0202407836914
2008-01-07,85.33000183105469,82.6500015258789,84.79000091552734,83.48999786376953,3991900.0,74.4760971069336
2008-01-08,84.69999694824219,82.66000366210938,84.06999969482422,82.77999877929688,4566100.0,73.8427505493164
2008-01-09,82.91000366210938,81.16999816894531,82.58999633789062,82.77999877929688,3818100.0,73.8427505493164
2008-01-10,85.86000061035156,82.01000213623047,82.01000213623047,85.0199966430664,4717200.0,75.84088897705078
2008-01-11,84.76000213623047,83.44000244140625,84.41999816894531,84.04000091552734,3546800.0,74.9666976928711
2008-01-14,85.38999938964844,83.91999816894531,84.88999938964844,84.63999938964844,1889700.0,75.50191497802734
2008-01-15,84.4000015258789,83.22000122070312,83.76000213623047,83.2699966430664,3182500.0,74.27984619140625
2008-01-16,85.12000274658203,82.31999969482422,82.7300033569336,84.41000366210938,4747700.0,75.2967758178711
2008-01-17,85.33999633789062,82.54000091552734,84.4800033569336,82.77999877929688,3386400.0,73.8427505493164
2008-01-18,84.44999694824219,82.31999969482422,83.19000244140625,84.01000213623047,3553900.0,74.93997192382812
2008-01-22,84.7300033569336,80.0,80.94999694824219,84.16999816894531,4534700.0,75.08268737792969
2008-01-23,89.51000213623047,81.04000091552734,81.55999755859375,88.98999786376953,7978800.0,79.3823013305664
2008-01-24,89.88999938964844,86.9000015258789,89.61000061035156,88.51000213623047,4091800.0,78.95413970947266
2008-01-25,91.44999694824219,88.93000030517578,89.18000030517578,89.95999908447266,5212300.0,80.24756622314453
2008-01-28,92.0199966430664,89.01000213623047,90.01000213623047,91.94999694824219,3518200.0,82.0227279663086
2008-01-29,93.83999633789062,92.08000183105469,92.33999633789062,92.83000183105469,3317900.0,82.80768585205078
2008-01-30,93.48999786376953,91.58999633789062,91.69999694824219,92.04000091552734,4069700.0,82.10303497314453
2008-01-31,94.30000305175781,90.16000366210938,90.75,93.31999969482422,2965000.0,83.24482727050781
2008-02-01,93.9000015258789,91.9000015258789,93.69000244140625,93.41999816894531,2749200.0,83.33405303955078
2008-02-04,94.12999725341797,91.5,93.44999694824219,91.75,1932500.0,81.84432220458984
2008-02-05,91.1500015258789,88.8499984741211,91.1500015258789,89.0,3149000.0,79.39122009277344
2008-02-06,91.58000183105469,88.66000366210938,89.62000274658203,89.56999969482422,1952600.0,79.89971160888672
2008-02-07,90.87999725341797,89.16999816894531,89.48999786376953,90.16000366210938,2505200.0,80.42598724365234
2008-02-08,90.22000122070312,87.62999725341797,89.51000213623047,88.0,2450900.0,78.49919128417969
2008-02-11,89.0,86.44000244140625,87.80000305175781,88.44999694824219,1762700.0,78.90059661865234
2008-02-12,89.63999938964844,87.55999755859375,88.81999969482422,88.0999984741211,1971000.0,78.58839416503906
2008-02-13,90.5,87.6500015258789,90.5,89.18000030517578,1880700.0,79.5517807006836
2008-02-14,89.98999786376953,87.97000122070312,89.02999877929688,88.01000213623047,1928300.0,78.50811004638672
2008-02-15,88.44999694824219,86.94999694824219,87.51000213623047,87.91999816894531,2091500.0,78.42781829833984
2008-02-19,89.93000030517578,88.05999755859375,88.75,89.25,3426800.0,79.61425018310547
2008-02-20,90.45999908447266,88.29000091552734,88.6500015258789,89.94000244140625,2354200.0,80.22977447509766
2008-02-21,90.68000030517578,88.95999908447266,89.98999786376953,89.31999969482422,2227900.0,79.67668914794922
2008-02-22,89.83999633789062,87.13999938964844,89.83999633789062,89.08999633789062,2204500.0,79.47148895263672
2008-02-25,89.94999694824219,87.88999938964844,89.06999969482422,89.72000122070312,2074200.0,80.03346252441406
2008-02-26,91.69000244140625,89.33000183105469,89.45999908447266,90.97000122070312,1989300.0,81.14854431152344
2008-02-27,91.30000305175781,89.91000366210938,90.25,90.83000183105469,1666800.0,81.02362060546875
2008-02-28,90.4800033569336,89.05999755859375,90.18000030517578,89.19000244140625,2049000.0,79.56070709228516
2008-02-29,89.79000091552734,88.0199966430664,88.5999984741211,88.12999725341797,2791100.0,78.61518096923828
2008-03-03,89.37999725341797,87.61000061035156,88.0,89.22000122070312,2314000.0,79.58744812011719
2008-03-04,90.55000305175781,87.61000061035156,88.22000122070312,90.30999755859375,3327600.0,80.55980682373047
2008-03-05,92.0999984741211,89.4000015258789,90.4000015258789,90.3499984741211,3255600.0,80.59548950195312
2008-03-06,90.1500015258789,88.4800033569336,90.08000183105469,88.8499984741211,2350200.0,79.25740051269531
2008-03-07,88.55000305175781,86.26000213623047,88.31999969482422,86.69999694824219,2982300.0,77.42666625976562
2008-03-10,87.79000091552734,84.9000015258789,86.94999694824219,84.97000122070312,2773100.0,75.8817367553711
2008-03-11,88.16000366210938,85.41000366210938,86.70999908447266,88.16000366210938,2592800.0,78.73051452636719
2008-03-12,88.91000366210938,85.8499984741211,87.41000366210938,87.05999755859375,2693600.0,77.74816131591797
2008-03-13,87.72000122070312,85.69999694824219,85.83000183105469,87.06999969482422,4627400.0,77.7571029663086
2008-03-14,87.81999969482422,83.58999633789062,87.54000091552734,84.80000305175781,4271100.0,75.72992706298828
2008-03-17,84.4000015258789,82.5,82.94999694824219,82.55000305175781,4669800.0,73.72055053710938
2008-03-18,86.91999816894531,83.44999694824219,83.94999694824219,86.91999816894531,3438200.0,77.62315368652344
2008-03-19,88.98999786376953,86.2300033569336,87.77999877929688,86.2300033569336,2967500.0,77.00696563720703
2008-03-20,87.02999877929688,83.80000305175781,84.0199966430664,87.0199966430664,4250100.0,77.71247100830078
2008-03-24,91.98999786376953,87.05000305175781,87.19999694824219,90.7699966430664,3333700.0,81.06134796142578
2008-03-25,91.93000030517578,89.5,91.0,91.44999694824219,2526200.0,81.66864776611328
2008-03-26,91.66999816894531,90.25,91.0,91.25,1969100.0,81.49004364013672
2008-03-27,92.41999816894531,90.54000091552734,91.27999877929688,91.72000122070312,3101100.0,81.90975189208984
2008-03-28,92.55999755859375,90.8499984741211,91.55000305175781,91.2699966430664,1971000.0,81.50788116455078
2008-03-31,93.13999938964844,90.56999969482422,91.05999755859375,92.66999816894531,2480900.0,82.7581558227539
2008-04-01,97.72000122070312,93.88999938964844,93.9000015258789,97.70999908447266,6178800.0,87.25907135009766
2008-04-02,99.0,96.81999969482422,97.70999908447266,97.33000183105469,2924500.0,86.91971588134766
2008-04-03,98.1500015258789,95.80000305175781,96.0999984741211,97.66999816894531,2189400.0,87.22334289550781
2008-04-04,98.05000305175781,96.19000244140625,97.37999725341797,96.87000274658203,2074100.0,86.50891876220703
2008-04-07,97.7699966430664,95.6500015258789,97.37999725341797,96.4800033569336,1793800.0,86.16065216064453
2008-04-08,96.25,94.58999633789062,95.7699966430664,96.05000305175781,2446400.0,85.77664184570312
2008-04-09,95.13999938964844,92.86000061035156,94.19999694824219,93.11000061035156,4008000.0,83.15107727050781
2008-04-10,94.87999725341797,92.5,93.0,94.33999633789062,2068800.0,84.24951934814453
2008-04-11,94.91000366210938,92.61000061035156,93.02999877929688,92.9000015258789,2593500.0,82.96353912353516
2008-04-14,93.44999694824219,92.1500015258789,92.55000305175781,92.81999969482422,1183400.0,82.89210510253906
2008-04-15,94.0,92.19999694824219,93.2300033569336,93.66999816894531,1352300.0,83.65115356445312
2008-04-16,97.20999908447266,94.19999694824219,94.83999633789062,97.02999877929688,1923200.0,86.65178680419922
2008-04-17,96.80999755859375,94.04000091552734,96.55999755859375,94.95999908447266,1567500.0,84.80317687988281
2008-04-18,97.30000305175781,95.91999816894531,96.69999694824219,96.70999908447266,2416100.0,86.36600494384766
2008-04-21,96.51000213623047,95.0,96.51000213623047,95.44999694824219,2094600.0,85.24080657958984
2008-04-22,95.41000366210938,92.93000030517578,95.08999633789062,93.56999969482422,2214200.0,83.56188201904297
2008-04-23,94.86000061035156,92.75,93.75,93.11000061035156,2082300.0,83.15107727050781
2008-04-24,95.25,92.8499984741211,93.5,94.75,1679000.0,84.61564636230469
2008-04-25,95.11000061035156,93.20999908447266,95.01000213623047,94.45999908447266,1805500.0,84.35672760009766
2008-04-28,96.2699966430664,93.41000366210938,94.75,95.55999755859375,2037700.0,85.33902740478516
2008-04-29,97.98999786376953,95.02999877929688,95.9800033569336,97.36000061035156,2319100.0,86.9465103149414
2008-04-30,97.9800033569336,95.87000274658203,97.30999755859375,95.87000274658203,2325600.0,85.61589050292969
2008-05-01,98.94000244140625,94.94000244140625,95.58999633789062,98.6500015258789,2596700.0,88.09852600097656
2008-05-02,99.45999908447266,96.11000061035156,99.0999984741211,96.86000061035156,2682800.0,86.49999237060547
2008-05-05,96.80999755859375,95.44000244140625,95.97000122070312,95.45999908447266,1754500.0,85.2497329711914
2008-05-06,97.87000274658203,94.16999816894531,94.31999969482422,97.66999816894531,1965200.0,87.22334289550781
2008-05-07,97.62999725341797,93.7300033569336,97.51000213623047,93.75,2521600.0,83.7226333618164
2008-05-08,95.2300033569336,92.94999694824219,94.79000091552734,93.20999908447266,2324300.0,83.24038696289062
2008-05-09,92.72000122070312,90.20999908447266,92.70999908447266,90.37000274658203,3536400.0,80.70417022705078
2008-05-12,91.0999984741211,87.58999633789062,87.9000015258789,90.5,4838800.0,80.82022857666016
2008-05-13,91.30000305175781,89.13999938964844,90.55999755859375,89.61000061035156,2891200.0,80.02543640136719
2008-05-14,91.77999877929688,89.61000061035156,89.83999633789062,91.06999969482422,2306500.0,81.32927703857422
2008-05-15,91.44000244140625,89.55000305175781,90.94000244140625,90.86000061035156,2394100.0,81.14175415039062
2008-05-16,91.44999694824219,89.58999633789062,90.44000244140625,90.94999694824219,2673400.0,81.22212219238281
2008-05-19,92.58999633789062,90.56999969482422,91.0,91.06999969482422,1910400.0,81.32927703857422
2008-05-20,91.0,89.48999786376953,90.62999725341797,89.81999969482422,2588700.0,80.21296691894531
2008-05-21,90.33000183105469,88.04000091552734,89.80999755859375,88.30999755859375,4734800.0,78.86447143554688
2008-05-22,89.69999694824219,87.8499984741211,87.9000015258789,88.83000183105469,1945600.0,79.32888793945312
2008-05-23,88.62000274658203,86.58000183105469,88.58000183105469,86.83000183105469,2815400.0,77.54278564453125
2008-05-27,90.1500015258789,86.95999908447266,86.95999908447266,89.66999816894531,3286900.0,80.0790023803711
2008-05-28,91.70999908447266,89.80000305175781,90.7699966430664,90.81999969482422,3288600.0,81.10601043701172
2008-05-29,92.94000244140625,90.51000213623047,90.62999725341797,92.16999816894531,2210200.0,82.31161499023438
2008-05-30,92.68000030517578,91.5,92.06999969482422,91.70999908447266,1859800.0,81.90083312988281
2008-06-02,91.69999694824219,89.91999816894531,91.16999816894531,90.6500015258789,1798100.0,80.95417785644531
2008-06-03,91.5,89.25,90.9800033569336,89.94000244140625,2090800.0,80.32015991210938
2008-06-04,92.30999755859375,89.43000030517578,89.51000213623047,91.55000305175781,1700600.0,81.75791931152344
2008-06-05,93.69000244140625,91.26000213623047,91.86000061035156,93.69000244140625,2391400.0,83.66903686523438
2008-06-06,92.44000244140625,88.7300033569336,92.27999877929688,88.86000061035156,2985000.0,79.35563659667969
2008-06-09,90.19999694824219,88.33000183105469,89.30999755859375,89.12999725341797,2180600.0,79.5967788696289
2008-06-10,90.72000122070312,87.76000213623047,88.6500015258789,90.27999877929688,3110200.0,80.6237564086914
2008-06-11,89.29000091552734,86.55000305175781,88.66999816894531,86.56999969482422,4736000.0,77.4049072265625
2008-06-12,89.43000030517578,86.0999984741211,87.16999816894531,87.44000244140625,4859600.0,78.18278503417969
2008-06-13,87.83999633789062,84.7699966430664,87.83999633789062,85.9800033569336,5189200.0,76.87737274169922
2008-06-16,86.3499984741211,84.70999908447266,85.05000305175781,86.02999877929688,3882600.0,76.92205047607422
2008-06-17,87.0,84.18000030517578,86.94999694824219,84.33000183105469,4795700.0,75.40205383300781
2008-06-18,83.76000213623047,80.37999725341797,80.75,82.5999984741211,11801000.0,73.85520935058594
2008-06-19,82.87000274658203,80.33000183105469,82.16000366210938,81.7300033569336,6201100.0,73.07733154296875
2008-06-20,81.5,80.11000061035156,81.01000213623047,80.54000091552734,4594100.0,72.01329803466797
2008-06-23,81.37999725341797,79.88999938964844,80.88999938964844,80.12999725341797,3566400.0,71.64669799804688
2008-06-24,81.47000122070312,78.44999694824219,79.63999938964844,79.9800033569336,4914000.0,71.5125961303711
2008-06-25,81.33000183105469,79.5,79.5,79.7699966430664,3833600.0,71.3248062133789
2008-06-26,79.55000305175781,77.93000030517578,79.26000213623047,78.08999633789062,3332200.0,69.8226547241211
2008-06-27,78.88999938964844,76.51000213623047,78.0199966430664,77.25,4898800.0,69.07160949707031
2008-06-30,79.54000091552734,76.30999755859375,77.04000091552734,78.79000091552734,4433200.0,70.4485855102539
2008-07-01,78.04000091552734,74.75,78.04000091552734,76.37000274658203,4692500.0,68.28475952148438
2008-07-02,77.3499984741211,74.69000244140625,76.80000305175781,74.69999694824219,2866500.0,66.79156494140625
2008-07-03,76.08000183105469,74.0,74.66999816894531,74.97000122070312,1964600.0,67.03296661376953
2008-07-07,77.19999694824219,74.26000213623047,75.5,75.0,3299900.0,67.05980682373047
2008-07-08,77.5199966430664,75.27999877929688,75.33000183105469,77.48999786376953,3276300.0,69.28618621826172
2008-07-09,77.7300033569336,75.5,77.7300033569336,75.62999725341797,3151300.0,67.6230697631836
2008-07-10,76.33000183105469,74.30999755859375,75.48999786376953,75.22000122070312,2450000.0,67.25652313232422
2008-07-11,75.1500015258789,72.81999969482422,74.16999816894531,73.94000244140625,2842000.0,66.1120376586914
2008-07-14,74.86000061035156,72.55000305175781,74.27999877929688,73.12000274658203,2446100.0,65.37886047363281
2008-07-15,74.48999786376953,71.33000183105469,72.38999938964844,73.01000213623047,3101000.0,65.28050994873047
2008-07-16,77.19999694824219,72.45999908447266,72.98999786376953,76.95999908447266,4519900.0,68.81231689453125
2008-07-17,79.38999938964844,75.29000091552734,77.20999908447266,79.05000305175781,5452900.0,70.68101501464844
2008-07-18,80.0999984741211,78.19000244140625,78.97000122070312,79.5199966430664,3354700.0,71.10126495361328
2008-07-21,79.8499984741211,77.44000244140625,79.8499984741211,77.80999755859375,2544600.0,69.57231140136719
2008-07-22,80.55000305175781,77.0999984741211,77.0999984741211,80.4800033569336,3089800.0,71.95964813232422
2008-07-23,83.47000122070312,80.86000061035156,81.0,83.04000091552734,3802800.0,74.2486343383789
2008-07-24,83.19999694824219,79.41999816894531,83.19000244140625,79.79000091552734,3226700.0,71.34268188476562
2008-07-25,80.93000030517578,78.8499984741211,80.01000213623047,79.48999786376953,1869800.0,71.07447052001953
2008-07-28,80.01000213623047,77.95999908447266,78.80000305175781,78.04000091552734,1651000.0,69.77794647216797
2008-07-29,82.12000274658203,77.93000030517578,77.97000122070312,82.12000274658203,2486700.0,73.426025390625
2008-07-30,81.54000091552734,78.62000274658203,80.75,79.66000366210938,4019500.0,71.2264633178711
2008-07-31,80.33000183105469,78.66000366210938,78.69000244140625,78.83999633789062,2275100.0,70.49329376220703
2008-08-01,79.0,76.11000061035156,79.0,77.33999633789062,2599300.0,69.15206909179688
2008-08-04,79.55000305175781,77.05000305175781,77.43000030517578,78.66999816894531,2421500.0,70.34127044677734
2008-08-05,84.30999755859375,79.20999908447266,79.20999908447266,83.98999786376953,4441500.0,75.09805297851562
2008-08-06,83.38999938964844,81.25,82.62999725341797,82.95999908447266,2436300.0,74.1771011352539
2008-08-07,85.0,81.4000015258789,82.22000122070312,83.22000122070312,2498700.0,74.4095687866211
2008-08-08,88.56999969482422,84.70999908447266,84.70999908447266,88.16000366210938,4126300.0,78.82656860351562
2008-08-11,90.16000366210938,86.54000091552734,87.45999908447266,87.97000122070312,3534100.0,78.65667724609375
2008-08-12,88.44000244140625,86.3499984741211,87.58999633789062,87.62999725341797,2420200.0,78.3526840209961
2008-08-13,87.51000213623047,82.8499984741211,87.51000213623047,84.81999969482422,3379800.0,75.84017181396484
2008-08-14,87.05999755859375,84.44000244140625,84.62999725341797,86.95999908447266,2366200.0,77.75359344482422
2008-08-15,89.47000122070312,86.04000091552734,87.16000366210938,87.8499984741211,2925200.0,78.54940032958984
2008-08-18,87.83999633789062,85.48999786376953,87.48999786376953,85.91999816894531,1724100.0,76.8237075805664
2008-08-19,85.72000122070312,82.44999694824219,85.05999755859375,82.91000366210938,3476500.0,74.13240814208984
2008-08-20,84.12999725341797,81.04000091552734,82.69999694824219,82.18000030517578,2468900.0,73.47966766357422
2008-08-21,81.30999755859375,79.91999816894531,80.76000213623047,81.2699966430664,2538600.0,72.66600799560547
2008-08-22,82.94000244140625,81.23999786376953,81.54000091552734,82.68000030517578,2014400.0,73.92672729492188
2008-08-25,83.11000061035156,80.22000122070312,82.36000061035156,80.91000366210938,2189300.0,72.34412384033203
2008-08-26,81.58000183105469,79.80999755859375,80.70999908447266,80.87999725341797,2883800.0,72.31732177734375
2008-08-27,82.06999969482422,79.70999908447266,81.05000305175781,81.5199966430664,2025300.0,72.8895492553711
2008-08-28,84.2699966430664,81.80999755859375,81.93000030517578,83.93000030517578,2140700.0,75.04440307617188
2008-08-29,84.2300033569336,82.48999786376953,83.4800033569336,82.81999969482422,1681600.0,74.05188751220703
2008-09-02,87.93000030517578,84.05000305175781,86.08000183105469,84.66999816894531,3718700.0,75.70606231689453
2008-09-03,85.88999938964844,84.0,84.72000122070312,85.01000213623047,2238100.0,76.01005554199219
2008-09-04,85.25,82.30000305175781,84.01000213623047,82.80000305175781,2327600.0,74.03404235839844
2008-09-05,82.80999755859375,80.5199966430664,82.30000305175781,82.27999877929688,2146000.0,73.5690689086914
2008-09-08,85.08999633789062,83.30999755859375,83.97000122070312,84.86000061035156,2793300.0,75.97750091552734
2008-09-09,86.79000091552734,84.38999938964844,84.62999725341797,84.75,4702300.0,75.8790283203125
2008-09-10,89.0999984741211,86.16000366210938,87.4800033569336,87.86000061035156,5665800.0,78.66349792480469
2008-09-11,90.62999725341797,86.45999908447266,86.45999908447266,90.47000122070312,3151600.0,81.00029754638672
2008-09-12,90.95999908447266,88.63999938964844,89.30000305175781,90.83999633789062,3242100.0,81.3315658569336
2008-09-15,92.43000030517578,89.0,89.0,90.5,4009100.0,81.02713775634766
2008-09-16,92.0,88.45999908447266,88.63999938964844,92.0,4995800.0,82.37012481689453
2008-09-17,90.9800033569336,87.20999908447266,89.87999725341797,88.06999969482422,4558100.0,78.85150909423828
2008-09-18,91.68000030517578,85.68000030517578,88.36000061035156,91.12999725341797,6109800.0,81.59121704101562
2008-09-19,96.6500015258789,89.5999984741211,96.01000213623047,90.08000183105469,4627300.0,80.65110778808594
2008-09-22,89.87999725341797,85.13999938964844,88.98999786376953,85.68000030517578,3943700.0,76.71170806884766
2008-09-23,87.1500015258789,84.27999877929688,86.01000213623047,84.79000091552734,2909700.0,75.91483306884766
2008-09-24,85.7300033569336,81.95999908447266,84.6500015258789,82.5,3640200.0,73.86454010009766
2008-09-25,84.20999908447266,81.30999755859375,83.08999633789062,81.87999725341797,2999300.0,73.30941772460938
2008-09-26,82.2300033569336,80.2699966430664,80.55999755859375,81.55999755859375,2638600.0,73.02295684814453
2008-09-29,81.4000015258789,78.69000244140625,80.27999877929688,79.61000061035156,4313700.0,71.27703094482422
2008-09-30,81.55999755859375,78.79000091552734,81.36000061035156,79.04000091552734,3242000.0,70.7667007446289
2008-10-01,81.47000122070312,78.0999984741211,78.38999938964844,80.73999786376953,3392600.0,72.28874969482422
2008-10-02,80.5999984741211,76.72000122070312,80.44999694824219,77.5,3844500.0,69.38790130615234
2008-10-03,81.05000305175781,77.61000061035156,78.44000244140625,78.0,3577500.0,69.83554077148438
2008-10-06,78.23999786376953,74.62000274658203,76.2699966430664,77.33999633789062,4936800.0,69.24463653564453
2008-10-07,78.61000061035156,74.5,78.61000061035156,74.66000366210938,3934600.0,66.84516143798828
2008-10-08,75.30000305175781,70.31999969482422,71.75,70.97000122070312,7845100.0,63.54138946533203
2008-10-09,72.88999938964844,66.0,71.76000213623047,66.80000305175781,5116700.0,59.80789566040039
2008-10-10,70.5,61.68000030517578,64.08999633789062,68.36000061035156,7481800.0,61.20460891723633
2008-10-13,73.87000274658203,68.94999694824219,70.0,73.69999694824219,4282100.0,65.98564910888672
2008-10-14,75.80000305175781,69.55999755859375,75.25,70.75,4516300.0,63.344417572021484
2008-10-15,70.2300033569336,65.0,69.19000244140625,65.26000213623047,3358000.0,58.42909240722656
2008-10-16,66.81999969482422,60.900001525878906,64.5,66.23999786376953,4197400.0,59.3065071105957
2008-10-17,66.2699966430664,62.16999816894531,64.87000274658203,62.54999923706055,4505600.0,56.00275421142578
2008-10-20,64.87000274658203,62.08000183105469,63.220001220703125,64.16000366210938,2865200.0,57.444236755371094
2008-10-21,65.55999755859375,61.970001220703125,63.099998474121094,62.439998626708984,3122400.0,55.90426254272461
2008-10-22,62.040000915527344,56.36000061035156,61.97999954223633,58.0,5151000.0,51.929019927978516
2008-10-23,61.45000076293945,57.65999984741211,58.2599983215332,60.0,5891300.0,53.71965789794922
2008-10-24,59.029998779296875,56.029998779296875,56.59000015258789,56.810001373291016,4015500.0,50.863555908203125
2008-10-27,57.959999084472656,54.939998626708984,56.45000076293945,54.939998626708984,2788800.0,49.189300537109375
2008-10-28,58.279998779296875,53.900001525878906,56.290000915527344,58.15999984741211,3483200.0,52.07225799560547
2008-10-29,61.06999969482422,57.72999954223633,58.15999984741211,58.08000183105469,4070600.0,52.00063705444336
2008-10-30,61.2400016784668,59.0099983215332,59.380001068115234,61.0099983215332,3864900.0,54.62393569946289
2008-10-31,65.79000091552734,59.119998931884766,60.0,65.37000274658203,5287000.0,58.527565002441406
2008-11-03,66.2699966430664,64.68000030517578,65.37000274658203,66.0,2447800.0,59.09164047241211
2008-11-04,69.05000305175781,66.08999633789062,66.33000183105469,68.81999969482422,3169500.0,61.61643981933594
2008-11-05,68.72000122070312,63.779998779296875,68.12999725341797,63.91999816894531,2645700.0,57.22934341430664
2008-11-06,65.11000061035156,62.029998779296875,63.470001220703125,62.540000915527344,4151900.0,55.99379348754883
2008-11-07,64.93000030517578,62.5,62.84000015258789,64.58000183105469,2700300.0,57.82027053833008
2008-11-10,67.9800033569336,65.08000183105469,65.58000183105469,66.29000091552734,3180300.0,59.35127639770508
2008-11-11,67.51000213623047,64.0999984741211,64.56999969482422,66.5,3064500.0,59.539302825927734
2008-11-12,65.76000213623047,62.560001373291016,65.47000122070312,63.099998474121094,3199300.0,56.49517059326172
2008-11-13,67.26000213623047,60.630001068115234,63.70000076293945,67.13999938964844,4639000.0,60.112300872802734
2008-11-14,67.52999877929688,63.5,64.77999877929688,64.37000274658203,2892900.0,57.632259368896484
2008-11-17,65.47000122070312,61.68000030517578,63.720001220703125,62.7599983215332,3169700.0,56.190773010253906
2008-11-18,66.54000091552734,62.22999954223633,62.25,64.79000091552734,3980300.0,58.00828170776367
2008-11-19,65.4000015258789,59.65999984741211,63.31999969482422,60.58000183105469,3524200.0,54.23896408081055
2008-11-20,61.83000183105469,56.0,60.02000045776367,56.75,5085600.0,50.809837341308594
2008-11-21,61.33000183105469,55.41999816894531,57.7599983215332,60.90999984741211,4663900.0,54.534400939941406
2008-11-24,67.25,61.45000076293945,61.79999923706055,66.43000030517578,4359400.0,59.47663497924805
2008-11-25,68.37999725341797,57.29999923706055,67.41999816894531,67.12000274658203,3182500.0,60.09438705444336
2008-11-26,69.9000015258789,66.05999755859375,66.13999938964844,69.2300033569336,3013600.0,61.983551025390625
2008-11-28,70.6500015258789,68.5999984741211,69.04000091552734,70.6500015258789,1035700.0,63.25492477416992
2008-12-01,69.5,63.310001373291016,69.5,63.45000076293945,3510100.0,56.80855178833008
2008-12-02,67.20999908447266,63.619998931884766,64.54000091552734,67.08000183105469,2418300.0,60.05857849121094
2008-12-03,70.2699966430664,64.93000030517578,65.30000305175781,70.08000183105469,2880600.0,62.74456787109375
2008-12-04,73.69999694824219,68.72000122070312,68.94999694824219,70.93000030517578,3616500.0,63.50558853149414
2008-12-05,73.8499984741211,66.72000122070312,70.0,73.70999908447266,3392400.0,65.99459838867188
2008-12-08,76.94000244140625,72.5199966430664,75.19999694824219,74.43000030517578,3399500.0,66.63923645019531
2008-12-09,67.41999816894531,62.310001373291016,66.87999725341797,63.650001525878906,14149600.0,56.987606048583984
2008-12-10,63.529998779296875,59.7599983215332,63.470001220703125,61.02000045776367,6284000.0,54.727481842041016
2008-12-11,62.02000045776367,58.15999984741211,60.650001525878906,58.61000061035156,4390500.0,52.56599807739258
2008-12-12,61.470001220703125,57.33000183105469,57.5,61.34000015258789,4098200.0,55.01448440551758
2008-12-15,61.54999923706055,59.369998931884766,61.54999923706055,60.209999084472656,2764600.0,54.001007080078125
2008-12-16,63.560001373291016,60.189998626708984,60.63999938964844,63.38999938964844,3406800.0,56.85308837890625
2008-12-17,65.1500015258789,62.400001525878906,62.54999923706055,63.970001220703125,2477000.0,57.373268127441406
2008-12-18,65.4000015258789,61.65999984741211,64.98999786376953,62.599998474121094,4110900.0,56.14453125
2008-12-19,64.48999786376953,62.619998931884766,63.099998474121094,63.59000015258789,3218000.0,57.03245162963867
2008-12-22,64.0,62.0,63.75,62.959999084472656,2019800.0,56.467430114746094
2008-12-23,63.18000030517578,60.27000045776367,63.18000030517578,60.86000061035156,2424600.0,54.583980560302734
2008-12-24,61.459999084472656,60.27000045776367,60.27000045776367,61.20000076293945,1151400.0,54.88892364501953
2008-12-26,61.400001525878906,59.459999084472656,61.29999923706055,60.970001220703125,1402800.0,54.682647705078125
2008-12-29,60.95000076293945,59.529998779296875,60.70000076293945,60.13999938964844,1901100.0,53.938228607177734
2008-12-30,62.33000183105469,60.22999954223633,60.38999938964844,62.220001220703125,1925200.0,55.80373001098633
2008-12-31,64.58000183105469,62.25,62.25,64.1500015258789,2237700.0,57.534698486328125
2009-01-02,64.66999816894531,62.900001525878906,64.16000366210938,64.44000244140625,2368800.0,57.79479217529297
2009-01-05,64.33999633789062,63.56999969482422,63.95000076293945,63.95000076293945,3766500.0,57.355323791503906
2009-01-06,64.75,63.45000076293945,64.5,64.08000183105469,4064900.0,57.47193145751953
2009-01-07,64.25,62.31999969482422,63.5099983215332,62.650001525878906,2474600.0,56.18939208984375
2009-01-08,63.130001068115234,61.349998474121094,62.52000045776367,62.09000015258789,2054500.0,55.68712615966797
2009-01-09,62.400001525878906,60.0099983215332,62.400001525878906,60.31999969482422,1879600.0,54.09967041015625
2009-01-12,60.9900016784668,60.0099983215332,60.310001373291016,60.310001373291016,2002200.0,54.0906982421875
2009-01-13,61.52000045776367,59.599998474121094,60.220001220703125,60.470001220703125,2413400.0,54.23419952392578
2009-01-14,59.650001525878906,57.189998626708984,59.61000061035156,57.900001525878906,3050900.0,51.92924118041992
2009-01-15,59.029998779296875,56.20000076293945,57.93000030517578,58.560001373291016,2945300.0,52.521156311035156
2009-01-16,59.709999084472656,57.0099983215332,59.380001068115234,58.58000183105469,2864800.0,52.53911209106445
2009-01-20,58.4900016784668,54.91999816894531,58.380001068115234,54.97999954223633,3107300.0,49.310333251953125
2009-01-21,57.0099983215332,54.939998626708984,55.70000076293945,56.880001068115234,2694500.0,51.01439666748047
2009-01-22,57.25,55.34000015258789,56.0,56.33000183105469,2028600.0,50.52111053466797
2009-01-23,55.75,53.45000076293945,55.060001373291016,54.119998931884766,3673800.0,48.53901672363281
2009-01-26,55.63999938964844,53.79999923706055,53.939998626708984,54.56999969482422,2369200.0,48.942623138427734
2009-01-27,55.84000015258789,53.7599983215332,55.0,55.56999969482422,2466000.0,49.839500427246094
2009-01-28,57.77000045776367,55.5099983215332,56.4900016784668,56.75,2894100.0,50.897796630859375
2009-01-29,56.40999984741211,54.290000915527344,56.099998474121094,54.529998779296875,2479500.0,48.906742095947266
2009-01-30,55.09000015258789,50.54999923706055,55.09000015258789,50.939998626708984,4660300.0,45.68694305419922
2009-02-02,50.7400016784668,48.7599983215332,50.56999969482422,49.150001525878906,4418500.0,44.0815315246582
2009-02-03,53.099998474121094,49.5,49.68000030517578,52.83000183105469,4663900.0,47.38204574584961
2009-02-04,53.599998474121094,51.119998931884766,52.880001068115234,51.25,3718300.0,45.96498107910156
2009-02-05,52.689998626708984,50.45000076293945,50.779998779296875,52.58000183105469,3157900.0,47.1578369140625
2009-02-06,55.72999954223633,52.529998779296875,52.72999954223633,55.27000045776367,3918500.0,49.570430755615234
2009-02-09,56.720001220703125,54.880001068115234,55.349998474121094,55.65999984741211,2757900.0,49.92021560668945
2009-02-10,55.65999984741211,50.97999954223633,54.7599983215332,52.029998779296875,5126600.0,46.664546966552734
2009-02-11,53.08000183105469,51.7599983215332,52.40999984741211,52.540000915527344,2371600.0,47.121971130371094
2009-02-12,52.310001373291016,50.45000076293945,51.84000015258789,52.22999954223633,3040600.0,46.84392547607422
2009-02-13,54.119998931884766,51.720001220703125,52.209999084472656,51.810001373291016,3556800.0,46.46725082397461
2009-02-17,50.97999954223633,48.939998626708984,50.7400016784668,49.20000076293945,3870100.0,44.126380920410156
2009-02-18,50.380001068115234,47.470001220703125,49.4900016784668,48.0,3965600.0,43.050140380859375
2009-02-19,49.349998474121094,47.29999923706055,48.119998931884766,47.66999816894531,3257900.0,42.75415802001953
2009-02-20,47.5,45.540000915527344,47.0,46.959999084472656,3945600.0,42.11738204956055
2009-02-23,47.33000183105469,44.31999969482422,47.33000183105469,44.54999923706055,3984100.0,39.955909729003906
2009-02-24,47.22999954223633,43.84000015258789,44.88999938964844,46.869998931884766,4670700.0,42.036659240722656
2009-02-25,46.720001220703125,43.63999938964844,46.720001220703125,44.31999969482422,5631600.0,39.7496337890625
2009-02-26,44.84000015258789,43.209999084472656,44.72999954223633,43.33000183105469,4420400.0,38.861717224121094
2009-02-27,44.0099983215332,42.369998931884766,42.68000030517578,43.209999084472656,4057900.0,38.75408935546875
2009-03-02,42.959999084472656,40.29999923706055,42.40999984741211,40.29999923706055,5048500.0,36.14417266845703
2009-03-03,41.459999084472656,39.939998626708984,40.7599983215332,40.08000183105469,3437600.0,35.94684600830078
2009-03-04,43.150001525878906,40.2599983215332,40.599998474121094,42.58000183105469,5179000.0,38.189056396484375
2009-03-05,41.599998474121094,38.4900016784668,41.599998474121094,39.0,6425100.0,34.97821807861328
2009-03-06,39.849998474121094,35.060001373291016,39.56999969482422,35.7599983215332,9541200.0,32.07235336303711
2009-03-09,35.88999938964844,34.02000045776367,35.150001525878906,34.279998779296875,6793000.0,30.839824676513672
2009-03-10,37.18000030517578,34.54999923706055,35.0,37.09000015258789,6848000.0,33.367835998535156
2009-03-11,38.400001525878906,36.599998474121094,37.279998779296875,37.560001373291016,5591600.0,33.79066467285156
2009-03-12,38.689998626708984,36.150001525878906,37.41999816894531,38.560001373291016,4248000.0,34.69031524658203
2009-03-13,39.029998779296875,37.4900016784668,38.810001373291016,38.0,4126000.0,34.186519622802734
2009-03-16,41.560001373291016,38.54999923706055,38.720001220703125,40.15999984741211,6162800.0,36.12974548339844
2009-03-17,42.04999923706055,40.33000183105469,40.72999954223633,41.97999954223633,5130400.0,37.76710891723633
2009-03-18,44.209999084472656,41.099998474121094,42.0,43.04999923706055,7503100.0,38.72972869873047
2009-03-19,46.84000015258789,43.93000030517578,43.959999084472656,45.099998474121094,11256900.0,40.57398986816406
2009-03-20,45.4900016784668,41.40999984741211,44.9900016784668,41.900001525878906,9224600.0,37.695125579833984
2009-03-23,44.56999969482422,42.0099983215332,43.47999954223633,44.540000915527344,4125800.0,40.070194244384766
2009-03-24,44.900001525878906,43.36000061035156,44.099998474121094,43.56999969482422,3940600.0,39.19752502441406
2009-03-25,44.880001068115234,42.04999923706055,44.880001068115234,43.27000045776367,4345900.0,38.927642822265625
2009-03-26,47.18000030517578,43.599998474121094,43.75,46.97999954223633,4954900.0,42.26532745361328
2009-03-27,46.689998626708984,45.33000183105469,46.439998626708984,45.68000030517578,3643000.0,41.09577941894531
2009-03-30,45.0,43.470001220703125,45.0,44.08000183105469,3883900.0,39.65636444091797
2009-03-31,45.459999084472656,43.06999969482422,44.56999969482422,44.4900016784668,4408900.0,40.02522277832031
2009-04-01,45.2400016784668,43.939998626708984,44.2599983215332,44.959999084472656,3278500.0,40.44804763793945
2009-04-02,50.47999954223633,45.810001373291016,45.970001220703125,49.08000183105469,9218100.0,44.15458297729492
2009-04-03,50.150001525878906,48.09000015258789,48.310001373291016,50.02000045776367,4319000.0,45.000244140625
2009-04-06,49.709999084472656,47.13999938964844,49.529998779296875,48.310001373291016,5286900.0,43.46186447143555
2009-04-07,47.5,46.29999923706055,47.45000076293945,46.4900016784668,2613200.0,41.82448959350586
2009-04-08,48.34000015258789,46.20000076293945,46.59000015258789,47.970001220703125,2812300.0,43.155975341796875
2009-04-09,51.13999938964844,48.93000030517578,49.16999816894531,50.91999816894531,3456900.0,45.80992889404297
2009-04-13,51.25,49.2400016784668,50.38999938964844,50.97999954223633,2756200.0,45.86391067504883
2009-04-14,52.22999954223633,50.0,50.0,50.66999816894531,3209800.0,45.58501052856445
2009-04-15,50.75,49.20000076293945,50.52000045776367,50.040000915527344,2978900.0,45.01823806762695
2009-04-16,54.52000045776367,50.040000915527344,50.25,54.2400016784668,5094200.0,48.796756744384766
2009-04-17,53.61000061035156,51.16999816894531,53.209999084472656,53.25,5406900.0,47.906097412109375
2009-04-20,52.43000030517578,50.900001525878906,52.25,51.08000183105469,3631600.0,45.95386505126953
2009-04-21,52.66999816894531,50.27000045776367,50.66999816894531,52.529998779296875,2908500.0,47.25835418701172
2009-04-22,55.75,52.15999984741211,52.15999984741211,53.2400016784668,4474800.0,47.89710235595703
2009-04-23,55.189998626708984,51.599998474121094,52.25,55.040000915527344,5572500.0,49.516456604003906
2009-04-24,56.75,54.709999084472656,55.040000915527344,56.060001373291016,3050700.0,50.43411636352539
2009-04-27,55.130001068115234,52.650001525878906,54.45000076293945,52.81999969482422,3006100.0,47.519256591796875
2009-04-28,54.22999954223633,52.0,52.11000061035156,53.310001373291016,2889900.0,47.9600715637207
2009-04-29,55.93000030517578,53.880001068115234,53.959999084472656,55.27000045776367,2442900.0,49.72338104248047
2009-04-30,57.72999954223633,55.560001373291016,55.900001525878906,55.959999084472656,3892100.0,50.34416198730469
2009-05-01,56.27000045776367,54.33000183105469,55.900001525878906,55.130001068115234,2670000.0,49.5974235534668
2009-05-04,59.650001525878906,55.060001373291016,55.31999969482422,59.5099983215332,4228800.0,53.53787612915039
2009-05-05,61.0,59.279998779296875,59.439998626708984,60.7599983215332,3995300.0,54.662445068359375
2009-05-06,61.84000015258789,60.0,61.189998626708984,61.709999084472656,3633000.0,55.517112731933594
2009-05-07,62.15999984741211,58.61000061035156,62.04999923706055,59.31999969482422,4220500.0,53.366947174072266
2009-05-08,60.970001220703125,59.0,60.11000061035156,60.060001373291016,3158900.0,54.03268814086914
2009-05-11,59.09000015258789,57.0099983215332,58.459999084472656,57.16999816894531,4256400.0,51.432701110839844
2009-05-12,57.290000915527344,54.47999954223633,57.0,55.119998931884766,4108600.0,49.58843231201172
2009-05-13,54.459999084472656,52.27000045776367,54.459999084472656,52.709999084472656,3978100.0,47.420291900634766
2009-05-14,54.119998931884766,52.619998931884766,52.720001220703125,53.40999984741211,2720200.0,48.05004119873047
2009-05-15,54.59000015258789,52.58000183105469,53.61000061035156,52.97999954223633,3618800.0,47.6632080078125
2009-05-18,54.209999084472656,52.7599983215332,53.58000183105469,54.060001373291016,3608600.0,48.634822845458984
2009-05-19,55.33000183105469,54.0,54.099998474121094,54.63999938964844,2927000.0,49.15659713745117
2009-05-20,57.29999923706055,54.900001525878906,55.5,55.68000030517578,4441400.0,50.09223175048828
2009-05-21,54.91999816894531,52.63999938964844,54.91999816894531,53.43000030517578,2960600.0,48.068031311035156
2009-05-22,53.650001525878906,51.720001220703125,53.45000076293945,52.84000015258789,3033300.0,47.5372428894043
2009-05-26,55.68000030517578,52.349998474121094,52.380001068115234,55.349998474121094,3030500.0,49.795352935791016
2009-05-27,55.95000076293945,53.18000030517578,55.45000076293945,53.36000061035156,2437300.0,48.00505447387695
2009-05-28,54.4900016784668,52.15999984741211,54.08000183105469,53.58000183105469,2887200.0,48.20299530029297
2009-05-29,55.459999084472656,53.41999816894531,53.709999084472656,55.43000030517578,2832900.0,49.867332458496094
2009-06-01,58.2400016784668,55.779998779296875,57.290000915527344,57.880001068115234,2574900.0,52.071449279785156
2009-06-02,59.380001068115234,57.18000030517578,57.9900016784668,57.650001525878906,2331600.0,51.864532470703125
2009-06-03,57.41999816894531,55.70000076293945,57.2400016784668,56.29999923706055,2678700.0,50.65000534057617
2009-06-04,57.040000915527344,55.689998626708984,56.38999938964844,57.0,1907100.0,51.27976989746094
2009-06-05,58.880001068115234,56.880001068115234,57.720001220703125,57.11000061035156,3813400.0,51.37873840332031
2009-06-08,56.939998626708984,55.68000030517578,56.84000015258789,56.459999084472656,2491000.0,50.79396438598633
2009-06-09,57.56999969482422,56.11000061035156,56.310001373291016,57.060001373291016,2259400.0,51.33375930786133
2009-06-10,58.43000030517578,56.040000915527344,58.43000030517578,57.25,2479300.0,51.504676818847656
2009-06-11,57.540000915527344,56.0,56.849998474121094,56.15999984741211,3519600.0,50.52406311035156
2009-06-12,56.220001220703125,53.630001068115234,55.75,54.38999938964844,3844400.0,48.93170166015625
2009-06-15,53.9900016784668,51.72999954223633,53.689998626708984,52.0099983215332,4062300.0,46.790550231933594
2009-06-16,53.27000045776367,50.7400016784668,52.29999923706055,51.41999816894531,5007800.0,46.3577880859375
2009-06-17,51.70000076293945,49.7599983215332,50.279998779296875,50.70000076293945,9119400.0,45.70866775512695
2009-06-18,52.33000183105469,50.599998474121094,51.630001068115234,51.959999084472656,4140000.0,46.84463119506836
2009-06-19,52.56999969482422,51.0,52.29999923706055,51.45000076293945,2993500.0,46.38485336303711
2009-06-22,51.25,49.86000061035156,50.58000183105469,50.04999923706055,4424100.0,45.122684478759766
2009-06-23,52.0,50.54999923706055,51.310001373291016,50.75,4792200.0,45.753746032714844
2009-06-24,54.02000045776367,50.79999923706055,51.16999816894531,52.88999938964844,6542000.0,47.683082580566406
2009-06-25,56.380001068115234,52.560001373291016,52.7400016784668,56.290000915527344,6434200.0,50.74836349487305
2009-06-26,56.099998474121094,55.060001373291016,55.619998931884766,55.40999984741211,3304400.0,49.954994201660156
2009-06-29,56.279998779296875,54.75,55.54999923706055,55.630001068115234,2513500.0,50.153343200683594
2009-06-30,56.95000076293945,55.119998931884766,56.93000030517578,55.619998931884766,4147600.0,50.144317626953125
2009-07-01,57.18000030517578,55.75,55.810001373291016,56.18000030517578,2311100.0,50.64918518066406
2009-07-02,55.54999923706055,54.06999969482422,55.150001525878906,54.31999969482422,3090800.0,48.972293853759766
2009-07-06,56.13999938964844,53.97999954223633,54.119998931884766,56.040000915527344,5143300.0,50.52296829223633
2009-07-07,55.93000030517578,54.310001373291016,55.93000030517578,54.31999969482422,2809400.0,48.972293853759766
2009-07-08,55.90999984741211,52.58000183105469,54.790000915527344,53.36000061035156,5429400.0,48.10680389404297
2009-07-09,54.5,53.36000061035156,53.59000015258789,53.93000030517578,2427300.0,48.620689392089844
2009-07-10,55.20000076293945,53.66999816894531,53.66999816894531,54.880001068115234,2348800.0,49.4771614074707
2009-07-13,55.79999923706055,53.790000915527344,55.34000015258789,55.79999923706055,2598700.0,50.30659866333008
2009-07-14,56.09000015258789,54.59000015258789,55.77000045776367,55.540000915527344,2247300.0,50.07217788696289
2009-07-15,57.439998626708984,56.060001373291016,56.310001373291016,57.36000061035156,4688000.0,51.71300506591797
2009-07-16,62.5099983215332,57.06999969482422,57.13999938964844,61.790000915527344,9769600.0,55.706878662109375
2009-07-17,62.22999954223633,60.16999816894531,61.31999969482422,60.470001220703125,5463400.0,54.5168571472168
2009-07-20,61.790000915527344,60.2599983215332,60.66999816894531,61.689998626708984,3228200.0,55.616722106933594
2009-07-21,62.130001068115234,59.619998931884766,62.0,60.470001220703125,3403600.0,54.5168571472168
2009-07-22,62.220001220703125,59.52000045776367,59.849998474121094,61.79999923706055,2966600.0,55.71590042114258
2009-07-23,64.66000366210938,61.0,61.290000915527344,64.23999786376953,4584000.0,57.91569519042969
2009-07-24,65.0,63.459999084472656,63.689998626708984,64.9800033569336,3360100.0,58.58283615112305
2009-07-27,66.62999725341797,64.5,65.04000091552734,66.58999633789062,3011200.0,60.03432846069336
2009-07-28,66.72000122070312,65.0999984741211,65.93000030517578,65.61000061035156,2914000.0,59.150814056396484
2009-07-29,66.66999816894531,64.62999725341797,65.1500015258789,65.75,2575500.0,59.277042388916016
2009-07-30,68.61000061035156,66.05000305175781,66.54000091552734,67.37999725341797,3500400.0,60.74654769897461
2009-07-31,68.5,67.0999984741211,67.37999725341797,67.83999633789062,2534300.0,61.161258697509766
2009-08-03,69.37999725341797,67.51000213623047,68.3499984741211,68.94000244140625,2601000.0,62.15300369262695
2009-08-04,68.80999755859375,67.81999969482422,68.51000213623047,68.44000244140625,3109500.0,61.702186584472656
2009-08-05,68.81999969482422,66.88999938964844,68.54000091552734,67.37999725341797,3416900.0,60.74654769897461
2009-08-06,67.79000091552734,66.16999816894531,67.79000091552734,66.37000274658203,3207500.0,59.83601760864258
2009-08-07,68.7699966430664,66.93000030517578,67.19999694824219,67.86000061035156,4829800.0,61.17929458618164
2009-08-10,67.83999633789062,66.66000366210938,66.66000366210938,67.12000274658203,2741000.0,60.51214599609375
2009-08-11,67.0,65.61000061035156,66.68000030517578,65.97000122070312,3195100.0,59.475379943847656
2009-08-12,67.19000244140625,65.52999877929688,66.0,66.37999725341797,2448700.0,59.84500503540039
2009-08-13,67.3499984741211,65.7699966430664,67.3499984741211,66.91000366210938,2111700.0,60.32284164428711
2009-08-14,67.13999938964844,64.98999786376953,66.79000091552734,66.01000213623047,1830500.0,59.511444091796875
2009-08-17,65.3499984741211,63.540000915527344,65.3499984741211,63.880001068115234,2355800.0,57.591129302978516
2009-08-18,66.0,64.16999816894531,64.27999877929688,65.7699966430664,2699700.0,59.295074462890625
2009-08-19,66.05000305175781,64.19999694824219,65.19999694824219,65.6500015258789,2066700.0,59.1868782043457
2009-08-20,66.38999938964844,65.33000183105469,65.43000030517578,66.0999984741211,1713200.0,59.592559814453125
2009-08-21,68.1500015258789,66.29000091552734,66.70999908447266,67.87000274658203,2966900.0,61.18833541870117
2009-08-24,68.7699966430664,67.63999938964844,67.98999786376953,67.83999633789062,1828100.0,61.161258697509766
2009-08-25,69.30000305175781,68.0999984741211,68.4000015258789,68.26000213623047,2719800.0,61.53993606567383
2009-08-26,68.68000030517578,67.38999938964844,68.2300033569336,67.76000213623047,2058500.0,61.08914566040039
2009-08-27,68.87999725341797,66.36000061035156,67.87000274658203,68.52999877929688,2784800.0,61.7833251953125
2009-08-28,70.2699966430664,68.8499984741211,69.13999938964844,69.86000061035156,3296300.0,62.982418060302734
2009-08-31,69.4000015258789,68.30000305175781,69.16000366210938,68.70999908447266,1822300.0,61.945621490478516
2009-09-01,71.33999633789062,68.68000030517578,68.8499984741211,69.04000091552734,5406900.0,62.243133544921875
2009-09-02,69.6500015258789,68.05999755859375,68.75,68.51000213623047,3041100.0,61.765323638916016
2009-09-03,69.81999969482422,68.2300033569336,69.23999786376953,69.73999786376953,1957900.0,62.87420654296875
2009-09-04,70.94999694824219,69.81999969482422,69.87999725341797,70.86000061035156,1961200.0,63.88393783569336
2009-09-08,71.94999694824219,69.93000030517578,71.66999816894531,70.93000030517578,3067200.0,64.04649353027344
2009-09-09,72.36000061035156,70.95999908447266,71.72000122070312,72.04000091552734,3530000.0,65.04876708984375
2009-09-10,72.69999694824219,71.37000274658203,72.16999816894531,72.66000366210938,2418300.0,65.60858154296875
2009-09-11,78.30000305175781,75.91999816894531,75.94999694824219,77.31999969482422,11095300.0,69.81636810302734
2009-09-14,78.98999786376953,76.69999694824219,77.0,78.87999725341797,5064200.0,71.22496795654297
2009-09-15,80.0,78.52999877929688,79.36000061035156,79.52999877929688,4658700.0,71.81190490722656
2009-09-16,80.01000213623047,77.4000015258789,80.01000213623047,78.19999694824219,4444600.0,70.61096954345703
2009-09-17,78.48999786376953,75.55000305175781,76.44999694824219,76.45999908447266,6004400.0,69.03983306884766
2009-09-18,76.9000015258789,75.5,76.83999633789062,76.16999816894531,4293400.0,68.77793884277344
2009-09-21,76.0,74.25,75.72000122070312,75.58999633789062,2897600.0,68.25424194335938
2009-09-22,76.83000183105469,76.0,76.12999725341797,76.16000366210938,2928000.0,68.76893615722656
2009-09-23,77.0,75.2300033569336,76.47000122070312,75.27999877929688,2938400.0,67.9743423461914
2009-09-24,76.22000122070312,74.29000091552734,75.30000305175781,75.38999938964844,3120900.0,68.07366180419922
2009-09-25,75.52999877929688,72.9000015258789,74.87000274658203,73.37999725341797,2992600.0,66.25870513916016
2009-09-28,76.33000183105469,73.43000030517578,73.5199966430664,75.87000274658203,3308100.0,68.5071029663086
2009-09-29,76.33000183105469,74.86000061035156,76.04000091552734,75.04000091552734,2580500.0,67.75764465332031
2009-09-30,76.11000061035156,73.72000122070312,74.98999786376953,75.22000122070312,3547100.0,67.920166015625
2009-10-01,76.0999984741211,73.45999908447266,75.54000091552734,73.68000030517578,4169600.0,66.52959442138672
2009-10-02,74.18000030517578,72.44999694824219,73.19999694824219,73.58000183105469,3360100.0,66.43931579589844
2009-10-05,75.66000366210938,73.27999877929688,73.77999877929688,75.44999694824219,3142900.0,68.12783813476562
2009-10-06,76.97000122070312,74.4000015258789,75.56999969482422,75.08000183105469,3080700.0,67.79373168945312
2009-10-07,76.33000183105469,74.4800033569336,74.95999908447266,76.20999908447266,2461000.0,68.81404113769531
2009-10-08,78.9000015258789,76.20999908447266,76.73999786376953,78.16999816894531,6976800.0,70.58387756347656
2009-10-09,78.5,77.0999984741211,78.11000061035156,77.4800033569336,2443800.0,69.9608154296875
2009-10-12,78.2699966430664,77.08000183105469,78.04000091552734,77.62000274658203,1518400.0,70.08723449707031
2009-10-13,78.20999908447266,76.58000183105469,77.58999633789062,78.19000244140625,2520900.0,70.60194396972656
2009-10-14,80.4000015258789,78.91000366210938,79.16999816894531,80.29000091552734,3034200.0,72.4981460571289
2009-10-15,81.12999725341797,79.44999694824219,79.81999969482422,80.91999816894531,2996200.0,73.0669937133789
2009-10-16,80.66999816894531,79.5,80.0999984741211,80.05000305175781,2865800.0,72.28144836425781
2009-10-19,80.66000366210938,79.70999908447266,80.30999755859375,79.98999786376953,2085100.0,72.22725677490234
2009-10-20,81.83000183105469,79.68000030517578,80.02999877929688,81.68000030517578,3419900.0,73.75325775146484
2009-10-21,82.33999633789062,79.45999908447266,81.48999786376953,79.61000061035156,2193900.0,71.88412475585938
2009-10-22,79.58000183105469,77.4000015258789,79.56999969482422,78.95999908447266,2318100.0,71.29721069335938
2009-10-23,79.80000305175781,76.7300033569336,79.29000091552734,77.0999984741211,2864100.0,69.61772918701172
2009-10-26,79.08000183105469,76.52999877929688,77.13999938964844,76.86000061035156,2095500.0,69.40100860595703
2009-10-27,77.1500015258789,74.66999816894531,76.95999908447266,74.77999877929688,3497200.0,67.52284240722656
2009-10-28,75.44000244140625,73.29000091552734,74.5,73.54000091552734,2856500.0,66.40318298339844
2009-10-29,75.70999908447266,73.77999877929688,74.38999938964844,74.94999694824219,2737000.0,67.6763687133789
2009-10-30,75.56999969482422,72.41000366210938,74.73999786376953,72.69000244140625,2969200.0,65.63567352294922
2009-11-02,73.80999755859375,71.77999877929688,73.01000213623047,72.87000274658203,2745900.0,65.79820251464844
2009-11-03,75.08999633789062,72.58999633789062,73.05999755859375,74.83000183105469,3519500.0,67.56802368164062
2009-11-04,75.47000122070312,72.7699966430664,75.44000244140625,72.91999816894531,2659600.0,65.84337615966797
2009-11-05,75.31999969482422,73.51000213623047,73.52999877929688,75.0,2204600.0,67.72151947021484
2009-11-06,77.36000061035156,74.44999694824219,74.44999694824219,77.12000274658203,2895000.0,69.63578033447266
2009-11-09,81.23999786376953,77.0199966430664,77.81999969482422,81.22000122070312,4110800.0,73.3378677368164
2009-11-10,82.27999877929688,80.30000305175781,80.68000030517578,82.12999725341797,3469800.0,74.15955352783203
2009-11-11,83.7699966430664,81.91000366210938,82.54000091552734,82.5,3882000.0,74.49364471435547
2009-11-12,82.80000305175781,80.5199966430664,82.30999755859375,80.76000213623047,2516600.0,72.92255401611328
2009-11-13,82.22000122070312,80.76000213623047,81.0199966430664,81.97000122070312,1938200.0,74.01510620117188
2009-11-16,84.91999816894531,83.08000183105469,83.54000091552734,84.80000305175781,3197100.0,76.57047271728516
2009-11-17,85.43000030517578,84.06999969482422,84.68000030517578,85.26000213623047,3673100.0,76.98580932617188
2009-11-18,85.23999786376953,83.33999633789062,85.01000213623047,83.70999908447266,2333000.0,75.58623504638672
2009-11-19,83.58999633789062,81.44999694824219,83.3499984741211,82.4800033569336,1967300.0,74.47563171386719
2009-11-20,82.5999984741211,80.5999984741211,81.93000030517578,81.77999877929688,2422600.0,73.84354400634766
2009-11-23,83.80999755859375,82.11000061035156,83.0,82.61000061035156,2233000.0,74.59297180175781
2009-11-24,83.16000366210938,81.55000305175781,82.43000030517578,81.79000091552734,1504300.0,73.85256958007812
2009-11-25,83.55000305175781,81.8499984741211,81.88999938964844,83.5,2101000.0,75.39659118652344
2009-11-27,83.54000091552734,80.83999633789062,81.29000091552734,82.6500015258789,1495500.0,74.62910461425781
2009-11-30,84.72000122070312,82.08000183105469,82.86000061035156,84.44999694824219,2605500.0,76.25444030761719
2009-12-01,86.56999969482422,84.81999969482422,85.38999938964844,85.87999725341797,3194300.0,77.54564666748047
2009-12-02,87.27999877929688,85.54000091552734,85.87999725341797,87.0999984741211,2475200.0,78.64727020263672
2009-12-03,87.87999725341797,85.77999877929688,87.61000061035156,85.94000244140625,3246400.0,77.59980773925781
2009-12-04,88.04000091552734,86.05999755859375,87.08000183105469,87.93000030517578,2926800.0,79.39669799804688
2009-12-07,88.44000244140625,87.38999938964844,88.01000213623047,87.5199966430664,2271000.0,79.0264892578125
2009-12-08,90.62000274658203,89.01000213623047,89.47000122070312,89.87999725341797,6866400.0,81.15743255615234
2009-12-09,90.3499984741211,88.0999984741211,90.3499984741211,89.0,3389600.0,80.36284637451172
2009-12-10,90.01000213623047,87.66999816894531,89.26000213623047,88.04000091552734,2376300.0,79.59440612792969
2009-12-11,88.94999694824219,87.58999633789062,87.93000030517578,87.94000244140625,1815400.0,79.50398254394531
2009-12-14,90.6500015258789,88.19000244140625,88.25,90.55999755859375,2644500.0,81.8726577758789
2009-12-15,91.98999786376953,90.0,90.45999908447266,91.36000061035156,4924000.0,82.5959243774414
2009-12-16,92.58999633789062,89.75,91.94000244140625,89.94999694824219,3494500.0,81.32117462158203
2009-12-17,87.0999984741211,84.38999938964844,86.48999786376953,84.47000122070312,8399100.0,76.36687469482422
2009-12-18,85.76000213623047,83.52999877929688,85.08999633789062,84.94999694824219,4804000.0,76.80081176757812
2009-12-21,86.19999694824219,84.11000061035156,85.43000030517578,84.72000122070312,3637700.0,76.59288787841797
2009-12-22,85.41000366210938,83.27999877929688,84.62999725341797,83.5,3554900.0,75.48992919921875
2009-12-23,84.0,82.86000061035156,83.26000213623047,83.76000213623047,2171200.0,75.72498321533203
2009-12-24,84.38999938964844,82.3499984741211,84.0,82.56999969482422,1458100.0,74.6491470336914
2009-12-28,83.44999694824219,82.3499984741211,82.54000091552734,83.0199966430664,2124300.0,75.05597686767578
2009-12-29,85.33999633789062,82.8499984741211,83.02999877929688,85.16000366210938,2916200.0,76.99068450927734
2009-12-30,85.23999786376953,84.3499984741211,85.0,85.16999816894531,1589000.0,76.99971771240234
2009-12-31,84.73999786376953,83.30000305175781,84.20999908447266,83.44999694824219,1984200.0,75.44474792480469
2010-01-04,85.0,83.11000061035156,84.20999908447266,83.44999694824219,3215100.0,75.44474792480469
2010-01-05,84.58999633789062,82.63999938964844,83.44000244140625,84.54000091552734,2493300.0,76.43011474609375
2010-01-06,85.12000274658203,83.61000061035156,84.33000183105469,83.83999633789062,2491000.0,75.79730987548828
2010-01-07,83.8499984741211,82.4000015258789,83.8499984741211,82.93000030517578,3093200.0,74.97459411621094
2010-01-08,85.26000213623047,82.94999694824219,84.08000183105469,84.98999786376953,4351200.0,76.83697509765625
2010-01-11,88.29000091552734,85.4000015258789,85.58999633789062,87.25,6131900.0,78.8802261352539
2010-01-12,88.68000030517578,85.5999984741211,86.44000244140625,86.58000183105469,3345100.0,78.27445983886719
2010-01-13,87.33000183105469,85.1500015258789,86.94999694824219,85.81999969482422,2855700.0,77.58735656738281
2010-01-14,86.44999694824219,85.08999633789062,85.58000183105469,86.29000091552734,2104300.0,78.01227569580078
2010-01-15,86.80000305175781,84.93000030517578,86.33999633789062,85.11000061035156,4369700.0,76.94544982910156
2010-01-19,86.26000213623047,84.97000122070312,84.97000122070312,85.9000015258789,2289200.0,77.65967559814453
2010-01-20,84.80000305175781,83.08000183105469,84.75,84.05999755859375,2793100.0,75.99622344970703
2010-01-21,84.4800033569336,81.30000305175781,84.3499984741211,81.5999984741211,2865500.0,73.77217864990234
2010-01-22,81.86000061035156,80.19000244140625,81.31999969482422,80.29000091552734,2551800.0,72.58784484863281
2010-01-25,81.22000122070312,79.1500015258789,81.22000122070312,80.69000244140625,1878500.0,72.94949340820312
2010-01-26,81.2300033569336,79.51000213623047,80.45999908447266,80.76000213623047,2272300.0,73.01278686523438
2010-01-27,80.7699966430664,78.61000061035156,80.75,80.41999816894531,3523900.0,72.70539855957031
2010-01-28,80.9800033569336,78.38999938964844,80.9800033569336,79.06999969482422,1974200.0,71.48487091064453
2010-01-29,80.69999694824219,78.30000305175781,79.68000030517578,78.3499984741211,3139500.0,70.83394622802734
2010-02-01,80.7300033569336,78.76000213623047,78.80999755859375,80.66999816894531,3056600.0,72.93138885498047
2010-02-02,82.55000305175781,80.36000061035156,81.06999969482422,82.33000183105469,3217400.0,74.4321517944336
2010-02-03,82.8499984741211,80.91000366210938,81.66000366210938,82.12000274658203,2593700.0,74.24230194091797
2010-02-04,81.73999786376953,78.75,81.36000061035156,78.8499984741211,3830100.0,71.28598022460938
2010-02-05,79.25,75.16999816894531,78.8499984741211,76.69000244140625,5535300.0,69.33319854736328
2010-02-08,77.7699966430664,75.30999755859375,76.81999969482422,76.69000244140625,2966800.0,69.33319854736328
2010-02-09,79.72000122070312,76.95999908447266,77.2699966430664,79.22000122070312,4694400.0,71.62051391601562
2010-02-10,79.29000091552734,77.5199966430664,79.16000366210938,78.29000091552734,2196800.0,70.77970886230469
2010-02-11,79.77999877929688,77.44000244140625,78.37999725341797,79.52999877929688,2272800.0,71.90074157714844
2010-02-12,78.68000030517578,77.51000213623047,78.4000015258789,78.55000305175781,2902000.0,71.01477813720703
2010-02-16,80.19999694824219,78.91999816894531,78.91999816894531,79.97000122070312,2649200.0,72.29853820800781
2010-02-17,80.48999786376953,78.93000030517578,79.9000015258789,79.94000244140625,2484400.0,72.27140808105469
2010-02-18,80.38999938964844,79.37000274658203,79.62999725341797,80.0999984741211,1714300.0,72.41607666015625
2010-02-19,82.44000244140625,80.0999984741211,80.0999984741211,81.76000213623047,3000000.0,73.91685485839844
2010-02-22,83.13999938964844,81.5199966430664,82.25,82.36000061035156,2218800.0,74.45926666259766
2010-02-23,83.12000274658203,80.91999816894531,82.05999755859375,81.48999786376953,2217300.0,73.6727523803711
2010-02-24,83.61000061035156,81.7300033569336,81.7300033569336,83.08000183105469,3083400.0,75.11022186279297
2010-02-25,83.2699966430664,80.2699966430664,81.54000091552734,83.18000030517578,3007100.0,75.20063781738281
2010-02-26,84.9800033569336,82.31999969482422,83.12999725341797,84.76000213623047,3030000.0,76.62907409667969
2010-03-01,86.44999694824219,84.83000183105469,84.91999816894531,85.80999755859375,2419000.0,77.57833099365234
2010-03-02,87.12000274658203,85.20999908447266,86.44000244140625,85.41000366210938,3169300.0,77.21670532226562
2010-03-03,87.80000305175781,85.66000366210938,85.81999969482422,86.13999938964844,3579600.0,77.87666320800781
2010-03-04,87.4800033569336,85.47000122070312,87.2300033569336,86.36000061035156,2448200.0,78.0755615234375
2010-03-05,87.75,86.62999725341797,87.0199966430664,86.94999694824219,1817600.0,78.60894775390625
2010-03-08,87.54000091552734,86.13999938964844,87.26000213623047,86.66999816894531,1924700.0,78.35580444335938
2010-03-09,87.33999633789062,85.63999938964844,86.4800033569336,86.8499984741211,2023300.0,78.61832427978516
2010-03-10,88.33999633789062,86.87999725341797,87.01000213623047,87.26000213623047,2557400.0,78.98949432373047
2010-03-11,87.0,85.63999938964844,86.61000061035156,86.48999786376953,4330500.0,78.29248046875
2010-03-12,86.69000244140625,84.80000305175781,86.52999877929688,86.18000030517578,3605200.0,78.0118408203125
2010-03-15,87.83000183105469,86.1500015258789,86.19999694824219,87.83000183105469,2509100.0,79.50546264648438
2010-03-16,88.94000244140625,87.68000030517578,88.04000091552734,88.62999725341797,2798400.0,80.22962188720703
2010-03-17,90.51000213623047,89.05000305175781,89.05000305175781,89.80000305175781,4885800.0,81.28872680664062
2010-03-18,92.95999908447266,87.0,87.8499984741211,92.66999816894531,13233200.0,83.88671875
2010-03-19,92.16999816894531,90.36000061035156,91.05000305175781,91.05000305175781,5613000.0,82.4202651977539
2010-03-22,91.0,89.5199966430664,90.5,89.68000030517578,3904200.0,81.18010711669922
2010-03-23,92.01000213623047,89.63999938964844,89.66000366210938,91.62999725341797,4116000.0,82.94527435302734
2010-03-24,91.5,90.0999984741211,91.41999816894531,90.23999786376953,4458000.0,81.68701934814453
2010-03-25,91.94000244140625,90.01000213623047,91.18000030517578,90.94000244140625,5720000.0,82.32069396972656
2010-03-26,91.87999725341797,90.33999633789062,91.19000244140625,91.3499984741211,3777100.0,82.69184112548828
2010-03-29,92.43000030517578,90.83999633789062,91.75,92.2300033569336,3423400.0,83.48839569091797
2010-03-30,93.2300033569336,91.68000030517578,92.5199966430664,92.81999969482422,3979900.0,84.02251434326172
2010-03-31,93.66000366210938,91.5999984741211,92.16999816894531,93.4000015258789,4168500.0,84.54753112792969
2010-04-01,94.52999877929688,91.69000244140625,94.01000213623047,92.16999816894531,2527800.0,83.43408966064453
2010-04-05,92.62999725341797,91.66000366210938,92.12000274658203,92.45999908447266,2091900.0,83.69661712646484
2010-04-06,92.83999633789062,91.76000213623047,92.08999633789062,92.37000274658203,1794300.0,83.61517333984375
2010-04-07,92.3499984741211,90.19999694824219,92.02999877929688,90.66999816894531,2522400.0,82.0762710571289
2010-04-08,90.94000244140625,89.81999969482422,90.44999694824219,90.72000122070312,2344000.0,82.12151336669922
2010-04-09,91.63999938964844,90.27999877929688,90.4800033569336,91.26000213623047,1876000.0,82.61033630371094
2010-04-12,91.69999694824219,90.56999969482422,91.06999969482422,90.81999969482422,1542300.0,82.2120590209961
2010-04-13,90.94999694824219,89.91999816894531,90.69000244140625,90.72000122070312,1358600.0,82.12151336669922
2010-04-14,94.2300033569336,90.7699966430664,91.12000274658203,94.01000213623047,4753400.0,85.0997314453125
2010-04-15,97.75,95.30000305175781,95.30000305175781,95.62000274658203,4342800.0,86.55709075927734
2010-04-16,95.38999938964844,93.41000366210938,95.23999786376953,93.87000274658203,3812200.0,84.97297668457031
2010-04-19,94.2699966430664,91.93000030517578,93.31999969482422,92.55000305175781,2866100.0,83.778076171875
2010-04-20,93.55999755859375,91.55000305175781,93.33999633789062,92.04000091552734,3546600.0,83.3164291381836
2010-04-21,92.5,91.12000274658203,91.9800033569336,91.5,2628500.0,82.82762908935547
2010-04-22,91.94000244140625,89.9000015258789,91.01000213623047,91.70999908447266,3302100.0,83.01769256591797
2010-04-23,92.83000183105469,91.30000305175781,91.93000030517578,92.80999755859375,2879700.0,84.01345825195312
2010-04-26,93.98999786376953,92.2699966430664,93.02999877929688,92.5,2075900.0,83.73281860351562
2010-04-27,92.70999908447266,89.43000030517578,91.7300033569336,89.72000122070312,2996400.0,81.21630859375
2010-04-28,91.41999816894531,89.66000366210938,90.37000274658203,90.83999633789062,2439400.0,82.23015594482422
2010-04-29,92.80000305175781,91.27999877929688,91.47000122070312,92.58000183105469,2325600.0,83.80522155761719
2010-04-30,93.80000305175781,89.9000015258789,92.41999816894531,90.01000213623047,2653600.0,81.47884368896484
2010-05-03,92.73999786376953,90.31999969482422,90.68000030517578,92.47000122070312,2985000.0,83.70569610595703
2010-05-04,91.23999786376953,88.33999633789062,91.02999877929688,89.37000274658203,3572300.0,80.89949798583984
2010-05-05,89.63999938964844,87.8499984741211,88.44999694824219,88.55999755859375,2224600.0,80.16625213623047
2010-05-06,89.27999877929688,81.5,87.94999694824219,85.98999786376953,4072400.0,77.83983612060547
2010-05-07,86.16000366210938,81.80000305175781,86.16000366210938,83.13999938964844,4864000.0,75.260009765625
2010-05-10,88.45999908447266,86.0999984741211,87.02999877929688,87.72000122070312,3517000.0,79.40586853027344
2010-05-11,89.62000274658203,86.31999969482422,86.93000030517578,88.11000061035156,2894900.0,79.75892639160156
2010-05-12,89.91999816894531,88.0,88.62000274658203,89.76000213623047,1779400.0,81.25252532958984
2010-05-13,89.62000274658203,87.66999816894531,89.3499984741211,87.9800033569336,1891100.0,79.64122009277344
2010-05-14,87.41999816894531,85.01000213623047,87.30000305175781,85.91000366210938,2682100.0,77.7674331665039
2010-05-17,86.95999908447266,84.0,86.12999725341797,85.88999938964844,2356000.0,77.74934387207031
2010-05-18,86.81999969482422,83.7699966430664,85.95999908447266,84.05999755859375,3215000.0,76.09275817871094
2010-05-19,84.70999908447266,82.12000274658203,83.2699966430664,84.08999633789062,2960600.0,76.11991119384766
2010-05-20,83.16999816894531,81.0199966430664,82.55000305175781,81.0999984741211,3747500.0,73.41333770751953
2010-05-21,83.3499984741211,79.41000366210938,80.13999938964844,83.05999755859375,4250000.0,75.18753814697266
2010-05-24,83.47000122070312,81.41000366210938,82.66000366210938,81.47000122070312,2364300.0,73.74825286865234
2010-05-25,80.88999938964844,78.29000091552734,79.11000061035156,80.70999908447266,4349900.0,73.0602798461914
2010-05-26,82.70999908447266,81.01000213623047,81.44000244140625,81.63999938964844,3179400.0,73.90215301513672
2010-05-27,84.29000091552734,82.12999725341797,83.16000366210938,84.16000366210938,2609600.0,76.18329620361328
2010-05-28,84.62999725341797,82.66999816894531,84.04000091552734,83.48999786376953,2313900.0,75.57682037353516
2010-06-01,83.41000366210938,81.19999694824219,82.48999786376953,81.29000091552734,2904400.0,73.58534240722656
2010-06-02,83.41000366210938,81.48999786376953,81.93000030517578,83.31999969482422,2242000.0,75.42290496826172
2010-06-03,84.8499984741211,82.66000366210938,83.83999633789062,83.9800033569336,2195100.0,76.02035522460938
2010-06-04,82.62000274658203,78.83999633789062,82.20999908447266,79.37000274658203,3875300.0,71.84729766845703
2010-06-07,79.93000030517578,76.44999694824219,79.93000030517578,76.5199966430664,4042700.0,69.26742553710938
2010-06-08,79.01000213623047,76.02999877929688,77.06999969482422,78.68000030517578,3405300.0,71.2226791381836
2010-06-09,80.25,77.12000274658203,79.37999725341797,77.55000305175781,3436000.0,70.19977569580078
2010-06-10,80.33999633789062,78.6500015258789,79.13999938964844,80.26000213623047,2725300.0,72.6529312133789
2010-06-11,80.73999786376953,78.81999969482422,79.52999877929688,80.62999725341797,2406100.0,72.98786163330078
2010-06-14,82.5,80.75,81.18000030517578,81.47000122070312,3507100.0,73.74825286865234
2010-06-15,83.1500015258789,81.62999725341797,82.0999984741211,83.01000213623047,3561500.0,75.25312805175781
2010-06-16,82.05000305175781,77.91999816894531,81.4000015258789,78.06999969482422,15058000.0,70.77474975585938
2010-06-17,78.5199966430664,77.12999725341797,78.5,78.11000061035156,7910200.0,70.81099700927734
2010-06-18,78.81999969482422,77.91000366210938,78.47000122070312,78.69999694824219,3733300.0,71.34586334228516
2010-06-21,80.08999633789062,78.0199966430664,79.69000244140625,78.58000183105469,3346100.0,71.23710632324219
2010-06-22,78.95999908447266,75.87999725341797,78.5199966430664,76.19999694824219,4665900.0,69.07948303222656
2010-06-23,77.22000122070312,75.44000244140625,76.43000030517578,76.58999633789062,4015900.0,69.43303680419922
2010-06-24,77.33000183105469,75.69000244140625,76.22000122070312,75.95999908447266,4112700.0,68.86193084716797
2010-06-25,76.23999786376953,74.41999816894531,76.12000274658203,75.95999908447266,8014300.0,68.86193084716797
2010-06-28,76.55000305175781,74.93000030517578,75.80000305175781,75.12999725341797,3176200.0,68.10946655273438
2010-06-29,74.2699966430664,70.94000244140625,74.01000213623047,71.51000213623047,5349400.0,64.82776641845703
2010-06-30,71.9000015258789,69.9800033569336,71.47000122070312,70.11000061035156,4570400.0,63.5585823059082
2010-07-01,72.19000244140625,69.77999877929688,70.70999908447266,72.0,6562400.0,65.27197265625
2010-07-02,72.5999984741211,71.0199966430664,72.38999938964844,71.41000366210938,4719000.0,64.73710632324219
2010-07-06,72.70999908447266,70.05999755859375,72.2300033569336,70.69999694824219,5745100.0,64.09346771240234
2010-07-07,72.91000366210938,70.56999969482422,71.0,72.88999938964844,4839800.0,66.07878112792969
2010-07-08,74.44000244140625,72.62999725341797,73.48999786376953,73.68000030517578,3219300.0,66.79498291015625
2010-07-09,74.36000061035156,72.5199966430664,73.87000274658203,74.22000122070312,3500500.0,67.28450775146484
2010-07-12,75.4000015258789,73.58000183105469,75.20999908447266,74.16000366210938,2902600.0,67.23011016845703
2010-07-13,77.68000030517578,75.11000061035156,75.16000366210938,77.29000091552734,5278600.0,70.06763458251953
2010-07-14,79.12000274658203,76.91000366210938,77.01000213623047,78.7300033569336,5260100.0,71.37307739257812
2010-07-15,78.80000305175781,76.23999786376953,78.75,77.22000122070312,3884300.0,70.0041732788086
2010-07-16,76.98999786376953,74.37000274658203,76.80000305175781,74.61000061035156,3024200.0,67.63809204101562
2010-07-19,75.22000122070312,73.69999694824219,74.91000366210938,74.98999786376953,2248000.0,67.98260498046875
2010-07-20,76.04000091552734,73.26000213623047,74.0999984741211,75.91000366210938,2303800.0,68.81659698486328
2010-07-21,76.56999969482422,73.3499984741211,76.52999877929688,74.02999877929688,3010300.0,67.1122817993164
2010-07-22,78.73999786376953,75.70999908447266,75.70999908447266,78.52999877929688,4490400.0,71.19173431396484
2010-07-23,79.0,77.56999969482422,78.48999786376953,78.95999908447266,2800400.0,71.58160400390625
2010-07-26,83.63999938964844,82.0,82.26000213623047,83.38999938964844,7247800.0,75.59765625
2010-07-27,84.23999786376953,81.80999755859375,84.0,82.37000274658203,3282600.0,74.67294311523438
2010-07-28,83.05000305175781,81.41000366210938,81.75,82.83999633789062,2931000.0,75.09899139404297
2010-07-29,83.68000030517578,81.1500015258789,83.47000122070312,82.06999969482422,2335400.0,74.40097045898438
2010-07-30,82.98999786376953,80.66999816894531,81.2300033569336,82.55000305175781,2453600.0,74.83612823486328
2010-08-02,84.66999816894531,83.05999755859375,83.9000015258789,84.5999984741211,2471300.0,76.6945571899414
2010-08-03,84.45999908447266,82.75,84.45999908447266,83.62999725341797,2350200.0,75.815185546875
2010-08-04,86.08999633789062,83.75,84.0199966430664,85.95999908447266,3289500.0,77.92749786376953
2010-08-05,86.05000305175781,84.8499984741211,85.18000030517578,85.75,2478000.0,77.73712158203125
2010-08-06,85.79000091552734,84.08000183105469,84.55999755859375,85.31999969482422,1845600.0,77.3472671508789
2010-08-09,87.73999786376953,85.5199966430664,85.55999755859375,87.29000091552734,2915400.0,79.13322448730469
2010-08-10,87.47000122070312,85.7699966430664,86.44000244140625,87.0999984741211,2778100.0,78.9609375
2010-08-11,85.4800033569336,82.47000122070312,85.41999816894531,83.12999725341797,3736600.0,75.36193084716797
2010-08-12,82.19000244140625,80.88999938964844,81.75,81.94000244140625,3022500.0,74.28314208984375
2010-08-13,82.19999694824219,80.77999877929688,81.77999877929688,80.80000305175781,1967600.0,73.24967193603516
2010-08-16,81.5,79.87999725341797,80.18000030517578,80.9800033569336,1942900.0,73.41282653808594
2010-08-17,84.47000122070312,81.73999786376953,81.94999694824219,83.76000213623047,2780600.0,75.93305206298828
2010-08-18,84.55000305175781,82.73999786376953,83.54000091552734,84.04000091552734,2518900.0,76.18690490722656
2010-08-19,83.91999816894531,80.94000244140625,83.5,81.58000183105469,2700000.0,73.95675659179688
2010-08-20,81.66000366210938,79.9800033569336,81.05999755859375,81.2300033569336,2572500.0,73.63948059082031
2010-08-23,83.2699966430664,81.33000183105469,82.2699966430664,81.44000244140625,2622000.0,73.829833984375
2010-08-24,80.69000244140625,78.12999725341797,80.26000213623047,79.08999633789062,3030200.0,71.6994400024414
2010-08-25,79.13999938964844,77.25,78.11000061035156,78.75,2707300.0,71.39120483398438
2010-08-26,80.11000061035156,78.47000122070312,78.47000122070312,78.76000213623047,2316800.0,71.4002914428711
2010-08-27,80.56999969482422,77.88999938964844,79.51000213623047,80.45999908447266,1940900.0,72.94142150878906
2010-08-30,80.87000274658203,78.75,79.66999816894531,78.77999877929688,1511700.0,71.41842651367188
2010-08-31,79.4000015258789,77.33999633789062,78.51000213623047,78.05000305175781,2733500.0,70.75663757324219
2010-09-01,81.69000244140625,79.04000091552734,79.30999755859375,81.37000274658203,3479400.0,73.76638793945312
2010-09-02,82.1500015258789,81.01000213623047,81.51000213623047,81.72000122070312,2455400.0,74.08365631103516
2010-09-03,84.12000274658203,82.4800033569336,82.79000091552734,82.75,2585000.0,75.01741790771484
2010-09-07,82.76000213623047,81.33000183105469,82.23999786376953,81.9800033569336,1666700.0,74.3193588256836
2010-09-08,84.61000061035156,82.02999877929688,82.02999877929688,83.80999755859375,2311000.0,76.08976745605469
2010-09-09,85.86000061035156,84.12999725341797,85.12000274658203,84.27999877929688,1961400.0,76.51647186279297
2010-09-10,85.0,83.95999908447266,84.69999694824219,84.16000366210938,1166600.0,76.40753173828125
2010-09-13,86.3499984741211,84.27999877929688,85.25,84.62000274658203,2095000.0,76.8251724243164
2010-09-14,85.58999633789062,84.05999755859375,84.83999633789062,85.08999633789062,2184500.0,77.25183868408203
2010-09-15,86.30999755859375,84.5999984741211,84.86000061035156,85.94000244140625,2022100.0,78.0235595703125
2010-09-16,84.0,81.80000305175781,83.41000366210938,82.72000122070312,8247600.0,75.10018920898438
2010-09-17,82.8499984741211,81.80999755859375,82.8499984741211,82.27999877929688,3893600.0,74.70069885253906
2010-09-20,83.66999816894531,82.08999633789062,82.56999969482422,82.91000366210938,2491700.0,75.27265930175781
2010-09-21,83.75,82.41000366210938,83.22000122070312,83.62999725341797,3959000.0,75.92634582519531
2010-09-22,85.08000183105469,83.30999755859375,83.61000061035156,84.30000305175781,3618600.0,76.53462219238281
2010-09-23,84.41999816894531,82.37000274658203,83.55999755859375,82.66000366210938,2464200.0,75.04569244384766
2010-09-24,84.80000305175781,83.66999816894531,83.87999725341797,84.2300033569336,2383500.0,76.4710922241211
2010-09-27,84.87000274658203,83.94999694824219,84.61000061035156,84.06999969482422,2253600.0,76.32579040527344
2010-09-28,84.86000061035156,82.76000213623047,84.05999755859375,84.70999908447266,2880500.0,76.90685272216797
2010-09-29,86.56999969482422,84.01000213623047,84.51000213623047,86.37000274658203,5037300.0,78.4139404296875
2010-09-30,88.45999908447266,85.43000030517578,87.0,85.5,5114000.0,77.62409210205078
2010-10-01,87.41999816894531,85.2300033569336,86.41000366210938,85.63999938964844,3260800.0,77.7511978149414
2010-10-04,86.63999938964844,84.73999786376953,85.52999877929688,85.43000030517578,3371200.0,77.56051635742188
2010-10-05,88.44999694824219,86.12000274658203,86.2300033569336,87.83000183105469,3840200.0,79.73945617675781
2010-10-06,88.0,86.7300033569336,87.58999633789062,87.37999725341797,2108400.0,79.33089447021484
2010-10-07,87.68000030517578,85.93000030517578,87.6500015258789,86.73999786376953,1930500.0,78.74983978271484
2010-10-08,88.93000030517578,86.33999633789062,86.93000030517578,88.69000244140625,3697800.0,80.52025604248047
2010-10-11,88.95999908447266,88.0999984741211,88.95999908447266,88.4000015258789,1684500.0,80.25691986083984
2010-10-12,88.37999725341797,86.55000305175781,87.95999908447266,87.9800033569336,2255200.0,79.87561798095703
2010-10-13,90.62999725341797,88.26000213623047,88.55999755859375,89.75,2829700.0,81.48261260986328
2010-10-14,89.75,88.83999633789062,89.7300033569336,89.38999938964844,1577300.0,81.15577697753906
2010-10-15,90.5,88.6500015258789,90.05000305175781,89.62000274658203,2172800.0,81.36457824707031
2010-10-18,89.9000015258789,88.88999938964844,89.44999694824219,89.47000122070312,1953100.0,81.2283935546875
2010-10-19,88.70999908447266,86.43000030517578,88.19000244140625,87.13999938964844,2844400.0,79.1130142211914
2010-10-20,89.25,87.5,87.56999969482422,88.91999816894531,2506100.0,80.7290267944336
2010-10-21,89.87000274658203,87.80000305175781,88.91999816894531,88.56999969482422,1826200.0,80.41128540039062
2010-10-22,88.86000061035156,87.9000015258789,88.66000366210938,88.86000061035156,954600.0,80.67457580566406
2010-10-25,90.19999694824219,88.91999816894531,89.38999938964844,89.55999755859375,2716300.0,81.31010437011719
2010-10-26,90.30000305175781,88.25,88.97000122070312,89.63999938964844,1763300.0,81.38272094726562
2010-10-27,88.75,86.69999694824219,88.62999725341797,88.12999725341797,2352800.0,80.0118179321289
2010-10-28,89.18000030517578,87.56999969482422,88.69999694824219,88.83000183105469,2335900.0,80.6473388671875
2010-10-29,89.12999725341797,87.66999816894531,88.72000122070312,87.72000122070312,2062700.0,79.63957977294922
2010-11-01,88.7699966430664,86.04000091552734,87.69000244140625,86.41999816894531,2610300.0,78.4593276977539
2010-11-02,87.69000244140625,86.2300033569336,87.0999984741211,87.02999877929688,2040700.0,79.01313781738281
2010-11-03,88.37999725341797,85.83999633789062,87.0,87.44000244140625,2932400.0,79.38539123535156
2010-11-04,89.13999938964844,87.93000030517578,88.37999725341797,88.80000305175781,3501400.0,80.62010192871094
2010-11-05,90.55000305175781,88.7300033569336,88.7300033569336,90.0,2527100.0,81.70955657958984
2010-11-08,90.45999908447266,89.05000305175781,89.18000030517578,90.30999755859375,1995900.0,81.9909896850586
2010-11-09,90.6500015258789,87.79000091552734,90.41999816894531,88.12000274658203,2330600.0,80.00274658203125
2010-11-10,88.75,87.25,88.33000183105469,88.4800033569336,1468600.0,80.32958221435547
2010-11-11,88.44999694824219,87.3499984741211,87.4800033569336,87.9800033569336,1831400.0,79.87561798095703
2010-11-12,87.75,86.7699966430664,87.38999938964844,87.31999969482422,1533900.0,79.27645874023438
2010-11-15,88.25,86.2300033569336,87.68000030517578,86.38999938964844,2144000.0,78.43209838867188
2010-11-16,86.2300033569336,84.48999786376953,85.87999725341797,85.87000274658203,2382900.0,77.96000671386719
2010-11-17,86.7300033569336,85.3499984741211,86.12000274658203,85.62999725341797,1745000.0,77.74211120605469
2010-11-18,87.58999633789062,86.13999938964844,86.76000213623047,87.08999633789062,2153600.0,79.1785659790039
2010-11-19,87.97000122070312,86.55000305175781,87.3499984741211,86.79000091552734,1929600.0,78.90583038330078
2010-11-22,87.5,85.87999725341797,86.5,87.33999633789062,2326000.0,79.40581512451172
2010-11-23,86.9000015258789,85.80999755859375,86.31999969482422,86.13999938964844,1614300.0,78.31486511230469
2010-11-24,88.5999984741211,86.58999633789062,86.86000061035156,88.47000122070312,1936900.0,80.4332046508789
2010-11-26,87.98999786376953,87.44000244140625,87.56999969482422,87.5,642600.0,79.55132293701172
2010-11-29,91.9800033569336,88.47000122070312,89.0,91.58999633789062,5127600.0,83.26979064941406
2010-11-30,93.02999877929688,91.0,91.20999908447266,91.12000274658203,4810800.0,82.84246826171875
2010-12-01,95.0,93.0999984741211,93.23999786376953,93.98999786376953,3220300.0,85.4517822265625
2010-12-02,96.2300033569336,94.0999984741211,94.3499984741211,95.20999908447266,2399300.0,86.56092834472656
2010-12-03,95.4800033569336,94.36000061035156,94.51000213623047,95.0,1833900.0,86.37001037597656
2010-12-06,94.66999816894531,93.04000091552734,94.52999877929688,93.29000091552734,2323700.0,84.81536102294922
2010-12-07,94.5999984741211,92.63999938964844,94.18000030517578,92.66000366210938,3025500.0,84.24256896972656
2010-12-08,93.27999877929688,92.0999984741211,92.43000030517578,92.80999755859375,1401700.0,84.37895202636719
2010-12-09,94.27999877929688,93.30000305175781,93.66999816894531,94.08999633789062,2650400.0,85.54267883300781
2010-12-10,94.0999984741211,92.62999725341797,94.0999984741211,93.9800033569336,1752800.0,85.44268035888672
2010-12-13,95.19000244140625,94.26000213623047,94.9000015258789,94.30999755859375,2186900.0,85.74270629882812
2010-12-14,94.7699966430664,92.93000030517578,94.41999816894531,93.33000183105469,2353800.0,84.85173034667969
2010-12-15,93.5,92.38999938964844,93.33000183105469,92.38999938964844,2193200.0,83.99711608886719
2010-12-16,94.79000091552734,91.27999877929688,91.86000061035156,94.22000122070312,6865000.0,85.66087341308594
2010-12-17,94.30999755859375,92.23999786376953,94.2300033569336,93.06999969482422,2990100.0,84.6153564453125
2010-12-20,93.88999938964844,92.80999755859375,93.80999755859375,93.55999755859375,1604500.0,85.0608139038086
2010-12-21,94.48999786376953,93.47000122070312,93.80000305175781,93.69000244140625,1547300.0,85.17901611328125
2010-12-22,93.9000015258789,92.81999969482422,93.83000183105469,93.37000274658203,1246700.0,84.88810729980469
2010-12-23,93.5199966430664,92.56999969482422,93.02999877929688,93.01000213623047,880200.0,84.56077575683594
2010-12-27,93.19999694824219,92.48999786376953,92.48999786376953,93.02999877929688,678100.0,84.57897186279297
2010-12-28,93.36000061035156,92.58999633789062,93.23999786376953,93.0199966430664,839400.0,84.56987762451172
2010-12-29,93.25,92.63999938964844,93.06999969482422,92.80000305175781,790100.0,84.369873046875
2010-12-30,93.23999786376953,92.69999694824219,92.81999969482422,92.95999908447266,764900.0,84.51533508300781
2010-12-31,93.41000366210938,92.41000366210938,92.52999877929688,93.01000213623047,1015100.0,84.56077575683594
2011-01-03,94.29000091552734,93.12000274658203,93.54000091552734,93.19000244140625,2037700.0,84.72444915771484
2011-01-04,93.87000274658203,92.05999755859375,93.37999725341797,93.12000274658203,2412600.0,84.66082000732422
2011-01-05,94.2699966430664,92.37000274658203,92.5199966430664,93.87000274658203,2351100.0,85.34265899658203
2011-01-06,93.93000030517578,92.91000366210938,93.69999694824219,93.0999984741211,1890000.0,84.64261627197266
2011-01-07,94.31999969482422,91.80000305175781,93.0,93.1500015258789,5209400.0,84.6880874633789
2011-01-10,94.9800033569336,92.25,93.01000213623047,94.05999755859375,2959000.0,85.51541900634766
2011-01-11,94.79000091552734,92.44999694824219,94.79000091552734,93.30999755859375,2635500.0,84.83351135253906
2011-01-12,95.13999938964844,93.27999877929688,93.91999816894531,95.0,3155100.0,86.37001037597656
2011-01-13,96.16999816894531,94.62000274658203,94.91000366210938,95.62999725341797,2725900.0,86.94277954101562
2011-01-14,97.0,95.30999755859375,95.6500015258789,95.83000183105469,2600400.0,87.12460327148438
2011-01-18,96.79000091552734,95.08000183105469,96.30999755859375,95.80000305175781,1565300.0,87.09732055664062
2011-01-19,95.72000122070312,93.56999969482422,95.62999725341797,94.33999633789062,2039200.0,85.76996612548828
2011-01-20,94.0199966430664,92.79000091552734,93.54000091552734,93.51000213623047,2253300.0,85.01536560058594
2011-01-21,94.63999938964844,92.87000274658203,94.41999816894531,93.33999633789062,1872300.0,84.86079406738281
2011-01-24,94.44000244140625,92.97000122070312,93.12000274658203,94.37000274658203,2037800.0,85.7972412109375
2011-01-25,94.3499984741211,93.30000305175781,94.02999877929688,93.98999786376953,1418600.0,85.4517822265625
2011-01-26,94.7699966430664,93.2699966430664,94.12999725341797,94.30999755859375,2180700.0,85.74270629882812
2011-01-27,94.83999633789062,93.80000305175781,94.41000366210938,94.36000061035156,1862300.0,85.78816986083984
2011-01-28,94.63999938964844,90.18000030517578,94.5199966430664,90.4800033569336,4654200.0,82.2606201171875
2011-01-31,91.5,90.01000213623047,91.0,90.31999969482422,3088700.0,82.11515808105469
2011-02-01,93.95999908447266,92.27999877929688,92.75,92.69000244140625,4049700.0,84.26988220214844
2011-02-02,92.12999725341797,90.5199966430664,92.06999969482422,90.80000305175781,4172700.0,82.55154418945312
2011-02-03,92.30000305175781,91.0999984741211,91.94000244140625,91.45999908447266,3933100.0,83.15159606933594
2011-02-04,91.81999969482422,90.54000091552734,91.5999984741211,91.73999786376953,1986800.0,83.40617370605469
2011-02-07,92.75,91.30000305175781,91.83999633789062,91.45999908447266,2144200.0,83.15159606933594
2011-02-08,92.4000015258789,91.16999816894531,91.37999725341797,92.05000305175781,1652500.0,83.68799591064453
2011-02-09,92.16999816894531,91.0,91.70999908447266,91.5999984741211,1762300.0,83.27890014648438
2011-02-10,94.69000244140625,91.30999755859375,91.30999755859375,94.44000244140625,3024600.0,85.86090087890625
2011-02-11,95.88999938964844,93.80000305175781,93.87000274658203,95.41999816894531,2038800.0,86.75186920166016
2011-02-14,95.69999694824219,93.80999755859375,95.02999877929688,93.98999786376953,2822100.0,85.4517822265625
2011-02-15,96.69999694824219,94.88999938964844,95.01000213623047,95.9800033569336,5403500.0,87.26099395751953
2011-02-16,97.0999984741211,95.9000015258789,96.37000274658203,96.83999633789062,2249500.0,88.04287719726562
2011-02-17,97.69999694824219,96.37000274658203,96.38999938964844,97.47000122070312,1513800.0,88.61563110351562
2011-02-18,98.5199966430664,97.30999755859375,97.86000061035156,98.31999969482422,2434800.0,89.38842010498047
2011-02-22,96.19999694824219,92.91000366210938,96.05000305175781,93.29000091552734,3847200.0,84.81536102294922
2011-02-23,93.11000061035156,87.54000091552734,93.0999984741211,89.25,7028500.0,81.14234924316406
2011-02-24,90.76000213623047,89.08000183105469,89.3499984741211,89.80999755859375,3940600.0,81.6514892578125
2011-02-25,90.91999816894531,89.75,90.56999969482422,89.87999725341797,2600500.0,81.71514892578125
2011-02-28,91.0199966430664,89.7699966430664,91.01000213623047,90.0199966430664,2299600.0,81.84239959716797
2011-03-01,90.58000183105469,87.5999984741211,90.56999969482422,87.87999725341797,4843700.0,79.89680480957031
2011-03-02,88.6500015258789,86.31999969482422,88.01000213623047,87.31999969482422,3989400.0,79.3876953125
2011-03-03,90.58000183105469,88.18000030517578,88.33000183105469,89.79000091552734,4555900.0,81.63330078125
2011-03-04,90.0,87.80000305175781,89.87000274658203,88.69000244140625,2747800.0,80.63326263427734
2011-03-07,89.37999725341797,87.11000061035156,88.87999725341797,88.26000213623047,3360200.0,80.24227142333984
2011-03-08,90.30000305175781,88.2699966430664,88.2699966430664,89.94999694824219,3590900.0,81.77876281738281
2011-03-09,91.0,89.0,89.52999877929688,90.77999877929688,2630800.0,82.53337860107422
2011-03-10,91.33000183105469,88.80000305175781,89.72000122070312,89.94999694824219,3273600.0,81.77876281738281
2011-03-11,91.25,89.86000061035156,90.08000183105469,90.70999908447266,2942900.0,82.4697265625
2011-03-14,89.86000061035156,87.19999694824219,89.72000122070312,88.62999725341797,5338000.0,80.57865142822266
2011-03-15,89.05999755859375,85.97000122070312,86.0199966430664,87.79000091552734,3925800.0,79.81494903564453
2011-03-16,87.66000366210938,85.02999877929688,87.36000061035156,85.27999877929688,4906800.0,77.63910675048828
2011-03-17,90.4000015258789,87.48999786376953,89.79000091552734,87.88999938964844,6607500.0,80.0152816772461
2011-03-18,90.20999908447266,88.2699966430664,90.0999984741211,89.27999877929688,3956300.0,81.2807388305664
2011-03-21,90.4800033569336,89.61000061035156,90.37000274658203,89.86000061035156,2140600.0,81.80875396728516
2011-03-22,89.68000030517578,88.19000244140625,89.66999816894531,88.29000091552734,1950500.0,80.37945556640625
2011-03-23,89.37999725341797,87.05000305175781,87.83000183105469,88.95999908447266,1950600.0,80.98941040039062
2011-03-24,90.9000015258789,89.12000274658203,89.27999877929688,90.79000091552734,2527400.0,82.65544128417969
2011-03-25,91.05999755859375,89.8499984741211,90.87000274658203,90.27999877929688,2311000.0,82.19115447998047
2011-03-28,93.68000030517578,90.5999984741211,91.08999633789062,93.0199966430664,4364500.0,84.68563079833984
2011-03-29,93.30000305175781,92.12999725341797,92.93000030517578,93.04000091552734,1753900.0,84.703857421875
2011-03-30,94.4000015258789,93.13999938964844,93.30999755859375,93.75,1639600.0,85.35022735595703
2011-03-31,94.41000366210938,93.0199966430664,93.20999908447266,93.55000305175781,1613500.0,85.16815185546875
2011-04-01,96.5,94.58000183105469,95.0,95.0,3424800.0,86.48823547363281
2011-04-04,95.41999816894531,94.45999908447266,95.01000213623047,95.12000274658203,1309700.0,86.59748840332031
2011-04-05,95.27999877929688,94.11000061035156,94.69000244140625,94.19000244140625,1436900.0,85.75081634521484
2011-04-06,95.3499984741211,93.80000305175781,95.16000366210938,94.58999633789062,1620200.0,86.11495971679688
2011-04-07,94.72000122070312,93.41000366210938,94.26000213623047,93.91000366210938,1475000.0,85.49591827392578
2011-04-08,94.18000030517578,90.81999969482422,93.8499984741211,91.16000366210938,2919300.0,82.99230194091797
2011-04-11,92.86000061035156,90.66000366210938,91.30000305175781,92.52999877929688,3345600.0,84.23955535888672
2011-04-12,94.4000015258789,91.95999908447266,92.16999816894531,94.08000183105469,3368000.0,85.65066528320312
2011-04-13,94.66999816894531,93.06999969482422,94.58999633789062,93.43000030517578,2108900.0,85.05890655517578
2011-04-14,93.98999786376953,92.66000366210938,92.94000244140625,92.94000244140625,2148800.0,84.61280822753906
2011-04-15,93.3499984741211,92.19000244140625,93.01000213623047,92.58000183105469,1976000.0,84.28506469726562
2011-04-18,92.23999786376953,91.0999984741211,91.33999633789062,91.95999908447266,2293200.0,83.72061157226562
2011-04-19,92.9800033569336,91.5199966430664,92.51000213623047,91.8499984741211,1678500.0,83.62049102783203
2011-04-20,94.19000244140625,92.36000061035156,93.0,93.2300033569336,1901200.0,84.87683868408203
2011-04-21,94.2300033569336,93.38999938964844,93.72000122070312,93.94000244140625,1816300.0,85.5232162475586
2011-04-25,94.12999725341797,92.9000015258789,93.75,93.8499984741211,1347000.0,85.44129180908203
2011-04-26,95.02999877929688,94.05999755859375,94.26000213623047,94.48999786376953,1900000.0,86.02391052246094
2011-04-27,94.98999786376953,93.37000274658203,94.6500015258789,94.80000305175781,1513500.0,86.30614471435547
2011-04-28,95.76000213623047,94.44999694824219,94.52999877929688,95.27999877929688,1614500.0,86.7431411743164
2011-04-29,96.25,95.30000305175781,95.55000305175781,95.66999816894531,1431400.0,87.09822082519531
2011-05-02,96.88999938964844,94.02999877929688,96.25,94.37000274658203,2280800.0,85.91468811035156
2011-05-03,94.77999877929688,93.62999725341797,94.0,94.22000122070312,1528300.0,85.77812957763672
2011-05-04,94.58000183105469,92.41999816894531,93.69999694824219,92.63999938964844,2292800.0,84.33969116210938
2011-05-05,95.98999786376953,91.80000305175781,92.16000366210938,95.29000091552734,3636400.0,86.75227355957031
2011-05-06,96.38999938964844,95.13999938964844,96.13999938964844,95.6500015258789,2520900.0,87.08000946044922
2011-05-09,95.63999938964844,94.55999755859375,95.5999984741211,94.91000366210938,1542000.0,86.40631866455078
2011-05-10,96.23999786376953,95.16000366210938,95.36000061035156,95.73999786376953,1658800.0,87.16192626953125
2011-05-11,96.5,94.79000091552734,95.43000030517578,95.16000366210938,2580200.0,86.6339340209961
2011-05-12,95.12999725341797,94.04000091552734,95.11000061035156,94.95999908447266,2235900.0,86.45183563232422
2011-05-13,95.5,93.5,95.16999816894531,93.58000183105469,2780400.0,85.19548797607422
2011-05-16,94.43000030517578,92.9800033569336,93.37999725341797,93.18000030517578,1939600.0,84.831298828125
2011-05-17,92.91999816894531,92.05000305175781,92.8499984741211,92.58999633789062,2144000.0,84.294189453125
2011-05-18,94.20999908447266,92.30000305175781,92.87000274658203,93.6500015258789,1923100.0,85.25919342041016
2011-05-19,94.6500015258789,93.5,94.01000213623047,94.58000183105469,1919700.0,86.10588073730469
2011-05-20,94.58999633789062,93.55999755859375,94.45999908447266,93.81999969482422,1377800.0,85.41397094726562
2011-05-23,92.69000244140625,91.05000305175781,92.55999755859375,92.04000091552734,2539500.0,83.79346466064453
2011-05-24,92.41999816894531,90.93000030517578,92.20999908447266,91.4800033569336,1604200.0,83.28361511230469
2011-05-25,92.30000305175781,90.81999969482422,90.95999908447266,91.83999633789062,1727900.0,83.61136627197266
2011-05-26,91.9000015258789,90.80000305175781,91.30999755859375,91.36000061035156,2346200.0,83.17437744140625
2011-05-27,92.3499984741211,91.5999984741211,91.8499984741211,91.9000015258789,1222100.0,83.66597747802734
2011-05-31,93.7300033569336,92.58000183105469,92.62999725341797,93.63999938964844,2378700.0,85.25008392333984
2011-06-01,94.38999938964844,91.41000366210938,93.94999694824219,91.43000030517578,3444300.0,83.23809814453125
2011-06-02,92.5,91.0,91.79000091552734,91.5199966430664,1958100.0,83.32003021240234
2011-06-03,91.0,89.9000015258789,90.31999969482422,90.1500015258789,2139300.0,82.07278442382812
2011-06-06,90.55999755859375,87.6500015258789,89.98999786376953,87.75,3268200.0,79.88782501220703
2011-06-07,88.2300033569336,86.68000030517578,87.94999694824219,86.76000213623047,3211800.0,78.98653411865234
2011-06-08,86.9000015258789,85.45999908447266,86.54000091552734,85.58999633789062,3320700.0,77.92134094238281
2011-06-09,86.79000091552734,85.80000305175781,86.08000183105469,86.20999908447266,2938200.0,78.48580169677734
2011-06-10,86.38999938964844,84.79000091552734,86.2300033569336,85.37999725341797,2707900.0,77.73017883300781
2011-06-13,86.1500015258789,84.94999694824219,85.37000274658203,85.91999816894531,2444200.0,78.22178649902344
2011-06-14,88.0,86.22000122070312,86.58999633789062,87.43000030517578,2732100.0,79.59649658203125
2011-06-15,87.29000091552734,86.0999984741211,86.43000030517578,86.48999786376953,2357200.0,78.85796356201172
2011-06-16,87.5199966430664,86.0,86.70999908447266,86.4800033569336,2095300.0,78.84883117675781
2011-06-17,87.69000244140625,86.66999816894531,87.26000213623047,86.98999786376953,2131400.0,79.3138427734375
2011-06-20,87.86000061035156,86.61000061035156,86.83000183105469,87.5,1809200.0,79.77884674072266
2011-06-21,89.4800033569336,81.22000122070312,88.43000030517578,89.12999725341797,3292100.0,81.2650146484375
2011-06-22,92.41000366210938,90.66000366210938,91.5,91.44000244140625,6023500.0,83.3711929321289
2011-06-23,93.44999694824219,90.5999984741211,91.12000274658203,92.95999908447266,4850000.0,84.7570571899414
2011-06-24,93.44999694824219,91.56999969482422,92.91000366210938,91.87000274658203,4282900.0,83.7632064819336
2011-06-27,93.0,91.61000061035156,91.97000122070312,92.8499984741211,1930900.0,84.6567611694336
2011-06-28,94.19000244140625,92.7699966430664,93.12999725341797,94.0199966430664,1762100.0,85.72350311279297
2011-06-29,94.91000366210938,93.0999984741211,94.5,93.62999725341797,2283700.0,85.3679428100586
2011-06-30,94.94999694824219,93.80000305175781,93.83999633789062,94.8499984741211,2079300.0,86.48027801513672
2011-07-01,96.83000183105469,94.55999755859375,94.68000030517578,96.5199966430664,2464600.0,88.00291442871094
2011-07-05,96.25,95.19999694824219,96.16999816894531,95.5,1870700.0,87.07288360595703
2011-07-06,97.06999969482422,95.55999755859375,95.58000183105469,96.77999877929688,2365900.0,88.23997497558594
2011-07-07,98.66000366210938,96.91999816894531,97.69000244140625,98.5,2958600.0,89.80817413330078
2011-07-08,97.69999694824219,96.95999908447266,97.23999786376953,97.55999755859375,2229100.0,88.95111083984375
2011-07-11,96.75,94.47000122070312,96.75,95.08000183105469,2534700.0,86.6899642944336
2011-07-12,95.08999633789062,93.80999755859375,94.69999694824219,94.08000183105469,2958900.0,85.7782211303711
2011-07-13,95.58999633789062,93.98999786376953,94.73999786376953,94.25,2133100.0,85.9332275390625
2011-07-14,94.9800033569336,92.77999877929688,94.45999908447266,93.05999755859375,2829000.0,84.84819793701172
2011-07-15,93.27999877929688,91.26000213623047,92.97000122070312,92.19999694824219,3206100.0,84.0640869140625
2011-07-18,91.88999938964844,90.05000305175781,91.80000305175781,90.45999908447266,3612000.0,82.4776382446289
2011-07-19,92.23999786376953,90.58000183105469,91.22000122070312,91.7699966430664,2550100.0,83.67205047607422
2011-07-20,92.80999755859375,91.30000305175781,92.01000213623047,92.19000244140625,2182100.0,84.05500030517578
2011-07-21,94.06999969482422,92.33000183105469,92.69000244140625,93.08000183105469,1984100.0,84.866455078125
2011-07-22,93.62000274658203,92.19999694824219,93.26000213623047,92.79000091552734,1635200.0,84.60205078125
2011-07-25,92.3499984741211,91.4800033569336,91.69999694824219,91.87999725341797,1867500.0,83.77234649658203
2011-07-26,91.44999694824219,88.69999694824219,90.43000030517578,91.0,4588900.0,82.9699935913086
2011-07-27,90.33999633789062,88.55000305175781,90.23999786376953,89.13999938964844,4036700.0,81.27413177490234
2011-07-28,90.18000030517578,87.73999786376953,89.44000244140625,87.86000061035156,3454700.0,80.10707092285156
2011-07-29,88.16999816894531,86.33000183105469,86.91000366210938,86.87999725341797,3024200.0,79.21355438232422
2011-08-01,88.05000305175781,85.0199966430664,88.05000305175781,86.0,4119600.0,78.41120910644531
2011-08-02,86.02999877929688,83.95999908447266,85.37000274658203,84.44000244140625,4101600.0,76.98886108398438
2011-08-03,86.0,83.45999908447266,84.5999984741211,85.73999786376953,4380700.0,78.17411804199219
2011-08-04,85.04000091552734,81.9800033569336,84.77999877929688,82.0999984741211,4364100.0,74.85533905029297
2011-08-05,83.72000122070312,80.18000030517578,83.22000122070312,82.36000061035156,5026700.0,75.09239196777344
2011-08-08,81.91000366210938,77.5,80.33999633789062,77.54000091552734,5679800.0,70.69773864746094
2011-08-09,79.88999938964844,75.5,79.19000244140625,79.75,4804200.0,72.71269226074219
2011-08-10,78.66999816894531,75.12999725341797,78.52999877929688,75.31999969482422,4640500.0,68.67361450195312
2011-08-11,81.30000305175781,75.66999816894531,75.77999877929688,79.87999725341797,4746300.0,72.83126068115234
2011-08-12,81.29000091552734,79.0,80.29000091552734,80.4800033569336,3280200.0,73.37830352783203
2011-08-15,81.9800033569336,80.1500015258789,81.19999694824219,81.8499984741211,2698900.0,74.62743377685547
2011-08-16,81.69999694824219,79.27999877929688,80.9000015258789,80.0999984741211,3826100.0,73.03185272216797
2011-08-17,81.2699966430664,78.47000122070312,80.5199966430664,79.12999725341797,2951400.0,72.14740753173828
2011-08-18,77.33999633789062,73.48999786376953,77.05999755859375,74.45999908447266,4502100.0,67.8895263671875
2011-08-19,75.7699966430664,72.88999938964844,74.11000061035156,73.16000366210938,3477900.0,66.7042236328125
2011-08-22,75.0,72.16000366210938,74.91999816894531,73.0,3420900.0,66.558349609375
2011-08-23,74.79000091552734,72.66999816894531,73.56999969482422,74.79000091552734,3857900.0,68.19039154052734
2011-08-24,77.0,74.2300033569336,74.69999694824219,76.5999984741211,3685900.0,69.8406753540039
2011-08-25,77.44000244140625,74.1500015258789,77.29000091552734,74.76000213623047,2617400.0,68.16303253173828
2011-08-26,75.8499984741211,72.56999969482422,74.16999816894531,75.72000122070312,4011800.0,69.03831481933594
2011-08-29,78.79000091552734,76.66999816894531,76.66999816894531,78.75,2673300.0,71.80096435546875
2011-08-30,79.33000183105469,77.68000030517578,78.30999755859375,78.83000183105469,2065500.0,71.87390899658203
2011-08-31,80.70999908447266,78.16999816894531,79.5199966430664,78.72000122070312,3246500.0,71.77359771728516
2011-09-01,80.11000061035156,77.9000015258789,78.72000122070312,78.04000091552734,2814000.0,71.15357971191406
2011-09-02,76.48999786376953,74.45999908447266,75.94999694824219,74.9000015258789,2739400.0,68.29071044921875
2011-09-06,73.81999969482422,71.33000183105469,72.43000030517578,73.5999984741211,4053700.0,67.10542297363281
2011-09-07,76.63999938964844,74.33999633789062,74.87999725341797,76.2699966430664,3250400.0,69.539794921875
2011-09-08,76.19999694824219,74.6500015258789,75.70999908447266,74.98999786376953,2543800.0,68.48948669433594
2011-09-09,75.08000183105469,72.9000015258789,74.04000091552734,73.4000015258789,2555400.0,67.03731536865234
2011-09-12,73.77999877929688,71.54000091552734,72.38999938964844,73.62999725341797,3259500.0,67.24738311767578
2011-09-13,75.45999908447266,73.11000061035156,73.63999938964844,74.97000122070312,3226900.0,68.4712142944336
2011-09-14,77.12000274658203,73.75,75.62999725341797,76.01000213623047,3146700.0,69.42105102539062
2011-09-15,77.33000183105469,75.63999938964844,77.0,77.08000183105469,2218300.0,70.39830017089844
2011-09-16,77.91999816894531,75.2699966430664,77.56999969482422,76.4000015258789,3689800.0,69.77725982666016
2011-09-19,76.16000366210938,74.68000030517578,74.98999786376953,75.76000213623047,2869600.0,69.19274139404297
2011-09-20,76.83999633789062,75.0,75.94999694824219,75.22000122070312,3036000.0,68.69954681396484
2011-09-21,75.31999969482422,72.5,75.0,72.5,4094900.0,66.2153091430664
2011-09-22,70.08999633789062,64.55000305175781,70.04000091552734,66.58000183105469,11368000.0,60.808509826660156
2011-09-23,68.43000030517578,66.61000061035156,66.86000061035156,67.30000305175781,4468200.0,61.46609115600586
2011-09-26,69.81999969482422,67.70999908447266,68.0999984741211,69.75,4467100.0,63.70370864868164
2011-09-27,71.62000274658203,70.12000274658203,71.51000213623047,70.52999877929688,4112700.0,64.41609191894531
2011-09-28,71.06999969482422,69.0999984741211,70.94000244140625,69.19999694824219,3511200.0,63.201393127441406
2011-09-29,70.80999755859375,68.23999786376953,70.45999908447266,69.69999694824219,3226500.0,63.65806579589844
2011-09-30,69.55000305175781,67.62000274658203,68.9800033569336,67.68000030517578,2730900.0,61.81313705444336
2011-10-03,67.91999816894531,64.97000122070312,66.9000015258789,65.1500015258789,4643600.0,59.502464294433594
2011-10-04,67.91000366210938,64.06999969482422,64.18000030517578,67.86000061035156,4400000.0,61.9775505065918
2011-10-05,70.91999816894531,67.68000030517578,68.04000091552734,70.41000366210938,4889800.0,64.30651092529297
2011-10-06,72.5199966430664,69.33000183105469,70.11000061035156,72.19999694824219,3260900.0,65.94135284423828
2011-10-07,72.45999908447266,70.87999725341797,72.30999755859375,71.05999755859375,3389600.0,64.900146484375
2011-10-10,73.62999725341797,72.01000213623047,72.45999908447266,73.62000274658203,1957800.0,67.2382583618164
2011-10-11,73.69999694824219,72.5999984741211,73.25,73.43000030517578,2055700.0,67.06471252441406
2011-10-12,76.12999725341797,73.81999969482422,73.9800033569336,75.18000030517578,3034800.0,68.66302490234375
2011-10-13,74.41999816894531,73.26000213623047,74.41999816894531,73.87000274658203,3055800.0,67.46656799316406
2011-10-14,75.81999969482422,74.6500015258789,74.76000213623047,75.73999786376953,2272800.0,69.17445373535156
2011-10-17,75.55000305175781,73.6500015258789,75.47000122070312,73.97000122070312,2543600.0,67.55790710449219
2011-10-18,76.55999755859375,73.47000122070312,73.83999633789062,75.62000274658203,2486000.0,69.06488800048828
2011-10-19,76.1500015258789,74.97000122070312,75.69000244140625,75.27999877929688,2037300.0,68.75436401367188
2011-10-20,76.81999969482422,74.95999908447266,75.33000183105469,76.58999633789062,2634400.0,69.9507827758789
2011-10-21,79.91999816894531,77.18000030517578,77.41999816894531,79.33999633789062,4153200.0,72.46240234375
2011-10-24,82.4000015258789,79.9000015258789,79.9000015258789,81.5199966430664,3549200.0,74.45344543457031
2011-10-25,81.86000061035156,79.19999694824219,80.51000213623047,80.72000122070312,3689200.0,73.7227783203125
2011-10-26,82.19999694824219,79.94000244140625,81.94999694824219,81.36000061035156,2958000.0,74.30730438232422
2011-10-27,85.75,82.93000030517578,83.51000213623047,84.7300033569336,4106700.0,77.38517761230469
2011-10-28,85.0,83.30999755859375,84.4000015258789,84.25,2882400.0,76.94677734375
2011-10-31,84.16000366210938,81.80000305175781,83.41999816894531,81.83000183105469,2542900.0,74.73656463623047
2011-11-01,80.62999725341797,78.61000061035156,78.91000366210938,79.56999969482422,2703800.0,72.67247772216797
2011-11-02,81.33999633789062,79.52999877929688,80.9000015258789,80.56999969482422,1952900.0,73.58580017089844
2011-11-03,82.52999877929688,80.3499984741211,81.54000091552734,82.33999633789062,1781900.0,75.20233917236328
2011-11-04,82.20999908447266,80.30999755859375,81.79000091552734,82.01000213623047,1634300.0,74.90094757080078
2011-11-07,82.86000061035156,80.5999984741211,82.04000091552734,81.93000030517578,1867200.0,74.82791137695312
2011-11-08,83.12999725341797,81.26000213623047,82.37999725341797,83.01000213623047,1552000.0,75.81427001953125
2011-11-09,81.48999786376953,78.8499984741211,81.4000015258789,79.3499984741211,2199400.0,72.4715347290039
2011-11-10,80.5999984741211,79.4000015258789,80.3499984741211,80.12000274658203,1866800.0,73.17479705810547
2011-11-11,82.38999938964844,81.12000274658203,81.36000061035156,82.2300033569336,1814700.0,75.10189056396484
2011-11-14,82.37000274658203,80.77999877929688,81.62000274658203,81.41000366210938,1203200.0,74.35297393798828
2011-11-15,83.44999694824219,81.1500015258789,81.56999969482422,82.63999938964844,2675800.0,75.47632598876953
2011-11-16,83.12000274658203,81.41999816894531,81.80000305175781,81.48999786376953,1911400.0,74.42601013183594
2011-11-17,82.01000213623047,79.68000030517578,81.33000183105469,80.27999877929688,2236200.0,73.32093811035156
2011-11-18,82.16000366210938,80.80000305175781,81.19000244140625,81.22000122070312,2239700.0,74.1794204711914
2011-11-21,80.0,78.22000122070312,79.5199966430664,79.37999725341797,2036000.0,72.4989242553711
2011-11-22,79.37000274658203,77.94999694824219,79.04000091552734,78.20999908447266,1598200.0,71.43033599853516
2011-11-23,77.73999786376953,76.33000183105469,77.37000274658203,76.55999755859375,2053100.0,69.92339324951172
2011-11-25,77.37999725341797,76.05999755859375,76.5,76.08000183105469,1005200.0,69.48500061035156
2011-11-28,80.5199966430664,78.30999755859375,78.76000213623047,78.93000030517578,2627300.0,72.08794403076172
2011-11-29,80.37999725341797,78.41000366210938,79.47000122070312,78.58000183105469,2683100.0,71.7682876586914
2011-11-30,83.19999694824219,81.0999984741211,81.36000061035156,83.08000183105469,3545100.0,75.87820434570312
2011-12-01,82.75,81.61000061035156,82.5199966430664,82.02999877929688,2110000.0,74.91921997070312
2011-12-02,83.45999908447266,81.95999908447266,83.16999816894531,82.13999938964844,2646500.0,75.01968383789062
2011-12-05,84.22000122070312,82.37999725341797,83.86000061035156,83.19999694824219,2709800.0,75.9878158569336
2011-12-06,83.52999877929688,82.0999984741211,83.43000030517578,82.66999816894531,2109400.0,75.50375366210938
2011-12-07,84.66000366210938,82.05000305175781,82.4800033569336,84.19000244140625,2450100.0,76.89196014404297
2011-12-08,84.43000030517578,82.18000030517578,83.51000213623047,82.47000122070312,2654100.0,75.32108306884766
2011-12-09,83.63999938964844,82.0199966430664,82.69000244140625,83.23999786376953,1803400.0,76.14436340332031
2011-12-12,82.18000030517578,80.94999694824219,81.94000244140625,81.62999725341797,2377800.0,74.67156982421875
2011-12-13,82.41000366210938,78.29000091552734,82.08999633789062,78.95999908447266,3509400.0,72.22920227050781
2011-12-14,79.06999969482422,76.94999694824219,78.66999816894531,77.29000091552734,4152100.0,70.70156860351562
2011-12-15,83.80999755859375,79.97000122070312,80.13999938964844,83.47000122070312,9170500.0,76.35478210449219
2011-12-16,86.37000274658203,83.91999816894531,84.0999984741211,84.88999938964844,5314900.0,77.65370178222656
2011-12-19,85.41999816894531,80.91000366210938,84.75,81.3499984741211,3132100.0,74.41548156738281
2011-12-20,84.38999938964844,82.7699966430664,82.9800033569336,83.80999755859375,2591400.0,76.665771484375
2011-12-21,84.30999755859375,82.37999725341797,83.5999984741211,84.23999786376953,1854600.0,77.05908203125
2011-12-22,85.36000061035156,84.02999877929688,84.55999755859375,84.47000122070312,1247900.0,77.26953887939453
2011-12-23,85.05000305175781,83.80999755859375,84.72000122070312,84.91999816894531,1247700.0,77.68114471435547
2011-12-27,85.41000366210938,84.56999969482422,84.81999969482422,84.69999694824219,1127600.0,77.47988891601562
2011-12-28,84.69999694824219,82.77999877929688,84.56999969482422,82.97000122070312,1561800.0,75.89737701416016
2011-12-29,84.38999938964844,83.0,83.4000015258789,84.30999755859375,1313300.0,77.12316131591797
2011-12-30,84.51000213623047,83.33000183105469,84.47000122070312,83.51000213623047,1447200.0,76.39134216308594
2012-01-03,85.91000366210938,84.4800033569336,85.47000122070312,85.16999816894531,2210000.0,77.90986633300781
2012-01-04,85.16999816894531,84.20999908447266,84.7300033569336,84.95999908447266,1443400.0,77.71772003173828
2012-01-05,84.48999786376953,82.79000091552734,84.41999816894531,84.08999633789062,2218600.0,76.921875
2012-01-06,86.05999755859375,84.52999877929688,84.55999755859375,85.48999786376953,2156700.0,78.20255279541016
2012-01-09,85.9800033569336,85.23999786376953,85.83999633789062,85.8499984741211,1659600.0,78.53187561035156
2012-01-10,89.4000015258789,87.1500015258789,87.16000366210938,88.51000213623047,3403000.0,80.96513366699219
2012-01-11,90.02999877929688,87.7699966430664,88.08000183105469,89.76000213623047,3055300.0,82.10859680175781
2012-01-12,91.4000015258789,89.88999938964844,90.08000183105469,91.19000244140625,3324400.0,83.41668701171875
2012-01-13,90.5,88.8499984741211,90.0199966430664,90.37000274658203,2659800.0,82.66658020019531
2012-01-17,90.86000061035156,89.06999969482422,90.13999938964844,89.9800033569336,2424800.0,82.30980682373047
2012-01-18,91.45999908447266,89.87999725341797,90.05000305175781,91.13999938964844,2189600.0,83.37092590332031
2012-01-19,93.5199966430664,91.44999694824219,91.68000030517578,93.04000091552734,2781500.0,85.10897064208984
2012-01-20,92.5999984741211,91.25,92.58999633789062,91.56999969482422,2448100.0,83.76428985595703
2012-01-23,92.5199966430664,90.5199966430664,91.73999786376953,91.05999755859375,1662900.0,83.2977523803711
2012-01-24,91.19999694824219,89.66999816894531,90.4000015258789,90.79000091552734,1467800.0,83.05078125
2012-01-25,92.62999725341797,90.06999969482422,90.69000244140625,92.58999633789062,1727400.0,84.69731903076172
2012-01-26,93.5,92.2699966430664,92.75,92.73999786376953,1659200.0,84.83454132080078
2012-01-27,93.4800033569336,91.77999877929688,92.23999786376953,92.94999694824219,1910600.0,85.02665710449219
2012-01-30,92.33999633789062,91.5,92.11000061035156,92.16000366210938,1723400.0,84.30399322509766
2012-01-31,92.33000183105469,90.41999816894531,92.33000183105469,91.48999786376953,1723900.0,83.69110870361328
2012-02-01,93.23999786376953,91.98999786376953,92.79000091552734,92.69999694824219,2013800.0,84.7979736328125
2012-02-02,93.44000244140625,92.08000183105469,93.06999969482422,92.79000091552734,1299700.0,84.88029479980469
2012-02-03,94.54000091552734,93.61000061035156,93.7699966430664,94.54000091552734,1620600.0,86.48108673095703
2012-02-06,95.5999984741211,94.5199966430664,94.55999755859375,95.25,2122700.0,87.13059997558594
2012-02-07,95.08999633789062,93.5999984741211,94.55000305175781,94.72000122070312,1837500.0,86.64576721191406
2012-02-08,95.33000183105469,94.04000091552734,94.94999694824219,94.4800033569336,1361200.0,86.4262466430664
2012-02-09,95.26000213623047,94.25,94.41999816894531,94.80000305175781,1573000.0,86.71893310546875
2012-02-10,95.3499984741211,93.5999984741211,93.88999938964844,95.2699966430664,1585900.0,87.14888000488281
2012-02-13,97.19000244140625,95.6500015258789,95.80000305175781,96.9800033569336,2120500.0,88.71312713623047
2012-02-14,96.9800033569336,94.83999633789062,96.5199966430664,95.55000305175781,2307200.0,87.40501403808594
2012-02-15,95.97000122070312,93.69999694824219,95.97000122070312,94.1500015258789,1714300.0,86.12438201904297
2012-02-16,95.33000183105469,93.98999786376953,93.98999786376953,95.0,1847900.0,86.90189361572266
2012-02-17,95.83999633789062,92.51000213623047,95.7300033569336,92.98999786376953,5154300.0,85.063232421875
2012-02-21,93.1500015258789,90.41000366210938,93.11000061035156,91.01000213623047,3594300.0,83.25202178955078
2012-02-22,91.83999633789062,90.66000366210938,90.73999786376953,90.75,1843300.0,83.01417541503906
2012-02-23,92.30000305175781,90.5,91.19999694824219,91.97000122070312,1568300.0,84.13018798828125
2012-02-24,92.22000122070312,89.83999633789062,91.98999786376953,90.23999786376953,2300300.0,82.54764556884766
2012-02-27,92.43000030517578,89.41999816894531,89.52999877929688,91.36000061035156,2105400.0,83.57218933105469
2012-02-28,91.91000366210938,90.4000015258789,91.43000030517578,90.9800033569336,2204400.0,83.22456359863281
2012-02-29,91.8499984741211,89.7699966430664,90.9800033569336,89.98999786376953,2953200.0,82.3189697265625
2012-03-01,91.76000213623047,90.1500015258789,90.1500015258789,91.12000274658203,2019300.0,83.3526611328125
2012-03-02,91.68000030517578,90.51000213623047,91.16999816894531,90.77999877929688,1147400.0,83.04164123535156
2012-03-05,90.7300033569336,89.80000305175781,90.58000183105469,90.43000030517578,1263100.0,82.7214584350586
2012-03-06,89.37000274658203,88.02999877929688,89.11000061035156,88.75,2257900.0,81.1846694946289
2012-03-07,90.18000030517578,89.02999877929688,89.2300033569336,89.76000213623047,1724800.0,82.10859680175781
2012-03-08,91.5,89.66999816894531,90.62000274658203,90.98999786376953,2103400.0,83.35443115234375
2012-03-09,92.19000244140625,90.06999969482422,91.44000244140625,91.79000091552734,1801100.0,84.0873031616211
2012-03-12,91.93000030517578,90.36000061035156,91.83000183105469,91.33000183105469,1408600.0,83.6659164428711
2012-03-13,92.97000122070312,91.4000015258789,92.0,92.87999725341797,1625000.0,85.08582305908203
2012-03-14,92.97000122070312,91.44999694824219,92.9000015258789,92.19999694824219,1434600.0,84.46289825439453
2012-03-15,95.04000091552734,92.33999633789062,92.5,94.61000061035156,2629000.0,86.67068481445312
2012-03-16,95.08000183105469,93.56999969482422,94.86000061035156,94.33999633789062,2477000.0,86.42333221435547
2012-03-19,95.9800033569336,94.48999786376953,95.87000274658203,94.88999938964844,2442300.0,86.92718505859375
2012-03-20,95.26000213623047,93.87999725341797,94.56999969482422,94.63999938964844,1637600.0,86.69815063476562
2012-03-21,96.88999938964844,94.41999816894531,94.97000122070312,95.81999969482422,4099600.0,87.77913665771484
2012-03-22,94.1500015258789,91.26000213623047,93.36000061035156,92.5,6667800.0,84.73773956298828
2012-03-23,92.5199966430664,90.38999938964844,92.31999969482422,92.37999725341797,3633800.0,84.62781524658203
2012-03-26,93.29000091552734,92.23999786376953,93.1500015258789,92.7699966430664,3102700.0,84.98507690429688
2012-03-27,93.18000030517578,91.88999938964844,92.91999816894531,91.9000015258789,2429600.0,84.18809509277344
2012-03-28,92.2300033569336,90.51000213623047,92.12999725341797,91.48999786376953,2569800.0,83.81246948242188
2012-03-29,91.87000274658203,89.9000015258789,90.69999694824219,91.73999786376953,2118500.0,84.0415267944336
2012-03-30,92.30999755859375,91.04000091552734,92.08000183105469,91.95999908447266,1684200.0,84.24305725097656
2012-04-02,92.8499984741211,91.5,92.04000091552734,92.19000244140625,1658300.0,84.45375061035156
2012-04-03,92.27999877929688,90.55999755859375,91.97000122070312,91.48999786376953,1825100.0,83.81246948242188
2012-04-04,91.08000183105469,90.12000274658203,90.8499984741211,90.63999938964844,1457900.0,83.03382110595703
2012-04-05,90.62000274658203,90.02999877929688,90.2699966430664,90.38999938964844,1230700.0,82.80477905273438
2012-04-09,89.2699966430664,88.16000366210938,88.9000015258789,88.47000122070312,2118200.0,81.0459213256836
2012-04-10,88.30000305175781,86.41999816894531,88.1500015258789,86.62999725341797,2575300.0,79.36031341552734
2012-04-11,88.5,87.58000183105469,87.80999755859375,87.91000366210938,2360400.0,80.53295135498047
2012-04-12,90.3499984741211,88.04000091552734,88.05999755859375,89.83999633789062,2631700.0,82.30096435546875
2012-04-13,89.77999877929688,88.0,89.2300033569336,88.02999877929688,2058900.0,80.6428451538086
2012-04-16,88.9000015258789,87.73999786376953,88.56999969482422,88.18000030517578,1550400.0,80.78022003173828
2012-04-17,90.7699966430664,88.73999786376953,89.0,90.45999908447266,2306000.0,82.8689193725586
2012-04-18,90.8499984741211,89.8499984741211,90.25,90.38999938964844,1371600.0,82.80477905273438
2012-04-19,90.69000244140625,88.69999694824219,90.41999816894531,89.38999938964844,2058400.0,81.88870239257812
2012-04-20,90.12999725341797,88.97000122070312,89.5199966430664,89.66999816894531,2421700.0,82.14521789550781
2012-04-23,88.75,87.55999755859375,88.6500015258789,88.11000061035156,1876200.0,80.71612548828125
2012-04-24,89.19000244140625,88.1500015258789,88.55999755859375,88.94000244140625,1257200.0,81.47648620605469
2012-04-25,89.83000183105469,87.69999694824219,89.33000183105469,88.22000122070312,1788000.0,80.81690979003906
2012-04-26,87.7300033569336,86.19999694824219,87.29000091552734,87.55000305175781,2988900.0,80.20311737060547
2012-04-27,88.4800033569336,87.0,88.0999984741211,88.23999786376953,1698900.0,80.8352279663086
2012-04-30,88.75,87.83000183105469,88.29000091552734,88.23999786376953,1243800.0,80.8352279663086
2012-05-01,89.83000183105469,87.56999969482422,88.13999938964844,89.04000091552734,1385200.0,81.5680923461914
2012-05-02,89.56999969482422,88.47000122070312,88.75,89.3499984741211,943200.0,81.85208129882812
2012-05-03,89.75,88.75,89.1500015258789,88.86000061035156,2199300.0,81.40316772460938
2012-05-04,89.66000366210938,88.19999694824219,89.0199966430664,89.30000305175781,2839900.0,81.80626678466797
2012-05-07,90.12000274658203,88.11000061035156,88.23999786376953,89.37000274658203,1797100.0,81.87039184570312
2012-05-08,89.02999877929688,87.81999969482422,88.72000122070312,88.95999908447266,2156300.0,81.49480438232422
2012-05-09,87.80000305175781,86.66999816894531,87.76000213623047,87.12999725341797,2547100.0,79.81836700439453
2012-05-10,88.58999633789062,86.47000122070312,87.51000213623047,86.6500015258789,1714700.0,79.378662109375
2012-05-11,88.05999755859375,86.16999816894531,86.16999816894531,87.80000305175781,1628800.0,80.43218231201172
2012-05-14,88.33000183105469,86.80000305175781,86.83000183105469,87.77999877929688,1578300.0,80.4137954711914
2012-05-15,88.83999633789062,87.37999725341797,87.75,87.80999755859375,1976500.0,80.44129180908203
2012-05-16,89.5,87.79000091552734,88.37999725341797,87.88999938964844,1609500.0,80.51457977294922
2012-05-17,88.45999908447266,86.68000030517578,87.91999816894531,86.7699966430664,3414200.0,79.48861694335938
2012-05-18,87.3499984741211,84.86000061035156,87.26000213623047,85.06999969482422,2555400.0,77.93122100830078
2012-05-21,86.9000015258789,84.9000015258789,85.01000213623047,86.69999694824219,1547900.0,79.42446899414062
2012-05-22,87.79000091552734,86.31999969482422,86.9000015258789,86.8499984741211,1730600.0,79.56185150146484
2012-05-23,88.9000015258789,85.81999969482422,86.0999984741211,88.73999786376953,2152500.0,81.29325866699219
2012-05-24,90.4000015258789,88.73999786376953,88.83999633789062,90.0199966430664,2244100.0,82.46585083007812
2012-05-25,90.5,88.68000030517578,90.23999786376953,89.27999877929688,1301700.0,81.7879638671875
2012-05-29,91.43000030517578,89.51000213623047,89.66999816894531,90.9800033569336,1565600.0,83.34526824951172
2012-05-30,90.23999786376953,88.6500015258789,89.44000244140625,88.93000030517578,1649400.0,81.46732330322266
2012-05-31,89.95999908447266,87.62000274658203,88.80000305175781,89.13999938964844,1619700.0,81.65968322753906
2012-06-01,87.55000305175781,85.08999633789062,87.22000122070312,85.25,3163500.0,78.09614562988281
2012-06-04,85.98999786376953,84.5199966430664,85.19000244140625,85.19999694824219,1956800.0,78.05033874511719
2012-06-05,85.69000244140625,83.80000305175781,85.0999984741211,84.33999633789062,2227900.0,77.26251220703125
2012-06-06,86.83000183105469,84.91000366210938,85.0,86.83000183105469,2402800.0,79.54354858398438
2012-06-07,88.36000061035156,86.0,88.0199966430664,86.0999984741211,2643400.0,78.87480926513672
2012-06-08,87.62999725341797,86.0,86.44999694824219,87.56999969482422,1760300.0,80.22144317626953
2012-06-11,88.3499984741211,86.12000274658203,88.16999816894531,86.27999877929688,2126500.0,79.03970336914062
2012-06-12,87.83000183105469,85.97000122070312,86.47000122070312,87.69000244140625,1783300.0,80.33136749267578
2012-06-13,87.41000366210938,85.56999969482422,87.08999633789062,86.19000244140625,2573000.0,78.95726013183594
2012-06-14,87.44000244140625,85.98999786376953,86.52999877929688,86.83999633789062,2333700.0,79.68212890625
2012-06-15,87.66999816894531,86.54000091552734,87.3499984741211,87.62999725341797,2093600.0,80.40704345703125
2012-06-18,88.98999786376953,87.16000366210938,87.4000015258789,88.51000213623047,2619200.0,81.21448516845703
2012-06-19,91.94999694824219,86.79000091552734,87.0199966430664,91.01000213623047,4691900.0,83.50843048095703
2012-06-20,92.30999755859375,90.30999755859375,90.63999938964844,91.33999633789062,3132200.0,83.81117248535156
2012-06-21,92.16000366210938,90.55000305175781,91.76000213623047,90.62999725341797,2893600.0,83.15972900390625
2012-06-22,91.26000213623047,89.83000183105469,91.26000213623047,90.54000091552734,2713300.0,83.07715606689453
2012-06-25,89.62999725341797,87.81999969482422,89.56999969482422,88.80999755859375,1933400.0,81.48973846435547
2012-06-26,89.0199966430664,87.18000030517578,88.83000183105469,87.55000305175781,2202800.0,80.33361053466797
2012-06-27,88.20999908447266,87.12999725341797,87.5999984741211,87.9000015258789,1836500.0,80.65473937988281
2012-06-28,88.9000015258789,87.30999755859375,87.41999816894531,88.79000091552734,1432300.0,81.47142028808594
2012-06-29,91.61000061035156,89.68000030517578,90.29000091552734,91.61000061035156,2078200.0,84.05895233154297
2012-07-02,91.87000274658203,89.55000305175781,91.58999633789062,91.54000091552734,1833700.0,83.99474334716797
2012-07-03,92.80000305175781,91.12999725341797,91.44000244140625,92.5999984741211,1033100.0,84.96733856201172
2012-07-05,92.56999969482422,91.4000015258789,91.91000366210938,92.11000061035156,1398500.0,84.51774597167969
2012-07-06,91.98999786376953,90.5,91.25,91.27999877929688,1310300.0,83.75617980957031
2012-07-09,91.76000213623047,90.6500015258789,91.06999969482422,91.12999725341797,1162900.0,83.61851501464844
2012-07-10,91.9800033569336,89.91999816894531,90.98999786376953,90.4800033569336,1668100.0,83.02214050292969
2012-07-11,90.9800033569336,89.9800033569336,90.30999755859375,90.61000061035156,1637900.0,83.14138793945312
2012-07-12,90.0999984741211,88.93000030517578,90.0,89.5,2173600.0,82.1229019165039
2012-07-13,92.56999969482422,89.62999725341797,89.62999725341797,92.3499984741211,1847300.0,84.73796081542969
2012-07-16,92.29000091552734,91.41999816894531,92.06999969482422,91.91999816894531,1210500.0,84.3434066772461
2012-07-17,92.08999633789062,90.20999908447266,92.08999633789062,91.25,2011900.0,83.72864532470703
2012-07-18,93.0,90.91000366210938,91.08000183105469,92.72000122070312,1322200.0,85.0774917602539
2012-07-19,93.16999816894531,92.52999877929688,92.79000091552734,92.79000091552734,1289300.0,85.1417236328125
2012-07-20,92.29000091552734,89.9800033569336,92.08000183105469,90.08000183105469,2135900.0,82.65508270263672
2012-07-23,89.55999755859375,88.4000015258789,88.69000244140625,89.26000213623047,1476500.0,81.90264892578125
2012-07-24,88.47000122070312,86.22000122070312,88.16000366210938,87.66999816894531,3751500.0,80.44371032714844
2012-07-25,88.05000305175781,86.83999633789062,87.95999908447266,87.2300033569336,2105300.0,80.03997802734375
2012-07-26,89.33999633789062,88.19999694824219,88.73999786376953,88.55000305175781,1893600.0,81.25118255615234
2012-07-27,91.80999755859375,88.94999694824219,89.51000213623047,90.88999938964844,2397900.0,83.3983154296875
2012-07-30,91.16999816894531,90.33000183105469,90.5199966430664,90.98999786376953,1396900.0,83.49005126953125
2012-07-31,91.20999908447266,90.29000091552734,90.94999694824219,90.30000305175781,1760700.0,82.85694122314453
2012-08-01,90.80000305175781,88.4000015258789,90.66000366210938,88.8499984741211,1725100.0,81.52645874023438
2012-08-02,88.3499984741211,87.04000091552734,87.70999908447266,87.91999816894531,1901200.0,80.6731185913086
2012-08-03,90.20999908447266,89.0199966430664,89.04000091552734,89.81999969482422,1623400.0,82.41649627685547
2012-08-06,90.80000305175781,89.86000061035156,90.33000183105469,90.12000274658203,906600.0,82.6917724609375
2012-08-07,90.68000030517578,89.38999938964844,90.68000030517578,89.81999969482422,1411700.0,82.41649627685547
2012-08-08,89.52999877929688,88.69999694824219,89.5,89.30999755859375,1345800.0,81.94853973388672
2012-08-09,89.45999908447266,88.5,89.30000305175781,88.66000366210938,1481500.0,81.35211181640625
2012-08-10,88.37999725341797,87.2300033569336,88.05000305175781,87.80000305175781,2222900.0,80.56304168701172
2012-08-13,88.33999633789062,87.04000091552734,87.69000244140625,87.7699966430664,1334200.0,80.53549194335938
2012-08-14,88.33000183105469,87.4000015258789,87.91999816894531,87.58000183105469,1551400.0,80.36114501953125
2012-08-15,89.77999877929688,87.58999633789062,87.7300033569336,89.55000305175781,2490900.0,82.16878509521484
2012-08-16,90.11000061035156,88.91999816894531,89.4800033569336,89.73999786376953,1935900.0,82.34309387207031
2012-08-17,90.45999908447266,89.75,89.94999694824219,90.0,1679500.0,82.58168029785156
2012-08-20,90.0999984741211,89.31999969482422,89.63999938964844,89.9800033569336,1817600.0,82.56330871582031
2012-08-21,91.12000274658203,89.77999877929688,90.0199966430664,90.30999755859375,1944300.0,82.86610412597656
2012-08-22,90.33000183105469,89.43000030517578,90.01000213623047,89.54000091552734,1415300.0,82.15958404541016
2012-08-23,89.75,88.45999908447266,89.54000091552734,88.86000061035156,1049500.0,81.53560638427734
2012-08-24,89.37999725341797,88.18000030517578,88.52999877929688,89.06999969482422,948400.0,81.72833251953125
2012-08-27,89.26000213623047,87.81999969482422,89.18000030517578,88.0,1102300.0,80.74650573730469
2012-08-28,88.08000183105469,86.87000274658203,87.9000015258789,87.45999908447266,2002100.0,80.25102233886719
2012-08-29,87.91999816894531,87.18000030517578,87.37000274658203,87.62999725341797,1516300.0,80.40704345703125
2012-08-30,87.6500015258789,86.87999725341797,87.5,87.19000244140625,1811600.0,80.0032730102539
2012-08-31,87.97000122070312,87.16000366210938,87.69999694824219,87.62999725341797,1484400.0,80.40704345703125
2012-09-04,88.11000061035156,86.87000274658203,87.37000274658203,87.54000091552734,1982400.0,80.3244400024414
2012-09-05,87.16999816894531,85.30999755859375,85.5999984741211,85.80000305175781,5980600.0,78.72785949707031
2012-09-06,87.63999938964844,85.87000274658203,85.87000274658203,87.54000091552734,2692900.0,80.45570373535156
2012-09-07,87.58000183105469,87.0199966430664,87.5,87.37999725341797,1530900.0,80.30865478515625
2012-09-10,88.2699966430664,87.11000061035156,87.19000244140625,87.95999908447266,2305000.0,80.84173583984375
2012-09-11,89.08999633789062,88.0999984741211,88.20999908447266,88.69999694824219,2089200.0,81.52183532714844
2012-09-12,89.12999725341797,88.4000015258789,88.9800033569336,89.08000183105469,1421800.0,81.87108612060547
2012-09-13,90.91999816894531,88.2300033569336,89.01000213623047,90.36000061035156,2144400.0,83.0474853515625
2012-09-14,90.73999786376953,89.80999755859375,90.0999984741211,90.1500015258789,2294200.0,82.8544692993164
2012-09-17,90.08999633789062,88.91999816894531,89.70999908447266,89.27999877929688,2381300.0,82.05492401123047
2012-09-18,88.33000183105469,86.36000061035156,86.94999694824219,86.55000305175781,6413300.0,79.54584503173828
2012-09-19,87.08000183105469,85.9000015258789,86.51000213623047,86.9000015258789,4024500.0,79.86748504638672
2012-09-20,86.58000183105469,84.9000015258789,86.30000305175781,85.16999816894531,4071400.0,78.27753448486328
2012-09-21,85.88999938964844,84.1500015258789,85.88999938964844,84.38999938964844,5200800.0,77.5606460571289
2012-09-24,85.5,83.91999816894531,84.0,85.16000366210938,2831600.0,78.26831817626953
2012-09-25,85.8499984741211,84.52999877929688,85.58999633789062,84.54000091552734,2829800.0,77.69847106933594
2012-09-26,84.94999694824219,83.9800033569336,84.2699966430664,84.38999938964844,2369300.0,77.5606460571289
2012-09-27,85.80000305175781,84.55999755859375,84.95999908447266,85.7699966430664,2500100.0,78.82896423339844
2012-09-28,85.47000122070312,84.16999816894531,85.37999725341797,84.62000274658203,2408000.0,77.77204895019531
2012-10-01,85.94000244140625,84.52999877929688,84.93000030517578,85.0199966430664,2037100.0,78.13966369628906
2012-10-02,85.80999755859375,84.20999908447266,85.18000030517578,84.5,1683300.0,77.6617202758789
2012-10-03,85.87999725341797,84.4000015258789,84.80000305175781,85.62000274658203,1726300.0,78.69110870361328
2012-10-04,86.62000274658203,85.61000061035156,85.91999816894531,86.52999877929688,2060200.0,79.52745819091797
2012-10-05,87.4800033569336,86.38999938964844,86.8499984741211,86.47000122070312,2734400.0,79.47229766845703
2012-10-08,86.81999969482422,85.9000015258789,86.33999633789062,86.37000274658203,1611000.0,79.38040924072266
2012-10-09,86.77999877929688,85.55000305175781,86.52999877929688,85.58000183105469,2013100.0,78.65435028076172
2012-10-10,90.93000030517578,88.19000244140625,88.30999755859375,89.98999786376953,8995100.0,82.70744323730469
2012-10-11,92.5,90.0,91.69999694824219,90.0,4171000.0,82.71664428710938
2012-10-12,91.08999633789062,90.01000213623047,90.27999877929688,90.4000015258789,2629900.0,83.08427429199219
2012-10-15,91.19999694824219,90.20999908447266,90.51000213623047,90.6500015258789,2526800.0,83.31405639648438
2012-10-16,91.95999908447266,90.27999877929688,91.0,91.91999816894531,2602000.0,84.48125457763672
2012-10-17,93.08999633789062,91.83000183105469,91.98999786376953,92.94999694824219,2378500.0,85.42789459228516
2012-10-18,94.26000213623047,92.48999786376953,92.48999786376953,93.48999786376953,2346200.0,85.92420196533203
2012-10-19,93.44999694824219,91.4800033569336,93.23999786376953,92.11000061035156,2474300.0,84.65586853027344
2012-10-22,92.25,90.86000061035156,92.12000274658203,91.4800033569336,1678400.0,84.07684326171875
2012-10-23,92.0999984741211,91.0199966430664,91.55000305175781,91.79000091552734,2192400.0,84.36177062988281
2012-10-24,92.11000061035156,90.6500015258789,92.11000061035156,90.83000183105469,1447600.0,83.47947692871094
2012-10-25,91.72000122070312,90.06999969482422,91.18000030517578,91.12000274658203,1532200.0,83.74600219726562
2012-10-26,91.55999755859375,90.13999938964844,90.79000091552734,90.69000244140625,1639000.0,83.3508071899414
2012-10-31,92.11000061035156,90.62000274658203,90.94000244140625,91.98999786376953,1844400.0,84.54556274414062
2012-11-01,93.19999694824219,91.54000091552734,91.54000091552734,93.01000213623047,1738000.0,85.48303985595703
2012-11-02,93.9800033569336,92.37000274658203,93.37000274658203,92.63999938964844,1384100.0,85.1429672241211
2012-11-05,92.94000244140625,92.13999938964844,92.47000122070312,92.83999633789062,1066800.0,85.32683563232422
2012-11-06,93.79000091552734,92.55000305175781,92.88999938964844,93.38999938964844,1349000.0,85.8322982788086
2012-11-07,92.7300033569336,91.0,92.70999908447266,91.51000213623047,1575700.0,84.10443878173828
2012-11-08,91.73999786376953,90.0,91.41000366210938,90.02999877929688,1461300.0,82.74422454833984
2012-11-09,90.41000366210938,89.31999969482422,89.94999694824219,89.7300033569336,1938700.0,82.46852111816406
2012-11-12,90.58000183105469,89.58000183105469,89.7300033569336,90.08000183105469,1347700.0,82.79016876220703
2012-11-13,91.5,89.25,89.66999816894531,90.45999908447266,1682000.0,83.13939666748047
2012-11-14,90.66000366210938,86.94000244140625,90.48999786376953,87.12000274658203,2591500.0,80.06974029541016
2012-11-15,87.7699966430664,85.93000030517578,87.12000274658203,86.54000091552734,2410400.0,79.53665924072266
2012-11-16,86.73999786376953,85.1500015258789,86.2300033569336,86.12999725341797,2142600.0,79.1598129272461
2012-11-19,87.38999938964844,85.80000305175781,87.05000305175781,87.0,1984300.0,80.08959197998047
2012-11-20,87.83999633789062,86.80999755859375,87.25,87.3499984741211,1803500.0,80.41181182861328
2012-11-21,88.05999755859375,87.22000122070312,87.9000015258789,87.6500015258789,1550300.0,80.68795013427734
2012-11-23,87.94999694824219,86.8499984741211,87.80000305175781,87.7300033569336,850500.0,80.76162719726562
2012-11-26,88.4800033569336,87.12000274658203,87.12000274658203,88.45999908447266,1721000.0,81.43363189697266
2012-11-27,89.66000366210938,88.41999816894531,88.79000091552734,88.69999694824219,2421700.0,81.65457153320312
2012-11-28,89.5199966430664,87.94000244140625,88.31999969482422,89.48999786376953,2049600.0,82.38182067871094
2012-11-29,91.16000366210938,89.80999755859375,89.97000122070312,90.80000305175781,2623100.0,83.5877685546875
2012-11-30,90.94000244140625,89.04000091552734,90.8499984741211,89.52999877929688,2029700.0,82.41863250732422
2012-12-03,89.9800033569336,87.98999786376953,89.9800033569336,88.12999725341797,1845700.0,81.12982940673828
2012-12-04,89.06999969482422,88.0199966430664,88.1500015258789,88.38999938964844,1488400.0,81.36920928955078
2012-12-05,89.93000030517578,88.06999969482422,88.55999755859375,89.43000030517578,1837000.0,82.32658386230469
2012-12-06,89.5,88.6500015258789,89.30000305175781,89.26000213623047,1078000.0,82.17007446289062
2012-12-07,89.91000366210938,88.80000305175781,89.54000091552734,89.36000061035156,1108600.0,82.26215362548828
2012-12-10,90.58999633789062,89.22000122070312,89.38999938964844,90.52999877929688,1406900.0,83.33920288085938
2012-12-11,91.48999786376953,89.69000244140625,90.6500015258789,90.25,2276300.0,83.08143615722656
2012-12-12,90.52999877929688,89.0199966430664,89.08999633789062,89.70999908447266,2113400.0,82.5843276977539
2012-12-13,90.5,89.29000091552734,89.58000183105469,89.70999908447266,1699000.0,82.5843276977539
2012-12-14,90.93000030517578,89.3499984741211,89.76000213623047,90.08999633789062,1813500.0,82.93415069580078
2012-12-17,91.1500015258789,90.36000061035156,90.4000015258789,91.0199966430664,1832000.0,83.79029846191406
2012-12-18,93.20999908447266,90.41000366210938,90.88999938964844,92.36000061035156,3130100.0,85.02385711669922
2012-12-19,95.44000244140625,93.05000305175781,93.12000274658203,93.19999694824219,5324300.0,85.79712677001953
2012-12-20,93.62999725341797,91.54000091552734,93.0,93.2699966430664,4270900.0,85.86156463623047
2012-12-21,93.29000091552734,91.83999633789062,92.06999969482422,92.73999786376953,2912600.0,85.3736572265625
2012-12-24,92.80000305175781,91.94000244140625,92.70999908447266,92.13999938964844,607300.0,84.82134246826172
2012-12-26,92.97000122070312,91.73999786376953,92.33999633789062,92.06999969482422,904700.0,84.75690460205078
2012-12-27,91.97000122070312,90.1500015258789,91.95999908447266,91.5,1580300.0,84.23217010498047
2012-12-28,91.4800033569336,90.3499984741211,91.0,90.38999938964844,981300.0,83.21031188964844
2012-12-31,91.80000305175781,90.05000305175781,90.33000183105469,91.72000122070312,1451700.0,84.43467712402344
2013-01-02,95.19000244140625,93.37000274658203,93.45999908447266,94.25,2020100.0,86.76372528076172
2013-01-03,95.16999816894531,94.12000274658203,94.12000274658203,94.5999984741211,1723800.0,87.08594512939453
2013-01-04,95.05000305175781,94.36000061035156,94.80000305175781,94.91000366210938,1500600.0,87.37130737304688
2013-01-07,94.75,94.25,94.41000366210938,94.72000122070312,1148600.0,87.19641876220703
2013-01-08,95.54000091552734,94.16000366210938,94.41999816894531,95.11000061035156,2177600.0,87.55542755126953
2013-01-09,96.91000366210938,94.77999877929688,95.04000091552734,96.7699966430664,2345100.0,89.08357238769531
2013-01-10,97.69999694824219,96.66000366210938,97.33999633789062,97.69999694824219,2009700.0,89.93970489501953
2013-01-11,97.77999877929688,97.11000061035156,97.55000305175781,97.4000015258789,1272400.0,89.66354370117188
2013-01-14,98.73999786376953,97.20999908447266,97.36000061035156,98.41999816894531,2253600.0,90.60252380371094
2013-01-15,98.79000091552734,97.73999786376953,98.12000274658203,98.66999816894531,1655900.0,90.8326416015625
2013-01-16,99.62000274658203,98.48999786376953,98.48999786376953,99.54000091552734,2061200.0,91.6335678100586
2013-01-17,100.56999969482422,99.41999816894531,99.93000030517578,99.93000030517578,2312800.0,91.9925765991211
2013-01-18,100.18000030517578,98.41000366210938,100.0,99.81999969482422,2320600.0,91.89130401611328
2013-01-22,100.69999694824219,99.41000366210938,99.54000091552734,100.5999984741211,1515900.0,92.6093521118164
2013-01-23,100.55000305175781,99.26000213623047,100.29000091552734,99.63999938964844,1486000.0,91.72560119628906
2013-01-24,102.61000061035156,99.93000030517578,100.0,101.7300033569336,2702300.0,93.64960479736328
2013-01-25,102.86000061035156,101.20999908447266,101.7699966430664,102.56999969482422,2081000.0,94.4228744506836
2013-01-28,103.13999938964844,102.16999816894531,102.83999633789062,103.01000213623047,1934800.0,94.82791900634766
2013-01-29,103.11000061035156,102.19000244140625,102.63999938964844,102.5,1649400.0,94.35842895507812
2013-01-30,102.13999938964844,101.05999755859375,102.0199966430664,101.37000274658203,2373000.0,93.31817626953125
2013-01-31,101.86000061035156,100.68000030517578,100.97000122070312,101.44999694824219,2306200.0,93.39185333251953
2013-02-01,102.94000244140625,101.44999694824219,101.88999938964844,102.76000213623047,2667400.0,94.5977783203125
2013-02-04,104.0999984741211,102.44000244140625,102.44000244140625,103.38999938964844,3306900.0,95.17774963378906
2013-02-05,105.19000244140625,103.20999908447266,103.70999908447266,105.06999969482422,2772400.0,96.72430419921875
2013-02-06,106.2699966430664,104.56999969482422,104.63999938964844,106.16999816894531,3476400.0,97.73695373535156
2013-02-07,107.0,105.87999725341797,106.5199966430664,106.9800033569336,4063400.0,98.48259735107422
2013-02-08,107.5,106.2300033569336,106.80000305175781,106.41000366210938,2101500.0,97.95789337158203
2013-02-11,106.37000274658203,105.4800033569336,106.01000213623047,106.01000213623047,1746100.0,97.58966064453125
2013-02-12,106.4800033569336,105.58000183105469,106.08999633789062,106.12000274658203,2044600.0,97.69091033935547
2013-02-13,106.63999938964844,105.55999755859375,106.12000274658203,106.16000366210938,1739900.0,97.72772979736328
2013-02-14,106.86000061035156,105.44000244140625,105.8499984741211,106.55999755859375,1660600.0,98.09595489501953
2013-02-15,107.44999694824219,106.19000244140625,106.9000015258789,106.41999816894531,1594900.0,97.96707916259766
2013-02-19,107.38999938964844,106.41000366210938,106.61000061035156,107.33000183105469,1093900.0,98.8047866821289
2013-02-20,107.38999938964844,105.58999633789062,107.38999938964844,105.69000244140625,1472200.0,97.2950439453125
2013-02-21,106.08000183105469,104.25,105.3499984741211,104.87999725341797,1730900.0,96.54936981201172
2013-02-22,105.81999969482422,104.87999725341797,105.12999725341797,105.81999969482422,899500.0,97.41474151611328
2013-02-25,107.0,103.0999984741211,106.33000183105469,103.11000061035156,1592900.0,94.91996765136719
2013-02-26,103.94999694824219,102.72000122070312,103.68000030517578,103.16000366210938,2718500.0,94.96600341796875
2013-02-27,106.12000274658203,102.33000183105469,102.69999694824219,105.73999786376953,2261100.0,97.34107208251953
2013-02-28,106.08000183105469,104.83000183105469,105.56999969482422,105.43000030517578,1691400.0,97.05569458007812
2013-03-01,106.05999755859375,104.30999755859375,105.11000061035156,105.37999725341797,1449100.0,97.00968170166016
2013-03-04,105.87999725341797,104.5999984741211,105.27999877929688,105.80000305175781,940500.0,97.39635467529297
2013-03-05,109.11000061035156,106.75,106.83000183105469,107.91000366210938,1818400.0,99.33872985839844
2013-03-06,109.4800033569336,107.7699966430664,109.08000183105469,108.04000091552734,1716700.0,99.45838165283203
2013-03-07,108.0,106.58999633789062,107.80999755859375,106.95999908447266,1746500.0,98.59193420410156
2013-03-08,107.94999694824219,107.0199966430664,107.58999633789062,107.80000305175781,1195600.0,99.36621856689453
2013-03-11,109.66000366210938,106.2699966430664,107.69000244140625,107.41000366210938,1372700.0,99.0067367553711
2013-03-12,107.68000030517578,106.0,107.4800033569336,106.43000030517578,1268500.0,98.10338592529297
2013-03-13,108.19999694824219,106.4800033569336,106.52999877929688,107.87000274658203,1412300.0,99.43073272705078
2013-03-14,108.83999633789062,107.83999633789062,108.01000213623047,108.83999633789062,1450000.0,100.3248519897461
2013-03-15,109.12000274658203,108.04000091552734,108.62000274658203,109.06999969482422,2096500.0,100.53685760498047
2013-03-18,108.41000366210938,106.8499984741211,107.83000183105469,107.29000091552734,1784700.0,98.89614868164062
2013-03-19,107.9800033569336,106.0,107.4000015258789,106.45999908447266,2651700.0,98.13105773925781
2013-03-20,102.5,98.81999969482422,102.0,99.12999725341797,11579100.0,91.37451934814453
2013-03-21,98.98999786376953,95.30000305175781,98.77999877929688,96.5,9159800.0,88.95025634765625
2013-03-22,98.9000015258789,96.98999786376953,97.0199966430664,98.4800033569336,5379400.0,90.77538299560547
2013-03-25,98.66000366210938,96.08000183105469,98.51000213623047,97.0199966430664,2910300.0,89.42958068847656
2013-03-26,98.31999969482422,97.16000366210938,97.33000183105469,97.72000122070312,2532800.0,90.07482147216797
2013-03-27,97.68000030517578,96.62000274658203,97.29000091552734,97.6500015258789,2335500.0,90.01029968261719
2013-03-28,98.43000030517578,97.19999694824219,97.27999877929688,98.19999694824219,2217200.0,90.51728057861328
2013-04-01,99.52999877929688,97.55999755859375,98.41000366210938,97.77999877929688,2050800.0,90.13014221191406
2013-04-02,98.22000122070312,96.81999969482422,97.80000305175781,97.12000274658203,1838600.0,89.52175903320312
2013-04-03,97.66000366210938,96.08000183105469,97.1500015258789,96.27999877929688,2932600.0,88.74747467041016
2013-04-04,97.25,95.95999908447266,96.52999877929688,95.9800033569336,2249000.0,88.47096252441406
2013-04-05,95.8499984741211,94.19999694824219,94.91000366210938,95.5,2878100.0,88.02849578857422
2013-04-08,96.02999877929688,95.05000305175781,95.43000030517578,95.25,2032500.0,87.79806518554688
2013-04-09,95.81999969482422,94.66999816894531,95.29000091552734,95.33999633789062,2270600.0,87.88104248046875
2013-04-10,98.2300033569336,95.44000244140625,95.48999786376953,97.94999694824219,3138600.0,90.2868423461914
2013-04-11,98.0,96.55999755859375,97.87000274658203,96.66000366210938,2036000.0,89.0977554321289
2013-04-12,96.94000244140625,95.86000061035156,96.47000122070312,96.33000183105469,1387400.0,88.7935791015625
2013-04-15,96.08999633789062,94.26000213623047,95.58999633789062,94.70999908447266,3107000.0,87.3003158569336
2013-04-16,95.66000366210938,94.70999908447266,95.38999938964844,95.13999938964844,2317300.0,87.6966781616211
2013-04-17,95.04000091552734,93.58999633789062,94.44000244140625,94.12000274658203,2284500.0,86.75647735595703
2013-04-18,93.69000244140625,90.61000061035156,93.18000030517578,91.87000274658203,4952400.0,84.68248748779297
2013-04-19,92.87000274658203,91.69999694824219,92.38999938964844,92.38999938964844,1901000.0,85.16182708740234
2013-04-22,92.8499984741211,90.94999694824219,92.66999816894531,92.5,1584300.0,85.26322174072266
2013-04-23,93.19000244140625,92.02999877929688,92.94000244140625,93.16999816894531,2537900.0,85.88082122802734
2013-04-24,96.1500015258789,94.4000015258789,94.69999694824219,94.45999908447266,3056500.0,87.06986236572266
2013-04-25,94.94000244140625,93.2300033569336,94.61000061035156,94.30000305175781,2326400.0,86.92239379882812
2013-04-26,94.77999877929688,93.98999786376953,94.56999969482422,94.18000030517578,1652400.0,86.811767578125
2013-04-29,94.58000183105469,93.5,94.44999694824219,93.75,1878900.0,86.41543579101562
2013-04-30,94.43000030517578,93.08999633789062,93.83999633789062,94.01000213623047,1981000.0,86.65508270263672
2013-05-01,94.0199966430664,91.83999633789062,93.66000366210938,92.0,2396600.0,84.8023452758789
2013-05-02,93.11000061035156,92.18000030517578,92.2300033569336,92.29000091552734,2404500.0,85.06964874267578
2013-05-03,95.13999938964844,92.9800033569336,92.9800033569336,94.5199966430664,2317300.0,87.12518310546875
2013-05-06,96.80000305175781,94.73999786376953,94.91999816894531,96.2300033569336,3045700.0,88.701416015625
2013-05-07,99.5999984741211,96.51000213623047,96.62999725341797,99.5199966430664,4689700.0,91.73402404785156
2013-05-08,102.08999633789062,98.80000305175781,99.06999969482422,101.94999694824219,4873600.0,93.9738998413086
2013-05-09,102.0999984741211,100.2300033569336,101.56999969482422,100.43000030517578,2754200.0,92.57282257080078
2013-05-10,101.16000366210938,99.62000274658203,100.1500015258789,100.12000274658203,2278900.0,92.28706359863281
2013-05-13,99.94999694824219,98.72000122070312,99.83999633789062,98.80000305175781,2047800.0,91.0703353881836
2013-05-14,100.72000122070312,98.87999725341797,98.9000015258789,100.68000030517578,1921900.0,92.80326843261719
2013-05-15,100.87000274658203,99.79000091552734,100.52999877929688,100.27999877929688,2054200.0,92.43453216552734
2013-05-16,100.79000091552734,98.7300033569336,100.23999786376953,98.94000244140625,1776300.0,91.19937133789062
2013-05-17,100.08000183105469,98.86000061035156,99.44999694824219,100.05000305175781,2222600.0,92.2225341796875
2013-05-20,101.55999755859375,99.5999984741211,100.05999755859375,101.18000030517578,2390900.0,93.2641372680664
2013-05-21,103.05000305175781,101.25,101.38999938964844,102.16999816894531,2796900.0,94.17668151855469
2013-05-22,102.9000015258789,99.0,102.08000183105469,99.6500015258789,3251200.0,91.85381317138672
2013-05-23,99.70999908447266,98.0,98.62999725341797,99.0999984741211,1649000.0,91.34688568115234
2013-05-24,98.66999816894531,97.3499984741211,98.66999816894531,97.81999969482422,2543100.0,90.1670150756836
2013-05-28,99.0999984741211,95.97000122070312,98.81999969482422,96.52999877929688,4178600.0,88.97795104980469
2013-05-29,97.5,96.08000183105469,96.4800033569336,96.55000305175781,2446000.0,88.99637603759766
2013-05-30,97.0999984741211,95.87999725341797,96.75,96.5199966430664,2947600.0,88.96873474121094
2013-05-31,97.97000122070312,96.12000274658203,96.25,96.33999633789062,2273500.0,88.80281066894531
2013-06-03,97.70999908447266,96.0199966430664,96.51000213623047,97.69999694824219,2263600.0,90.05638122558594
2013-06-04,99.0,97.44999694824219,97.63999938964844,98.37999725341797,3045500.0,90.68318176269531
2013-06-05,98.19999694824219,96.18000030517578,98.0,97.08999633789062,2174500.0,89.4941177368164
2013-06-06,97.5199966430664,95.63999938964844,97.01000213623047,96.83999633789062,2478500.0,89.26366424560547
2013-06-07,99.83999633789062,97.4800033569336,97.73999786376953,99.77999877929688,2508400.0,91.9736557006836
2013-06-10,99.9800033569336,98.54000091552734,99.86000061035156,98.66000366210938,1842300.0,90.94129180908203
2013-06-11,98.79000091552734,97.11000061035156,97.61000061035156,98.04000091552734,1563000.0,90.36979675292969
2013-06-12,98.9000015258789,97.27999877929688,98.58000183105469,97.48999786376953,1289900.0,89.86283111572266
2013-06-13,99.8499984741211,97.0999984741211,97.41000366210938,99.58000183105469,1424300.0,91.9307861328125
2013-06-14,100.75,98.72000122070312,99.51000213623047,99.12000274658203,1534900.0,91.5060806274414
2013-06-17,100.19999694824219,97.68000030517578,100.12999725341797,98.41000366210938,2504600.0,90.85064697265625
2013-06-18,100.37999725341797,98.23999786376953,98.62000274658203,99.4800033569336,2195300.0,91.83843994140625
2013-06-19,103.47000122070312,99.26000213623047,100.95999908447266,100.54000091552734,4496600.0,92.8170166015625
2013-06-20,97.97000122070312,95.16999816894531,97.83999633789062,95.70999908447266,4945600.0,88.35803985595703
2013-06-21,97.02999877929688,94.66999816894531,96.5,96.45999908447266,3632400.0,89.0504150390625
2013-06-24,96.69999694824219,94.5999984741211,95.37000274658203,95.9000015258789,2710500.0,88.53343200683594
2013-06-25,98.30999755859375,96.68000030517578,97.05000305175781,97.19000244140625,2240600.0,89.72434997558594
2013-06-26,99.3499984741211,97.98999786376953,98.06999969482422,98.37000274658203,2777200.0,90.813720703125
2013-06-27,99.52999877929688,98.7300033569336,99.1500015258789,99.37000274658203,1941500.0,91.73690032958984
2013-06-28,99.58999633789062,98.58000183105469,98.91000366210938,98.58000183105469,2245400.0,91.00757598876953
2013-07-01,99.7300033569336,98.55000305175781,98.72000122070312,98.88999938964844,1975900.0,91.29376983642578
2013-07-02,99.41999816894531,97.94000244140625,98.76000213623047,98.2699966430664,1740900.0,90.72138214111328
2013-07-03,98.25,97.54000091552734,97.87999725341797,97.7699966430664,783900.0,90.25979614257812
2013-07-05,99.19999694824219,98.18000030517578,98.58999633789062,98.95999908447266,1056300.0,91.3583755493164
2013-07-08,99.5,98.62999725341797,99.18000030517578,98.83000183105469,1913400.0,91.23837280273438
2013-07-09,106.3499984741211,99.38999938964844,99.5,103.1500015258789,15122500.0,95.22653198242188
2013-07-10,106.47000122070312,102.01000213623047,102.68000030517578,103.0,6783500.0,95.08805847167969
2013-07-11,105.9800033569336,103.91000366210938,104.0,104.4000015258789,3983100.0,96.38050079345703
2013-07-12,103.30999755859375,101.58000183105469,102.06999969482422,102.29000091552734,5071300.0,94.4325942993164
2013-07-15,103.93000030517578,102.13999938964844,102.27999877929688,103.69999694824219,2218200.0,95.73428344726562
2013-07-16,103.9800033569336,102.94999694824219,103.37999725341797,103.51000213623047,1905800.0,95.55889129638672
2013-07-17,104.94999694824219,103.05999755859375,103.5999984741211,104.26000213623047,2141400.0,96.25125885009766
2013-07-18,108.9800033569336,103.8499984741211,103.91999816894531,108.66000366210938,4659400.0,100.31328582763672
2013-07-19,108.44999694824219,107.33000183105469,108.44999694824219,108.02999877929688,2387500.0,99.73165893554688
2013-07-22,108.87999725341797,107.6500015258789,108.06999969482422,107.75,2305200.0,99.47315979003906
2013-07-23,108.0,106.44999694824219,107.94000244140625,106.79000091552734,2080100.0,98.58689880371094
2013-07-24,107.19999694824219,105.77999877929688,106.91000366210938,105.87999725341797,1280500.0,97.74684143066406
2013-07-25,106.11000061035156,101.94999694824219,105.88999938964844,104.87000274658203,3956100.0,96.81439208984375
2013-07-26,105.27999877929688,104.13999938964844,104.69000244140625,104.58000183105469,1831700.0,96.54667663574219
2013-07-29,104.56999969482422,103.2300033569336,104.0999984741211,103.38999938964844,1301400.0,95.44810485839844
2013-07-30,104.4000015258789,103.31999969482422,104.12999725341797,103.55999755859375,1241400.0,95.60502624511719
2013-07-31,106.95999908447266,102.0,102.0,106.0,5473500.0,97.85759735107422
2013-08-01,110.33000183105469,106.54000091552734,106.79000091552734,110.0,5120900.0,101.55034637451172
2013-08-02,110.08000183105469,108.69999694824219,108.7300033569336,109.1500015258789,1717600.0,100.76563262939453
2013-08-05,109.72000122070312,108.75,109.0,109.41999816894531,1429400.0,101.01488494873047
2013-08-06,109.8499984741211,108.36000061035156,109.33000183105469,108.7699966430664,1567800.0,100.41483306884766
2013-08-07,108.54000091552734,107.52999877929688,108.0199966430664,107.9800033569336,1598300.0,99.68551635742188
2013-08-08,109.29000091552734,108.5,108.56999969482422,109.08000183105469,1596400.0,100.70101928710938
2013-08-09,109.18000030517578,107.91999816894531,108.52999877929688,108.22000122070312,1134200.0,99.90707397460938
2013-08-12,109.30999755859375,107.47000122070312,107.58000183105469,109.04000091552734,1720300.0,100.66407775878906
2013-08-13,109.7300033569336,108.19999694824219,108.87999725341797,108.61000061035156,1603500.0,100.26712036132812
2013-08-14,109.08999633789062,107.72000122070312,108.61000061035156,108.62999725341797,1219200.0,100.28559112548828
2013-08-15,108.43000030517578,107.33999633789062,108.0,108.04000091552734,2224200.0,99.74092102050781
2013-08-16,108.95999908447266,107.43000030517578,108.05000305175781,108.68000030517578,1782900.0,100.3317642211914
2013-08-19,109.19999694824219,108.04000091552734,108.33000183105469,108.66999816894531,1804400.0,100.322509765625
2013-08-20,109.9000015258789,108.02999877929688,108.5999984741211,109.20999908447266,1525900.0,100.821044921875
2013-08-21,109.05000305175781,107.51000213623047,108.98999786376953,108.06999969482422,1555900.0,99.76859283447266
2013-08-22,110.79000091552734,108.11000061035156,108.2300033569336,110.61000061035156,1348700.0,102.11347961425781
2013-08-23,110.88999938964844,109.72000122070312,110.61000061035156,110.69000244140625,1193400.0,102.18733978271484
2013-08-26,113.33999633789062,110.75,110.80000305175781,112.04000091552734,2502600.0,103.43363952636719
2013-08-27,111.12000274658203,107.69999694824219,110.5,108.44999694824219,2348200.0,100.11939239501953
2013-08-28,109.3499984741211,107.93000030517578,108.44999694824219,108.5,1119400.0,100.16554260253906
2013-08-29,109.5,108.26000213623047,108.5,108.58000183105469,927400.0,100.23941802978516
2013-08-30,108.79000091552734,106.83999633789062,108.76000213623047,107.36000061035156,1194400.0,99.11314392089844
2013-09-03,108.7300033569336,106.77999877929688,108.44999694824219,107.5999984741211,1555100.0,99.33470916748047
2013-09-04,107.9000015258789,107.12000274658203,107.44000244140625,107.61000061035156,1665800.0,99.34394836425781
2013-09-05,109.47000122070312,107.47000122070312,107.47000122070312,109.05000305175781,1460500.0,100.6733169555664
2013-09-06,109.79000091552734,107.4000015258789,109.33999633789062,108.16000366210938,1511800.0,99.9892349243164
2013-09-09,109.19000244140625,107.62999725341797,108.4000015258789,109.0999984741211,2203000.0,100.85822296142578
2013-09-10,111.5,109.73999786376953,109.77999877929688,110.58999633789062,1677300.0,102.23566436767578
2013-09-11,110.66999816894531,109.5199966430664,110.52999877929688,110.25,1356400.0,101.92134094238281
2013-09-12,110.12000274658203,107.73999786376953,110.0999984741211,108.38999938964844,2306500.0,100.20183563232422
2013-09-13,108.9000015258789,106.37999725341797,108.72000122070312,107.23999786376953,2974200.0,99.13871002197266
2013-09-16,111.0,108.55999755859375,108.8499984741211,109.56999969482422,2673200.0,101.292724609375
2013-09-17,111.4800033569336,109.79000091552734,109.88999938964844,110.68000030517578,2575500.0,102.31883239746094
2013-09-18,116.94999694824219,112.5,113.19999694824219,116.25,6671000.0,107.46807098388672
2013-09-19,117.37999725341797,114.54000091552734,114.62999725341797,116.83000183105469,3291200.0,108.0042724609375
2013-09-20,118.30999755859375,116.70999908447266,117.4800033569336,116.83000183105469,2624800.0,108.0042724609375
2013-09-23,116.0,114.12000274658203,115.16999816894531,114.91000366210938,2022300.0,106.22929382324219
2013-09-24,115.87999725341797,114.58999633789062,114.8499984741211,114.72000122070312,1291200.0,106.05364990234375
2013-09-25,115.12999725341797,112.91999816894531,115.04000091552734,113.56999969482422,2426100.0,104.99053955078125
2013-09-26,114.7300033569336,112.87000274658203,113.97000122070312,113.55999755859375,1660200.0,104.98126983642578
2013-09-27,113.93000030517578,112.91999816894531,113.0199966430664,113.7699966430664,1052100.0,105.1754150390625
2013-09-30,114.75,112.44000244140625,112.56999969482422,114.11000061035156,1709900.0,105.48974609375
2013-10-01,115.31999969482422,113.87000274658203,114.23999786376953,115.26000213623047,1456300.0,106.5528793334961
2013-10-02,115.36000061035156,113.91999816894531,114.51000213623047,115.27999877929688,1198500.0,106.57136535644531
2013-10-03,115.16999816894531,111.80000305175781,114.87000274658203,113.55000305175781,2162800.0,104.9720458984375
2013-10-04,114.9800033569336,113.02999877929688,113.44000244140625,114.7300033569336,1143100.0,106.06289672851562
2013-10-07,114.36000061035156,112.61000061035156,113.75,113.69000244140625,1264700.0,105.10147094726562
2013-10-08,114.0,111.95999908447266,113.58000183105469,112.08000183105469,1164200.0,103.61309814453125
2013-10-09,113.13999938964844,111.25,112.33000183105469,112.58000183105469,1518900.0,104.0753173828125
2013-10-10,115.11000061035156,113.22000122070312,113.9000015258789,115.05999755859375,1246900.0,106.36797332763672
2013-10-11,115.88999938964844,114.01000213623047,114.45999908447266,115.87000274658203,1041400.0,107.11676788330078
2013-10-14,115.4800033569336,114.33000183105469,115.29000091552734,115.37000274658203,899800.0,106.654541015625
2013-10-15,122.5,116.8499984741211,116.91000366210938,120.08000183105469,6195500.0,111.00875854492188
2013-10-16,124.3499984741211,119.69999694824219,119.87000274658203,123.26000213623047,4127600.0,113.94849395751953
2013-10-17,125.2699966430664,121.56999969482422,121.9800033569336,125.19000244140625,4344800.0,115.73273468017578
2013-10-18,126.62999725341797,124.70999908447266,125.2699966430664,126.44000244140625,2023900.0,116.8882827758789
2013-10-21,127.87000274658203,125.91999816894531,126.22000122070312,127.41000366210938,2227800.0,117.78501892089844
2013-10-22,132.3000030517578,128.86000061035156,128.8699951171875,129.69000244140625,4792200.0,119.89276123046875
2013-10-23,130.10000610351562,128.25999450683594,128.6699981689453,129.82000732421875,2649900.0,120.01297760009766
2013-10-24,131.99000549316406,130.07000732421875,130.47999572753906,131.57000732421875,2299400.0,121.6307601928711
2013-10-25,132.5500030517578,131.1699981689453,131.9600067138672,132.05999755859375,2464100.0,122.08377075195312
2013-10-28,133.63999938964844,131.22999572753906,131.4199981689453,132.52999877929688,3100600.0,122.51823425292969
2013-10-29,133.38999938964844,132.0,133.2899932861328,133.13999938964844,1826700.0,123.08213806152344
2013-10-30,133.83999633789062,132.1199951171875,133.0500030517578,132.80999755859375,2302000.0,122.77708435058594
2013-10-31,132.55999755859375,129.80999755859375,132.02000427246094,131.0,3417500.0,121.10380554199219
2013-11-01,134.74000549316406,131.5800018310547,131.77000427246094,134.64999389648438,3728600.0,124.47806549072266
2013-11-04,136.05999755859375,134.08999633789062,134.64999389648438,135.1199951171875,2474500.0,124.91256713867188
2013-11-05,136.88999938964844,133.7899932861328,134.3699951171875,136.22999572753906,2670600.0,125.938720703125
2013-11-06,136.97999572753906,131.9199981689453,136.80999755859375,132.77000427246094,5439500.0,122.74011993408203
2013-11-07,133.35000610351562,130.25,133.0500030517578,130.5500030517578,2846400.0,120.68781280517578
2013-11-08,132.72999572753906,130.27999877929688,130.2899932861328,132.57000732421875,2676700.0,122.55520629882812
2013-11-11,133.1699981689453,131.60000610351562,131.97999572753906,132.52000427246094,1805000.0,122.50898742675781
2013-11-12,136.10000610351562,130.80999755859375,131.8000030517578,134.6300048828125,4789000.0,124.4595947265625
2013-11-13,135.88999938964844,133.3300018310547,134.1199951171875,135.2899932861328,3447600.0,125.06970977783203
2013-11-14,136.5,135.0399932861328,135.41000366210938,136.44000244140625,3123700.0,126.13284301757812
2013-11-15,139.94000244140625,137.88999938964844,138.4600067138672,138.64999389648438,3644900.0,128.17593383789062
2013-11-18,139.77000427246094,136.7899932861328,138.58999633789062,137.13999938964844,2965700.0,126.77997589111328
2013-11-19,137.32000732421875,133.92999267578125,137.1699981689453,134.0,2960600.0,123.87721252441406
2013-11-20,135.74000549316406,134.19000244140625,134.35000610351562,134.5800018310547,1716000.0,124.413330078125
2013-11-21,138.86000061035156,135.25,135.32000732421875,138.3800048828125,2920800.0,127.92631530761719
2013-11-22,138.4499969482422,135.94000244140625,138.10000610351562,137.07000732421875,1680100.0,126.71524810791016
2013-11-25,137.97999572753906,136.7100067138672,137.80999755859375,137.22000122070312,1234500.0,126.85391998291016
2013-11-26,138.6199951171875,137.00999450683594,137.3000030517578,137.80999755859375,1495000.0,127.39937591552734
2013-11-27,140.27999877929688,138.50999450683594,138.6999969482422,139.86000061035156,1358600.0,129.29444885253906
2013-11-29,140.5500030517578,138.50999450683594,140.4499969482422,138.6999969482422,733100.0,128.2221221923828
2013-12-02,140.9600067138672,138.72999572753906,139.14999389648438,140.2100067138672,1953400.0,129.6180419921875
2013-12-03,140.0,137.67999267578125,139.4600067138672,138.0399932861328,1927300.0,127.61196899414062
2013-12-04,140.0,136.80999755859375,137.66000366210938,138.7100067138672,1187900.0,128.2313690185547
2013-12-05,139.6699981689453,137.6699981689453,137.89999389648438,138.22000122070312,1161200.0,127.77836608886719
2013-12-06,140.1699981689453,139.07000732421875,139.99000549316406,139.38999938964844,1216500.0,128.8599853515625
2013-12-09,140.0,139.11000061035156,139.82000732421875,139.80999755859375,1349300.0,129.24830627441406
2013-12-10,140.17999267578125,138.22000122070312,139.66000366210938,138.49000549316406,1538700.0,128.16549682617188
2013-12-11,139.0,136.35000610351562,138.8800048828125,136.50999450683594,1451900.0,126.33306884765625
2013-12-12,137.52999877929688,136.27000427246094,136.55999755859375,136.33999633789062,1795700.0,126.17579650878906
2013-12-13,138.8800048828125,137.00999450683594,138.00999450683594,137.89999389648438,2583700.0,127.61943817138672
2013-12-16,140.97000122070312,138.8800048828125,139.58999633789062,139.85000610351562,3549800.0,129.42405700683594
2013-12-17,140.1699981689453,138.5,139.8000030517578,139.08999633789062,2697000.0,128.72076416015625
2013-12-18,140.24000549316406,137.36000061035156,138.10000610351562,139.72000122070312,4825100.0,129.30381774902344
2013-12-19,140.02000427246094,137.75999450683594,139.61000061035156,139.69000244140625,2688900.0,129.27601623535156
2013-12-20,143.72999572753906,139.22999572753906,139.52000427246094,142.7100067138672,3350200.0,132.07089233398438
2013-12-23,143.44000244140625,141.6199951171875,143.30999755859375,142.19000244140625,1461000.0,131.5896453857422
2013-12-24,142.3800048828125,141.13999938964844,142.24000549316406,142.0,750600.0,131.41384887695312
2013-12-26,143.52000427246094,142.3300018310547,142.64999389648438,143.3000030517578,1246400.0,132.6168975830078
2013-12-27,143.86000061035156,142.74000549316406,143.27999877929688,143.42999267578125,923500.0,132.73719787597656
2013-12-30,143.8800048828125,142.86000061035156,143.47999572753906,143.0500030517578,889300.0,132.38555908203125
2013-12-31,144.1300048828125,143.0,143.00999450683594,143.77000427246094,1102600.0,133.0518798828125
2014-01-02,144.38999938964844,139.57000732421875,142.89999389648438,139.77000427246094,3360000.0,129.35012817382812
2014-01-03,141.14999389648438,139.91000366210938,140.3300018310547,140.0500030517578,2779600.0,129.60919189453125
2014-01-06,143.0,138.25999450683594,142.6999969482422,138.72000122070312,2995000.0,128.37835693359375
2014-01-07,140.97999572753906,138.99000549316406,139.33999633789062,140.63999938964844,1702000.0,130.1551971435547
2014-01-08,141.3800048828125,139.99000549316406,141.0399932861328,140.3699951171875,1632800.0,129.90538024902344
2014-01-09,141.77000427246094,139.9499969482422,140.50999450683594,141.50999450683594,1451600.0,130.9603271484375
2014-01-10,142.74000549316406,140.41000366210938,141.1999969482422,142.6300048828125,1714700.0,131.99681091308594
2014-01-13,142.75,140.24000549316406,141.35000610351562,140.49000549316406,1565200.0,130.0164031982422
2014-01-14,142.8300018310547,139.72999572753906,140.9499969482422,142.6999969482422,2344500.0,132.0616455078125
2014-01-15,143.13999938964844,141.94000244140625,142.77999877929688,142.5500030517578,2692200.0,131.92282104492188
2014-01-16,142.5,140.9499969482422,141.9199981689453,141.80999755859375,1928100.0,131.23794555664062
2014-01-17,141.8699951171875,140.08999633789062,140.61000061035156,140.50999450683594,2293000.0,130.034912109375
2014-01-21,142.6199951171875,140.8000030517578,141.7100067138672,142.14999389648438,2509000.0,131.55259704589844
2014-01-22,142.83999633789062,141.6300048828125,142.75,142.3000030517578,1337100.0,131.69142150878906
2014-01-23,141.99000549316406,139.35000610351562,141.61000061035156,140.24000549316406,1836300.0,129.78504943847656
2014-01-24,139.38999938964844,134.57000732421875,139.16000366210938,134.5800018310547,3089300.0,124.54695892333984
2014-01-27,135.77999877929688,131.0800018310547,134.69000244140625,131.9499969482422,4738700.0,122.1130599975586
2014-01-28,134.63999938964844,131.99000549316406,131.99000549316406,134.33999633789062,3169700.0,124.32486724853516
2014-01-29,134.0,131.5500030517578,132.8300018310547,131.85000610351562,2647600.0,122.02052307128906
2014-01-30,134.8300018310547,133.05999755859375,133.08999633789062,133.77000427246094,1935900.0,123.79737091064453
2014-01-31,134.9600067138672,131.7899932861328,131.85000610351562,133.32000732421875,1588500.0,123.3809585571289
2014-02-03,135.05999755859375,129.02999877929688,132.92999267578125,129.44000244140625,3184000.0,119.7901840209961
2014-02-04,130.92999267578125,128.1699981689453,129.47999572753906,130.4199981689453,2387000.0,120.69710540771484
2014-02-05,130.9199981689453,129.19000244140625,129.85000610351562,129.97000122070312,2009200.0,120.28068542480469
2014-02-06,131.86000061035156,130.05999755859375,130.13999938964844,130.83999633789062,1908400.0,121.0858154296875
2014-02-07,133.07000732421875,130.8699951171875,131.9199981689453,131.75999450683594,2390500.0,121.93722534179688
2014-02-10,132.05999755859375,129.33999633789062,131.3699951171875,129.8800048828125,3602500.0,120.19737243652344
2014-02-11,133.77999877929688,130.1300048828125,130.41000366210938,133.14999389648438,3256000.0,123.22360229492188
2014-02-12,133.80999755859375,131.75,133.16000366210938,133.0,1895700.0,123.08476257324219
2014-02-13,133.33999633789062,131.0,131.9199981689453,133.07000732421875,1780700.0,123.14958953857422
2014-02-14,134.5500030517578,132.8699951171875,132.97999572753906,133.9199981689453,1436200.0,123.9361801147461
2014-02-18,134.77000427246094,132.3300018310547,134.32000732421875,132.7899932861328,2360500.0,122.89044189453125
2014-02-19,133.50999450683594,131.00999450683594,132.33999633789062,131.35000610351562,2780900.0,121.5577621459961
2014-02-20,133.50999450683594,131.05999755859375,131.69000244140625,132.99000549316406,1787000.0,123.0755386352539
2014-02-21,135.2100067138672,133.11000061035156,133.17999267578125,134.89999389648438,1969400.0,124.84317016601562
2014-02-24,136.97999572753906,134.5,135.08999633789062,134.8699951171875,2243200.0,124.81536865234375
2014-02-25,134.8699951171875,132.32000732421875,134.85000610351562,132.83999633789062,2588900.0,122.93670654296875
2014-02-26,133.97000122070312,131.9499969482422,132.6300048828125,132.3699951171875,1588100.0,122.50173950195312
2014-02-27,133.83999633789062,131.9499969482422,132.0399932861328,133.5500030517578,1736100.0,123.59378051757812
2014-02-28,134.42999267578125,132.33999633789062,133.19000244140625,133.3300018310547,1904700.0,123.39016723632812
2014-03-03,134.2899932861328,132.0500030517578,132.0500030517578,133.3800048828125,1614300.0,123.43644714355469
2014-03-04,137.64999389648438,134.74000549316406,134.83999633789062,137.08999633789062,2250100.0,126.86988067626953
2014-03-05,137.60000610351562,136.50999450683594,137.24000549316406,136.91000366210938,1292200.0,126.70332336425781
2014-03-06,137.63999938964844,136.19000244140625,137.25,137.2899932861328,1581300.0,127.05492401123047
2014-03-07,138.60000610351562,136.9600067138672,137.9199981689453,137.42999267578125,1353800.0,127.32364654541016
2014-03-10,138.38999938964844,136.80999755859375,137.02999877929688,137.86000061035156,1720700.0,127.72196197509766
2014-03-11,138.07000732421875,136.7100067138672,137.74000549316406,137.2899932861328,1483500.0,127.19389343261719
2014-03-12,138.13999938964844,136.0,136.8000030517578,137.7899932861328,1275600.0,127.65715789794922
2014-03-13,139.2899932861328,135.8800048828125,138.36000061035156,136.67999267578125,2286000.0,126.62872314453125
2014-03-14,137.75,136.02000427246094,136.3800048828125,136.75999450683594,2629200.0,126.70292663574219
2014-03-17,138.61000061035156,137.11000061035156,137.7100067138672,137.5800018310547,3855000.0,127.46260833740234
2014-03-18,139.19000244140625,137.35000610351562,137.58999633789062,138.57000732421875,2578900.0,128.37982177734375
2014-03-19,141.1699981689453,137.13999938964844,138.11000061035156,138.3800048828125,3110400.0,128.2038116455078
2014-03-20,137.72999572753906,135.24000549316406,137.02999877929688,136.5,3377700.0,126.46199035644531
2014-03-21,138.0,136.02000427246094,137.50999450683594,136.7899932861328,5017900.0,126.7306900024414
2014-03-24,137.1999969482422,134.8699951171875,137.14999389648438,134.9499969482422,3206900.0,125.02597045898438
2014-03-25,135.67999267578125,132.52000427246094,134.8800048828125,134.16000366210938,4336800.0,124.29407501220703
2014-03-26,135.30999755859375,132.08999633789062,134.47999572753906,132.1199951171875,2870700.0,122.40411376953125
2014-03-27,132.63999938964844,131.3000030517578,132.0,132.11000061035156,3042800.0,122.39488983154297
2014-03-28,133.39999389648438,132.00999450683594,132.44000244140625,132.00999450683594,5019100.0,122.30217742919922
2014-03-31,133.24000549316406,131.8699951171875,132.52000427246094,132.55999755859375,4368000.0,122.81175994873047
2014-04-01,134.11000061035156,132.77999877929688,133.0,134.11000061035156,2513800.0,124.24779510498047
2014-04-02,135.1999969482422,133.94000244140625,134.10000610351562,134.75999450683594,1747800.0,124.84993743896484
2014-04-03,136.1199951171875,134.6999969482422,134.6999969482422,135.3000030517578,1987600.0,125.3502426147461
2014-04-04,136.60000610351562,133.86000061035156,135.7899932861328,134.35000610351562,1586500.0,124.47016143798828
2014-04-07,135.00999450683594,132.6699981689453,134.36000061035156,132.97999572753906,2007500.0,123.20085144042969
2014-04-08,133.39999389648438,131.80999755859375,133.0399932861328,132.91000366210938,2016100.0,123.1360092163086
2014-04-09,134.49000549316406,132.9499969482422,133.30999755859375,134.0,1640400.0,124.14590454101562
2014-04-10,134.30999755859375,131.86000061035156,134.0800018310547,132.05999755859375,2528300.0,122.34857177734375
2014-04-11,132.75999450683594,130.67999267578125,130.97000122070312,131.22999572753906,1927200.0,121.57955932617188
2014-04-14,132.86000061035156,131.16000366210938,132.11000061035156,132.0,2115200.0,122.29295349121094
2014-04-15,132.99000549316406,130.63999938964844,132.3300018310547,132.1699981689453,2518400.0,122.450439453125
2014-04-16,134.0399932861328,132.00999450683594,132.5500030517578,133.75,2696500.0,123.91423797607422
2014-04-17,135.97000122070312,133.6199951171875,133.6199951171875,135.5500030517578,2152300.0,125.58187103271484
2014-04-21,136.77999877929688,135.25999450683594,135.61000061035156,136.27000427246094,2755300.0,126.24893188476562
2014-04-22,137.77000427246094,136.52000427246094,136.5399932861328,137.02999877929688,2173900.0,126.95303344726562
2014-04-23,137.14999389648438,135.92999267578125,137.0,136.3300018310547,1793300.0,126.30449676513672
2014-04-24,137.08999633789062,135.6199951171875,136.39999389648438,136.0800018310547,1926700.0,126.0728988647461
2014-04-25,136.0399932861328,133.9499969482422,136.02000427246094,134.2100067138672,1118500.0,124.34042358398438
2014-04-28,136.02000427246094,133.52000427246094,134.38999938964844,134.52999877929688,1812300.0,124.63692474365234
2014-04-29,135.72000122070312,133.89999389648438,134.80999755859375,135.47000122070312,1161200.0,125.50773620605469
2014-04-30,136.80999755859375,134.85000610351562,135.5500030517578,136.25,1810000.0,126.23039245605469
2014-05-01,137.0,135.38999938964844,136.36000061035156,136.24000549316406,813000.0,126.22113800048828
2014-05-02,137.72999572753906,136.11000061035156,136.11000061035156,136.9499969482422,966700.0,126.87893676757812
2014-05-05,136.4600067138672,135.00999450683594,136.07000732421875,135.85000610351562,959100.0,125.8598403930664
2014-05-06,136.99000549316406,135.0500030517578,135.2899932861328,135.49000549316406,1411000.0,125.52626037597656
2014-05-07,138.6699981689453,136.00999450683594,136.2100067138672,138.5399932861328,1874300.0,128.35198974609375
2014-05-08,137.66000366210938,135.8000030517578,135.80999755859375,136.6999969482422,2394900.0,126.64732360839844
2014-05-09,137.88999938964844,135.2100067138672,136.0,137.52000427246094,2138500.0,127.40705871582031
2014-05-12,140.33999633789062,137.9199981689453,138.02999877929688,140.14999389648438,1726700.0,129.8435821533203
2014-05-13,140.83999633789062,139.88999938964844,140.2899932861328,140.13999938964844,1085700.0,129.83432006835938
2014-05-14,140.0,138.91000366210938,140.0,139.3300018310547,1682000.0,129.0839385986328
2014-05-15,139.33999633789062,137.5500030517578,139.27999877929688,138.67999267578125,1260700.0,128.48170471191406
2014-05-16,139.77000427246094,137.91000366210938,138.82000732421875,138.22999572753906,2067000.0,128.0647735595703
2014-05-19,139.22000122070312,137.83999633789062,138.10000610351562,139.0,3897200.0,128.77813720703125
2014-05-20,139.47000122070312,136.97000122070312,139.0800018310547,137.4600067138672,1968400.0,127.35143280029297
2014-05-21,139.69000244140625,138.02999877929688,138.3000030517578,139.0500030517578,1586000.0,128.82449340820312
2014-05-22,139.69000244140625,138.33999633789062,138.83999633789062,139.3300018310547,1550800.0,129.0839385986328
2014-05-23,141.94000244140625,139.30999755859375,139.72000122070312,141.5,1198100.0,131.09434509277344
2014-05-27,142.83999633789062,141.6199951171875,142.02000427246094,142.24000549316406,1894800.0,131.7799072265625
2014-05-28,143.97999572753906,142.1999969482422,142.24000549316406,143.47000122070312,1491000.0,132.91949462890625
2014-05-29,144.60000610351562,143.3000030517578,143.8800048828125,144.52999877929688,1275500.0,133.90155029296875
2014-05-30,144.85000610351562,143.94000244140625,144.3699951171875,144.16000366210938,943200.0,133.55873107910156
2014-06-02,144.99000549316406,143.72000122070312,144.30999755859375,144.25,1285500.0,133.64212036132812
2014-06-03,144.64999389648438,142.5800018310547,143.80999755859375,142.9499969482422,1351100.0,132.4376983642578
2014-06-04,143.30999755859375,142.3800048828125,142.74000549316406,143.0,1091200.0,132.48397827148438
2014-06-05,143.99000549316406,142.36000061035156,143.47000122070312,142.64999389648438,1953400.0,132.15972900390625
2014-06-06,143.3000030517578,142.27999877929688,142.8300018310547,142.6999969482422,2273800.0,132.2061004638672
2014-06-09,144.39999389648438,142.69000244140625,142.69000244140625,143.64999389648438,1661900.0,133.0862579345703
2014-06-10,143.91000366210938,142.80999755859375,142.97000122070312,143.7899932861328,1087800.0,133.2158966064453
2014-06-11,143.08999633789062,141.94000244140625,143.07000732421875,142.75,1016000.0,132.25242614746094
2014-06-12,142.27999877929688,139.13999938964844,142.08999633789062,139.2100067138672,1594000.0,128.97274780273438
2014-06-13,140.6999969482422,139.08999633789062,139.52999877929688,140.27000427246094,1266600.0,129.95481872558594
2014-06-16,140.47999572753906,139.25,139.82000732421875,139.4499969482422,1458400.0,129.19509887695312
2014-06-17,141.07000732421875,138.3000030517578,139.0500030517578,140.30999755859375,1857000.0,130.17849731445312
2014-06-18,149.3699951171875,145.08999633789062,145.35000610351562,148.9499969482422,5650700.0,138.19467163085938
2014-06-19,149.3300018310547,146.8300018310547,147.9600067138672,147.60000610351562,3368900.0,136.942138671875
2014-06-20,148.4600067138672,147.66000366210938,147.83999633789062,148.1199951171875,2758700.0,137.4246063232422
2014-06-23,149.67999267578125,147.9600067138672,148.0,148.8800048828125,2654200.0,138.12974548339844
2014-06-24,151.14999389648438,148.44000244140625,148.44000244140625,149.67999267578125,3019400.0,138.87188720703125
2014-06-25,151.88999938964844,148.82000732421875,149.11000061035156,151.4199981689453,2022300.0,140.486328125
2014-06-26,151.67999267578125,150.0500030517578,151.36000061035156,151.5,1163000.0,140.56056213378906
2014-06-27,151.75999450683594,150.75999450683594,151.2899932861328,151.41000366210938,1945500.0,140.4769744873047
2014-06-30,151.6699981689453,150.66000366210938,151.39999389648438,151.3800048828125,1433000.0,140.44918823242188
2014-07-01,152.83999633789062,151.57000732421875,152.0,152.3800048828125,1445000.0,141.37698364257812
2014-07-02,153.24000549316406,152.0800018310547,152.27000427246094,152.27000427246094,1236300.0,141.2749481201172
2014-07-03,153.74000549316406,152.5399932861328,152.7899932861328,153.61000061035156,660800.0,142.5181884765625
2014-07-07,153.10000610351562,151.3800048828125,152.86000061035156,151.67999267578125,1147900.0,140.7275390625
2014-07-08,151.58999633789062,149.82000732421875,151.3699951171875,151.1699981689453,1207200.0,140.25433349609375
2014-07-09,152.44000244140625,150.80999755859375,151.61000061035156,151.32000732421875,822400.0,140.3935089111328
2014-07-10,150.8800048828125,149.4199981689453,149.8699951171875,150.25999450683594,984300.0,139.4100341796875
2014-07-11,151.32000732421875,149.9199981689453,150.14999389648438,150.63999938964844,839100.0,139.76263427734375
2014-07-14,151.91000366210938,150.97999572753906,151.64999389648438,151.07000732421875,1149100.0,140.16159057617188
2014-07-15,152.6699981689453,149.5800018310547,149.5800018310547,151.89999389648438,1193500.0,140.93167114257812
2014-07-16,154.5,152.25,152.39999389648438,154.3800048828125,1424700.0,143.23257446289062
2014-07-17,155.30999755859375,151.72999572753906,153.35000610351562,151.89999389648438,1811900.0,140.93167114257812
2014-07-18,153.14999389648438,151.22999572753906,151.33999633789062,152.8699951171875,1032400.0,141.8315887451172
2014-07-21,153.30999755859375,152.0800018310547,152.52999877929688,152.35000610351562,1030500.0,141.3491973876953
2014-07-22,153.92999267578125,152.82000732421875,152.88999938964844,153.2899932861328,1314300.0,142.2212677001953
2014-07-23,153.88999938964844,152.60000610351562,153.4600067138672,152.67999267578125,966600.0,141.6553497314453
2014-07-24,153.25,152.3300018310547,153.02999877929688,152.5,1009900.0,141.4883575439453
2014-07-25,152.41000366210938,150.8000030517578,152.0,150.86000061035156,1269600.0,139.96678161621094
2014-07-28,151.4600067138672,148.3000030517578,150.89999389648438,149.52999877929688,1652200.0,138.73277282714844
2014-07-29,149.86000061035156,147.0399932861328,148.5,147.13999938964844,1706200.0,136.51531982421875
2014-07-30,150.33999633789062,147.36000061035156,147.36000061035156,149.36000061035156,1390600.0,138.57510375976562
2014-07-31,149.11000061035156,146.63999938964844,148.07000732421875,146.8800048828125,1519800.0,136.27413940429688
2014-08-01,147.99000549316406,145.92999267578125,146.6300048828125,146.75,1709100.0,136.1534881591797
2014-08-04,149.0800018310547,146.9499969482422,147.30999755859375,148.8300018310547,1444000.0,138.08334350585938
2014-08-05,148.5500030517578,146.14999389648438,147.83999633789062,146.83999633789062,860700.0,136.2370147705078
2014-08-06,146.4199981689453,145.0800018310547,145.8300018310547,145.47000122070312,1098000.0,134.96592712402344
2014-08-07,148.41000366210938,145.91000366210938,146.9600067138672,146.02000427246094,1659200.0,135.47625732421875
2014-08-08,147.9199981689453,145.6199951171875,146.22999572753906,147.85000610351562,825500.0,137.174072265625
2014-08-11,149.07000732421875,147.72000122070312,148.80999755859375,148.27999877929688,790900.0,137.57301330566406
2014-08-12,149.19000244140625,148.00999450683594,148.32000732421875,148.42999267578125,495400.0,137.7122344970703
2014-08-13,149.6699981689453,148.9199981689453,149.0,149.35000610351562,622500.0,138.56578063964844
2014-08-14,149.72000122070312,148.61000061035156,149.63999938964844,149.63999938964844,529000.0,138.83480834960938
2014-08-15,150.24000549316406,147.5,150.0399932861328,148.72000122070312,1071500.0,137.98126220703125
2014-08-18,150.4499969482422,149.22999572753906,149.2899932861328,150.4199981689453,1066900.0,139.55853271484375
2014-08-19,150.60000610351562,149.91000366210938,150.50999450683594,150.0,1062800.0,139.16880798339844
2014-08-20,150.9600067138672,149.99000549316406,150.16000366210938,150.6300048828125,1476600.0,139.7533416748047
2014-08-21,151.07000732421875,150.0,151.02999877929688,150.5500030517578,817400.0,139.67913818359375
2014-08-22,150.72999572753906,149.0399932861328,150.72999572753906,149.4600067138672,1075900.0,138.66781616210938
2014-08-25,150.5399932861328,149.64999389648438,150.1300048828125,149.7899932861328,619500.0,138.97402954101562
2014-08-26,150.38999938964844,149.17999267578125,150.0,149.27999877929688,609100.0,138.50088500976562
2014-08-27,149.8000030517578,148.9499969482422,149.25,149.10000610351562,696600.0,138.33383178710938
2014-08-28,149.0,147.02999877929688,148.7899932861328,147.8699951171875,1364300.0,137.19268798828125
2014-08-29,148.49000549316406,147.64999389648438,148.39999389648438,147.8800048828125,1227400.0,137.2019500732422
2014-09-02,150.57000732421875,148.3699951171875,148.72000122070312,150.39999389648438,1416900.0,139.53994750976562
2014-09-03,152.2100067138672,150.3699951171875,150.47999572753906,151.7100067138672,1479300.0,140.75535583496094
2014-09-04,154.24000549316406,151.69000244140625,152.22000122070312,152.0399932861328,1748300.0,141.06150817871094
2014-09-05,153.35000610351562,150.10000610351562,151.5500030517578,153.3000030517578,1208100.0,142.2305450439453
2014-09-08,153.25,151.88999938964844,152.5399932861328,152.39999389648438,1349200.0,141.58026123046875
2014-09-09,152.39999389648438,150.69000244140625,152.19000244140625,151.0,1001600.0,140.27964782714844
2014-09-10,151.07000732421875,150.00999450683594,150.9499969482422,150.75999450683594,993200.0,140.0566864013672
2014-09-11,152.99000549316406,150.00999450683594,150.0800018310547,152.52999877929688,1029100.0,141.7010040283203
2014-09-12,154.08999633789062,152.5399932861328,153.17999267578125,153.77000427246094,1564600.0,142.8529815673828
2014-09-15,154.32000732421875,152.00999450683594,154.0,154.0399932861328,1684600.0,143.1038360595703
2014-09-16,155.05999755859375,153.0500030517578,154.80999755859375,154.66000366210938,2224400.0,143.6798095703125
2014-09-17,161.64999389648438,159.1999969482422,159.6999969482422,159.7100067138672,4338900.0,148.37130737304688
2014-09-18,161.25,158.69000244140625,159.8000030517578,158.92999267578125,3393100.0,147.64662170410156
2014-09-19,160.25999450683594,158.3300018310547,160.08999633789062,158.3300018310547,4271100.0,147.0892333984375
2014-09-22,158.85000610351562,157.80999755859375,158.00999450683594,157.86000061035156,1621300.0,146.65261840820312
2014-09-23,159.0,157.4600067138672,157.58999633789062,158.0,1357700.0,146.78268432617188
2014-09-24,159.5399932861328,157.8000030517578,158.3699951171875,159.30999755859375,1497300.0,147.99974060058594
2014-09-25,159.52000427246094,157.0399932861328,159.2899932861328,157.16000366210938,1132900.0,146.0023193359375
2014-09-26,160.35000610351562,157.52000427246094,157.57000732421875,159.77999877929688,1239400.0,148.43630981445312
2014-09-29,162.52000427246094,158.52999877929688,158.83999633789062,162.17999267578125,2055100.0,150.6659393310547
2014-09-30,163.83999633789062,161.3000030517578,162.2100067138672,161.4499969482422,2875900.0,149.98776245117188
2014-10-01,161.38999938964844,157.63999938964844,161.0,158.13999938964844,2429500.0,146.91273498535156
2014-10-02,159.35000610351562,156.6999969482422,158.16000366210938,159.02999877929688,1747200.0,147.7395477294922
2014-10-03,163.24000549316406,160.22000122070312,160.8300018310547,162.74000549316406,1990300.0,151.18618774414062
2014-10-06,165.1699981689453,159.0,163.27000427246094,159.24000549316406,2687200.0,147.93467712402344
2014-10-07,159.0,156.02999877929688,158.58999633789062,156.05999755859375,1734400.0,144.9803924560547
2014-10-08,160.42999267578125,155.1300048828125,156.17999267578125,160.25,2137500.0,148.87290954589844
2014-10-09,160.35000610351562,156.22000122070312,159.5,156.50999450683594,1450800.0,145.39846801757812
2014-10-10,157.7899932861328,153.49000549316406,156.16000366210938,154.75,2129700.0,143.76344299316406
2014-10-13,156.77000427246094,151.11000061035156,155.10000610351562,151.25999450683594,1992400.0,140.5211639404297
2014-10-14,155.3300018310547,152.61000061035156,152.8800048828125,153.72000122070312,2605800.0,142.80653381347656
2014-10-15,154.4499969482422,148.80999755859375,151.11000061035156,153.82000732421875,2644600.0,142.8994598388672
2014-10-16,154.38999938964844,150.5399932861328,151.67999267578125,151.92999267578125,2743800.0,141.1436004638672
2014-10-17,156.64999389648438,153.02000427246094,153.24000549316406,156.1199951171875,2613200.0,145.0361328125
2014-10-20,156.14999389648438,154.00999450683594,155.72000122070312,155.8699951171875,1691000.0,144.8038787841797
2014-10-21,160.92999267578125,156.7100067138672,157.02999877929688,159.8800048828125,2670300.0,148.5291748046875
2014-10-22,161.25999450683594,158.4499969482422,160.74000549316406,158.47000122070312,1872100.0,147.2193145751953
2014-10-23,163.47999572753906,160.58999633789062,160.9499969482422,162.5,2368900.0,150.96316528320312
2014-10-24,164.47999572753906,162.67999267578125,163.10000610351562,163.8800048828125,1571100.0,152.2451934814453
2014-10-27,165.39999389648438,163.00999450683594,163.75,165.22000122070312,1530000.0,153.49009704589844
2014-10-28,168.27000427246094,165.6300048828125,165.82000732421875,168.1999969482422,1579100.0,156.25852966308594
2014-10-29,168.25,163.61000061035156,168.1999969482422,165.77000427246094,1827400.0,154.0010223388672
2014-10-30,166.72000122070312,163.91000366210938,165.19000244140625,165.2899932861328,1670300.0,153.55511474609375
2014-10-31,169.0,167.02000427246094,167.99000549316406,167.39999389648438,2245600.0,155.51528930664062
2014-11-03,167.6199951171875,165.7100067138672,167.14999389648438,167.1999969482422,1550800.0,155.32948303222656
2014-11-04,168.63999938964844,166.89999389648438,167.72999572753906,166.9600067138672,2429300.0,155.10655212402344
2014-11-05,169.47999572753906,167.1999969482422,169.0,169.4199981689453,1522700.0,157.39193725585938
2014-11-06,171.9199981689453,169.27000427246094,169.5,171.6999969482422,1547900.0,159.5100555419922
2014-11-07,171.91000366210938,169.63999938964844,171.91000366210938,171.22000122070312,1238100.0,159.06411743164062
2014-11-10,171.9499969482422,170.05999755859375,170.99000549316406,171.74000549316406,1091000.0,159.5471954345703
2014-11-11,172.8800048828125,171.1300048828125,171.7899932861328,172.33999633789062,1383200.0,160.1045684814453
2014-11-12,172.1300048828125,170.47999572753906,171.6699981689453,171.8000030517578,906100.0,159.60293579101562
2014-11-13,172.4600067138672,170.4600067138672,172.02000427246094,171.57000732421875,1552100.0,159.3892822265625
2014-11-14,172.6999969482422,170.77000427246094,171.13999938964844,171.55999755859375,1062200.0,159.37997436523438
2014-11-17,171.6199951171875,170.6199951171875,171.25999450683594,171.32000732421875,848000.0,159.1570587158203
2014-11-18,172.80999755859375,171.19000244140625,171.2899932861328,172.0,1032100.0,159.7887420654297
2014-11-19,172.0,170.27999877929688,172.0,171.67999267578125,893700.0,159.49142456054688
2014-11-20,172.6199951171875,170.4199981689453,171.08999633789062,172.5,1092100.0,160.25323486328125
2014-11-21,176.61000061035156,173.8699951171875,175.52999877929688,174.4600067138672,2068200.0,162.07406616210938
2014-11-24,176.4499969482422,175.08999633789062,175.33999633789062,175.52999877929688,1868600.0,163.068115234375
2014-11-25,175.88999938964844,174.39999389648438,175.4499969482422,174.86000061035156,1964000.0,162.44569396972656
2014-11-26,175.49000549316406,174.52000427246094,175.25,175.0800018310547,765800.0,162.6500701904297
2014-11-28,179.7899932861328,177.5,178.5399932861328,178.17999267578125,1813200.0,165.52999877929688
2014-12-01,178.97000122070312,175.72000122070312,178.7899932861328,177.6999969482422,1989600.0,165.08407592773438
2014-12-02,182.4199981689453,179.77000427246094,181.1199951171875,180.38999938964844,3416800.0,167.5830841064453
2014-12-03,180.6999969482422,179.49000549316406,180.6999969482422,180.0399932861328,1695800.0,167.25794982910156
2014-12-04,180.75,179.33999633789062,180.25,180.17999267578125,1431400.0,167.38800048828125
2014-12-05,182.17999267578125,180.1999969482422,180.25,182.02999877929688,1246300.0,169.10665893554688
2014-12-08,183.50999450683594,181.25999450683594,182.9499969482422,181.52999877929688,1885300.0,168.64218139648438
2014-12-09,180.0,176.52999877929688,179.7899932861328,178.77000427246094,2240900.0,166.07810974121094
2014-12-10,179.60000610351562,176.36000061035156,179.39999389648438,176.4600067138672,2079600.0,164.11570739746094
2014-12-11,178.61000061035156,176.5399932861328,177.88999938964844,176.8800048828125,2082700.0,164.50631713867188
2014-12-12,178.5,175.33999633789062,176.3800048828125,175.7899932861328,1858500.0,163.49258422851562
2014-12-15,178.97000122070312,174.75999450683594,176.82000732421875,176.27000427246094,2486000.0,163.93902587890625
2014-12-16,178.10000610351562,174.25999450683594,176.7100067138672,174.25999450683594,2784300.0,162.0696258544922
2014-12-17,170.0,163.57000732421875,169.7899932861328,167.77999877929688,8744900.0,156.04295349121094
2014-12-18,174.3800048828125,170.0,170.9499969482422,174.3800048828125,3803000.0,162.18121337890625
2014-12-19,175.7100067138672,172.36000061035156,174.1999969482422,174.22000122070312,3857200.0,162.0323944091797
2014-12-22,177.0800018310547,174.3300018310547,175.24000549316406,176.8699951171875,1897700.0,164.49700927734375
2014-12-23,178.33999633789062,176.0800018310547,177.7100067138672,176.94000244140625,999200.0,164.5621337890625
2014-12-24,177.9199981689453,176.30999755859375,177.0399932861328,176.4199981689453,571700.0,164.07850646972656
2014-12-26,177.16000366210938,175.3800048828125,176.5800018310547,175.89999389648438,740800.0,163.5948944091797
2014-12-29,175.94000244140625,174.5500030517578,174.9600067138672,175.52000427246094,778800.0,163.241455078125
2014-12-30,176.49000549316406,174.11000061035156,174.6199951171875,175.0,765900.0,162.75782775878906
2014-12-31,176.27999877929688,173.50999450683594,175.6999969482422,173.66000366210938,854200.0,161.51162719726562
2015-01-02,174.63999938964844,170.3300018310547,173.77999877929688,172.4499969482422,1249700.0,160.38624572753906
2015-01-05,171.92999267578125,169.35000610351562,171.82000732421875,169.8000030517578,1726100.0,157.92160034179688
2015-01-06,173.32000732421875,169.5800018310547,172.4199981689453,169.7899932861328,2612500.0,157.91232299804688
2015-01-07,172.33999633789062,170.0500030517578,171.97000122070312,171.0399932861328,1835800.0,159.0748748779297
2015-01-08,175.36000061035156,172.4600067138672,173.17999267578125,175.0399932861328,1819500.0,162.7950439453125
2015-01-09,175.22999572753906,172.35000610351562,174.50999450683594,172.66000366210938,1396200.0,160.58157348632812
2015-01-12,175.0,172.49000549316406,174.05999755859375,172.57000732421875,1884700.0,160.4978485107422
2015-01-13,174.72999572753906,170.10000610351562,173.92999267578125,171.5,1736400.0,159.50267028808594
2015-01-14,172.9600067138672,169.00999450683594,170.0,172.75,1928900.0,160.66529846191406
2015-01-15,174.4600067138672,172.0800018310547,173.2899932861328,173.85000610351562,2218200.0,161.6882781982422
2015-01-16,176.89999389648438,172.86000061035156,172.86000061035156,176.75999450683594,2588900.0,164.39468383789062
2015-01-20,179.47000122070312,177.1999969482422,178.30999755859375,179.1300048828125,2596300.0,166.5989227294922
2015-01-21,180.42999267578125,177.49000549316406,178.94000244140625,178.69000244140625,1615400.0,166.18972778320312
2015-01-22,181.49000549316406,178.30999755859375,179.52999877929688,181.39999389648438,1537400.0,168.71009826660156
2015-01-23,180.74000549316406,175.5500030517578,177.55999755859375,176.00999450683594,3340200.0,163.69717407226562
2015-01-26,177.94000244140625,175.1699981689453,175.94000244140625,176.66000366210938,1393800.0,164.3017578125
2015-01-27,175.58999633789062,173.61000061035156,175.5399932861328,173.8800048828125,1388000.0,161.71620178222656
2015-01-28,175.6199951171875,171.14999389648438,175.42999267578125,171.4499969482422,1220700.0,159.45620727539062
2015-01-29,173.24000549316406,170.0500030517578,172.13999938964844,172.88999938964844,1640600.0,160.79547119140625
2015-01-30,173.63999938964844,168.8800048828125,171.57000732421875,169.11000061035156,2194600.0,157.27989196777344
2015-02-02,171.3000030517578,168.02999877929688,169.3000030517578,171.25,1474800.0,159.2701873779297
2015-02-03,173.99000549316406,170.75,173.02000427246094,172.97000122070312,1649500.0,160.86985778808594
2015-02-04,173.2100067138672,171.1699981689453,172.13999938964844,172.0800018310547,1442300.0,160.0421142578125
2015-02-05,174.1699981689453,172.60000610351562,172.72000122070312,173.3699951171875,1149700.0,161.24185180664062
2015-02-06,174.97999572753906,172.3300018310547,174.08999633789062,173.25,1056600.0,161.13027954101562
2015-02-09,173.1999969482422,170.9600067138672,172.2899932861328,171.63999938964844,1210500.0,159.63287353515625
2015-02-10,173.74000549316406,170.77999877929688,172.9499969482422,173.3000030517578,1497900.0,161.1768035888672
2015-02-11,174.99000549316406,172.9499969482422,173.38999938964844,173.9199981689453,1385600.0,161.75340270996094
2015-02-12,176.80999755859375,174.19000244140625,174.7100067138672,176.3000030517578,2116200.0,163.9669189453125
2015-02-13,177.47999572753906,175.60000610351562,175.86000061035156,176.47000122070312,1674100.0,164.125
2015-02-17,179.6699981689453,176.50999450683594,176.60000610351562,179.5399932861328,1527600.0,166.98025512695312
2015-02-18,180.0500030517578,178.83999633789062,179.38999938964844,179.77999877929688,1270700.0,167.20346069335938
2015-02-19,180.0,178.6199951171875,179.97000122070312,178.64999389648438,1697900.0,166.15252685546875
2015-02-20,178.8699951171875,176.92999267578125,178.0500030517578,178.5,1430200.0,166.0130157470703
2015-02-23,178.80999755859375,177.38999938964844,178.5,178.3000030517578,956500.0,165.82704162597656
2015-02-24,178.58999633789062,177.44000244140625,177.9199981689453,177.8000030517578,1136400.0,165.36196899414062
2015-02-25,178.05999755859375,175.3000030517578,178.00999450683594,175.63999938964844,1419400.0,163.35305786132812
2015-02-26,175.97000122070312,173.4199981689453,175.49000549316406,174.60000610351562,1893900.0,162.3858184814453
2015-02-27,178.0500030517578,176.25,177.05999755859375,176.97999572753906,2398200.0,164.599365234375
2015-03-02,178.14999389648438,176.05999755859375,176.97999572753906,176.8000030517578,1535300.0,164.43194580078125
2015-03-03,176.52000427246094,174.82000732421875,176.5,176.14999389648438,1282200.0,163.827392578125
2015-03-04,175.77999877929688,174.41000366210938,175.55999755859375,174.6199951171875,1035300.0,162.4044189453125
2015-03-05,175.33999633789062,173.52000427246094,175.33999633789062,174.82000732421875,932200.0,162.59046936035156
2015-03-06,175.2100067138672,173.0,174.02999877929688,173.19000244140625,1132300.0,161.074462890625
2015-03-09,174.17999267578125,172.63999938964844,172.85000610351562,172.91000366210938,1539100.0,161.0
2015-03-10,172.05999755859375,170.0,171.22000122070312,170.0,1478400.0,158.2904052734375
2015-03-11,172.3300018310547,170.0,170.0,171.55999755859375,1351800.0,159.74293518066406
2015-03-12,173.6300048828125,171.97000122070312,171.97000122070312,173.5800018310547,987900.0,161.62380981445312
2015-03-13,174.80999755859375,172.3300018310547,173.58999633789062,173.32000732421875,1150600.0,161.38172912597656
2015-03-16,177.4600067138672,174.2100067138672,174.2100067138672,177.32000732421875,1796700.0,165.106201171875
2015-03-17,178.60000610351562,175.7100067138672,176.88999938964844,175.7100067138672,2721100.0,163.6071319580078
2015-03-18,174.13999938964844,170.50999450683594,172.0,173.3000030517578,4244300.0,161.36314392089844
2015-03-19,175.1300048828125,172.5,173.58999633789062,173.85000610351562,2095900.0,161.87522888183594
2015-03-20,174.33999633789062,171.8800048828125,174.10000610351562,172.0399932861328,2701600.0,160.1898956298828
2015-03-23,172.27999877929688,170.63999938964844,172.1699981689453,170.63999938964844,1754200.0,158.88633728027344
2015-03-24,170.5,169.16000366210938,170.2899932861328,169.16000366210938,1237400.0,157.50828552246094
2015-03-25,169.8000030517578,165.35000610351562,169.74000549316406,165.42999267578125,1978400.0,154.03517150878906
2015-03-26,166.6300048828125,163.60000610351562,164.27999877929688,165.49000549316406,1752700.0,154.091064453125
2015-03-27,165.6199951171875,164.50999450683594,165.0500030517578,164.58999633789062,917100.0,153.2530517578125
2015-03-30,167.3800048828125,164.97999572753906,165.0500030517578,166.75,1529600.0,155.2642822265625
2015-03-31,166.47000122070312,165.0,166.0,165.4499969482422,1568200.0,154.05381774902344
2015-04-01,166.5,164.27999877929688,165.02000427246094,166.24000549316406,1611200.0,154.7893829345703
2015-04-02,166.80999755859375,165.6999969482422,166.7100067138672,166.22000122070312,1642500.0,154.7707977294922
2015-04-06,167.25999450683594,165.0,165.3699951171875,166.6699981689453,1270600.0,155.1897735595703
2015-04-07,173.83999633789062,170.7100067138672,172.75,171.16000366210938,5488700.0,159.3705291748047
2015-04-08,171.88999938964844,169.30999755859375,171.0800018310547,171.83999633789062,3196100.0,160.00369262695312
2015-04-09,173.4499969482422,171.08999633789062,171.4600067138672,172.9199981689453,1944100.0,161.00927734375
2015-04-10,174.5,172.52000427246094,173.30999755859375,174.3699951171875,2235100.0,162.35939025878906
2015-04-13,175.3000030517578,173.00999450683594,173.63999938964844,173.1300048828125,1397700.0,161.20480346679688
2015-04-14,173.1300048828125,171.10000610351562,172.00999450683594,171.5,1816200.0,159.68707275390625
2015-04-15,172.36000061035156,169.32000732421875,171.5800018310547,169.52000427246094,2058000.0,157.84347534179688
2015-04-16,170.25999450683594,168.67999267578125,169.57000732421875,169.24000549316406,1760400.0,157.58277893066406
2015-04-17,168.5800018310547,167.3300018310547,168.22999572753906,168.0,1642400.0,156.42816162109375
2015-04-20,170.0,168.2899932861328,168.2899932861328,169.05999755859375,1244000.0,157.41514587402344
2015-04-21,170.4499969482422,169.0800018310547,169.42999267578125,169.91000366210938,1086500.0,158.20657348632812
2015-04-22,170.77999877929688,168.67999267578125,169.7899932861328,170.00999450683594,1053900.0,158.29971313476562
2015-04-23,170.92999267578125,169.0500030517578,169.0500030517578,170.10000610351562,1050400.0,158.38352966308594
2015-04-24,170.25,169.00999450683594,169.72999572753906,169.9499969482422,949300.0,158.24386596679688
2015-04-27,170.61000061035156,168.86000061035156,170.36000061035156,169.02999877929688,1472100.0,157.38722229003906
2015-04-28,171.9600067138672,168.50999450683594,169.27000427246094,171.24000549316406,1521100.0,159.445068359375
2015-04-29,170.94000244140625,168.72000122070312,169.83999633789062,169.57000732421875,1115300.0,157.8900604248047
2015-04-30,169.9499969482422,168.36000061035156,168.38999938964844,169.57000732421875,1818800.0,157.8900604248047
2015-05-01,171.92999267578125,169.92999267578125,170.0,171.72999572753906,1163900.0,159.9012451171875
2015-05-04,173.47999572753906,171.50999450683594,171.61000061035156,172.3300018310547,1041100.0,160.4599151611328
2015-05-05,172.3300018310547,169.50999450683594,171.5,169.80999755859375,1167000.0,158.11351013183594
2015-05-06,170.77000427246094,168.4600067138672,170.69000244140625,169.55999755859375,1045200.0,157.88072204589844
2015-05-07,172.61000061035156,169.5800018310547,169.8699951171875,171.74000549316406,1148700.0,159.91055297851562
2015-05-08,174.08999633789062,172.77999877929688,172.99000549316406,173.35000610351562,1236400.0,161.40963745117188
2015-05-11,174.97999572753906,172.75999450683594,174.00999450683594,174.1999969482422,1327500.0,162.201171875
2015-05-12,173.6999969482422,172.44000244140625,173.16000366210938,173.4199981689453,1126200.0,161.47482299804688
2015-05-13,173.5,171.6699981689453,172.99000549316406,171.92999267578125,1213800.0,160.0874786376953
2015-05-14,174.0,172.11000061035156,172.83999633789062,173.4499969482422,1478000.0,161.50277709960938
2015-05-15,175.2899932861328,173.5,174.2100067138672,175.13999938964844,1492200.0,163.07635498046875
2015-05-18,177.42999267578125,175.00999450683594,175.13999938964844,177.17999267578125,1558000.0,164.9758758544922
2015-05-19,178.6999969482422,177.0,177.50999450683594,177.97999572753906,1237000.0,165.7207489013672
2015-05-20,178.7899932861328,177.14999389648438,177.7100067138672,177.52000427246094,941300.0,165.29246520996094
2015-05-21,177.25,175.47999572753906,176.91000366210938,176.5500030517578,1112300.0,164.3892364501953
2015-05-22,176.72000122070312,174.67999267578125,176.47999572753906,175.17999267578125,775000.0,163.11358642578125
2015-05-26,175.0399932861328,173.77999877929688,175.0,174.11000061035156,953600.0,162.1173095703125
2015-05-27,176.88999938964844,173.9199981689453,174.6300048828125,176.66000366210938,808800.0,164.49168395996094
2015-05-28,176.14999389648438,174.5500030517578,176.11000061035156,175.10000610351562,1300300.0,163.03915405273438
2015-05-29,174.8800048828125,173.0,174.52000427246094,173.22000122070312,1158200.0,161.28860473632812
2015-06-01,175.97999572753906,172.9199981689453,173.8699951171875,175.3699951171875,1272000.0,163.29052734375
2015-06-02,176.64999389648438,173.10000610351562,174.5399932861328,175.72000122070312,1001400.0,163.616455078125
2015-06-03,180.2899932861328,175.72000122070312,176.5,179.9199981689453,1930900.0,167.52713012695312
2015-06-04,179.99000549316406,178.77000427246094,178.89999389648438,179.6300048828125,1355000.0,167.257080078125
2015-06-05,183.02999877929688,178.60000610351562,179.52000427246094,182.24000549316406,1940400.0,169.68731689453125
2015-06-08,182.0,179.63999938964844,181.9199981689453,179.88999938964844,1617700.0,167.4991912841797
2015-06-09,181.60000610351562,179.0,179.9499969482422,180.3699951171875,991300.0,167.94615173339844
2015-06-10,183.89999389648438,179.69000244140625,180.33999633789062,182.32000732421875,1869400.0,169.76182556152344
2015-06-11,185.19000244140625,182.83999633789062,184.2899932861328,184.97999572753906,1918600.0,172.2385711669922
2015-06-12,184.82000732421875,182.75999450683594,184.0500030517578,183.6300048828125,1680000.0,170.98158264160156
2015-06-15,183.27000427246094,181.4499969482422,182.52999877929688,182.66000366210938,1408000.0,170.07838439941406
2015-06-16,183.5,179.83999633789062,182.02000427246094,182.1300048828125,2428100.0,169.8173065185547
2015-06-17,178.8800048828125,174.50999450683594,178.02999877929688,176.72999572753906,4032200.0,164.78233337402344
2015-06-18,180.19000244140625,176.55999755859375,176.55999755859375,178.38999938964844,2986600.0,166.3301544189453
2015-06-19,178.33999633789062,175.94000244140625,177.36000061035156,175.94000244140625,2448700.0,164.04579162597656
2015-06-22,177.64999389648438,176.0,176.75999450683594,176.27999877929688,1732600.0,164.36280822753906
2015-06-23,176.8300018310547,174.66000366210938,176.6999969482422,175.27000427246094,1532500.0,163.42108154296875
2015-06-24,175.77999877929688,172.4199981689453,175.0,173.4199981689453,1750000.0,161.69613647460938
2015-06-25,174.02000427246094,172.58999633789062,173.6300048828125,172.8000030517578,1527400.0,161.11810302734375
2015-06-26,174.11000061035156,173.1699981689453,173.6699981689453,173.66000366210938,1678900.0,161.91993713378906
2015-06-29,173.1199951171875,170.69000244140625,171.6199951171875,171.02000427246094,2335800.0,159.45840454101562
2015-06-30,172.83999633789062,169.9600067138672,172.32000732421875,170.39999389648438,1551800.0,158.88035583496094
2015-07-01,172.4600067138672,169.63999938964844,172.11000061035156,169.80999755859375,1412100.0,158.3302001953125
2015-07-02,171.35000610351562,169.9499969482422,170.1999969482422,171.1300048828125,1182000.0,159.56097412109375
2015-07-06,171.22000122070312,167.88999938964844,170.0,168.75,1945300.0,157.34185791015625
2015-07-07,170.72999572753906,167.75999450683594,169.3699951171875,170.33999633789062,1754300.0,158.82440185546875
2015-07-08,169.97999572753906,166.6699981689453,168.32000732421875,166.99000549316406,1338400.0,155.70083618164062
2015-07-09,169.8000030517578,167.44000244140625,168.77999877929688,167.7100067138672,1321300.0,156.37220764160156
2015-07-10,170.4499969482422,167.8800048828125,170.0,168.4600067138672,1490300.0,157.0714569091797
2015-07-13,171.24000549316406,169.16000366210938,169.69000244140625,170.97000122070312,1327400.0,159.4117889404297
2015-07-14,171.88999938964844,170.08999633789062,171.0,171.24000549316406,1207400.0,159.66357421875
2015-07-15,171.97999572753906,169.02999877929688,171.24000549316406,169.1300048828125,1389600.0,157.69615173339844
2015-07-16,170.50999450683594,169.44000244140625,170.25999450683594,169.49000549316406,1043300.0,158.03179931640625
2015-07-17,170.80999755859375,169.32000732421875,169.49000549316406,170.22999572753906,1394000.0,158.7217559814453
2015-07-20,170.60000610351562,169.5,170.60000610351562,170.2100067138672,1016600.0,158.7031707763672
2015-07-21,171.97000122070312,169.9499969482422,170.39999389648438,170.55999755859375,933600.0,159.02951049804688
2015-07-22,171.0,167.58999633789062,170.7100067138672,168.5,1311700.0,157.10877990722656
2015-07-23,168.88999938964844,166.57000732421875,168.85000610351562,166.86000061035156,1076600.0,155.57965087890625
2015-07-24,167.57000732421875,163.25999450683594,166.9600067138672,164.11000061035156,1579700.0,153.0155487060547
2015-07-27,165.1199951171875,162.3800048828125,162.75,164.74000549316406,2177100.0,153.6029815673828
2015-07-28,169.64999389648438,166.19000244140625,166.44000244140625,169.42999267578125,1854200.0,157.97584533691406
2015-07-29,172.60000610351562,169.13999938964844,169.3000030517578,171.88999938964844,1261800.0,160.2695770263672
2015-07-30,171.72999572753906,170.16000366210938,170.50999450683594,171.27000427246094,928000.0,159.69146728515625
2015-07-31,172.4600067138672,167.41000366210938,169.00999450683594,171.4199981689453,1199700.0,159.8313446044922
2015-08-03,171.9600067138672,169.55999755859375,171.4600067138672,170.80999755859375,793000.0,159.2626190185547
2015-08-04,171.8699951171875,169.85000610351562,170.97000122070312,170.08999633789062,912700.0,158.59127807617188
2015-08-05,173.0,170.77999877929688,170.77999877929688,171.2899932861328,848700.0,159.71011352539062
2015-08-06,172.19000244140625,169.49000549316406,172.13999938964844,169.60000610351562,1000800.0,158.13442993164062
2015-08-07,169.3699951171875,166.02999877929688,169.11000061035156,166.99000549316406,1410600.0,155.70083618164062
2015-08-10,169.99000549316406,168.25999450683594,168.3800048828125,169.39999389648438,1059400.0,157.9479217529297
2015-08-11,171.0800018310547,167.6999969482422,168.22999572753906,168.42999267578125,1538900.0,157.04347229003906
2015-08-12,167.8000030517578,164.19000244140625,167.8000030517578,165.30999755859375,2306500.0,154.1343994140625
2015-08-13,166.0800018310547,163.55999755859375,165.6300048828125,163.60000610351562,1924100.0,152.54002380371094
2015-08-14,165.39999389648438,163.5,164.3699951171875,164.80999755859375,2733700.0,153.66819763183594
2015-08-17,165.1999969482422,162.6300048828125,164.19000244140625,164.97000122070312,1512100.0,153.8173828125
2015-08-18,167.30999755859375,164.75999450683594,165.0,165.66000366210938,1473300.0,154.46078491210938
2015-08-19,165.4600067138672,163.3800048828125,164.8699951171875,164.9499969482422,1499300.0,153.79873657226562
2015-08-20,164.0,160.1300048828125,163.69000244140625,160.4499969482422,1962500.0,149.60296630859375
2015-08-21,160.1999969482422,155.8300018310547,159.0,156.02999877929688,2502600.0,145.48179626464844
2015-08-24,151.8300018310547,130.1300048828125,146.50999450683594,148.3699951171875,4013500.0,138.33963012695312
2015-08-25,153.0500030517578,145.0,152.75999450683594,145.05999755859375,2917500.0,135.25338745117188
2015-08-26,149.35000610351562,144.75,148.0,148.42999267578125,3003500.0,138.39556884765625
2015-08-27,153.5399932861328,149.75999450683594,150.80999755859375,153.0399932861328,1962900.0,142.69393920898438
2015-08-28,153.75,151.75,152.7100067138672,152.5,1302600.0,142.19046020507812
2015-08-31,152.0,150.1999969482422,151.9499969482422,150.61000061035156,1625700.0,140.4281768798828
2015-09-01,150.99000549316406,147.50999450683594,147.97999572753906,148.02999877929688,2839000.0,138.0226287841797
2015-09-02,150.8800048828125,148.0800018310547,150.0,150.82000732421875,1745300.0,140.62399291992188
2015-09-03,153.27999877929688,150.66000366210938,152.00999450683594,151.2100067138672,1781300.0,140.9876708984375
2015-09-04,149.89999389648438,147.32000732421875,149.49000549316406,148.61000061035156,1480200.0,138.56338500976562
2015-09-08,153.52999877929688,150.4600067138672,151.00999450683594,153.2899932861328,1708000.0,143.16787719726562
2015-09-09,155.0,151.27000427246094,154.67999267578125,151.55999755859375,1891900.0,141.55209350585938
2015-09-10,151.82000732421875,149.24000549316406,151.16000366210938,149.57000732421875,2362900.0,139.6934814453125
2015-09-11,151.3300018310547,147.5800018310547,149.0,151.0800018310547,2380600.0,141.10379028320312
2015-09-14,150.92999267578125,149.2100067138672,150.74000549316406,150.22999572753906,2595200.0,140.30990600585938
2015-09-15,155.6300048828125,150.6300048828125,150.9499969482422,154.0,3237300.0,143.8309783935547
2015-09-16,152.17999267578125,146.66000366210938,151.41000366210938,149.6300048828125,6205400.0,139.7495574951172
2015-09-17,151.8699951171875,148.35000610351562,149.2899932861328,149.49000549316406,2879000.0,139.61883544921875
2015-09-18,148.22999572753906,144.8800048828125,147.8000030517578,145.3000030517578,3603700.0,135.70547485351562
2015-09-21,146.80999755859375,144.60000610351562,145.7899932861328,146.00999450683594,2444600.0,136.36854553222656
2015-09-22,144.52000427246094,142.4499969482422,144.17999267578125,143.97000122070312,2425600.0,134.46331787109375
2015-09-23,144.82000732421875,143.02000427246094,144.1699981689453,143.64999389648438,1651800.0,134.16444396972656
2015-09-24,142.8699951171875,141.10000610351562,142.22999572753906,142.44000244140625,2097400.0,133.03427124023438
2015-09-25,145.77000427246094,142.86000061035156,143.52000427246094,144.4499969482422,1731400.0,134.91160583496094
2015-09-28,143.63999938964844,140.5800018310547,143.0,140.74000549316406,1765200.0,131.44656372070312
2015-09-29,142.2100067138672,140.00999450683594,140.74000549316406,141.92999267578125,1444200.0,132.55799865722656
2015-09-30,144.60000610351562,142.9199981689453,143.52999877929688,143.97999572753906,1711100.0,134.47264099121094
2015-10-01,145.4199981689453,143.6300048828125,143.8800048828125,144.7100067138672,1639200.0,135.1544189453125
2015-10-02,145.5800018310547,141.72000122070312,142.35000610351562,145.52000427246094,1308200.0,135.9109344482422
2015-10-05,150.4199981689453,146.05999755859375,146.05999755859375,149.9199981689453,1727100.0,140.02037048339844
2015-10-06,151.91000366210938,149.77000427246094,151.0500030517578,151.50999450683594,2198000.0,141.50538635253906
2015-10-07,154.60000610351562,151.69000244140625,152.07000732421875,152.97000122070312,2394000.0,142.8689727783203
2015-10-08,155.99000549316406,152.33999633789062,152.61000061035156,155.5500030517578,1738600.0,145.27859497070312
2015-10-09,157.1999969482422,155.22999572753906,155.72999572753906,155.3300018310547,1803500.0,145.0731201171875
2015-10-12,155.33999633789062,153.60000610351562,155.16000366210938,154.4199981689453,1245300.0,144.2232208251953
2015-10-13,153.6199951171875,151.36000061035156,153.5500030517578,151.47999572753906,1456900.0,141.47735595703125
2015-10-14,152.11000061035156,149.91000366210938,151.36000061035156,150.72999572753906,1131800.0,140.77691650390625
2015-10-15,152.3699951171875,149.75,151.74000549316406,152.11000061035156,1004900.0,142.0657958984375
2015-10-16,154.02000427246094,151.19000244140625,153.02000427246094,152.47999572753906,1008700.0,142.411376953125
2015-10-19,152.80999755859375,151.5,151.60000610351562,152.3800048828125,624600.0,142.3179473876953
2015-10-20,154.11000061035156,151.5,152.02000427246094,154.0,1386900.0,143.8309783935547
2015-10-21,157.5500030517578,154.55999755859375,154.63999938964844,155.97999572753906,1592100.0,145.68023681640625
2015-10-22,160.0,156.0399932861328,156.4600067138672,159.72000122070312,2034700.0,149.17324829101562
2015-10-23,161.6999969482422,158.5399932861328,161.0,159.52000427246094,2263200.0,148.98648071289062
2015-10-26,160.41000366210938,157.7100067138672,160.07000732421875,157.8699951171875,1686300.0,147.44541931152344
2015-10-27,157.89999389648438,154.72999572753906,155.5,155.97000122070312,1974200.0,145.67088317871094
2015-10-28,157.1199951171875,153.8699951171875,156.6699981689453,155.27000427246094,1639100.0,145.01712036132812
2015-10-29,156.7899932861328,154.75,155.0,156.38999938964844,1145300.0,146.0631561279297
2015-10-30,156.55999755859375,154.5399932861328,156.42999267578125,156.0500030517578,2580700.0,145.74560546875
2015-11-02,159.14999389648438,156.2899932861328,156.2899932861328,158.9499969482422,1617200.0,148.4541015625
2015-11-03,159.92999267578125,158.1999969482422,158.33999633789062,159.1199951171875,1352800.0,148.6128692626953
2015-11-04,160.0,158.5800018310547,159.91000366210938,159.0,1291000.0,148.50082397460938
2015-11-05,160.91000366210938,158.67999267578125,159.72000122070312,160.27000427246094,1659700.0,149.6869659423828
2015-11-06,162.5,159.08999633789062,159.08999633789062,162.3800048828125,1835400.0,151.65765380859375
2015-11-09,162.3000030517578,159.3300018310547,161.5,160.5500030517578,2059700.0,149.94845581054688
2015-11-10,162.4600067138672,159.72999572753906,160.6999969482422,161.5,1627900.0,150.83570861816406
2015-11-11,162.2100067138672,159.0,160.00999450683594,161.02999877929688,1881100.0,150.39674377441406
2015-11-12,160.60000610351562,158.5,160.22999572753906,158.7899932861328,1543800.0,148.30470275878906
2015-11-13,160.0,157.38999938964844,158.19000244140625,158.11000061035156,1758100.0,147.6695556640625
2015-11-16,161.6699981689453,157.99000549316406,157.99000549316406,161.27000427246094,1835400.0,150.6209259033203
2015-11-17,163.2100067138672,157.99000549316406,157.99000549316406,161.41000366210938,1129700.0,150.7516632080078
2015-11-18,163.11000061035156,160.60000610351562,160.60000610351562,162.80999755859375,1416700.0,152.0592498779297
2015-11-19,164.32000732421875,162.17999267578125,163.0,163.35000610351562,1066700.0,152.56356811523438
2015-11-20,164.94000244140625,163.44000244140625,164.0800018310547,164.13999938964844,1252800.0,153.30140686035156
2015-11-23,164.75999450683594,162.89999389648438,164.13999938964844,163.44000244140625,878000.0,152.64764404296875
2015-11-24,163.82000732421875,161.66000366210938,162.02999877929688,163.19000244140625,1085200.0,152.4141387939453
2015-11-25,163.49000549316406,161.77000427246094,163.19000244140625,162.39999389648438,1053300.0,151.6763153076172
2015-11-27,164.27999877929688,162.67999267578125,163.39999389648438,164.08999633789062,561700.0,153.25469970703125
2015-11-30,164.47999572753906,158.42999267578125,163.60000610351562,158.5399932861328,2925800.0,148.07119750976562
2015-12-01,160.6699981689453,157.5399932861328,159.41000366210938,160.4499969482422,2406900.0,149.8551025390625
2015-12-02,160.0399932861328,157.5500030517578,159.47000122070312,157.8699951171875,1611800.0,147.44541931152344
2015-12-03,158.3699951171875,153.2899932861328,158.0,153.6300048828125,2588300.0,143.48544311523438
2015-12-04,155.72999572753906,153.3300018310547,154.57000732421875,155.47000122070312,2250800.0,145.20391845703125
2015-12-07,154.33999633789062,151.5,153.86000061035156,152.57000732421875,1845700.0,142.4954071044922
2015-12-08,152.11000061035156,147.97000122070312,151.5800018310547,148.38999938964844,2155000.0,138.59144592285156
2015-12-09,149.8699951171875,146.4199981689453,147.4600067138672,147.0500030517578,2049900.0,137.33990478515625
2015-12-10,149.6999969482422,146.77999877929688,146.8000030517578,148.49000549316406,1638900.0,138.92095947265625
2015-12-11,147.47999572753906,144.17999267578125,146.38999938964844,144.25999450683594,2696000.0,134.96359252929688
2015-12-14,143.7899932861328,140.88999938964844,143.0,143.69000244140625,3089800.0,134.43032836914062
2015-12-15,147.49000549316406,144.05999755859375,144.19000244140625,144.69000244140625,2933100.0,135.36587524414062
2015-12-16,149.6300048828125,145.75,145.88999938964844,148.8300018310547,3032800.0,139.23907470703125
2015-12-17,157.50999450683594,151.52999877929688,156.85000610351562,151.83999633789062,5865000.0,142.0551300048828
2015-12-18,150.58999633789062,146.7100067138672,150.33999633789062,147.14999389648438,5141500.0,137.6673126220703
2015-12-21,148.5399932861328,144.72999572753906,147.5500030517578,145.75,2065000.0,136.3575897216797
2015-12-22,148.7899932861328,146.02000427246094,146.4499969482422,148.41000366210938,2202500.0,138.84613037109375
2015-12-23,151.24000549316406,148.5500030517578,148.8300018310547,150.72000122070312,1794900.0,141.00729370117188
2015-12-24,150.89999389648438,148.7100067138672,150.22000122070312,149.64999389648438,1148600.0,140.00624084472656
2015-12-28,149.58999633789062,147.02000427246094,149.0,148.41000366210938,1805200.0,138.84613037109375
2015-12-29,149.74000549316406,148.14999389648438,149.3000030517578,149.24000549316406,1055600.0,139.62266540527344
2015-12-30,150.13999938964844,148.00999450683594,148.85000610351562,149.17999267578125,1217700.0,139.56651306152344
2015-12-31,150.35000610351562,148.11000061035156,148.27000427246094,148.99000549316406,1461500.0,139.38876342773438
2016-01-04,147.0,142.8000030517578,146.41000366210938,143.42999267578125,3331500.0,134.1870880126953
2016-01-05,144.72999572753906,142.38999938964844,143.55999755859375,144.64999389648438,1698500.0,135.3284149169922
2016-01-06,143.1999969482422,140.27999877929688,142.57000732421875,140.77000427246094,1931500.0,131.69845581054688
2016-01-07,138.75,134.2899932861328,138.0,134.58999633789062,3371200.0,125.91671752929688
2016-01-08,137.22999572753906,134.39999389648438,135.60000610351562,134.7100067138672,2386700.0,126.0290298461914
2016-01-11,135.0500030517578,131.22999572753906,134.86000061035156,132.97000122070312,2490100.0,124.4011459350586
2016-01-12,135.25999450683594,132.52999877929688,133.94000244140625,134.7100067138672,1484100.0,126.0290298461914
2016-01-13,136.3300018310547,129.61000061035156,135.30999755859375,130.2899932861328,2268900.0,121.89385223388672
2016-01-14,132.83999633789062,128.39999389648438,130.74000549316406,131.6999969482422,2144400.0,123.21294403076172
2016-01-15,128.92999267578125,124.83999633789062,128.05999755859375,126.91999816894531,4239300.0,118.74101257324219
2016-01-19,129.75,125.27999877929688,129.2100067138672,127.19999694824219,2956200.0,119.00297546386719
2016-01-20,125.47000122070312,119.70999908447266,124.5,123.18000030517578,3764500.0,115.24201965332031
2016-01-21,125.08999633789062,122.0,123.26000213623047,123.56999969482422,2639000.0,115.60689544677734
2016-01-22,128.08999633789062,125.66000366210938,126.19999694824219,127.55999755859375,2393200.0,119.3397445678711
2016-01-25,128.0500030517578,125.70999908447266,127.0,126.04000091552734,2737600.0,117.917724609375
2016-01-26,127.75,125.80000305175781,126.37000274658203,127.27999877929688,1854400.0,119.07781982421875
2016-01-27,131.6999969482422,127.70999908447266,130.14999389648438,128.25,2323400.0,119.98529052734375
2016-01-28,129.8000030517578,127.44999694824219,128.72999572753906,128.22000122070312,1576800.0,119.95722961425781
2016-01-29,133.0399932861328,128.8000030517578,128.8000030517578,132.8800048828125,2958100.0,124.31695556640625
2016-02-01,132.77000427246094,130.00999450683594,131.61000061035156,132.30999755859375,1857100.0,123.78368377685547
2016-02-02,132.25,129.9199981689453,131.57000732421875,130.14999389648438,2173000.0,121.76286315917969
2016-02-03,131.5399932861328,127.43000030517578,130.88999938964844,130.97999572753906,1953600.0,122.53937530517578
2016-02-04,136.08999633789062,130.69000244140625,130.69000244140625,134.2100067138672,2542000.0,125.56126403808594
2016-02-05,134.5399932861328,131.6300048828125,133.25,131.91000366210938,1606200.0,123.40945434570312
2016-02-08,130.99000549316406,128.0500030517578,130.27999877929688,130.3300018310547,1752400.0,121.93124389648438
2016-02-09,131.16000366210938,128.05999755859375,129.25,129.77000427246094,1936200.0,121.40735626220703
2016-02-10,131.77000427246094,127.36000061035156,130.64999389648438,127.63999938964844,2128700.0,119.41462707519531
2016-02-11,126.98999786376953,122.77999877929688,125.54000091552734,124.41999816894531,2664100.0,116.40210723876953
2016-02-12,128.72000122070312,125.38999938964844,125.55000305175781,128.60000610351562,1726500.0,120.31275939941406
2016-02-16,132.74000549316406,129.1300048828125,130.44000244140625,132.11000061035156,1746900.0,123.59654998779297
2016-02-17,134.6699981689453,132.52999877929688,133.55999755859375,133.08999633789062,2068200.0,124.51343536376953
2016-02-18,133.60000610351562,129.97000122070312,132.86000061035156,131.3300018310547,2125800.0,122.8668441772461
2016-02-19,130.72999572753906,128.07000732421875,130.3000030517578,129.75999450683594,2689200.0,121.39800262451172
2016-02-22,136.47000122070312,129.75999450683594,129.75999450683594,135.38999938964844,2664700.0,126.6651611328125
2016-02-23,134.86000061035156,132.38999938964844,134.4199981689453,133.80999755859375,2357800.0,125.18698120117188
2016-02-24,134.02999877929688,131.42999267578125,132.52000427246094,133.49000549316406,1311800.0,124.88764953613281
2016-02-25,136.05999755859375,133.13999938964844,134.41000366210938,135.97999572753906,1361400.0,127.2171630859375
2016-02-26,139.4199981689453,136.60000610351562,136.66000366210938,137.3800048828125,2005500.0,128.5269317626953
2016-02-29,139.52999877929688,136.6699981689453,137.27999877929688,136.8800048828125,2032100.0,128.05914306640625
2016-03-01,141.91000366210938,137.3000030517578,138.16000366210938,141.3800048828125,2014700.0,132.2692108154297
2016-03-02,143.05999755859375,140.85000610351562,140.91000366210938,142.27000427246094,1798500.0,133.101806640625
2016-03-03,144.19000244140625,141.5500030517578,141.7899932861328,143.86000061035156,1821300.0,134.58937072753906
2016-03-04,146.27999877929688,143.49000549316406,143.49000549316406,143.91000366210938,1821000.0,134.63612365722656
2016-03-07,145.3300018310547,142.25999450683594,143.25,145.0800018310547,1548600.0,135.73074340820312
2016-03-08,144.8300018310547,142.38999938964844,144.0,142.52999877929688,1281000.0,133.34507751464844
2016-03-09,142.52999877929688,139.88999938964844,141.89999389648438,141.97999572753906,1483800.0,132.83055114746094
2016-03-10,143.25,139.5800018310547,142.0399932861328,141.61000061035156,1168000.0,132.71804809570312
2016-03-11,144.5800018310547,142.5800018310547,143.35000610351562,144.4199981689453,1145800.0,135.3515625
2016-03-14,144.99000549316406,143.25,144.10000610351562,143.83999633789062,1657300.0,134.80804443359375
2016-03-15,143.32000732421875,141.6999969482422,142.99000549316406,143.07000732421875,1769600.0,134.08636474609375
2016-03-16,144.75,141.19000244140625,142.5,144.27000427246094,2573200.0,135.2110137939453
2016-03-17,161.6999969482422,154.0800018310547,155.22999572753906,161.33999633789062,8891700.0,151.2091827392578
2016-03-18,163.8800048828125,160.36000061035156,160.64999389648438,163.7100067138672,4538100.0,153.4303741455078
2016-03-21,164.83999633789062,162.89999389648438,163.57000732421875,164.5399932861328,2154800.0,154.20822143554688
2016-03-22,163.89999389648438,162.32000732421875,163.5500030517578,163.4199981689453,1647700.0,153.1585693359375
2016-03-23,163.72999572753906,162.3699951171875,163.4199981689453,162.6300048828125,1247500.0,152.41819763183594
2016-03-24,162.8000030517578,160.5399932861328,161.3000030517578,162.64999389648438,1100000.0,152.43687438964844
2016-03-28,162.88999938964844,160.38999938964844,162.57000732421875,162.19000244140625,1527300.0,152.00576782226562
2016-03-29,163.08999633789062,160.6699981689453,162.02999877929688,162.99000549316406,1508800.0,152.7555694580078
2016-03-30,163.47000122070312,161.47000122070312,163.0,161.57000732421875,1399600.0,151.42471313476562
2016-03-31,162.94000244140625,160.64999389648438,161.5500030517578,162.72000122070312,1984300.0,152.50253295898438
2016-04-01,163.99000549316406,161.10000610351562,162.30999755859375,163.6699981689453,1504900.0,153.39285278320312
2016-04-04,165.50999450683594,163.17999267578125,163.8800048828125,163.8000030517578,1643600.0,153.51470947265625
2016-04-05,163.00999450683594,161.64999389648438,162.16000366210938,161.94000244140625,1147500.0,151.771484375
2016-04-06,163.13999938964844,160.72999572753906,162.0,162.77000427246094,1123800.0,152.5493927001953
2016-04-07,162.5500030517578,160.8000030517578,161.1699981689453,161.27999877929688,1362500.0,151.15293884277344
2016-04-08,165.49000549316406,161.9199981689453,162.08999633789062,163.4199981689453,1597500.0,153.1585693359375
2016-04-11,165.10000610351562,163.02999877929688,163.4600067138672,163.0500030517578,1452800.0,152.81178283691406
2016-04-12,165.77999877929688,163.0399932861328,163.55999755859375,165.11000061035156,1667700.0,154.74246215820312
2016-04-13,167.4499969482422,165.6999969482422,165.72000122070312,167.22000122070312,1603000.0,156.71995544433594
2016-04-14,167.5500030517578,165.63999938964844,167.14999389648438,165.6999969482422,1039500.0,155.29544067382812
2016-04-15,166.4199981689453,164.82000732421875,165.6999969482422,165.89999389648438,863700.0,155.4828338623047
2016-04-18,167.3800048828125,164.80999755859375,165.3300018310547,167.1300048828125,833800.0,156.63563537597656
2016-04-19,169.3000030517578,166.64999389648438,167.8000030517578,168.27000427246094,1056000.0,157.70404052734375
2016-04-20,168.9499969482422,167.35000610351562,168.3800048828125,167.39999389648438,815100.0,156.88864135742188
2016-04-21,167.61000061035156,165.16000366210938,166.72000122070312,165.57000732421875,1178400.0,155.17356872558594
2016-04-22,166.92999267578125,165.05999755859375,166.27999877929688,166.32000732421875,1359100.0,155.8765106201172
2016-04-25,167.22999572753906,164.02999877929688,165.66000366210938,165.55999755859375,1033100.0,155.16416931152344
2016-04-26,167.60000610351562,165.41000366210938,165.82000732421875,167.11000061035156,1034200.0,156.6168670654297
2016-04-27,168.1999969482422,166.22000122070312,167.07000732421875,167.55999755859375,847600.0,157.0386505126953
2016-04-28,168.16000366210938,165.4600067138672,166.88999938964844,165.66000366210938,1118900.0,155.25791931152344
2016-04-29,165.58999633789062,163.74000549316406,164.85000610351562,165.11000061035156,1228900.0,154.74246215820312
2016-05-02,168.17999267578125,165.5,165.60000610351562,167.58999633789062,1393100.0,157.0667724609375
2016-05-03,166.22000122070312,163.1699981689453,165.75999450683594,164.7899932861328,1284200.0,154.44259643554688
2016-05-04,167.10000610351562,164.52999877929688,165.61000061035156,165.25,1416500.0,154.8736572265625
2016-05-05,166.0,160.07000732421875,165.4199981689453,160.3699951171875,2584600.0,150.30007934570312
2016-05-06,161.5399932861328,157.69000244140625,160.4499969482422,161.02999877929688,1758400.0,150.91864013671875
2016-05-09,162.89999389648438,161.13999938964844,161.39999389648438,162.2899932861328,1056800.0,152.09950256347656
2016-05-10,163.94000244140625,161.89999389648438,162.4199981689453,163.25,1451800.0,152.99923706054688
2016-05-11,163.9499969482422,160.86000061035156,163.0,161.2899932861328,1287100.0,151.1622772216797
2016-05-12,162.4600067138672,158.22000122070312,162.39999389648438,159.3699951171875,1634300.0,149.36288452148438
2016-05-13,159.38999938964844,156.9199981689453,158.5800018310547,157.75999450683594,1322200.0,147.85397338867188
2016-05-16,159.2100067138672,156.91000366210938,157.55999755859375,158.58999633789062,1080900.0,148.63185119628906
2016-05-17,160.67999267578125,157.85000610351562,158.57000732421875,158.69000244140625,1433500.0,148.7255859375
2016-05-18,160.6300048828125,158.0,158.0,159.49000549316406,1292300.0,149.475341796875
2016-05-19,160.22000122070312,157.83999633789062,158.4600067138672,159.11000061035156,1101600.0,149.11920166015625
2016-05-20,162.4600067138672,159.52999877929688,160.33999633789062,161.6300048828125,1369900.0,151.48097229003906
2016-05-23,162.77999877929688,161.10000610351562,161.64999389648438,162.0399932861328,1190100.0,151.865234375
2016-05-24,164.97999572753906,161.99000549316406,162.97000122070312,164.3800048828125,1205900.0,154.05825805664062
2016-05-25,165.97000122070312,164.02999877929688,165.0,164.22000122070312,1013900.0,153.90830993652344
2016-05-26,164.47999572753906,162.82000732421875,164.2100067138672,163.39999389648438,1045100.0,153.1398162841797
2016-05-27,164.5399932861328,163.17999267578125,163.63999938964844,164.47000122070312,919600.0,154.1426239013672
2016-05-31,167.0,164.47999572753906,165.42999267578125,164.97000122070312,1338700.0,154.6112518310547
2016-06-01,164.80999755859375,162.3699951171875,163.89999389648438,164.6999969482422,928900.0,154.35818481445312
2016-06-02,165.10000610351562,163.6999969482422,164.63999938964844,164.8000030517578,684200.0,154.45188903808594
2016-06-03,164.05999755859375,161.0,162.36000061035156,163.82000732421875,1429700.0,153.533447265625
2016-06-06,163.97999572753906,161.66000366210938,163.17999267578125,163.27000427246094,1473800.0,153.0179901123047
2016-06-07,165.32000732421875,163.80999755859375,164.5800018310547,164.8300018310547,1502800.0,154.4800262451172
2016-06-08,165.89999389648438,164.49000549316406,164.75,164.75,934100.0,154.40504455566406
2016-06-09,164.42999267578125,162.8800048828125,163.63999938964844,164.11000061035156,1043900.0,153.80523681640625
2016-06-10,163.2899932861328,160.32000732421875,162.75999450683594,160.8699951171875,1599400.0,150.7686767578125
2016-06-13,161.97000122070312,160.3000030517578,160.32000732421875,160.42999267578125,1447600.0,150.35629272460938
2016-06-14,161.4499969482422,158.47000122070312,160.1999969482422,159.75,1299600.0,150.09324645996094
2016-06-15,161.3300018310547,159.50999450683594,160.02999877929688,159.66000366210938,1202500.0,150.00868225097656
2016-06-16,162.2899932861328,157.50999450683594,158.9499969482422,161.8699951171875,1896300.0,152.0850830078125
2016-06-17,162.74000549316406,161.27000427246094,161.91000366210938,162.25,2247000.0,152.44210815429688
2016-06-20,166.5,163.24000549316406,164.27999877929688,164.47000122070312,2018200.0,154.52796936035156
2016-06-21,164.77999877929688,163.2100067138672,164.5500030517578,163.9499969482422,1933300.0,154.03939819335938
2016-06-22,162.47000122070312,156.39999389648438,162.07000732421875,156.50999450683594,4839100.0,147.049072265625
2016-06-23,158.66000366210938,156.75,157.5,157.88999938964844,2269700.0,148.34567260742188
2016-06-24,154.07000732421875,149.5,151.9499969482422,150.57000732421875,5853500.0,141.4681854248047
2016-06-27,149.41000366210938,145.0,149.10000610351562,146.1300048828125,2933400.0,137.29653930664062
2016-06-28,149.24000549316406,146.19000244140625,148.52000427246094,148.10000610351562,1936800.0,139.14744567871094
2016-06-29,150.57000732421875,148.85000610351562,149.72999572753906,150.25999450683594,2192100.0,141.1769256591797
2016-06-30,151.8000030517578,149.00999450683594,150.25999450683594,151.77999877929688,1716200.0,142.60501098632812
2016-07-01,155.94000244140625,153.07000732421875,154.47000122070312,153.83999633789062,2048800.0,144.54049682617188
2016-07-05,153.05999755859375,150.35000610351562,152.47000122070312,152.1699981689453,1917300.0,142.971435546875
2016-07-06,152.10000610351562,150.0,151.58999633789062,151.4499969482422,1876500.0,142.29498291015625
2016-07-07,153.49000549316406,151.32000732421875,151.94000244140625,152.60000610351562,1511000.0,143.37547302246094
2016-07-08,156.8800048828125,153.9499969482422,154.0,156.22000122070312,1743800.0,146.77662658691406
2016-07-11,158.6199951171875,156.4199981689453,157.11000061035156,157.11000061035156,1895700.0,147.6128387451172
2016-07-12,160.14999389648438,157.41000366210938,157.8000030517578,159.9499969482422,1718300.0,150.28114318847656
2016-07-13,161.25,159.36000061035156,160.1300048828125,160.4199981689453,1448300.0,150.7227325439453
2016-07-14,163.63999938964844,161.44000244140625,161.7899932861328,161.5,1556300.0,151.7374725341797
2016-07-15,162.22999572753906,160.39999389648438,162.1699981689453,160.58999633789062,1257100.0,150.88243103027344
2016-07-18,161.1699981689453,159.6300048828125,160.75999450683594,160.75999450683594,870300.0,151.04214477539062
2016-07-19,160.74000549316406,159.25999450683594,159.9499969482422,159.67999267578125,773200.0,150.0274658203125
2016-07-20,161.00999450683594,159.07000732421875,160.08999633789062,160.07000732421875,683400.0,150.39390563964844
2016-07-21,160.52000427246094,158.02999877929688,159.50999450683594,158.41000366210938,870700.0,148.8342742919922
2016-07-22,160.82000732421875,158.0500030517578,158.0500030517578,160.77000427246094,1233200.0,151.0515899658203
2016-07-25,160.80999755859375,159.41000366210938,160.2899932861328,160.22999572753906,1344200.0,150.54421997070312
2016-07-26,161.82000732421875,160.16000366210938,160.47999572753906,161.5,1146600.0,151.7374725341797
2016-07-27,161.99000549316406,160.0,161.35000610351562,160.91000366210938,1020300.0,151.18310546875
2016-07-28,161.77000427246094,159.41000366210938,160.1999969482422,161.4499969482422,872200.0,151.6904754638672
2016-07-29,162.2100067138672,159.35000610351562,160.6199951171875,161.89999389648438,1016400.0,152.11326599121094
2016-08-01,162.8800048828125,161.07000732421875,162.0,161.66000366210938,820700.0,151.8877716064453
2016-08-02,161.8300018310547,158.6199951171875,161.0,159.17999267578125,854600.0,149.5576934814453
2016-08-03,160.8000030517578,159.35000610351562,159.39999389648438,160.61000061035156,589800.0,150.90121459960938
2016-08-04,160.83999633789062,158.85000610351562,160.74000549316406,159.82000732421875,876800.0,150.1590118408203
2016-08-05,162.9600067138672,160.22000122070312,160.6199951171875,162.91000366210938,1044900.0,153.06219482421875
2016-08-08,165.44000244140625,163.1199951171875,163.33999633789062,163.6999969482422,972500.0,153.80447387695312
2016-08-09,165.3300018310547,163.14999389648438,163.50999450683594,164.3300018310547,730800.0,154.39637756347656
2016-08-10,164.85000610351562,163.75999450683594,163.8800048828125,164.64999389648438,823100.0,154.69703674316406
2016-08-11,166.1699981689453,164.41000366210938,164.94000244140625,165.7899932861328,1046100.0,155.76812744140625
2016-08-12,166.0,164.64999389648438,165.1199951171875,165.5,1048300.0,155.49566650390625
2016-08-15,167.0,165.6999969482422,165.6999969482422,166.39999389648438,1118400.0,156.34124755859375
2016-08-16,167.1300048828125,165.58999633789062,165.89999389648438,166.72999572753906,913400.0,156.65130615234375
2016-08-17,167.17999267578125,165.8300018310547,166.99000549316406,166.4499969482422,1101200.0,156.38821411132812
2016-08-18,167.66000366210938,166.1999969482422,166.61000061035156,167.19000244140625,1104000.0,157.08349609375
2016-08-19,169.44000244140625,166.63999938964844,166.7899932861328,168.6300048828125,1365900.0,158.4364471435547
2016-08-22,169.57000732421875,167.22999572753906,168.99000549316406,167.88999938964844,946500.0,157.7411651611328
2016-08-23,169.44000244140625,168.22000122070312,169.0,168.58999633789062,850600.0,158.39886474609375
2016-08-24,169.27000427246094,167.77000427246094,168.5399932861328,168.22999572753906,859700.0,158.06060791015625
2016-08-25,167.57000732421875,165.14999389648438,167.25999450683594,165.52999877929688,1319300.0,155.52383422851562
2016-08-26,167.0800018310547,164.3699951171875,166.0500030517578,164.9499969482422,1102000.0,154.97891235351562
2016-08-29,165.88999938964844,164.63999938964844,165.42999267578125,165.1699981689453,1185200.0,155.18560791015625
2016-08-30,165.92999267578125,164.3800048828125,165.52000427246094,164.92999267578125,1004100.0,154.96011352539062
2016-08-31,165.0500030517578,163.49000549316406,164.47000122070312,164.92999267578125,1228800.0,154.96011352539062
2016-09-01,166.25,163.85000610351562,165.5,165.63999938964844,1181900.0,155.627197265625
2016-09-02,167.0800018310547,165.47000122070312,166.22000122070312,165.49000549316406,1599500.0,155.48629760742188
2016-09-06,167.10000610351562,163.72999572753906,167.10000610351562,164.8300018310547,1169000.0,154.86614990234375
2016-09-07,165.4199981689453,163.9499969482422,164.47999572753906,165.1999969482422,897300.0,155.21377563476562
2016-09-08,165.86000061035156,163.83999633789062,163.91000366210938,165.39999389648438,831400.0,155.7788848876953
2016-09-09,165.19000244140625,160.82000732421875,164.10000610351562,160.85000610351562,1487500.0,151.49356079101562
2016-09-12,164.07000732421875,160.05999755859375,160.1999969482422,163.25999450683594,1325400.0,153.76336669921875
2016-09-13,161.97999572753906,159.2899932861328,161.6300048828125,160.35000610351562,1317400.0,151.02261352539062
2016-09-14,160.66000366210938,159.0500030517578,160.05999755859375,159.4499969482422,1030300.0,150.1749725341797
2016-09-15,160.7100067138672,158.52000427246094,159.0,160.07000732421875,1397600.0,150.7589569091797
2016-09-16,160.07000732421875,158.1999969482422,159.3300018310547,158.88999938964844,2534400.0,149.6475830078125
2016-09-19,162.22999572753906,159.5500030517578,160.07000732421875,161.25999450683594,1814400.0,151.8797149658203
2016-09-20,164.1300048828125,161.64999389648438,161.75,162.64999389648438,2689200.0,153.18885803222656
2016-09-21,174.32000732421875,170.61000061035156,170.61000061035156,173.86000061035156,5308100.0,163.74679565429688
2016-09-22,175.3800048828125,172.8000030517578,174.38999938964844,173.66000366210938,3176300.0,163.5583953857422
2016-09-23,175.08999633789062,172.6300048828125,172.69000244140625,174.38999938964844,2472500.0,164.24591064453125
2016-09-26,176.16000366210938,173.11000061035156,174.0,175.33999633789062,2420800.0,165.14068603515625
2016-09-27,177.36000061035156,174.47000122070312,174.97999572753906,177.3000030517578,2133200.0,166.98667907714844
2016-09-28,177.25,174.52000427246094,176.8699951171875,175.4499969482422,2280200.0,165.24429321289062
2016-09-29,175.97000122070312,173.92999267578125,175.4499969482422,175.1199951171875,1947400.0,164.93348693847656
2016-09-30,176.10000610351562,174.3699951171875,175.52999877929688,174.67999267578125,1939300.0,164.51907348632812
2016-10-03,174.7100067138672,173.27999877929688,173.86000061035156,174.3000030517578,1453600.0,164.16119384765625
2016-10-04,175.1199951171875,172.86000061035156,174.72000122070312,173.60000610351562,1492700.0,163.50192260742188
2016-10-05,175.25999450683594,173.83999633789062,174.88999938964844,174.25999450683594,1202600.0,164.12350463867188
2016-10-06,174.3300018310547,172.41000366210938,174.3300018310547,173.08999633789062,1260400.0,163.02154541015625
2016-10-07,173.24000549316406,171.72000122070312,172.6199951171875,173.00999450683594,1418200.0,162.9462432861328
2016-10-10,174.58999633789062,173.13999938964844,173.33999633789062,174.2100067138672,1221600.0,164.07644653320312
2016-10-11,174.08999633789062,173.0500030517578,173.8000030517578,174.0800018310547,1462100.0,163.95401000976562
2016-10-12,174.49000549316406,173.07000732421875,174.1199951171875,173.5399932861328,1253300.0,163.44537353515625
2016-10-13,172.1999969482422,169.66000366210938,172.1199951171875,170.9499969482422,1432800.0,161.0060272216797
2016-10-14,172.88999938964844,170.8699951171875,172.2899932861328,170.97999572753906,803600.0,161.0343017578125
2016-10-17,171.3699951171875,170.22000122070312,170.94000244140625,170.83999633789062,1051500.0,160.90243530273438
2016-10-18,172.49000549316406,170.50999450683594,172.08999633789062,170.74000549316406,900300.0,160.80828857421875
2016-10-19,171.17999267578125,169.5800018310547,171.02000427246094,170.4600067138672,1086800.0,160.5445556640625
2016-10-20,170.6199951171875,169.47999572753906,170.41000366210938,169.6999969482422,836000.0,159.8287811279297
2016-10-21,170.25,168.0,168.19000244140625,170.1999969482422,924700.0,160.29965209960938
2016-10-24,172.49000549316406,170.3000030517578,171.30999755859375,172.0800018310547,1848300.0,162.07029724121094
2016-10-25,172.4499969482422,171.25999450683594,171.33999633789062,171.92999267578125,1132700.0,161.92906188964844
2016-10-26,174.24000549316406,170.50999450683594,170.9600067138672,173.58999633789062,1772700.0,163.4924774169922
2016-10-27,175.22000122070312,172.74000549316406,174.69000244140625,174.39999389648438,1499700.0,164.25537109375
2016-10-28,176.35000610351562,173.39999389648438,174.57000732421875,174.25,1502700.0,164.11410522460938
2016-10-31,176.1199951171875,174.24000549316406,175.13999938964844,174.32000732421875,992900.0,164.1800537109375
2016-11-01,174.3300018310547,170.16000366210938,174.25,171.52999877929688,1955600.0,161.55230712890625
2016-11-02,173.47000122070312,171.60000610351562,172.0,172.3800048828125,1457300.0,162.3528594970703
2016-11-03,173.7100067138672,172.11000061035156,172.7100067138672,173.64999389648438,1265000.0,163.54898071289062
2016-11-04,175.72999572753906,172.86000061035156,173.39999389648438,174.8000030517578,1558800.0,164.6321258544922
2016-11-07,180.69000244140625,176.85000610351562,176.85000610351562,180.02000427246094,2451900.0,169.54849243164062
2016-11-08,182.77999877929688,178.83999633789062,179.27999877929688,181.30999755859375,2012400.0,170.76341247558594
2016-11-09,182.39999389648438,176.44000244140625,178.5500030517578,181.1699981689453,2874200.0,170.63156127929688
2016-11-10,185.0,181.22999572753906,182.0,183.57000732421875,2298000.0,172.89195251464844
2016-11-11,184.88999938964844,182.11000061035156,183.0,183.69000244140625,1560400.0,173.00497436523438
2016-11-14,186.52999877929688,183.4600067138672,184.5,186.16000366210938,2168100.0,175.33131408691406
2016-11-15,185.8300018310547,182.97999572753906,185.77000427246094,185.38999938964844,1447000.0,174.60610961914062
2016-11-16,186.0,182.75,184.88999938964844,183.82000732421875,1262200.0,173.12742614746094
2016-11-17,185.33999633789062,183.4600067138672,184.1300048828125,185.0800018310547,931800.0,174.3141326904297
2016-11-18,187.3300018310547,183.97999572753906,184.7100067138672,187.2899932861328,1334400.0,176.3955841064453
2016-11-21,188.25,186.74000549316406,187.3300018310547,188.14999389648438,1295300.0,177.20553588867188
2016-11-22,188.5,187.5500030517578,188.5,188.0800018310547,1162000.0,177.13963317871094
2016-11-23,190.2899932861328,188.0500030517578,188.75,190.1199951171875,880800.0,179.06094360351562
2016-11-25,191.83999633789062,190.60000610351562,190.6199951171875,191.52999877929688,653200.0,180.3889617919922
2016-11-28,191.14999389648438,189.49000549316406,190.5800018310547,190.02999877929688,1746600.0,178.97622680664062
2016-11-29,191.35000610351562,190.0,190.0,190.32000732421875,1077700.0,179.24932861328125
2016-11-30,192.5800018310547,190.77999877929688,191.5,191.6699981689453,1533600.0,180.5207977294922
2016-12-01,193.8800048828125,192.0,192.0,192.19000244140625,1767600.0,181.01055908203125
2016-12-02,193.64999389648438,192.10000610351562,192.10000610351562,192.8000030517578,1542900.0,181.5850830078125
2016-12-05,194.9499969482422,193.0,193.6999969482422,194.5,1409800.0,183.1861572265625
2016-12-06,194.4600067138672,191.60000610351562,194.36000061035156,193.3300018310547,1238300.0,182.08425903320312
2016-12-07,196.72000122070312,192.27999877929688,193.32000732421875,196.52000427246094,1886100.0,185.08868408203125
2016-12-08,197.3000030517578,193.60000610351562,196.75,197.07000732421875,2951600.0,185.9852752685547
2016-12-09,196.99000549316406,195.1300048828125,196.2899932861328,196.60000610351562,1957400.0,185.54168701171875
2016-12-12,198.24000549316406,195.6999969482422,195.8699951171875,197.63999938964844,1442700.0,186.52320861816406
2016-12-13,201.57000732421875,197.5,198.66000366210938,201.02000427246094,2237900.0,189.7130889892578
2016-12-14,201.0,197.61000061035156,200.77999877929688,197.9199981689453,2533200.0,186.78744506835938
2016-12-15,199.77000427246094,197.27000427246094,197.72999572753906,197.9199981689453,1216300.0,186.78744506835938
2016-12-16,199.36000061035156,195.4499969482422,198.82000732421875,196.47999572753906,3589600.0,185.42843627929688
2016-12-19,198.07000732421875,195.75,196.6699981689453,197.6199951171875,1498100.0,186.5043182373047
2016-12-20,199.49000549316406,196.5500030517578,198.9199981689453,198.74000549316406,3068000.0,187.5613250732422
2016-12-21,195.97000122070312,192.0399932861328,194.5,192.1199951171875,6406000.0,181.3136749267578
2016-12-22,192.4600067138672,190.77999877929688,192.24000549316406,190.88999938964844,2030100.0,180.15283203125
2016-12-23,193.02000427246094,190.80999755859375,191.47999572753906,191.86000061035156,1677400.0,181.06829833984375
2016-12-27,192.52999877929688,190.50999450683594,191.97000122070312,190.5500030517578,966500.0,179.83197021484375
2016-12-28,191.57000732421875,188.02000427246094,190.8300018310547,188.4499969482422,1555400.0,177.8501434326172
2016-12-29,189.63999938964844,186.4199981689453,188.85000610351562,186.9499969482422,1293100.0,176.43447875976562
2016-12-30,187.9600067138672,185.67999267578125,187.8000030517578,186.1999969482422,1323200.0,175.7266845703125
2017-01-03,189.6699981689453,186.57000732421875,186.57000732421875,187.6999969482422,1708400.0,177.1422882080078
2017-01-04,189.39999389648438,187.36000061035156,188.5,188.7100067138672,1290300.0,178.09548950195312
2017-01-05,190.3699951171875,187.9499969482422,188.7100067138672,188.41000366210938,1207800.0,177.81234741210938
2017-01-06,191.74000549316406,187.89999389648438,188.11000061035156,190.25,1658400.0,179.5488739013672
2017-01-09,190.52999877929688,189.00999450683594,189.5800018310547,189.69000244140625,1279200.0,179.02037048339844
2017-01-10,189.89999389648438,188.35000610351562,189.05999755859375,188.4199981689453,1358100.0,177.82179260253906
2017-01-11,189.44000244140625,188.0,188.25,189.24000549316406,1045300.0,178.59568786621094
2017-01-12,188.8699951171875,186.33999633789062,188.66000366210938,187.3800048828125,1177900.0,176.84031677246094
2017-01-13,188.6999969482422,186.67999267578125,187.7899932861328,187.00999450683594,1140600.0,176.49107360839844
2017-01-17,186.74000549316406,184.44000244140625,186.1199951171875,186.0500030517578,1343800.0,175.58509826660156
2017-01-18,187.97999572753906,185.75,186.44000244140625,187.22999572753906,903000.0,176.69873046875
2017-01-19,188.10000610351562,185.67999267578125,187.27000427246094,186.1699981689453,1061300.0,175.69834899902344
2017-01-20,187.0,184.3699951171875,186.02000427246094,185.72999572753906,2192900.0,175.28311157226562
2017-01-23,186.7100067138672,184.3000030517578,185.80999755859375,185.4600067138672,1070500.0,175.0283203125
2017-01-24,191.99000549316406,185.50999450683594,185.50999450683594,191.61000061035156,2138500.0,180.8323211669922
2017-01-25,194.02000427246094,190.61000061035156,191.60000610351562,192.9499969482422,1807000.0,182.0970001220703
2017-01-26,192.94000244140625,191.13999938964844,192.30999755859375,192.5800018310547,1067600.0,181.74781799316406
2017-01-27,196.4199981689453,191.8000030517578,192.77000427246094,195.9199981689453,1991400.0,184.89991760253906
2017-01-30,195.47999572753906,191.17999267578125,195.47999572753906,193.25,2304100.0,182.380126953125
2017-01-31,190.47999572753906,186.16000366210938,190.27999877929688,189.11000061035156,2952300.0,178.47299194335938
2017-02-01,189.3000030517578,184.7100067138672,189.27999877929688,186.27000427246094,2076100.0,175.792724609375
2017-02-02,186.9199981689453,183.8699951171875,186.1199951171875,184.61000061035156,1461900.0,174.22608947753906
2017-02-03,188.94000244140625,185.38999938964844,186.08999633789062,188.2100067138672,1356300.0,177.6235809326172
2017-02-06,190.75,187.72999572753906,190.42999267578125,188.1999969482422,1352500.0,177.61416625976562
2017-02-07,188.6699981689453,187.19000244140625,188.1999969482422,188.02000427246094,1158500.0,177.44432067871094
2017-02-08,188.27999877929688,186.80999755859375,187.75,187.9600067138672,955600.0,177.3876953125
2017-02-09,190.1199951171875,187.8300018310547,187.9600067138672,188.57000732421875,1347800.0,177.96337890625
2017-02-10,191.0,188.30999755859375,188.77999877929688,190.86000061035156,1188300.0,180.12454223632812
2017-02-13,193.14999389648438,190.6300048828125,191.0500030517578,192.57000732421875,1068300.0,181.7383575439453
2017-02-14,193.07000732421875,191.3300018310547,192.08999633789062,192.4600067138672,945300.0,181.63453674316406
2017-02-15,194.7899932861328,192.22000122070312,192.77000427246094,194.6699981689453,1308700.0,183.72024536132812
2017-02-16,194.72000122070312,192.16000366210938,194.3800048828125,193.35000610351562,1143800.0,182.47451782226562
2017-02-17,193.6999969482422,192.3000030517578,192.8000030517578,193.6999969482422,808100.0,182.80484008789062
2017-02-21,195.57000732421875,193.75999450683594,194.3699951171875,195.36000061035156,1269600.0,184.37142944335938
2017-02-22,194.5,192.61000061035156,194.4199981689453,193.8300018310547,2126100.0,182.927490234375
2017-02-23,194.5,190.7100067138672,194.0,191.17999267578125,1806500.0,180.42654418945312
2017-02-24,193.11000061035156,190.1199951171875,190.74000549316406,193.11000061035156,2209900.0,182.24801635742188
2017-02-27,194.42999267578125,191.77000427246094,192.97000122070312,194.3699951171875,1777000.0,183.43710327148438
2017-02-28,195.39999389648438,192.91000366210938,194.47000122070312,192.97999572753906,1788200.0,182.12533569335938
2017-03-01,198.60000610351562,194.88999938964844,194.88999938964844,197.4199981689453,2212700.0,186.31556701660156
2017-03-02,196.99000549316406,194.22999572753906,196.97999572753906,194.7100067138672,1786400.0,183.7580108642578
2017-03-03,195.2899932861328,193.9600067138672,194.5399932861328,194.35000610351562,819900.0,183.4182586669922
2017-03-06,195.42999267578125,193.33999633789062,194.0,193.9499969482422,925100.0,183.04075622558594
2017-03-07,194.60000610351562,192.3699951171875,193.85000610351562,192.91000366210938,1217600.0,182.05926513671875
2017-03-08,193.83999633789062,192.0399932861328,193.11000061035156,192.9199981689453,1206800.0,182.06871032714844
2017-03-09,192.89999389648438,189.89999389648438,192.6999969482422,191.30999755859375,1406200.0,180.92437744140625
2017-03-10,193.36000061035156,190.38999938964844,192.4499969482422,192.14999389648438,1226600.0,181.71875
2017-03-13,193.24000549316406,191.38999938964844,191.8699951171875,193.1199951171875,1283000.0,182.63609313964844
2017-03-14,193.02999877929688,190.97999572753906,192.89999389648438,191.3800048828125,1352200.0,180.99058532714844
2017-03-15,194.25999450683594,191.5,191.9499969482422,193.25999450683594,1412100.0,182.76853942871094
2017-03-16,194.0,192.44000244140625,193.38999938964844,193.11000061035156,1244000.0,182.62667846679688
2017-03-17,196.08999633789062,192.3800048828125,193.88999938964844,194.58999633789062,2390700.0,184.02633666992188
2017-03-20,195.50999450683594,192.17999267578125,195.0500030517578,192.27000427246094,2189300.0,181.832275390625
2017-03-21,193.86000061035156,191.67999267578125,193.08999633789062,191.83999633789062,3352300.0,181.4256134033203
2017-03-22,197.47999572753906,192.5,195.6699981689453,195.9199981689453,6132700.0,185.28407287597656
2017-03-23,195.13999938964844,189.10000610351562,195.0,189.19000244140625,3489800.0,178.9194793701172
2017-03-24,190.30999755859375,187.22999572753906,189.33999633789062,188.1199951171875,2862300.0,177.9075469970703
2017-03-27,187.6199951171875,184.3000030517578,186.7899932861328,187.0399932861328,2405900.0,176.88616943359375
2017-03-28,190.49000549316406,187.0,187.0,189.88999938964844,1675600.0,179.58145141601562
2017-03-29,191.66000366210938,189.14999389648438,189.44000244140625,190.9199981689453,1648300.0,180.5555419921875
2017-03-30,194.33999633789062,191.67999267578125,192.5,194.1699981689453,1890800.0,183.62911987304688
2017-03-31,196.22999572753906,193.22000122070312,193.9499969482422,195.14999389648438,2175500.0,184.55589294433594
2017-04-03,197.1999969482422,194.39999389648438,195.86000061035156,195.36000061035156,1796500.0,184.75448608398438
2017-04-04,196.5800018310547,194.64999389648438,195.05999755859375,196.27000427246094,1866400.0,185.61509704589844
2017-04-05,199.1699981689453,195.5,197.0,195.85000610351562,1651300.0,185.21791076660156
2017-04-06,197.25999450683594,195.63999938964844,196.0,195.99000549316406,1410500.0,185.3502960205078
2017-04-07,196.8800048828125,195.3699951171875,195.5399932861328,195.64999389648438,1612000.0,185.0287322998047
2017-04-10,197.22999572753906,195.22999572753906,196.1300048828125,195.75999450683594,1152400.0,185.1327667236328
2017-04-11,195.1300048828125,192.67999267578125,195.0500030517578,192.99000549316406,2393500.0,182.51319885253906
2017-04-12,193.22999572753906,186.14999389648438,193.1199951171875,186.30999755859375,3427400.0,176.19578552246094
2017-04-13,186.8000030517578,183.7100067138672,186.49000549316406,183.72999572753906,2691600.0,173.75587463378906
2017-04-17,185.89999389648438,183.07000732421875,184.3699951171875,185.5399932861328,2372600.0,175.46759033203125
2017-04-18,185.77999877929688,183.5500030517578,184.86000061035156,183.61000061035156,1525900.0,173.6423797607422
2017-04-19,186.07000732421875,182.88999938964844,185.13999938964844,183.55999755859375,1567300.0,173.5950927734375
2017-04-20,186.9499969482422,183.7899932861328,184.63999938964844,186.47999572753906,1672200.0,176.35659790039062
2017-04-21,187.64999389648438,185.1999969482422,186.97999572753906,185.27999877929688,1725000.0,175.2217254638672
2017-04-24,188.66000366210938,187.30999755859375,187.5,188.55999755859375,1533400.0,178.32363891601562
2017-04-25,190.58999633789062,188.60000610351562,189.1999969482422,188.97000122070312,1472600.0,178.71142578125
2017-04-26,191.05999755859375,188.6300048828125,189.05999755859375,189.5800018310547,1598000.0,179.28822326660156
2017-04-27,192.3699951171875,188.74000549316406,190.0,191.7100067138672,2119500.0,181.3026580810547
2017-04-28,192.32000732421875,188.77000427246094,192.08999633789062,189.6999969482422,1377500.0,179.40176391601562
2017-05-01,190.2899932861328,188.16000366210938,189.91000366210938,188.22999572753906,1349700.0,178.01158142089844
2017-05-02,189.74000549316406,188.24000549316406,188.64999389648438,189.02999877929688,1159500.0,178.76815795898438
2017-05-03,190.1199951171875,188.4499969482422,189.0399932861328,189.9199981689453,805000.0,179.60980224609375
2017-05-04,191.22999572753906,189.8800048828125,190.3699951171875,191.19000244140625,1361500.0,180.81089782714844
2017-05-05,192.8000030517578,190.72999572753906,191.50999450683594,192.4199981689453,1116500.0,181.97413635253906
2017-05-08,192.1199951171875,190.82000732421875,192.1199951171875,191.11000061035156,1054700.0,180.73519897460938
2017-05-09,191.6199951171875,189.63999938964844,191.36000061035156,190.7899932861328,1129500.0,180.4326171875
2017-05-10,191.0,189.00999450683594,190.5399932861328,189.75,971000.0,179.4490509033203
2017-05-11,191.16000366210938,187.94000244140625,189.13999938964844,190.83999633789062,1328700.0,180.47987365722656
2017-05-12,192.07000732421875,189.77999877929688,189.77999877929688,191.66000366210938,1352300.0,181.25534057617188
2017-05-15,195.94000244140625,191.27000427246094,191.8800048828125,194.75999450683594,2088500.0,184.1870880126953
2017-05-16,195.25,194.02999877929688,194.83999633789062,194.13999938964844,1069200.0,183.60072326660156
2017-05-17,194.13999938964844,187.07000732421875,194.13999938964844,187.49000549316406,2284400.0,177.311767578125
2017-05-18,190.74000549316406,186.0,188.5,188.72999572753906,1604700.0,178.4844512939453
2017-05-19,191.19000244140625,188.75,189.3000030517578,189.3699951171875,1308100.0,179.08969116210938
2017-05-22,191.89999389648438,189.44000244140625,190.38999938964844,191.64999389648438,1083800.0,181.24588012695312
2017-05-23,193.30999755859375,190.92999267578125,191.67999267578125,193.05999755859375,907000.0,182.579345703125
2017-05-24,193.89999389648438,192.60000610351562,193.42999267578125,193.27000427246094,715800.0,182.77796936035156
2017-05-25,194.94000244140625,192.92999267578125,193.6999969482422,194.80999755859375,1357600.0,184.234375
2017-05-26,194.94000244140625,193.5800018310547,193.77000427246094,194.25999450683594,758000.0,183.71420288085938
2017-05-30,194.97999572753906,192.67999267578125,193.82000732421875,193.8800048828125,1083500.0,183.3548583984375
2017-05-31,194.3000030517578,191.92999267578125,194.27999877929688,193.83999633789062,1303100.0,183.3170623779297
2017-06-01,198.75,193.94000244140625,194.5800018310547,198.36000061035156,1420100.0,187.5916290283203
2017-06-02,204.88999938964844,198.85000610351562,199.0399932861328,203.11000061035156,3027100.0,192.0837860107422
2017-06-05,204.39999389648438,202.05999755859375,202.6699981689453,202.25,1721000.0,191.2704620361328
2017-06-06,204.91000366210938,200.83999633789062,201.2899932861328,203.1699981689453,2120100.0,192.14051818847656
2017-06-07,206.30999755859375,202.4199981689453,203.3000030517578,206.14999389648438,2175700.0,194.958740234375
2017-06-08,206.92999267578125,204.3000030517578,206.14999389648438,205.83999633789062,1975200.0,194.66558837890625
2017-06-09,207.11000061035156,204.9499969482422,205.88999938964844,206.39999389648438,1511100.0,195.19517517089844
2017-06-12,209.35000610351562,205.25999450683594,206.13999938964844,209.1199951171875,1841300.0,197.76751708984375
2017-06-13,210.64999389648438,208.4499969482422,209.89999389648438,209.4199981689453,1210800.0,198.05123901367188
2017-06-14,210.1199951171875,207.69000244140625,210.1199951171875,208.89999389648438,1110300.0,197.5594482421875
2017-06-15,210.82000732421875,207.75999450683594,207.83999633789062,210.4499969482422,1281100.0,199.0253143310547
2017-06-16,211.8800048828125,209.57000732421875,210.85000610351562,210.5,1842200.0,199.0725860595703
2017-06-19,211.4199981689453,208.60000610351562,211.22999572753906,210.9499969482422,2318000.0,199.49815368652344
2017-06-20,211.0,208.9499969482422,210.44000244140625,208.9499969482422,2344600.0,198.0762481689453
2017-06-21,213.86000061035156,205.5,208.0,212.3000030517578,3534300.0,201.25192260742188
2017-06-22,212.6699981689453,208.61000061035156,209.8000030517578,211.6300048828125,2027300.0,200.6167755126953
2017-06-23,216.9600067138672,211.25999450683594,211.38999938964844,215.35000610351562,2547200.0,204.1431884765625
2017-06-26,217.2899932861328,215.0,216.38999938964844,215.36000061035156,1246600.0,204.1526336669922
2017-06-27,216.1300048828125,214.2899932861328,215.02999877929688,214.3300018310547,1541500.0,203.17625427246094
2017-06-28,217.3300018310547,215.2899932861328,216.19000244140625,217.14999389648438,1463300.0,205.84951782226562
2017-06-29,217.0,215.0,217.0,215.22999572753906,1574000.0,204.0294189453125
2017-06-30,218.36000061035156,216.05999755859375,216.47999572753906,217.3300018310547,1412800.0,206.02012634277344
2017-07-03,219.27999877929688,217.3800048828125,218.49000549316406,217.3800048828125,991600.0,206.0675506591797
2017-07-05,219.36000061035156,217.02999877929688,217.39999389648438,218.30999755859375,1169200.0,206.94912719726562
2017-07-06,218.0,214.63999938964844,217.3000030517578,215.02999877929688,1501100.0,203.83984375
2017-07-07,218.99000549316406,215.38999938964844,216.27000427246094,218.50999450683594,1069200.0,207.13873291015625
2017-07-10,219.99000549316406,217.7100067138672,218.0,218.8699951171875,1018200.0,207.47996520996094
2017-07-11,219.25999450683594,216.36000061035156,219.08999633789062,217.5399932861328,1164900.0,206.2191619873047
2017-07-12,219.25,217.8699951171875,218.8699951171875,218.32000732421875,1031600.0,206.9586181640625
2017-07-13,218.5399932861328,217.2100067138672,218.36000061035156,217.97000122070312,977800.0,206.6268310546875
2017-07-14,219.4499969482422,216.88999938964844,217.25,219.05999755859375,1000100.0,207.6601104736328
2017-07-17,216.47000122070312,211.52999877929688,215.25,215.47999572753906,2838900.0,204.2664031982422
2017-07-18,215.16000366210938,210.9499969482422,215.16000366210938,211.0399932861328,2231000.0,200.0574493408203
2017-07-19,212.9499969482422,210.10000610351562,211.1300048828125,212.8800048828125,2616200.0,201.8017120361328
2017-07-20,213.47000122070312,211.33999633789062,213.1999969482422,211.8800048828125,1975900.0,200.8538055419922
2017-07-21,212.61000061035156,209.7100067138672,210.8000030517578,212.50999450683594,1235700.0,201.4509735107422
2017-07-24,213.39999389648438,211.6300048828125,212.08999633789062,212.67999267578125,1035900.0,201.6121063232422
2017-07-25,215.58999633789062,213.64999389648438,213.77999877929688,214.3699951171875,898300.0,203.2141876220703
2017-07-26,214.85000610351562,213.4600067138672,214.80999755859375,213.6300048828125,669200.0,202.51271057128906
2017-07-27,213.77000427246094,206.22000122070312,213.25,207.5399932861328,2374100.0,196.73960876464844
2017-07-28,208.9499969482422,206.69000244140625,207.66000366210938,208.0399932861328,1076400.0,197.21359252929688
2017-07-31,208.82000732421875,207.7100067138672,208.3699951171875,208.02999877929688,828900.0,197.20413208007812
2017-08-01,209.41000366210938,205.91000366210938,208.9600067138672,206.7100067138672,1176900.0,195.9528045654297
2017-08-02,209.67999267578125,206.3000030517578,207.0,209.5,1359900.0,198.59764099121094
2017-08-03,209.72000122070312,208.27999877929688,209.1300048828125,209.36000061035156,1091000.0,198.46487426757812
2017-08-04,210.47999572753906,206.4199981689453,209.22000122070312,209.32000732421875,1450000.0,198.427001953125
2017-08-07,209.0,207.58999633789062,209.0,208.3699951171875,988400.0,197.52642822265625
2017-08-08,209.4499969482422,206.72000122070312,208.5500030517578,207.0,1255300.0,196.2277069091797
2017-08-09,206.64999389648438,204.64999389648438,206.5800018310547,206.17999267578125,1018700.0,195.45040893554688
2017-08-10,206.0,203.52999877929688,205.8000030517578,203.5500030517578,1110200.0,192.957275390625
2017-08-11,206.80999755859375,203.1300048828125,203.38999938964844,204.8699951171875,1136600.0,194.2085418701172
2017-08-14,208.02999877929688,205.9499969482422,205.9499969482422,207.86000061035156,1105200.0,197.04296875
2017-08-15,210.25999450683594,208.02999877929688,208.50999450683594,209.07000732421875,723000.0,198.1899871826172
2017-08-16,210.99000549316406,209.33999633789062,209.42999267578125,209.6300048828125,709700.0,198.72085571289062
2017-08-17,209.44000244140625,205.3699951171875,209.0,205.3699951171875,1028600.0,194.6825408935547
2017-08-18,207.57000732421875,204.69000244140625,205.22000122070312,206.0,930400.0,195.2797393798828
2017-08-21,206.60000610351562,204.8699951171875,206.0,206.3300018310547,980800.0,195.59255981445312
2017-08-22,209.60000610351562,206.80999755859375,207.0,209.27999877929688,701500.0,198.38905334472656
2017-08-23,208.83999633789062,206.0,208.32000732421875,207.07000732421875,1015800.0,196.2941131591797
2017-08-24,208.05999755859375,205.63999938964844,208.02000427246094,206.6699981689453,598200.0,195.91488647460938
2017-08-25,209.00999450683594,207.19000244140625,207.72999572753906,207.75999450683594,614200.0,196.94813537597656
2017-08-28,209.24000549316406,207.8300018310547,208.42999267578125,208.83999633789062,640100.0,197.97193908691406
2017-08-29,211.64999389648438,207.22000122070312,207.4600067138672,211.3000030517578,824300.0,200.303955078125
2017-08-30,214.49000549316406,211.55999755859375,212.17999267578125,213.77999877929688,1010700.0,202.6549072265625
2017-08-31,215.14999389648438,213.3699951171875,214.75,214.3800048828125,1088500.0,203.22366333007812
2017-09-01,216.7100067138672,214.5,215.1199951171875,215.0500030517578,825600.0,203.85882568359375
2017-09-05,214.9199981689453,212.39999389648438,214.1999969482422,213.25999450683594,992000.0,202.16192626953125
2017-09-06,214.72999572753906,211.91000366210938,214.0,211.91000366210938,1134800.0,200.88218688964844
2017-09-07,214.0,212.11000061035156,212.6999969482422,213.66000366210938,881600.0,202.54115295410156
2017-09-08,212.69000244140625,209.6699981689453,212.69000244140625,210.47999572753906,1601000.0,199.99464416503906
2017-09-11,213.0,211.00999450683594,212.11000061035156,212.39999389648438,1491900.0,201.81898498535156
2017-09-12,217.3000030517578,213.11000061035156,213.30999755859375,215.5399932861328,1580700.0,204.80255126953125
2017-09-13,215.52999877929688,213.61000061035156,215.1199951171875,215.0,800900.0,204.28945922851562
2017-09-14,216.19000244140625,214.02999877929688,214.16000366210938,214.52000427246094,967900.0,203.83340454101562
2017-09-15,217.0,211.74000549316406,212.8699951171875,214.8300018310547,1811600.0,204.12791442871094
2017-09-18,216.33999633789062,214.11000061035156,215.0,215.0800018310547,1125800.0,204.36546325683594
2017-09-19,216.9499969482422,215.0,215.1300048828125,216.0,2127000.0,205.23963928222656
2017-09-20,222.7100067138672,215.57000732421875,216.3699951171875,220.5,4275900.0,209.5154571533203
2017-09-21,220.77999877929688,218.0,220.0,218.8300018310547,2092300.0,207.92868041992188
2017-09-22,220.9499969482422,217.83999633789062,218.85000610351562,220.0,1607600.0,209.0403594970703
2017-09-25,220.9199981689453,217.60000610351562,220.1300048828125,219.1999969482422,1277500.0,208.2801971435547
2017-09-26,220.32000732421875,218.5399932861328,218.74000549316406,219.80999755859375,1404700.0,208.85984802246094
2017-09-27,220.97999572753906,220.0,220.77999877929688,220.0,1262300.0,209.0403594970703
2017-09-28,224.5,219.1199951171875,219.6199951171875,224.25999450683594,1467900.0,213.08811950683594
2017-09-29,226.33999633789062,223.49000549316406,224.25999450683594,225.5800018310547,1290200.0,214.34239196777344
2017-10-02,227.0,224.60000610351562,225.50999450683594,226.3300018310547,1168800.0,215.05506896972656
2017-10-03,226.89999389648438,222.5800018310547,226.19000244140625,223.0,1291300.0,211.8909454345703
2017-10-04,223.47000122070312,221.2100067138672,222.8699951171875,221.32000732421875,1004800.0,210.2946319580078
2017-10-05,221.66000366210938,217.77000427246094,218.38999938964844,221.61000061035156,2072800.0,210.57015991210938
2017-10-06,222.24000549316406,220.22000122070312,221.50999450683594,220.8000030517578,783000.0,209.80052185058594
2017-10-09,221.77000427246094,220.0399932861328,221.11000061035156,220.63999938964844,1024600.0,209.64849853515625
2017-10-10,222.22000122070312,220.64999389648438,221.35000610351562,220.77999877929688,710200.0,209.78152465820312
2017-10-11,223.0,221.25,221.4600067138672,222.67999267578125,1318600.0,211.5868682861328
2017-10-12,225.8300018310547,222.30999755859375,222.57000732421875,225.05999755859375,1172400.0,213.84829711914062
2017-10-13,226.0800018310547,222.0,225.49000549316406,222.22000122070312,1088200.0,211.1497802734375
2017-10-16,222.8800048828125,220.27999877929688,222.72000122070312,221.35000610351562,762800.0,210.32313537597656
2017-10-17,221.50999450683594,219.80999755859375,221.00999450683594,220.10000610351562,1034000.0,209.1353759765625
2017-10-18,223.27000427246094,220.2100067138672,220.4600067138672,222.3000030517578,851300.0,211.2257843017578
2017-10-19,224.0,220.61000061035156,221.47999572753906,223.97000122070312,1487000.0,212.81263732910156
2017-10-20,225.85000610351562,224.0,224.94000244140625,225.07000732421875,1297900.0,213.8578338623047
2017-10-23,226.5800018310547,224.69000244140625,226.0,225.33999633789062,1192400.0,214.11436462402344
2017-10-24,226.72000122070312,225.24000549316406,225.74000549316406,225.83999633789062,1107100.0,214.58944702148438
2017-10-25,226.41000366210938,225.02000427246094,225.38999938964844,225.5,1108600.0,214.2664031982422
2017-10-26,230.0800018310547,225.89999389648438,226.32000732421875,229.0399932861328,1430400.0,217.6300506591797
2017-10-27,231.35000610351562,228.61000061035156,228.99000549316406,230.47000122070312,1241400.0,218.9888153076172
2017-10-30,230.4499969482422,227.1699981689453,230.07000732421875,227.72000122070312,742800.0,216.3757781982422
2017-10-31,228.30999755859375,225.77999877929688,228.1199951171875,225.80999755859375,949200.0,214.56094360351562
2017-11-01,227.3800048828125,224.6699981689453,227.0,225.4600067138672,1149900.0,214.2283935546875
2017-11-02,226.5,222.86000061035156,225.6999969482422,225.3000030517578,1318400.0,214.07635498046875
2017-11-03,225.9199981689453,223.74000549316406,225.16000366210938,224.24000549316406,810600.0,213.06918334960938
2017-11-06,224.13999938964844,220.52000427246094,223.6300048828125,220.9499969482422,1103700.0,209.94305419921875
2017-11-07,222.83999633789062,220.8000030517578,221.55999755859375,221.16000366210938,855600.0,210.14260864257812
2017-11-08,221.91000366210938,219.8300018310547,220.42999267578125,220.5,972900.0,209.5154571533203
2017-11-09,219.75,215.47000122070312,219.39999389648438,217.44000244140625,1003400.0,206.60787963867188
2017-11-10,218.4499969482422,216.27000427246094,216.88999938964844,218.14999389648438,936300.0,207.2825469970703
2017-11-13,221.77000427246094,218.64999389648438,219.5,221.42999267578125,1209500.0,210.3991241455078
2017-11-14,220.97999572753906,219.52000427246094,220.80999755859375,219.94000244140625,805000.0,208.9833221435547
2017-11-15,219.8800048828125,214.1699981689453,218.9600067138672,214.4499969482422,1323400.0,203.766845703125
2017-11-16,218.67999267578125,214.80999755859375,215.32000732421875,217.91000366210938,1520300.0,207.05447387695312
2017-11-17,218.27999877929688,215.86000061035156,217.05999755859375,216.0,1446800.0,205.23963928222656
2017-11-20,218.33999633789062,216.0500030517578,216.61000061035156,217.25,991200.0,206.42738342285156
2017-11-21,217.97000122070312,216.8300018310547,217.8800048828125,217.32000732421875,1226000.0,206.49391174316406
2017-11-22,218.4199981689453,216.52999877929688,218.02999877929688,217.8300018310547,1331900.0,206.9784698486328
2017-11-24,219.10000610351562,216.35000610351562,219.0,217.0,703600.0,206.18983459472656
2017-11-27,218.36000061035156,216.36000061035156,217.11000061035156,217.8699951171875,1244700.0,207.01651000976562
2017-11-28,218.9199981689453,216.7100067138672,218.82000732421875,218.50999450683594,1647700.0,207.62460327148438
2017-11-29,226.47999572753906,218.77000427246094,218.9199981689453,225.92999267578125,1881800.0,214.67495727539062
2017-11-30,233.88999938964844,227.3300018310547,227.3300018310547,231.4600067138672,2789100.0,219.92950439453125
2017-12-01,232.99000549316406,226.1699981689453,231.72000122070312,230.83999633789062,1809900.0,219.34039306640625
2017-12-04,243.05999755859375,233.7899932861328,234.77000427246094,239.0500030517578,3049700.0,227.1414031982422
2017-12-05,239.50999450683594,235.07000732421875,238.3000030517578,235.39999389648438,1592100.0,223.6732177734375
2017-12-06,237.77000427246094,233.6699981689453,234.64999389648438,236.38999938964844,1523400.0,224.6138916015625
2017-12-07,240.27999877929688,235.75,236.41000366210938,239.3000030517578,1232200.0,227.37893676757812
2017-12-08,241.0,238.80999755859375,240.27000427246094,240.72999572753906,1196600.0,229.21661376953125
2017-12-11,241.11000061035156,237.25999450683594,239.6699981689453,238.61000061035156,1423000.0,227.197998046875
2017-12-12,241.3699951171875,238.02000427246094,238.64999389648438,239.5,1731100.0,228.04541015625
2017-12-13,243.47999572753906,239.5,240.38999938964844,242.02000427246094,1204800.0,230.4449005126953
2017-12-14,242.82000732421875,238.30999755859375,242.22999572753906,238.5,1537000.0,227.09327697753906
2017-12-15,241.74000549316406,239.55999755859375,240.5,240.0500030517578,2227000.0,228.5691375732422
2017-12-18,243.75,241.10000610351562,243.0,241.91000366210938,1977900.0,230.34017944335938
2017-12-19,243.52000427246094,240.35000610351562,242.11000061035156,242.5399932861328,2330000.0,230.94004821777344
2017-12-20,253.24000549316406,246.60000610351562,252.60000610351562,251.07000732421875,5898100.0,239.06207275390625
2017-12-21,255.11000061035156,248.75999450683594,253.83999633789062,250.1699981689453,3257100.0,238.20513916015625
2017-12-22,251.5500030517578,249.1699981689453,250.55999755859375,250.02000427246094,1341200.0,238.0623016357422
2017-12-26,251.25,249.2100067138672,250.39999389648438,249.63999938964844,755900.0,237.70050048828125
2017-12-27,250.35000610351562,248.80999755859375,250.25999450683594,250.02999877929688,890200.0,238.07180786132812
2017-12-28,250.6199951171875,247.27000427246094,250.0,248.32000732421875,1003400.0,236.4436492919922
2017-12-29,250.6999969482422,248.5800018310547,249.0,249.5399932861328,1162200.0,237.60525512695312
2018-01-02,257.6000061035156,250.0,250.8300018310547,257.6000061035156,2461300.0,245.27980041503906
2018-01-03,261.57000732421875,256.010009765625,257.260009765625,260.82000732421875,2149600.0,248.3457794189453
2018-01-04,266.2200012207031,262.0,262.2900085449219,264.8800048828125,2600400.0,252.2116241455078
2018-01-05,271.3900146484375,263.6199951171875,266.25,265.9200134277344,2863900.0,253.201904296875
2018-01-08,270.1700134277344,266.8900146484375,268.8999938964844,268.6600036621094,1956000.0,255.81082153320312
2018-01-09,271.0,267.0,270.0,267.75,1648300.0,254.9442901611328
2018-01-10,268.7200012207031,263.6199951171875,265.29998779296875,268.010009765625,1644400.0,255.19186401367188
2018-01-11,271.20001220703125,267.6300048828125,268.5,271.19000244140625,1652100.0,258.21978759765625
2018-01-12,271.8999938964844,269.55999755859375,271.25,271.8500061035156,1342900.0,258.8482666015625
2018-01-16,273.1600036621094,267.2099914550781,272.2699890136719,269.5799865722656,1668600.0,256.6867370605469
2018-01-17,271.8999938964844,268.04998779296875,270.6400146484375,271.489990234375,1378100.0,258.50543212890625
2018-01-18,274.6600036621094,270.6499938964844,272.2699890136719,272.17999267578125,1903100.0,259.16241455078125
2018-01-19,274.3800048828125,269.82000732421875,272.7799987792969,274.32000732421875,1420400.0,261.20013427734375
2018-01-22,274.1000061035156,271.29998779296875,273.04998779296875,273.8900146484375,1006300.0,260.7906799316406
2018-01-23,273.95001220703125,271.32000732421875,273.95001220703125,272.0199890136719,1182800.0,259.0101013183594
2018-01-24,272.8800048828125,268.82000732421875,272.44000244140625,270.4100036621094,1421700.0,257.4770812988281
2018-01-25,271.1000061035156,266.7699890136719,271.1000061035156,268.0400085449219,1603500.0,255.2205047607422
2018-01-26,269.0,265.69000244140625,268.510009765625,268.8500061035156,1522200.0,255.99172973632812
2018-01-29,270.54998779296875,267.2699890136719,267.5,267.69000244140625,1153300.0,254.88720703125
2018-01-30,266.8399963378906,259.510009765625,266.5400085449219,261.4599914550781,2455400.0,248.95518493652344
2018-01-31,267.1700134277344,261.6600036621094,263.70001220703125,262.4800109863281,1764600.0,249.92640686035156
2018-02-01,265.6700134277344,257.3299865722656,258.1499938964844,261.8299865722656,2318100.0,249.30746459960938
2018-02-02,261.239990234375,255.72000122070312,260.5799865722656,255.8699951171875,1655000.0,243.63250732421875
2018-02-05,259.1300048828125,248.36000061035156,252.47999572753906,248.5,2315400.0,236.61500549316406
2018-02-06,254.1199951171875,242.50999450683594,244.44000244140625,250.17999267578125,3366200.0,238.21463012695312
2018-02-07,254.47000122070312,248.50999450683594,248.9600067138672,251.14999389648438,1520100.0,239.13824462890625
2018-02-08,251.64999389648438,239.13999938964844,251.64999389648438,239.27000427246094,2735400.0,227.82643127441406
2018-02-09,239.0,226.1999969482422,235.6999969482422,235.32000732421875,5153300.0,224.0653839111328
2018-02-12,241.3800048828125,235.39999389648438,236.80999755859375,239.92999267578125,2667200.0,228.45489501953125
2018-02-13,241.52999877929688,236.72000122070312,238.74000549316406,240.32000732421875,1537700.0,228.82623291015625
2018-02-14,242.3300018310547,238.85000610351562,239.75,240.82000732421875,1817100.0,229.30233764648438
2018-02-15,245.1300048828125,238.6699981689453,241.9199981689453,245.02999877929688,1707700.0,233.3109588623047
2018-02-16,247.72000122070312,242.60000610351562,244.0,244.19000244140625,1476800.0,232.51112365722656
2018-02-20,244.3000030517578,240.25,243.36000061035156,240.97999572753906,1125400.0,229.4546356201172
2018-02-21,247.75,241.0,241.0,243.3000030517578,1281300.0,231.66368103027344
2018-02-22,248.19000244140625,244.0500030517578,244.14999389648438,245.42999267578125,1383500.0,233.6918182373047
2018-02-23,252.24000549316406,247.5,248.22000122070312,252.22000122070312,1806900.0,240.1571044921875
2018-02-26,255.14999389648438,250.0,253.0,254.50999450683594,1534300.0,242.3375701904297
2018-02-27,255.9199981689453,248.61000061035156,254.6300048828125,248.74000549316406,1393700.0,236.84352111816406
2018-02-28,251.60000610351562,246.25999450683594,249.55999755859375,246.41000366210938,1739400.0,234.62496948242188
2018-03-01,250.47000122070312,242.49000549316406,246.35000610351562,243.6999969482422,1967800.0,232.04458618164062
2018-03-02,242.82000732421875,238.0,241.5800018310547,241.30999755859375,1729900.0,229.76889038085938
2018-03-05,243.11000061035156,237.1999969482422,239.39999389648438,241.94000244140625,1064200.0,230.36875915527344
2018-03-06,244.6199951171875,241.5800018310547,243.57000732421875,243.0399932861328,1434900.0,231.41615295410156
2018-03-07,243.41000366210938,239.5,240.0,241.67999267578125,1648200.0,230.12118530273438
2018-03-08,242.00999450683594,236.17999267578125,242.0,240.47000122070312,1837500.0,228.96905517578125
2018-03-09,247.38999938964844,240.94000244140625,242.42999267578125,247.1199951171875,1644700.0,235.791259765625
2018-03-12,248.5,245.64999389648438,247.0800018310547,246.5399932861328,1277100.0,235.23782348632812
2018-03-13,252.74000549316406,246.77999877929688,247.5800018310547,250.77000427246094,1950400.0,239.27394104003906
2018-03-14,252.5,246.57000732421875,252.24000549316406,246.91000366210938,1539300.0,235.5908966064453
2018-03-15,251.6199951171875,247.22000122070312,247.5500030517578,247.39999389648438,1732100.0,236.05844116210938
2018-03-16,254.1199951171875,248.02000427246094,248.49000549316406,252.02999877929688,2167000.0,240.47618103027344
2018-03-19,252.8000030517578,246.3000030517578,251.22000122070312,249.61000061035156,1984000.0,238.16708374023438
2018-03-20,254.02000427246094,249.3800048828125,250.5500030517578,251.99000549316406,3398100.0,240.4380340576172
2018-03-21,258.0,249.00999450683594,252.25,249.02000427246094,4843700.0,237.60418701171875
2018-03-22,246.0,235.38999938964844,246.0,236.27000427246094,4249800.0,225.43869018554688
2018-03-23,238.74000549316406,228.89999389648438,237.05999755859375,229.47999572753906,2666300.0,218.9599151611328
2018-03-26,240.08999633789062,231.52000427246094,233.75,239.85000610351562,2659400.0,228.85455322265625
2018-03-27,241.27000427246094,233.17999267578125,240.32000732421875,234.63999938964844,1907100.0,223.88339233398438
2018-03-28,237.0,232.42999267578125,234.63999938964844,234.8000030517578,1882000.0,224.0360565185547
2018-03-29,242.5800018310547,236.8000030517578,236.94000244140625,240.11000061035156,1923500.0,229.10264587402344
2018-04-02,241.8800048828125,235.1999969482422,239.19000244140625,238.5,2063900.0,227.56643676757812
2018-04-03,241.2899932861328,237.0800018310547,239.22000122070312,241.0399932861328,1540100.0,229.989990234375
2018-04-04,239.10000610351562,232.52999877929688,236.50999450683594,238.75999450683594,2027400.0,227.8144989013672
2018-04-05,241.94000244140625,237.19000244140625,239.30999755859375,241.07000732421875,1153600.0,230.01861572265625
2018-04-06,239.6300048828125,231.7100067138672,239.27999877929688,234.2899932861328,1447000.0,223.54940795898438
2018-04-09,238.3800048828125,234.05999755859375,235.6999969482422,234.32000732421875,1385400.0,223.5780792236328
2018-04-10,240.75999450683594,236.9499969482422,238.0,238.0,1649200.0,227.08934020996094
2018-04-11,238.91000366210938,235.77999877929688,236.1199951171875,238.0,906000.0,227.08934020996094
2018-04-12,243.5800018310547,239.42999267578125,239.5399932861328,241.91000366210938,1167800.0,230.8201141357422
2018-04-13,246.9499969482422,243.10000610351562,243.6199951171875,244.49000549316406,1651800.0,233.2818603515625
2018-04-16,251.0800018310547,245.6199951171875,245.6199951171875,250.02999877929688,1417400.0,238.56785583496094
2018-04-17,253.14999389648438,250.3800048828125,251.72000122070312,252.0,1351800.0,240.4475555419922
2018-04-18,257.4700012207031,250.02999877929688,252.22999572753906,255.52999877929688,2186200.0,243.8157196044922
2018-04-19,254.97999572753906,249.58999633789062,254.97999572753906,251.58999633789062,1483900.0,240.0563507080078
2018-04-20,252.47000122070312,245.5,251.7100067138672,247.1199951171875,1512500.0,235.791259765625
2018-04-23,249.3800048828125,246.6699981689453,247.33999633789062,248.82000732421875,813900.0,237.41334533691406
2018-04-24,253.88999938964844,243.24000549316406,250.38999938964844,245.55999755859375,1817800.0,234.30276489257812
2018-04-25,248.00999450683594,243.57000732421875,245.47000122070312,246.89999389648438,1316000.0,235.58135986328125
2018-04-26,250.5399932861328,244.58999633789062,247.1999969482422,246.92999267578125,1708400.0,235.60997009277344
2018-04-27,250.88999938964844,245.7100067138672,246.92999267578125,250.3300018310547,1243600.0,238.85411071777344
2018-04-30,252.94000244140625,246.6699981689453,251.08999633789062,247.1999969482422,1603400.0,235.8675994873047
2018-05-01,248.30999755859375,243.25999450683594,247.22999572753906,244.66000366210938,1599400.0,233.44406127929688
2018-05-02,243.91000366210938,238.74000549316406,243.77999877929688,240.60000610351562,1461900.0,229.57015991210938
2018-05-03,243.8000030517578,236.61000061035156,239.25,242.14999389648438,1355400.0,231.04908752441406
2018-05-04,246.13999938964844,238.57000732421875,240.5500030517578,244.94000244140625,989500.0,233.7112274169922
2018-05-07,246.72000122070312,242.30999755859375,245.69000244140625,243.1199951171875,1308600.0,231.97463989257812
2018-05-08,245.3300018310547,240.89999389648438,240.97999572753906,241.9499969482422,1682500.0,230.85826110839844
2018-05-09,244.30999755859375,241.0800018310547,243.11000061035156,244.1699981689453,1388700.0,232.97650146484375
2018-05-10,248.2100067138672,244.49000549316406,244.64999389648438,247.6999969482422,1232900.0,236.3446502685547
2018-05-11,252.1999969482422,247.97000122070312,248.22000122070312,250.89999389648438,1941200.0,239.3979949951172
2018-05-14,253.77999877929688,250.75,252.60000610351562,251.35000610351562,1047600.0,239.8273468017578
2018-05-15,249.5800018310547,246.25,249.47999572753906,247.33999633789062,1638200.0,236.00120544433594
2018-05-16,248.72000122070312,246.5399932861328,247.77999877929688,247.1199951171875,1101200.0,235.791259765625
2018-05-17,250.22999572753906,247.27999877929688,247.69000244140625,248.4600067138672,1084000.0,237.0698699951172
2018-05-18,249.72999572753906,246.7100067138672,247.8800048828125,249.4499969482422,1195700.0,238.01446533203125
2018-05-21,254.94000244140625,250.67999267578125,251.0,254.66000366210938,1384200.0,242.98561096191406
2018-05-22,256.29998779296875,252.35000610351562,255.14999389648438,252.58999633789062,1011300.0,241.010498046875
2018-05-23,252.02000427246094,248.6199951171875,252.02000427246094,250.47000122070312,1106800.0,238.98768615722656
2018-05-24,252.00999450683594,248.5,250.17999267578125,251.74000549316406,1496300.0,240.19947814941406
2018-05-25,253.17999267578125,250.86000061035156,250.86000061035156,251.5,841200.0,239.9705047607422
2018-05-29,251.4600067138672,246.30999755859375,250.22999572753906,247.61000061035156,1159700.0,236.2587890625
2018-05-30,254.19000244140625,248.60000610351562,248.72999572753906,253.0800018310547,1201800.0,241.47804260253906
2018-05-31,253.5500030517578,248.8000030517578,253.5500030517578,249.1199951171875,1300900.0,237.69956970214844
2018-06-01,254.8000030517578,251.10000610351562,251.57000732421875,253.60000610351562,1174500.0,241.9742431640625
2018-06-04,256.5,251.63999938964844,254.7100067138672,251.8800048828125,919300.0,240.33306884765625
2018-06-05,252.75,249.75,251.55999755859375,252.0,953900.0,240.4475555419922
2018-06-06,256.739990234375,251.50999450683594,253.92999267578125,256.54998779296875,1096300.0,244.78895568847656
2018-06-07,260.6199951171875,254.97999572753906,257.29998779296875,257.25,1758700.0,245.4568328857422
2018-06-08,260.4100036621094,256.75,256.9700012207031,260.1499938964844,1221800.0,248.2239227294922
2018-06-11,263.4200134277344,260.1400146484375,260.1400146484375,261.9700012207031,1424300.0,249.9604949951172
2018-06-12,266.6700134277344,263.19000244140625,263.5899963378906,265.5299987792969,1782400.0,253.35728454589844
2018-06-13,266.0299987792969,262.3399963378906,265.9700012207031,262.9200134277344,1147800.0,250.86697387695312
2018-06-14,264.0799865722656,261.3599853515625,264.0,263.4800109863281,1015600.0,251.40127563476562
2018-06-15,264.989990234375,260.8399963378906,262.510009765625,264.55999755859375,1363700.0,252.4317626953125
2018-06-18,264.6499938964844,261.5799865722656,263.0899963378906,263.6700134277344,1392400.0,251.5825958251953
2018-06-19,261.510009765625,254.75,261.42999267578125,258.3900146484375,3160700.0,246.54461669921875
2018-06-20,257.30999755859375,251.08999633789062,257.30999755859375,251.42999267578125,3906200.0,239.90370178222656
2018-06-21,251.8000030517578,245.64999389648438,251.50999450683594,246.72000122070312,3665100.0,235.40960693359375
2018-06-22,248.13999938964844,241.5,247.89999389648438,241.77000427246094,2635600.0,231.29591369628906
2018-06-25,240.3300018310547,231.97999572753906,239.72999572753906,234.52999877929688,3605700.0,224.3695831298828
2018-06-26,237.92999267578125,233.6999969482422,235.60000610351562,236.85000610351562,1954200.0,226.58905029296875
2018-06-27,238.63999938964844,229.63999938964844,236.85000610351562,229.75,2596500.0,219.79661560058594
2018-06-28,228.05999755859375,222.44000244140625,226.1699981689453,226.6699981689453,4067900.0,216.8500518798828
2018-06-29,230.75,227.0,228.1699981689453,227.05999755859375,2262700.0,217.22315979003906
2018-07-02,229.6300048828125,225.25999450683594,225.3699951171875,229.38999938964844,1587500.0,219.4521942138672
2018-07-03,231.4499969482422,227.27999877929688,230.58999633789062,227.61000061035156,922000.0,217.7493438720703
2018-07-05,229.1300048828125,225.50999450683594,228.33999633789062,228.5800018310547,1623600.0,218.67730712890625
2018-07-06,229.2899932861328,225.35000610351562,228.5800018310547,228.27000427246094,1584900.0,218.38075256347656
2018-07-09,235.4600067138672,228.97999572753906,229.2100067138672,234.94000244140625,1733900.0,224.7617950439453
2018-07-10,237.1999969482422,234.32000732421875,235.39999389648438,235.66000366210938,1195700.0,225.4506072998047
2018-07-11,233.47000122070312,229.61000061035156,233.24000549316406,230.22000122070312,1394600.0,220.24627685546875
2018-07-12,233.75,229.61000061035156,231.77999877929688,232.69000244140625,1333200.0,222.60928344726562
2018-07-13,234.88999938964844,231.80999755859375,232.0,233.75,983400.0,223.62335205078125
2018-07-16,233.97000122070312,229.0500030517578,232.32000732421875,230.17999267578125,1935900.0,220.2080078125
2018-07-17,231.44000244140625,229.4600067138672,229.72999572753906,231.14999389648438,1801300.0,221.13597106933594
2018-07-18,236.83999633789062,231.27999877929688,231.58999633789062,236.19000244140625,1888800.0,225.95762634277344
2018-07-19,237.35000610351562,234.0,235.1199951171875,236.5500030517578,1549800.0,226.3020477294922
2018-07-20,236.02999877929688,233.52999877929688,235.4499969482422,234.92999267578125,1705400.0,224.7522430419922
2018-07-23,236.8699951171875,234.24000549316406,234.86000061035156,236.39999389648438,1207100.0,226.1585235595703
2018-07-24,240.32000732421875,236.3000030517578,237.69000244140625,236.8300018310547,1928200.0,226.5699005126953
2018-07-25,240.5500030517578,236.44000244140625,237.17999267578125,240.24000549316406,1885300.0,229.83216857910156
2018-07-26,243.02000427246094,239.67999267578125,241.1999969482422,241.24000549316406,1505900.0,230.78884887695312
2018-07-27,244.1300048828125,240.07000732421875,241.97999572753906,240.83999633789062,1215300.0,230.4062042236328
2018-07-30,244.35000610351562,240.02000427246094,240.77000427246094,240.44000244140625,1212800.0,230.0235137939453
2018-07-31,248.6199951171875,242.44000244140625,242.52000427246094,245.8699951171875,1886200.0,235.21826171875
2018-08-01,245.6999969482422,240.67999267578125,245.6999969482422,241.10000610351562,1096700.0,230.65493774414062
2018-08-02,241.9199981689453,238.77999877929688,240.0,241.1199951171875,1030000.0,230.674072265625
2018-08-03,244.07000732421875,240.19000244140625,240.6300048828125,243.32000732421875,962300.0,232.77874755859375
2018-08-06,245.52999877929688,242.36000061035156,242.36000061035156,245.1300048828125,1209700.0,234.51034545898438
2018-08-07,249.69000244140625,244.69000244140625,245.85000610351562,247.85000610351562,1144700.0,237.1125030517578
2018-08-08,248.27999877929688,245.38999938964844,247.8000030517578,245.49000549316406,888600.0,234.854736328125
2018-08-09,247.07000732421875,244.7899932861328,246.0,244.8000030517578,1115600.0,234.1946258544922
2018-08-10,244.19000244140625,240.33999633789062,244.19000244140625,241.75999450683594,1483100.0,231.28631591796875
2018-08-13,242.6699981689453,240.16000366210938,242.0,240.99000549316406,900100.0,230.5496826171875
2018-08-14,246.0500030517578,241.5500030517578,241.5500030517578,243.6999969482422,1038800.0,233.14230346679688
2018-08-15,244.02999877929688,239.89999389648438,243.07000732421875,243.47999572753906,915300.0,232.93179321289062
2018-08-16,248.66000366210938,244.5,245.02000427246094,246.25,1031200.0,235.581787109375
2018-08-17,247.4499969482422,245.47999572753906,246.0399932861328,246.94000244140625,803800.0,236.24191284179688
2018-08-20,249.9199981689453,247.33999633789062,247.33999633789062,248.7899932861328,1031400.0,238.0117645263672
2018-08-21,252.2899932861328,248.7899932861328,248.7899932861328,251.11000061035156,1263800.0,240.2312774658203
2018-08-22,250.77000427246094,246.60000610351562,250.13999938964844,246.94000244140625,1168200.0,236.24191284179688
2018-08-23,247.66000366210938,243.80999755859375,246.86000061035156,244.47000122070312,1205400.0,233.87890625
2018-08-24,246.07000732421875,244.47999572753906,245.66000366210938,245.02000427246094,1066100.0,234.4051055908203
2018-08-27,249.83999633789062,246.33999633789062,246.33999633789062,248.89999389648438,1650900.0,238.1170196533203
2018-08-28,249.6699981689453,247.25999450683594,249.4600067138672,247.6300048828125,857900.0,236.90203857421875
2018-08-29,248.3800048828125,246.8000030517578,248.1199951171875,247.60000610351562,981700.0,236.8733367919922
2018-08-30,247.92999267578125,245.85000610351562,247.4600067138672,246.74000549316406,1171400.0,236.0506134033203
2018-08-31,246.64999389648438,243.44000244140625,246.4199981689453,243.9499969482422,1476000.0,233.38143920898438
2018-09-04,243.92999267578125,240.8300018310547,243.89999389648438,241.2899932861328,1891400.0,230.83668518066406
2018-09-05,245.19000244140625,240.3800048828125,241.05999755859375,244.75999450683594,1889200.0,234.15635681152344
2018-09-06,247.1300048828125,243.0500030517578,244.13999938964844,246.19000244140625,1069400.0,235.52439880371094
2018-09-07,248.3300018310547,244.0500030517578,245.0,245.97000122070312,1217300.0,235.9368438720703
2018-09-10,250.97999572753906,245.52999877929688,246.0800018310547,249.4499969482422,1229900.0,239.2749481201172
2018-09-11,250.13999938964844,247.3000030517578,248.88999938964844,249.36000061035156,1151500.0,239.1885986328125
2018-09-12,254.27000427246094,248.58999633789062,249.36000061035156,252.97999572753906,1558200.0,242.66094970703125
2018-09-13,257.3299865722656,252.77999877929688,254.47999572753906,253.1699981689453,1717600.0,242.8431854248047
2018-09-14,256.9100036621094,253.30999755859375,253.39999389648438,255.44000244140625,1253300.0,245.0206298828125
2018-09-17,259.25,253.6699981689453,257.2699890136719,255.72999572753906,2226500.0,245.2987518310547
2018-09-18,250.0,241.22000122070312,249.74000549316406,241.5800018310547,6941200.0,231.7259521484375
2018-09-19,243.50999450683594,238.63999938964844,241.3000030517578,242.8800048828125,3288700.0,232.972900390625
2018-09-20,247.57000732421875,244.14999389648438,244.64999389648438,246.80999755859375,2379900.0,236.74261474609375
2018-09-21,250.9499969482422,246.8300018310547,249.22999572753906,247.32000732421875,2389800.0,237.23184204101562
2018-09-24,247.1199951171875,242.6300048828125,246.5399932861328,243.83999633789062,1716600.0,233.89373779296875
2018-09-25,244.52000427246094,238.8000030517578,244.32000732421875,239.1999969482422,2921100.0,229.44300842285156
2018-09-26,243.19000244140625,238.89999389648438,239.57000732421875,241.11000061035156,2270900.0,231.2751007080078
2018-09-27,242.17999267578125,239.25,241.44000244140625,240.6999969482422,1422300.0,230.88185119628906
2018-09-28,241.17999267578125,237.50999450683594,239.9199981689453,240.7899932861328,1837700.0,230.96817016601562
2018-10-01,243.5500030517578,239.3699951171875,242.47999572753906,239.92999267578125,1427100.0,230.1432342529297
2018-10-02,240.94000244140625,238.80999755859375,239.47999572753906,239.0,1223700.0,229.25119018554688
2018-10-03,243.36000061035156,239.3300018310547,239.33999633789062,240.94000244140625,1269000.0,231.11204528808594
2018-10-04,242.38999938964844,237.6699981689453,240.80999755859375,239.07000732421875,1101300.0,229.31832885742188
2018-10-05,239.60000610351562,232.92999267578125,239.00999450683594,236.05999755859375,1520500.0,226.4311065673828
2018-10-08,238.60000610351562,232.77999877929688,234.9199981689453,234.99000549316406,1527800.0,225.40478515625
2018-10-09,234.75,229.14999389648438,234.39999389648438,229.75,1668700.0,220.3784942626953
2018-10-10,229.5500030517578,221.35000610351562,229.14999389648438,221.4600067138672,2575300.0,212.4266357421875
2018-10-11,224.6999969482422,216.80999755859375,220.50999450683594,217.4199981689453,2739700.0,208.5514373779297
2018-10-12,224.75999450683594,217.64999389648438,224.13999938964844,221.0,2869200.0,211.9853973388672
2018-10-15,221.66000366210938,219.10000610351562,220.92999267578125,221.02000427246094,2276300.0,212.00457763671875
2018-10-16,226.35000610351562,221.69000244140625,222.9199981689453,226.17999267578125,1722100.0,216.9541015625
2018-10-17,226.0,222.44000244140625,226.0,223.4600067138672,1377800.0,214.34506225585938
2018-10-18,223.42999267578125,216.08999633789062,222.5,217.2899932861328,1906800.0,208.42669677734375
2018-10-19,220.74000549316406,216.97000122070312,217.64999389648438,219.8000030517578,1691000.0,210.83436584472656
2018-10-22,220.6699981689453,217.0399932861328,219.75,218.39999389648438,1366300.0,209.491455078125
2018-10-23,219.4499969482422,212.17999267578125,215.0500030517578,218.3800048828125,1953800.0,209.4722900390625
2018-10-24,219.4199981689453,208.85000610351562,216.6199951171875,209.1999969482422,2168500.0,200.6667022705078
2018-10-25,215.50999450683594,210.55999755859375,211.3300018310547,213.77999877929688,1632700.0,205.05990600585938
2018-10-26,214.25,208.10000610351562,210.8800048828125,210.52999877929688,1678100.0,201.9424591064453
2018-10-29,215.8800048828125,207.89999389648438,213.55999755859375,211.0399932861328,1356400.0,202.4316864013672
2018-10-30,217.13999938964844,210.89999389648438,211.0800018310547,216.52999877929688,1302400.0,207.69775390625
2018-10-31,222.86000061035156,219.0800018310547,219.0800018310547,220.33999633789062,1721800.0,211.35232543945312
2018-11-01,225.1300048828125,218.35000610351562,221.0,224.0399932861328,1537700.0,214.9014129638672
2018-11-02,227.64999389648438,220.4499969482422,226.6699981689453,221.66000366210938,1808400.0,212.61846923828125
2018-11-05,224.10000610351562,221.5800018310547,222.10000610351562,222.61000061035156,1257200.0,213.52969360351562
2018-11-06,227.1699981689453,221.9199981689453,222.5399932861328,226.77000427246094,1252700.0,217.52001953125
2018-11-07,231.55999755859375,225.1699981689453,228.3699951171875,231.27999877929688,1289200.0,221.8460693359375
2018-11-08,231.80999755859375,227.85000610351562,230.35000610351562,229.39999389648438,1039700.0,220.0427703857422
2018-11-09,229.60000610351562,222.66000366210938,229.0,224.39999389648438,1695000.0,215.24671936035156
2018-11-12,225.19000244140625,218.77000427246094,224.58999633789062,219.6300048828125,1577800.0,210.67132568359375
2018-11-13,225.25,220.0399932861328,220.7899932861328,222.50999450683594,1086500.0,213.43380737304688
2018-11-14,227.3000030517578,222.99000549316406,224.5399932861328,225.16000366210938,1380300.0,215.97573852539062
2018-11-15,229.4600067138672,221.97999572753906,223.22999572753906,227.80999755859375,1285900.0,218.5176239013672
2018-11-16,228.1699981689453,224.58999633789062,226.8800048828125,226.69000244140625,1240900.0,217.4433135986328
2018-11-19,228.99000549316406,224.69000244140625,226.4600067138672,226.3000030517578,1106200.0,217.06922912597656
2018-11-20,224.1699981689453,220.02000427246094,222.72000122070312,221.33999633789062,1620300.0,212.3115234375
2018-11-21,226.3000030517578,222.35000610351562,222.35000610351562,222.5500030517578,1019900.0,213.47216796875
2018-11-23,226.0,220.55999755859375,221.4199981689453,223.39999389648438,498200.0,214.28750610351562
2018-11-26,226.1199951171875,223.10000610351562,225.8800048828125,225.0399932861328,1165700.0,215.86061096191406
2018-11-27,225.85000610351562,222.4199981689453,223.77999877929688,225.22999572753906,1122000.0,216.04286193847656
2018-11-28,231.85000610351562,225.1300048828125,226.55999755859375,231.85000610351562,1311500.0,222.392822265625
2018-11-29,231.5,227.3300018310547,230.9199981689453,227.5,1162900.0,218.22027587890625
2018-11-30,229.57000732421875,226.25,227.1999969482422,229.0,1588900.0,219.6591033935547
2018-12-03,234.49000549316406,228.27000427246094,232.66000366210938,230.0399932861328,1465900.0,220.65664672851562
2018-12-04,227.5500030517578,212.8000030517578,227.0,215.52000427246094,3819600.0,206.7289581298828
2018-12-06,215.30999755859375,209.5,212.0,215.05999755859375,2248100.0,206.28768920898438
2018-12-07,217.4499969482422,200.1199951171875,214.6999969482422,201.38999938964844,3101100.0,193.76092529296875
2018-12-10,198.72999572753906,188.50999450683594,198.7100067138672,192.92999267578125,5887300.0,185.6214141845703
2018-12-11,196.5,187.02999877929688,195.3699951171875,189.64999389648438,4584600.0,182.46566772460938
2018-12-12,193.1199951171875,187.5800018310547,192.38999938964844,188.27000427246094,3684700.0,181.137939453125
2018-12-13,189.4499969482422,183.5500030517578,189.02999877929688,187.17999267578125,4194800.0,180.08921813964844
2018-12-14,188.75,183.10000610351562,185.14999389648438,184.11000061035156,2558200.0,177.13552856445312
2018-12-17,186.1699981689453,181.27999877929688,183.11000061035156,182.19000244140625,3402000.0,175.28823852539062
2018-12-18,186.13999938964844,182.9499969482422,183.52999877929688,185.00999450683594,4300800.0,178.0014190673828
2018-12-19,171.6300048828125,162.5,169.22000122070312,162.50999450683594,15288500.0,156.35379028320312
2018-12-20,164.99000549316406,158.33999633789062,161.99000549316406,159.72000122070312,6552700.0,153.6694793701172
2018-12-21,159.7899932861328,154.66000366210938,158.00999450683594,158.0,6969400.0,152.0146026611328
2018-12-24,157.72999572753906,152.61000061035156,156.9499969482422,152.6999969482422,2935200.0,146.9154052734375
2018-12-26,160.14999389648438,150.94000244140625,154.0,160.14999389648438,3503100.0,154.08316040039062
2018-12-27,161.02000427246094,155.27999877929688,158.5,161.02000427246094,2880200.0,154.9202423095703
2018-12-28,163.7899932861328,158.30999755859375,162.25999450683594,158.97999572753906,2876700.0,152.95748901367188
2018-12-31,161.64999389648438,158.89999389648438,159.55999755859375,161.3300018310547,2175300.0,155.218505859375
2019-01-02,163.3800048828125,157.57000732421875,158.52000427246094,163.19000244140625,2125700.0,157.0080108642578
2019-01-03,163.07000732421875,156.9600067138672,161.7899932861328,157.19000244140625,3033300.0,151.23532104492188
2019-01-04,164.97999572753906,159.5,160.1999969482422,164.42999267578125,2938600.0,158.2010498046875
2019-01-07,166.85000610351562,162.14999389648438,164.88999938964844,166.72999572753906,2989400.0,160.41390991210938
2019-01-08,169.4199981689453,165.30999755859375,168.6999969482422,167.02000427246094,2610700.0,160.6929168701172
2019-01-09,171.22000122070312,167.10000610351562,167.64999389648438,170.58999633789062,2750900.0,164.12767028808594
2019-01-10,170.6199951171875,167.92999267578125,169.07000732421875,170.1199951171875,1958500.0,163.67550659179688
2019-01-11,171.13999938964844,167.1999969482422,169.49000549316406,170.99000549316406,2836400.0,164.51254272460938
2019-01-14,173.10000610351562,169.1199951171875,169.8699951171875,171.5500030517578,2225000.0,165.05133056640625
2019-01-15,172.64999389648438,169.02000427246094,171.47000122070312,170.6300048828125,2165400.0,164.1661834716797
2019-01-16,174.22999572753906,170.94000244140625,171.19000244140625,171.36000061035156,2342800.0,164.86854553222656
2019-01-17,175.0,170.72999572753906,170.9600067138672,173.27000427246094,1789700.0,166.70616149902344
2019-01-18,179.19000244140625,174.5500030517578,175.17999267578125,176.91000366210938,3072100.0,170.20828247070312
2019-01-22,176.72000122070312,174.02000427246094,176.30999755859375,175.89999389648438,2105900.0,169.23651123046875
2019-01-23,177.0800018310547,171.27999877929688,176.83999633789062,173.67999267578125,1853100.0,167.10060119628906
2019-01-24,174.27999877929688,171.7899932861328,173.3699951171875,174.10000610351562,1630100.0,167.5047149658203
2019-01-25,177.55999755859375,174.10000610351562,175.88999938964844,175.36000061035156,1968600.0,168.71697998046875
2019-01-28,174.3300018310547,171.7100067138672,173.5,173.9600067138672,1355500.0,167.3700408935547
2019-01-29,174.3000030517578,172.52000427246094,174.0,173.5800018310547,1090200.0,167.00442504882812
2019-01-30,178.22999572753906,173.16000366210938,175.1199951171875,177.47000122070312,1562700.0,170.74705505371094
2019-01-31,178.7100067138672,176.5800018310547,178.7100067138672,177.57000732421875,1865100.0,170.84329223632812
2019-02-01,180.1199951171875,178.05999755859375,178.3000030517578,179.30999755859375,1812500.0,172.51736450195312
2019-02-04,182.74000549316406,178.3000030517578,179.19000244140625,182.72999572753906,1694700.0,175.8077850341797
2019-02-05,184.32000732421875,182.0800018310547,183.0,183.72999572753906,1670800.0,176.76992797851562
2019-02-06,185.02999877929688,182.86000061035156,183.38999938964844,183.80999755859375,1485300.0,176.8468780517578
2019-02-07,183.44000244140625,179.9499969482422,182.77000427246094,181.3699951171875,1853700.0,174.49929809570312
2019-02-08,180.17999267578125,173.77000427246094,180.0399932861328,177.24000549316406,2461400.0,170.52578735351562
2019-02-11,181.24000549316406,177.64999389648438,177.8000030517578,181.08999633789062,1644700.0,174.22991943359375
2019-02-12,186.22999572753906,181.9499969482422,182.6300048828125,185.4499969482422,1819500.0,178.42474365234375
2019-02-13,187.0399932861328,185.1199951171875,186.10000610351562,185.6199951171875,1364400.0,178.58831787109375
2019-02-14,185.22000122070312,182.97000122070312,184.5399932861328,183.9199981689453,1556900.0,176.95272827148438
2019-02-15,179.5,176.9600067138672,179.0,179.3000030517578,4730700.0,172.5077362060547
2019-02-19,181.8000030517578,178.92999267578125,179.16000366210938,180.25,1836400.0,173.42178344726562
2019-02-20,183.02000427246094,180.25999450683594,180.97999572753906,181.91000366210938,1414700.0,175.0188751220703
2019-02-21,183.4600067138672,181.4199981689453,181.77999877929688,182.27999877929688,1033800.0,175.37486267089844
2019-02-22,182.27999877929688,176.10000610351562,182.07000732421875,180.49000549316406,2023300.0,173.6526641845703
2019-02-25,183.64999389648438,180.67999267578125,181.94000244140625,181.07000732421875,1652900.0,174.2107391357422
2019-02-26,183.9600067138672,180.50999450683594,180.8300018310547,181.7100067138672,1612600.0,174.8264617919922
2019-02-27,182.24000549316406,179.89999389648438,181.07000732421875,181.80999755859375,966200.0,174.92263793945312
2019-02-28,181.63999938964844,180.2100067138672,181.4600067138672,181.0,1260600.0,174.14334106445312
2019-03-01,184.44000244140625,182.0,182.02000427246094,182.8000030517578,1473300.0,175.87515258789062
2019-03-04,185.30999755859375,179.89999389648438,184.07000732421875,181.13999938964844,1694800.0,174.27806091308594
2019-03-05,181.14999389648438,178.5500030517578,180.44000244140625,180.00999450683594,1474500.0,173.19082641601562
2019-03-06,180.75999450683594,177.35000610351562,180.58999633789062,178.17999267578125,1441900.0,171.4301300048828
2019-03-07,176.6199951171875,172.0800018310547,176.1999969482422,172.86000061035156,3743900.0,166.31170654296875
2019-03-08,172.6199951171875,167.61000061035156,169.85000610351562,171.77999877929688,2059100.0,165.8964385986328
2019-03-11,176.6199951171875,171.86000061035156,172.08999633789062,176.4499969482422,1683200.0,170.40650939941406
2019-03-12,178.1999969482422,175.57000732421875,177.0,177.1699981689453,1506100.0,171.10179138183594
2019-03-13,180.10000610351562,177.4499969482422,178.27999877929688,179.52999877929688,1222900.0,173.3809814453125
2019-03-14,179.52999877929688,177.5,179.24000549316406,179.0800018310547,1217000.0,172.9464111328125
2019-03-15,181.83999633789062,177.58999633789062,179.47999572753906,177.97999572753906,2481500.0,171.88406372070312
2019-03-18,182.4199981689453,178.1300048828125,178.1300048828125,182.39999389648438,2230300.0,176.15269470214844
2019-03-19,185.0,180.67999267578125,183.82000732421875,181.41000366210938,4277000.0,175.1966094970703
2019-03-20,175.77000427246094,169.66000366210938,172.75,175.07000732421875,9287800.0,169.07374572753906
2019-03-21,179.33999633789062,172.49000549316406,174.4499969482422,178.99000549316406,3156100.0,172.8594970703125
2019-03-22,178.1300048828125,173.83999633789062,177.5500030517578,173.99000549316406,2439500.0,168.03074645996094
2019-03-25,174.8699951171875,171.3699951171875,173.9199981689453,172.07000732421875,1851000.0,166.17649841308594
2019-03-26,175.24000549316406,172.47000122070312,173.25,175.14999389648438,1430500.0,169.1510009765625
2019-03-27,176.49000549316406,174.58999633789062,175.1199951171875,176.08999633789062,1571900.0,170.0587921142578
2019-03-28,178.25999450683594,174.85000610351562,174.85000610351562,177.89999389648438,2031500.0,171.80679321289062
2019-03-29,182.08999633789062,178.91000366210938,179.02000427246094,181.41000366210938,2171500.0,175.1966094970703
2019-04-01,187.0,182.22000122070312,182.27000427246094,186.4499969482422,2340900.0,180.06398010253906
2019-04-02,186.66000366210938,183.67999267578125,186.50999450683594,184.02999877929688,1553000.0,177.72686767578125
2019-04-03,188.0,184.27999877929688,185.58999633789062,185.19000244140625,1263900.0,178.8471221923828
2019-04-04,187.75,184.8000030517578,184.8000030517578,187.6699981689453,1303100.0,181.24217224121094
2019-04-05,190.3699951171875,187.25999450683594,187.92999267578125,189.89999389648438,2301400.0,183.3958282470703
2019-04-08,191.55999755859375,188.39999389648438,189.13999938964844,191.3800048828125,1595000.0,184.82513427734375
2019-04-09,190.42999267578125,188.85000610351562,189.89999389648438,189.9499969482422,1435500.0,183.444091796875
2019-04-10,191.75,189.5,190.0,191.0,1069400.0,184.4581298828125
2019-04-11,193.0,190.9600067138672,191.35000610351562,191.8699951171875,1541100.0,185.29830932617188
2019-04-12,196.97999572753906,193.17999267578125,194.0,196.9499969482422,1651200.0,190.204345703125
2019-04-15,197.9600067138672,195.5500030517578,197.0,196.17999267578125,1829500.0,189.46070861816406
2019-04-16,198.57000732421875,195.8699951171875,196.25,197.22999572753906,1457900.0,190.4747772216797
2019-04-17,199.32000732421875,196.9199981689453,198.47999572753906,198.05999755859375,1116700.0,191.2763214111328
2019-04-18,199.32000732421875,197.82000732421875,198.47000122070312,198.14999389648438,1391700.0,191.36325073242188
2019-04-22,197.50999450683594,195.1999969482422,197.0800018310547,195.97999572753906,1529600.0,189.26754760742188
2019-04-23,196.0800018310547,194.63999938964844,195.52000427246094,195.1300048828125,1727400.0,188.44664001464844
2019-04-24,198.30999755859375,194.5500030517578,195.10000610351562,197.86000061035156,1511700.0,191.0831756591797
2019-04-25,195.91000366210938,188.6300048828125,195.75999450683594,188.8699951171875,3086600.0,182.4010772705078
2019-04-26,186.5399932861328,182.88999938964844,185.24000549316406,184.0399932861328,3638100.0,177.7364959716797
2019-04-29,187.32000732421875,183.16000366210938,184.50999450683594,186.6300048828125,1471400.0,180.23780822753906
2019-04-30,190.64999389648438,185.55999755859375,186.94000244140625,189.4600067138672,1562800.0,182.9709014892578
2019-05-01,189.83999633789062,185.6199951171875,189.72999572753906,185.6199951171875,1432900.0,179.26239013671875
2019-05-02,188.0800018310547,182.80999755859375,185.36000061035156,187.0399932861328,1477300.0,180.63375854492188
2019-05-03,190.5800018310547,187.75,188.72000122070312,188.05999755859375,1229200.0,181.61883544921875
2019-05-06,186.22999572753906,181.61000061035156,183.2100067138672,185.60000610351562,1290300.0,179.24310302734375
2019-05-07,183.47000122070312,178.11000061035156,183.25999450683594,180.66000366210938,2152300.0,174.47230529785156
2019-05-08,181.08999633789062,178.3000030517578,180.05999755859375,179.42999267578125,2029000.0,173.284423828125
2019-05-09,179.6699981689453,175.94000244140625,177.3800048828125,179.55999755859375,1601400.0,173.4099578857422
2019-05-10,179.5399932861328,174.80999755859375,178.75999450683594,178.0,1475700.0,171.90341186523438
2019-05-13,173.75999450683594,170.7899932861328,172.80999755859375,172.3000030517578,1781400.0,166.3986053466797
2019-05-14,174.35000610351562,170.74000549316406,172.60000610351562,171.86000061035156,2248700.0,165.97366333007812
2019-05-15,173.27999877929688,167.4600067138672,170.1300048828125,172.5399932861328,2314900.0,166.63037109375
2019-05-16,179.42999267578125,172.8699951171875,173.0399932861328,175.77000427246094,2676900.0,169.74978637695312
2019-05-17,174.22000122070312,169.64999389648438,171.9600067138672,169.9199981689453,2235100.0,164.10012817382812
2019-05-20,169.85000610351562,167.32000732421875,168.22999572753906,168.2100067138672,1672800.0,162.44869995117188
2019-05-21,169.89999389648438,167.4600067138672,169.5,167.99000549316406,1889500.0,162.2362518310547
2019-05-22,166.89999389648438,161.92999267578125,166.75999450683594,162.0,3021800.0,156.45138549804688
2019-05-23,161.0500030517578,158.1699981689453,160.10000610351562,160.58999633789062,2498200.0,155.0896759033203
2019-05-24,162.00999450683594,158.67999267578125,161.75,159.92999267578125,1348600.0,154.4522705078125
2019-05-28,160.1999969482422,156.80999755859375,158.97999572753906,158.4499969482422,2528400.0,153.02297973632812
2019-05-29,160.72999572753906,156.22000122070312,157.69000244140625,159.57000732421875,2045900.0,154.10462951660156
2019-05-30,161.7100067138672,157.0,159.77999877929688,158.00999450683594,1670400.0,152.5980682373047
2019-05-31,156.75,153.7899932861328,154.89999389648438,154.27999877929688,1912400.0,148.99583435058594
2019-06-03,155.41000366210938,150.67999267578125,151.16000366210938,152.33999633789062,3918600.0,147.12225341796875
2019-06-04,159.88999938964844,153.7100067138672,154.02000427246094,159.58999633789062,2854500.0,154.12396240234375
2019-06-05,161.5,157.77000427246094,161.0,158.58999633789062,2241000.0,153.158203125
2019-06-06,158.60000610351562,155.60000610351562,158.3000030517578,156.85000610351562,1585300.0,151.47781372070312
2019-06-07,159.44000244140625,156.25,157.22999572753906,158.02000427246094,2129500.0,152.6077423095703
2019-06-10,164.0,159.6999969482422,159.77999877929688,161.83999633789062,2054500.0,156.29689025878906
2019-06-11,163.89999389648438,158.85000610351562,163.4600067138672,159.44000244140625,1857100.0,153.97906494140625
2019-06-12,162.00999450683594,158.0800018310547,158.72999572753906,161.3699951171875,1412600.0,155.84300231933594
2019-06-13,165.8800048828125,162.8699951171875,163.0,165.6699981689453,2239600.0,159.99569702148438
2019-06-14,165.47999572753906,162.25999450683594,165.1999969482422,164.5500030517578,1590200.0,158.91403198242188
2019-06-17,165.0,163.05999755859375,164.47000122070312,163.72000122070312,1313400.0,158.11248779296875
2019-06-18,169.1199951171875,164.7100067138672,165.00999450683594,166.33999633789062,2184300.0,160.6427459716797
2019-06-19,167.4499969482422,165.6699981689453,166.67999267578125,166.55999755859375,1608500.0,160.85520935058594
2019-06-20,169.5399932861328,166.7899932861328,168.38999938964844,168.5,2087400.0,162.72877502441406
2019-06-21,168.05999755859375,165.1300048828125,167.72999572753906,165.35000610351562,2527500.0,160.30503845214844
2019-06-24,164.97999572753906,160.5800018310547,164.0,160.89999389648438,3563700.0,155.99082946777344
2019-06-25,160.0,155.97999572753906,159.97000122070312,155.97999572753906,4793100.0,151.22093200683594
2019-06-26,161.25999450683594,153.50999450683594,156.4499969482422,159.9199981689453,6247600.0,155.0407257080078
2019-06-27,164.35000610351562,160.0399932861328,160.39999389648438,163.30999755859375,3460900.0,158.32730102539062
2019-06-28,166.38999938964844,164.0,164.22999572753906,164.19000244140625,5311700.0,159.18045043945312
2019-07-01,168.02000427246094,161.55999755859375,168.02000427246094,162.97000122070312,2346800.0,157.99765014648438
2019-07-02,163.22999572753906,159.50999450683594,163.07000732421875,159.7899932861328,1860200.0,154.91470336914062
2019-07-03,161.52999877929688,159.33999633789062,160.38999938964844,161.4199981689453,1180600.0,156.4949493408203
2019-07-05,162.4199981689453,159.52000427246094,161.0800018310547,161.97000122070312,1125300.0,157.02816772460938
2019-07-08,161.72000122070312,159.0399932861328,160.25999450683594,160.82000732421875,1586300.0,155.9132537841797
2019-07-09,159.94000244140625,158.69000244140625,159.41000366210938,159.19000244140625,1218000.0,154.3330078125
2019-07-10,162.82000732421875,159.75999450683594,162.1699981689453,159.99000549316406,2077600.0,155.10858154296875
2019-07-11,163.36000061035156,159.75999450683594,160.11000061035156,162.60000610351562,2499000.0,157.6389617919922
2019-07-12,168.44000244140625,164.30999755859375,164.6300048828125,167.47000122070312,3310800.0,162.36036682128906
2019-07-15,168.85000610351562,166.27000427246094,167.50999450683594,167.89999389648438,2021800.0,162.77723693847656
2019-07-16,172.9600067138672,168.82000732421875,168.82000732421875,169.7899932861328,2744100.0,164.6095733642578
2019-07-17,169.77999877929688,164.74000549316406,169.57000732421875,165.0500030517578,3074900.0,160.01422119140625
2019-07-18,166.5,163.75999450683594,164.63999938964844,165.3800048828125,1681600.0,160.3341522216797
2019-07-19,168.8699951171875,166.14999389648438,166.1699981689453,167.1300048828125,2067200.0,162.0307159423828
2019-07-22,171.1300048828125,168.24000549316406,168.5399932861328,169.5500030517578,2130700.0,164.3769073486328
2019-07-23,173.9499969482422,171.0,171.0,173.77000427246094,2866400.0,168.46815490722656
2019-07-24,178.5,174.4199981689453,174.7899932861328,176.00999450683594,2679100.0,170.63980102539062
2019-07-25,176.75999450683594,174.6300048828125,175.60000610351562,175.8699951171875,1985700.0,170.5040740966797
2019-07-26,175.9199981689453,173.8000030517578,175.8000030517578,174.94000244140625,2003200.0,169.60244750976562
2019-07-29,175.0399932861328,171.6999969482422,174.52999877929688,172.60000610351562,1389100.0,167.33384704589844
2019-07-30,172.94000244140625,169.58999633789062,171.5399932861328,172.38999938964844,1226300.0,167.1302490234375
2019-07-31,173.99000549316406,168.5800018310547,172.44000244140625,170.52999877929688,1485400.0,165.32699584960938
2019-08-01,171.47000122070312,162.69000244140625,170.16000366210938,163.30999755859375,3039200.0,158.32730102539062
2019-08-02,164.8000030517578,161.3300018310547,162.77999877929688,163.72999572753906,1959100.0,158.7344512939453
2019-08-05,160.16000366210938,155.02000427246094,160.08999633789062,157.25999450683594,3200700.0,152.4618377685547
2019-08-06,162.99000549316406,158.55999755859375,159.16000366210938,161.19000244140625,2802100.0,156.27197265625
2019-08-07,160.8699951171875,155.22999572753906,157.82000732421875,160.66000366210938,2398700.0,155.7581329345703
2019-08-08,165.1999969482422,161.50999450683594,162.08999633789062,164.22999572753906,1793300.0,159.21920776367188
2019-08-09,163.94000244140625,160.4199981689453,163.72000122070312,162.1300048828125,1270200.0,157.1832733154297
2019-08-12,161.22999572753906,158.41000366210938,161.02999877929688,158.80999755859375,912200.0,153.964599609375
2019-08-13,163.60000610351562,157.32000732421875,159.63999938964844,160.52000427246094,1835000.0,155.62242126464844
2019-08-14,158.0399932861328,154.32000732421875,157.77999877929688,155.05999755859375,1688400.0,150.3289794921875
2019-08-15,155.49000549316406,151.47000122070312,155.41000366210938,152.82000732421875,1874000.0,148.1573486328125
2019-08-16,156.91000366210938,153.99000549316406,154.17999267578125,156.0,1560400.0,151.2403106689453
2019-08-19,159.24000549316406,157.5,158.47000122070312,158.30999755859375,1458300.0,153.47987365722656
2019-08-20,157.97000122070312,155.30999755859375,157.55999755859375,155.83999633789062,1089100.0,151.085205078125
2019-08-21,158.8000030517578,157.02000427246094,157.77000427246094,158.17999267578125,1044400.0,153.3538055419922
2019-08-22,158.99000549316406,155.75999450683594,158.25999450683594,158.10000610351562,1156300.0,153.2762451171875
2019-08-23,157.19000244140625,151.1199951171875,156.50999450683594,151.97000122070312,2806500.0,147.3332977294922
2019-08-26,154.72999572753906,151.66000366210938,153.22000122070312,152.49000549316406,1270800.0,147.83741760253906
2019-08-27,154.11000061035156,148.8000030517578,153.02999877929688,149.52999877929688,1809600.0,144.9676971435547
2019-08-28,154.4499969482422,147.82000732421875,149.13999938964844,153.17999267578125,2064900.0,148.50633239746094
2019-08-29,158.49000549316406,154.8800048828125,155.0,157.4499969482422,1684600.0,152.64605712890625
2019-08-30,160.30999755859375,158.16000366210938,158.49000549316406,158.61000061035156,1151500.0,153.77069091796875
2019-09-03,157.25,153.91000366210938,155.7899932861328,155.3699951171875,1270600.0,150.62953186035156
2019-09-04,159.5800018310547,157.22000122070312,157.5399932861328,159.05999755859375,1260400.0,154.20693969726562
2019-09-05,165.36000061035156,160.7100067138672,161.05999755859375,164.3800048828125,2119200.0,159.36465454101562
2019-09-06,164.82000732421875,161.6199951171875,164.0,161.8699951171875,1413400.0,157.55421447753906
2019-09-09,167.6300048828125,162.9499969482422,163.10000610351562,167.4199981689453,2271600.0,162.95626831054688
2019-09-10,172.5,166.88999938964844,167.3300018310547,172.25999450683594,2407300.0,167.66720581054688
2019-09-11,173.9600067138672,169.69000244140625,172.8000030517578,173.9600067138672,1642700.0,169.32188415527344
2019-09-12,174.67999267578125,171.41000366210938,174.08999633789062,173.50999450683594,1520500.0,168.88389587402344
2019-09-13,176.25,173.00999450683594,174.89999389648438,174.10000610351562,1456400.0,169.45816040039062
2019-09-16,174.9499969482422,171.00999450683594,172.3800048828125,173.57000732421875,1546400.0,168.94229125976562
2019-09-17,174.44000244140625,171.13999938964844,172.3699951171875,173.3000030517578,4053400.0,168.67950439453125
2019-09-18,154.57000732421875,148.5,153.3000030517578,150.91000366210938,22812400.0,146.88644409179688
2019-09-19,152.60000610351562,149.5,150.22000122070312,152.4499969482422,5557800.0,148.3853759765625
2019-09-20,153.36000061035156,148.4499969482422,153.36000061035156,148.77999877929688,5606500.0,144.81324768066406
2019-09-23,149.10000610351562,145.4600067138672,147.5399932861328,145.6699981689453,4084500.0,141.78616333007812
2019-09-24,147.6199951171875,142.49000549316406,145.92999267578125,143.25,5502600.0,139.43067932128906
2019-09-25,147.82000732421875,143.14999389648438,143.14999389648438,147.0399932861328,3551200.0,143.11962890625
2019-09-26,147.47999572753906,144.47000122070312,147.27000427246094,145.16000366210938,2033200.0,141.2897491455078
2019-09-27,146.82000732421875,143.91000366210938,145.6699981689453,144.9600067138672,1967700.0,141.09507751464844
2019-09-30,146.5,144.9600067138672,145.30999755859375,145.57000732421875,1693400.0,141.6888427734375
2019-10-01,146.83999633789062,140.6199951171875,145.58999633789062,141.63999938964844,3434800.0,137.8636016845703
2019-10-02,141.89999389648438,139.10000610351562,140.16000366210938,140.77999877929688,2740800.0,137.0265350341797
2019-10-03,141.89999389648438,138.58999633789062,140.5,141.7100067138672,2300900.0,137.93173217773438
2019-10-04,143.05999755859375,140.69000244140625,141.7899932861328,143.0,2166100.0,139.18734741210938
2019-10-07,144.22999572753906,141.1300048828125,141.83999633789062,142.08999633789062,1778800.0,138.30160522460938
2019-10-08,140.94000244140625,138.3800048828125,140.8000030517578,138.38999938964844,2382600.0,134.7002410888672
2019-10-09,139.77000427246094,137.77999877929688,138.8300018310547,139.25,2212800.0,135.53733825683594
2019-10-10,141.6199951171875,139.14999389648438,139.5399932861328,141.36000061035156,1751500.0,137.59104919433594
2019-10-11,147.0500030517578,143.1699981689453,143.1699981689453,145.5399932861328,3947900.0,141.6596221923828
2019-10-14,147.6999969482422,144.38999938964844,145.11000061035156,146.77999877929688,2388200.0,142.86654663085938
2019-10-15,150.1300048828125,147.17999267578125,147.60000610351562,149.9600067138672,3187300.0,145.96180725097656
2019-10-16,152.36000061035156,149.75,150.02999877929688,150.77000427246094,3425100.0,146.75018310546875
2019-10-17,152.4199981689453,150.47999572753906,151.3800048828125,150.6999969482422,2585400.0,146.6820526123047
2019-10-18,151.1199951171875,149.19000244140625,150.47999572753906,149.91000366210938,2789600.0,145.91311645507812
2019-10-21,154.1300048828125,150.08999633789062,150.67999267578125,152.0399932861328,3459700.0,147.986328125
2019-10-22,154.69000244140625,149.85000610351562,151.32000732421875,154.6300048828125,2975000.0,150.50726318359375
2019-10-23,156.72999572753906,153.69000244140625,154.38999938964844,155.97999572753906,2174800.0,151.82125854492188
2019-10-24,156.97999572753906,153.0399932861328,156.3000030517578,154.0500030517578,1712600.0,149.9427490234375
2019-10-25,158.24000549316406,153.50999450683594,153.8000030517578,158.08999633789062,2080600.0,153.87501525878906
2019-10-28,160.38999938964844,157.1699981689453,158.89999389648438,158.39999389648438,2597100.0,154.17674255371094
2019-10-29,158.92999267578125,156.8000030517578,158.92999267578125,158.00999450683594,1464100.0,153.79713439941406
2019-10-30,157.75999450683594,154.02000427246094,157.75,155.83999633789062,1576200.0,151.68499755859375
2019-10-31,155.83999633789062,151.6199951171875,155.0,152.66000366210938,2110500.0,148.58978271484375
2019-11-01,157.10000610351562,153.9600067138672,154.16000366210938,156.52000427246094,2129400.0,152.3468475341797
2019-11-04,165.02999877929688,159.5,159.85000610351562,164.83999633789062,4303600.0,160.4450225830078
2019-11-05,167.58999633789062,163.00999450683594,164.60000610351562,164.85000610351562,2510200.0,160.45477294921875
2019-11-06,164.6199951171875,161.91000366210938,164.55999755859375,163.1699981689453,1767400.0,158.819580078125
2019-11-07,166.8300018310547,163.47000122070312,165.4600067138672,163.9199981689453,1978200.0,159.54959106445312
2019-11-08,164.0,161.60000610351562,163.8000030517578,163.22000122070312,1152500.0,158.8682403564453
2019-11-11,163.02000427246094,161.3300018310547,161.9600067138672,162.17999267578125,1063400.0,157.85595703125
2019-11-12,163.83999633789062,160.75999450683594,162.35000610351562,161.22000122070312,1279900.0,156.9215545654297
2019-11-13,160.00999450683594,156.14999389648438,160.0,156.22999572753906,2211900.0,152.06459045410156
2019-11-14,158.0,155.47999572753906,155.82000732421875,156.67999267578125,1826200.0,152.50259399414062
2019-11-15,158.50999450683594,156.35000610351562,157.27000427246094,158.3300018310547,1596800.0,154.10862731933594
2019-11-18,157.72000122070312,154.5,157.1300048828125,157.5500030517578,1794200.0,153.3494415283203
2019-11-19,158.22999572753906,155.1699981689453,158.2100067138672,155.52000427246094,1524300.0,151.37351989746094
2019-11-20,155.08999633789062,151.5500030517578,155.0,152.27000427246094,2476200.0,148.21018981933594
2019-11-21,153.77000427246094,151.75,152.5,152.0800018310547,1595400.0,148.02523803710938
2019-11-22,156.7899932861328,152.25999450683594,152.30999755859375,156.5500030517578,2226800.0,152.37606811523438
2019-11-25,160.33999633789062,156.38999938964844,157.41000366210938,159.5399932861328,2505800.0,155.28634643554688
2019-11-26,162.75999450683594,158.6300048828125,159.7100067138672,161.5,2769200.0,157.194091796875
2019-11-27,162.07000732421875,160.2100067138672,161.75,161.50999450683594,1645900.0,157.20384216308594
2019-11-29,161.4600067138672,159.8300018310547,161.11000061035156,160.0500030517578,789400.0,155.7827606201172
2019-12-02,163.6999969482422,158.02999877929688,160.4600067138672,158.02999877929688,2704500.0,153.81661987304688
2019-12-03,154.47000122070312,151.02000427246094,154.22000122070312,151.13999938964844,3766100.0,147.1103057861328
2019-12-04,155.69000244140625,152.3699951171875,152.63999938964844,153.8699951171875,2300800.0,149.76751708984375
2019-12-05,154.88999938964844,152.33999633789062,154.83999633789062,153.94000244140625,1628200.0,149.83563232421875
2019-12-06,157.2899932861328,154.89999389648438,155.0,156.61000061035156,2436200.0,153.08082580566406
2019-12-09,157.47999572753906,156.02000427246094,156.1999969482422,156.50999450683594,1728200.0,152.9831085205078
2019-12-10,158.13999938964844,155.52000427246094,156.5,157.0,1633600.0,153.46205139160156
2019-12-11,159.52000427246094,156.38999938964844,157.25,159.0800018310547,1676000.0,155.49517822265625
2019-12-12,165.82000732421875,158.75,159.30999755859375,164.88999938964844,2987300.0,161.1742706298828
2019-12-13,167.8699951171875,163.91000366210938,165.63999938964844,165.6699981689453,2897200.0,161.9366912841797
2019-12-16,168.3699951171875,161.5,166.92999267578125,164.10000610351562,5052100.0,160.40206909179688
2019-12-17,164.77999877929688,161.02000427246094,161.5,163.22999572753906,5926900.0,159.55166625976562
2019-12-18,152.77000427246094,146.2899932861328,151.4199981689453,146.86000061035156,21540900.0,143.55056762695312
2019-12-19,148.82000732421875,146.24000549316406,147.07000732421875,147.02000427246094,5826300.0,143.7069549560547
2019-12-20,148.5500030517578,146.6699981689453,148.36000061035156,148.1199951171875,5260300.0,144.78216552734375
2019-12-23,152.75999450683594,148.5,149.55999755859375,151.69000244140625,4367700.0,148.271728515625
2019-12-24,152.3800048828125,150.4199981689453,151.07000732421875,150.77999877929688,1797200.0,147.38221740722656
2019-12-26,152.77999877929688,150.50999450683594,150.89999389648438,152.49000549316406,2651300.0,149.0537109375
2019-12-27,154.11000061035156,152.11000061035156,153.07000732421875,152.52999877929688,2693000.0,149.09280395507812
2019-12-30,153.3000030517578,149.94000244140625,153.10000610351562,150.13999938964844,2612600.0,146.75662231445312
2019-12-31,151.57000732421875,148.75,149.22000122070312,151.2100067138672,2153400.0,147.80255126953125
2020-01-02,155.10000610351562,151.60000610351562,152.4199981689453,155.10000610351562,3027600.0,151.60487365722656
2020-01-03,153.33999633789062,151.83999633789062,152.5,153.17999267578125,2216500.0,149.72813415527344
2020-01-06,153.5500030517578,150.1699981689453,151.25,153.3000030517578,2389700.0,149.84542846679688
2020-01-07,155.22000122070312,152.33999633789062,153.36000061035156,154.8000030517578,2140100.0,151.3116455078125
2020-01-08,157.75,153.92999267578125,154.57000732421875,157.1300048828125,3053200.0,153.589111328125
2020-01-09,158.30999755859375,156.58999633789062,157.9499969482422,158.0500030517578,2240200.0,154.4884033203125
2020-01-10,158.42999267578125,156.13999938964844,158.07000732421875,156.6300048828125,2449600.0,153.1004180908203
2020-01-13,159.52999877929688,156.7100067138672,156.72000122070312,159.27999877929688,1985300.0,155.69065856933594
2020-01-14,164.5,158.6199951171875,159.14999389648438,162.1300048828125,5076600.0,158.4764404296875
2020-01-15,163.02000427246094,158.6699981689453,163.02000427246094,159.14999389648438,2971800.0,155.56358337402344
2020-01-16,161.47000122070312,158.83999633789062,160.58999633789062,159.5399932861328,2343700.0,155.94480895996094
2020-01-17,161.17999267578125,158.55999755859375,159.38999938964844,159.97999572753906,1846100.0,156.37489318847656
2020-01-21,159.16000366210938,156.80999755859375,159.10000610351562,157.52999877929688,2460400.0,153.9801025390625
2020-01-22,158.85000610351562,155.47000122070312,157.49000549316406,155.5399932861328,1911100.0,152.03497314453125
2020-01-23,155.33999633789062,152.72999572753906,155.0,154.8800048828125,2059100.0,151.38983154296875
2020-01-24,155.63999938964844,152.30999755859375,155.63999938964844,154.07000732421875,1973600.0,150.5980987548828
2020-01-27,150.17999267578125,147.50999450683594,150.11000061035156,148.49000549316406,3368400.0,145.14382934570312
2020-01-28,149.9499969482422,147.11000061035156,149.75,148.39999389648438,2190000.0,145.05584716796875
2020-01-29,150.07000732421875,147.91000366210938,149.16000366210938,148.05999755859375,2521600.0,144.72352600097656
2020-01-30,148.39999389648438,143.36000061035156,146.0,148.25999450683594,3380200.0,144.91900634765625
2020-01-31,147.2899932861328,143.58999633789062,147.10000610351562,144.63999938964844,3286200.0,141.38058471679688
2020-02-03,147.39999389648438,143.60000610351562,145.5,143.83999633789062,1988400.0,140.59860229492188
2020-02-04,148.24000549316406,146.0,146.3699951171875,147.50999450683594,2573700.0,144.18589782714844
2020-02-05,150.85000610351562,148.82000732421875,149.5,149.9499969482422,2013700.0,146.5709228515625
2020-02-06,151.3800048828125,148.49000549316406,151.3800048828125,148.6300048828125,1706800.0,145.28065490722656
2020-02-07,157.44000244140625,146.4199981689453,147.3000030517578,155.66000366210938,6532600.0,152.1522674560547
2020-02-10,160.2899932861328,156.1999969482422,158.8000030517578,156.77999877929688,3948600.0,153.2470245361328
2020-02-11,159.55999755859375,156.8699951171875,158.27000427246094,158.0,2016800.0,154.4395294189453
2020-02-12,159.80999755859375,157.22999572753906,159.1999969482422,158.50999450683594,1607500.0,154.9380340576172
2020-02-13,161.8300018310547,156.47999572753906,157.7899932861328,161.47000122070312,2624400.0,157.83131408691406
2020-02-14,161.2899932861328,158.0,160.4600067138672,158.6199951171875,1679000.0,155.0455322265625
2020-02-18,160.91000366210938,156.38999938964844,159.30999755859375,158.57000732421875,1924000.0,154.99667358398438
2020-02-19,161.69000244140625,158.8300018310547,159.0,161.13999938964844,1699300.0,157.50875854492188
2020-02-20,165.25,159.5,161.07000732421875,164.91000366210938,2602500.0,161.19383239746094
2020-02-21,164.13999938964844,161.69000244140625,163.25999450683594,163.25,1645300.0,159.57119750976562
2020-02-24,157.72000122070312,152.6199951171875,156.25999450683594,154.85000610351562,3116300.0,151.36053466796875
2020-02-25,155.8000030517578,144.80999755859375,155.66000366210938,145.60000610351562,4223800.0,142.31895446777344
2020-02-26,149.38999938964844,143.55999755859375,147.4199981689453,144.52999877929688,2766300.0,141.27305603027344
2020-02-27,145.49000549316406,136.47999572753906,140.75999450683594,138.75999450683594,3535000.0,135.63308715820312
2020-02-28,141.1999969482422,134.05999755859375,135.0,141.1699981689453,4391200.0,137.98876953125
2020-03-02,142.52000427246094,135.27999877929688,142.17999267578125,139.75,4418600.0,136.60076904296875
2020-03-03,142.1699981689453,132.55999755859375,140.0,133.08999633789062,4373300.0,130.0908660888672
2020-03-04,136.4600067138672,132.17999267578125,135.05999755859375,136.41000366210938,2854700.0,133.33602905273438
2020-03-05,133.13999938964844,128.75,132.00999450683594,129.92999267578125,3150000.0,127.00206756591797
2020-03-06,130.64999389648438,123.79000091552734,125.75,127.68000030517578,3886300.0,125.43025970458984
2020-03-09,121.58000183105469,113.8499984741211,120.4000015258789,115.69999694824219,4048100.0,113.6613540649414
2020-03-10,121.75,113.87000274658203,120.13999938964844,120.66999816894531,3564900.0,118.54378509521484
2020-03-11,118.30000305175781,108.52999877929688,117.38999938964844,111.01000213623047,4746400.0,109.05400085449219
2020-03-12,105.18000030517578,96.19999694824219,103.19999694824219,97.0,5156500.0,95.29085540771484
2020-03-13,106.68000030517578,96.0,102.45999908447266,106.62999725341797,4275000.0,104.75116729736328
2020-03-16,99.87000274658203,90.48999786376953,92.0,90.48999786376953,4417400.0,88.89554595947266
2020-03-17,100.1500015258789,88.69000244140625,92.9000015258789,94.95999908447266,5548700.0,93.28679656982422
2020-03-18,100.69999694824219,89.80000305175781,90.38999938964844,99.68000030517578,6997700.0,97.92362976074219
2020-03-19,116.16000366210938,97.37000274658203,98.8499984741211,111.68000030517578,4646900.0,109.7121810913086
2020-03-20,118.69999694824219,106.58999633789062,113.87999725341797,111.05999755859375,4479200.0,109.10310363769531
2020-03-23,115.05000305175781,107.25,110.94000244140625,111.76000213623047,3933900.0,109.79077911376953
2020-03-24,121.80000305175781,115.43000030517578,118.0,120.04000091552734,3014400.0,117.92488861083984
2020-03-25,126.94000244140625,114.93000030517578,121.36000061035156,118.30999755859375,4133200.0,116.22535705566406
2020-03-26,127.0,119.01000213623047,119.36000061035156,125.5999984741211,2713900.0,123.38690948486328
2020-03-27,124.3499984741211,116.0,120.05000305175781,120.58000183105469,2619400.0,118.45536804199219
2020-03-30,125.61000061035156,119.25,122.37999725341797,124.30999755859375,2281000.0,122.11964416503906
2020-03-31,124.8499984741211,119.26000213623047,122.5,121.26000213623047,2643800.0,119.1233901977539
2020-04-01,118.75,112.30000305175781,116.01000213623047,113.4800033569336,2569600.0,111.48047637939453
2020-04-02,117.30000305175781,111.58999633789062,112.52999877929688,116.63999938964844,2336100.0,114.58479309082031
2020-04-03,116.0,107.69000244140625,115.23999786376953,109.22000122070312,3205200.0,107.29552459716797
2020-04-06,119.80999755859375,113.01000213623047,113.04000091552734,119.0199966430664,3512600.0,116.9228515625
2020-04-07,125.4800033569336,115.75,124.91000366210938,115.94999694824219,3189300.0,113.90694427490234
2020-04-08,127.2300033569336,119.91999816894531,123.0,125.54000091552734,5576500.0,123.32796478271484
2020-04-09,130.0,120.16000366210938,129.61000061035156,122.29000091552734,4745600.0,120.13523864746094
2020-04-13,125.19000244140625,121.73999786376953,125.19000244140625,123.52999877929688,2821800.0,121.35337829589844
2020-04-14,126.9800033569336,122.05000305175781,125.73999786376953,125.08000183105469,3084200.0,122.87606811523438
2020-04-15,121.69000244140625,118.1500015258789,121.69000244140625,119.9000015258789,2945000.0,117.78733825683594
2020-04-16,121.0,117.12000274658203,119.7300033569336,119.08000183105469,2238700.0,116.98179626464844
2020-04-17,124.95999908447266,120.7300033569336,121.0,124.8499984741211,2464000.0,122.65011596679688
2020-04-20,125.66999816894531,121.83000183105469,122.52999877929688,122.63999938964844,2242000.0,120.47906494140625
2020-04-21,122.18000030517578,119.62000274658203,120.62999725341797,120.4800033569336,1605600.0,118.35713195800781
2020-04-22,122.97000122070312,118.44999694824219,122.5199966430664,118.54000091552734,2082500.0,116.4513168334961
2020-04-23,122.41999816894531,118.5,118.63999938964844,120.87999725341797,2021100.0,118.75008392333984
2020-04-24,123.19000244140625,119.4800033569336,121.41000366210938,123.05999755859375,2111000.0,120.89167022705078
2020-04-27,128.5,122.31999969482422,124.16000366210938,127.29000091552734,2395900.0,125.04713439941406
2020-04-28,129.88999938964844,125.16000366210938,129.80999755859375,127.73999786376953,2738700.0,125.48919677734375
2020-04-29,131.8000030517578,128.4600067138672,130.0,129.47999572753906,2172500.0,127.19853973388672
2020-04-30,127.93000030517578,125.75,127.93000030517578,126.7699966430664,1970400.0,124.53628540039062
2020-05-01,124.55999755859375,117.5,124.5199966430664,118.19999694824219,3141800.0,116.11729431152344
2020-05-04,117.55999755859375,114.61000061035156,117.12000274658203,115.8499984741211,2410400.0,113.80870056152344
2020-05-05,120.12000274658203,117.12999725341797,117.83000183105469,117.66999816894531,1703100.0,115.59664154052734
2020-05-06,119.41999816894531,115.08000183105469,118.88999938964844,115.12000274658203,1917100.0,113.0915756225586
2020-05-07,118.87000274658203,116.1500015258789,116.94000244140625,116.73999786376953,1842100.0,114.68302154541016
2020-05-08,120.88999938964844,118.18000030517578,118.25,120.44000244140625,1770900.0,118.31783294677734
2020-05-11,119.37000274658203,116.27999877929688,118.38999938964844,117.55999755859375,1863500.0,115.48856353759766
2020-05-12,118.11000061035156,113.08000183105469,118.0,113.13999938964844,1979400.0,111.1464614868164
2020-05-13,113.1500015258789,108.25,113.08000183105469,109.33999633789062,2905900.0,107.41340637207031
2020-05-14,109.18000030517578,103.4000015258789,107.36000061035156,109.11000061035156,3254700.0,107.18746185302734
2020-05-15,108.95999908447266,106.25,107.54000091552734,107.5199966430664,2940000.0,105.62548065185547
2020-05-18,120.0,112.79000091552734,113.48999786376953,119.19000244140625,3602300.0,117.0898666381836
2020-05-19,119.4000015258789,114.6500015258789,119.0,114.79000091552734,2484600.0,112.76737976074219
2020-05-20,119.4800033569336,115.83000183105469,116.80000305175781,117.01000213623047,2604100.0,114.94827270507812
2020-05-21,118.43000030517578,115.52999877929688,116.58000183105469,115.7699966430664,1740300.0,113.73011016845703
2020-05-22,117.55999755859375,114.91999816894531,115.75,117.0,2245900.0,114.93844604492188
2020-05-26,126.73999786376953,122.01000213623047,122.98999786376953,124.80999755859375,3823000.0,122.61083221435547
2020-05-27,130.77999877929688,125.5,128.0,130.42999267578125,3203000.0,128.1317901611328
2020-05-28,133.91000366210938,129.3000030517578,131.0,131.14999389648438,3238000.0,128.839111328125
2020-05-29,130.88999938964844,126.44000244140625,130.19000244140625,130.55999755859375,3409400.0,128.25950622558594
2020-06-01,130.4600067138672,127.45999908447266,129.0500030517578,129.7100067138672,1990300.0,127.42449188232422
2020-06-02,134.58999633789062,130.7100067138672,130.8300018310547,134.1999969482422,2522000.0,131.83538818359375
2020-06-03,139.8800048828125,136.52999877929688,137.0,138.0800018310547,2728800.0,135.64700317382812
2020-06-04,139.25,135.64999389648438,137.3000030517578,139.2100067138672,2001300.0,136.75711059570312
2020-06-05,145.77000427246094,142.0,143.0,142.2100067138672,3583900.0,139.70423889160156
2020-06-08,149.99000549316406,144.13999938964844,144.94000244140625,149.3800048828125,2709900.0,146.74790954589844
2020-06-09,145.92999267578125,142.10000610351562,145.8800048828125,144.69000244140625,2253100.0,142.14056396484375
2020-06-10,144.41000366210938,140.32000732421875,144.0,140.39999389648438,2079600.0,137.92613220214844
2020-06-11,134.47000122070312,127.80999755859375,133.9499969482422,128.80999755859375,4389300.0,126.54035186767578
2020-06-12,135.0,129.13999938964844,134.58999633789062,132.72000122070312,2272900.0,130.38143920898438
2020-06-15,134.6300048828125,127.29000091552734,128.4199981689453,133.67999267578125,1835300.0,131.3245391845703
2020-06-16,139.3699951171875,133.0,138.14999389648438,135.5399932861328,1651800.0,133.1517791748047
2020-06-17,137.39999389648438,134.8699951171875,136.7100067138672,135.66000366210938,1214400.0,133.26963806152344
2020-06-18,139.33999633789062,134.5,134.9199981689453,138.38999938964844,2416200.0,135.95155334472656
2020-06-19,140.8800048828125,135.6199951171875,140.75999450683594,137.6300048828125,2828500.0,135.2049560546875
2020-06-22,137.75,135.1999969482422,136.5500030517578,137.3800048828125,1448100.0,134.95936584472656
2020-06-23,139.83999633789062,137.3800048828125,138.5500030517578,139.07000732421875,1385200.0,136.6195831298828
2020-06-24,138.0,134.1300048828125,137.64999389648438,135.08999633789062,2357300.0,132.70970153808594
2020-06-25,136.27999877929688,132.22999572753906,133.72000122070312,136.11000061035156,2310900.0,133.7117156982422
2020-06-26,135.3800048828125,129.27999877929688,135.1999969482422,130.0800018310547,3282000.0,128.40113830566406
2020-06-29,134.72999572753906,130.1199951171875,131.3000030517578,134.5500030517578,2336200.0,132.81346130371094
2020-06-30,140.75,134.9199981689453,136.22000122070312,140.22000122070312,6473300.0,138.41029357910156
2020-07-01,163.64999389648438,155.75999450683594,158.85000610351562,156.66000366210938,17967500.0,154.6381072998047
2020-07-02,159.72000122070312,155.27999877929688,158.60000610351562,155.47999572753906,4046900.0,153.47332763671875
2020-07-06,158.39999389648438,153.66000366210938,157.89999389648438,156.27000427246094,3015800.0,154.25314331054688
2020-07-07,159.9499969482422,154.1300048828125,154.27000427246094,158.5399932861328,2582800.0,156.49383544921875
2020-07-08,159.3800048828125,156.27000427246094,158.1199951171875,158.55999755859375,2110700.0,156.51358032226562
2020-07-09,158.75,155.32000732421875,158.0,155.74000549316406,2238300.0,153.72999572753906
2020-07-10,159.00999450683594,155.97000122070312,156.1999969482422,158.58999633789062,1746200.0,156.54318237304688
2020-07-13,160.22000122070312,155.66000366210938,160.0,156.22999572753906,1735900.0,154.2136688232422
2020-07-14,158.9199981689453,155.52999877929688,156.22999572753906,158.5,1641100.0,156.45436096191406
2020-07-15,162.52999877929688,159.0399932861328,160.4199981689453,161.25,3332800.0,159.16888427734375
2020-07-16,167.10000610351562,160.47000122070312,161.77000427246094,166.10000610351562,4100000.0,163.95626831054688
2020-07-17,168.1199951171875,164.91000366210938,167.27999877929688,165.97999572753906,2047900.0,163.83782958984375
2020-07-20,165.5500030517578,162.80999755859375,164.88999938964844,164.1300048828125,1593300.0,162.01171875
2020-07-21,167.55999755859375,164.41000366210938,165.10000610351562,165.5,1731700.0,163.36399841308594
2020-07-22,165.94000244140625,163.44000244140625,164.63999938964844,165.13999938964844,1231800.0,163.0086669921875
2020-07-23,167.38999938964844,164.64999389648438,165.41000366210938,165.99000549316406,1387200.0,163.8477020263672
2020-07-24,166.8800048828125,164.19000244140625,164.69000244140625,165.0399932861328,1545900.0,162.90994262695312
2020-07-27,170.72000122070312,163.86000061035156,165.0,170.63999938964844,2926400.0,168.4376678466797
2020-07-28,170.3300018310547,166.7100067138672,169.4199981689453,166.92999267578125,2374500.0,164.77554321289062
2020-07-29,171.3699951171875,167.00999450683594,167.10000610351562,169.5500030517578,4623800.0,167.36175537109375
2020-07-30,174.5,169.86000061035156,174.14999389648438,172.7100067138672,5407300.0,170.48098754882812
2020-07-31,172.7100067138672,167.99000549316406,172.0,168.39999389648438,2488000.0,166.22657775878906
2020-08-03,170.58999633789062,168.52999877929688,169.5500030517578,169.22000122070312,1503400.0,167.0360107421875
2020-08-04,171.47999572753906,169.1999969482422,169.22000122070312,170.66000366210938,1264000.0,168.45742797851562
2020-08-05,172.4199981689453,170.24000549316406,171.85000610351562,171.6999969482422,1309000.0,169.48399353027344
2020-08-06,173.47999572753906,171.32000732421875,172.0,172.24000549316406,1364900.0,170.0170440673828
2020-08-07,183.8800048828125,172.47000122070312,172.47000122070312,183.52999877929688,6311100.0,181.1613311767578
2020-08-10,200.4600067138672,187.33999633789062,188.16000366210938,199.97999572753906,10815100.0,197.3990020751953
2020-08-11,203.58999633789062,195.13999938964844,199.99000549316406,196.4499969482422,5998200.0,193.91458129882812
2020-08-12,206.24000549316406,199.02000427246094,200.0,201.9600067138672,6238400.0,199.35345458984375
2020-08-13,204.7899932861328,199.61000061035156,200.67999267578125,203.86000061035156,3663800.0,201.2289276123047
2020-08-14,209.63999938964844,201.86000061035156,202.07000732421875,208.60000610351562,4633000.0,205.9077606201172
2020-08-17,211.55999755859375,206.0399932861328,210.0,206.63999938964844,2662000.0,203.9730682373047
2020-08-18,208.42999267578125,204.17999267578125,206.3699951171875,206.97000122070312,3040400.0,204.29879760742188
2020-08-19,210.94000244140625,206.83999633789062,206.83999633789062,207.8800048828125,2218000.0,205.19705200195312
2020-08-20,209.1999969482422,205.05999755859375,206.22999572753906,208.82000732421875,1532800.0,206.1249237060547
2020-08-21,212.94000244140625,208.5,209.16000366210938,210.49000549316406,2034100.0,207.77337646484375
2020-08-24,217.9499969482422,211.99000549316406,212.9600067138672,217.39999389648438,3393700.0,214.5941925048828
2020-08-25,219.5800018310547,213.22000122070312,219.1699981689453,214.30999755859375,2160200.0,211.5440673828125
2020-08-26,217.1199951171875,214.0800018310547,215.72999572753906,215.77000427246094,1518200.0,212.9852294921875
2020-08-27,218.8800048828125,215.0800018310547,216.10000610351562,218.2100067138672,2014900.0,215.3937530517578
2020-08-28,223.66000366210938,218.00999450683594,218.22999572753906,221.89999389648438,2996100.0,219.03610229492188
2020-08-31,224.1999969482422,219.8000030517578,221.8000030517578,219.83999633789062,1839300.0,217.002685546875
2020-09-01,226.5500030517578,219.13999938964844,219.99000549316406,225.4600067138672,1901800.0,222.55018615722656
2020-09-02,229.0,223.07000732421875,227.1199951171875,227.91000366210938,1680700.0,224.96853637695312
2020-09-03,231.5800018310547,218.58999633789062,228.1300048828125,220.97000122070312,4003800.0,218.74197387695312
2020-09-04,228.24000549316406,217.39999389648438,222.4600067138672,226.1199951171875,2879800.0,223.8400421142578
2020-09-08,225.75,219.72000122070312,223.7899932861328,221.0500030517578,2121100.0,218.8211669921875
2020-09-09,228.85000610351562,224.1199951171875,226.0,225.75,3222700.0,223.47378540039062
2020-09-10,229.49000549316406,222.88999938964844,229.49000549316406,224.44000244140625,2443300.0,222.17697143554688
2020-09-11,233.6699981689453,225.47000122070312,226.44000244140625,232.7899932861328,4865200.0,230.44277954101562
2020-09-14,241.0,232.57000732421875,240.99000549316406,236.33999633789062,6583700.0,233.9569854736328
2020-09-15,239.85000610351562,230.50999450683594,234.99000549316406,236.6699981689453,9847300.0,234.28366088867188
2020-09-16,256.17999267578125,246.3000030517578,253.02999877929688,250.3000030517578,17073300.0,247.7762451171875
2020-09-17,249.8000030517578,242.11000061035156,242.6300048828125,244.0800018310547,4254300.0,241.61895751953125
2020-09-18,248.1999969482422,241.9499969482422,242.97000122070312,242.77999877929688,4348700.0,240.33204650878906
2020-09-21,239.19000244140625,230.27000427246094,237.9499969482422,238.74000549316406,4109500.0,236.33279418945312
2020-09-22,243.77999877929688,235.6300048828125,239.50999450683594,243.4199981689453,2651700.0,240.96560668945312
2020-09-23,250.50999450683594,241.0399932861328,244.99000549316406,241.4199981689453,3083000.0,238.9857635498047
2020-09-24,247.1999969482422,239.5,244.00999450683594,244.22000122070312,3048300.0,241.75753784179688
2020-09-25,251.89999389648438,241.47000122070312,241.67999267578125,250.1699981689453,3212400.0,247.64755249023438
2020-09-28,259.95001220703125,254.0800018310547,255.27000427246094,254.44000244140625,3309800.0,251.87449645996094
2020-09-29,258.20001220703125,249.1199951171875,254.99000549316406,253.5,2195400.0,250.9439697265625
2020-09-30,257.510009765625,249.5,253.47000122070312,251.52000427246094,2506000.0,248.9839324951172
2020-10-01,257.7900085449219,252.8800048828125,255.25999450683594,254.0800018310547,2862300.0,251.51812744140625
2020-10-02,258.54998779296875,250.0,250.5500030517578,255.1999969482422,3015300.0,252.6268310546875
2020-10-05,260.9599914550781,257.7300109863281,258.79998779296875,259.2099914550781,2427800.0,256.5964050292969
2020-10-06,264.9800109863281,258.17999267578125,260.1199951171875,259.2699890136719,3152200.0,256.65576171875
2020-10-07,270.6600036621094,263.5,263.8500061035156,268.260009765625,2986500.0,265.5551452636719
2020-10-08,272.5199890136719,266.3500061035156,269.7300109863281,271.05999755859375,1993000.0,268.3269348144531
2020-10-09,275.0,269.5400085449219,274.3999938964844,271.54998779296875,2172000.0,268.81195068359375
2020-10-12,274.2099914550781,271.32000732421875,272.260009765625,273.5,2063600.0,270.7422790527344
2020-10-13,275.239990234375,271.8500061035156,272.32000732421875,272.739990234375,1657100.0,269.98992919921875
2020-10-14,278.9599914550781,273.7699890136719,274.75,276.239990234375,2079400.0,273.45465087890625
2020-10-15,282.1400146484375,271.75,273.0899963378906,282.1099853515625,2254700.0,279.2655029296875
2020-10-16,287.1600036621094,282.0,284.0,283.8699951171875,2990300.0,281.00775146484375
2020-10-19,291.2200012207031,279.55999755859375,284.80999755859375,281.9700012207031,3453100.0,279.12689208984375
2020-10-20,292.69000244140625,283.1099853515625,284.0,287.3999938964844,3924900.0,284.5021667480469
2020-10-21,293.29998779296875,282.260009765625,289.1600036621094,282.2799987792969,3219200.0,279.43377685546875
2020-10-22,285.6400146484375,274.0199890136719,283.5799865722656,275.95001220703125,2962900.0,273.16766357421875
2020-10-23,283.8699951171875,276.8599853515625,278.2900085449219,283.55999755859375,2498300.0,280.70086669921875
2020-10-26,280.5,273.3999938964844,279.989990234375,277.6199951171875,2321400.0,274.82073974609375
2020-10-27,280.3500061035156,274.3900146484375,279.94000244140625,274.4100036621094,1912300.0,271.64312744140625
2020-10-28,266.9200134277344,258.0,262.7300109863281,259.989990234375,4039200.0,257.3685302734375
2020-10-29,269.739990234375,260.05999755859375,260.2099914550781,267.0199890136719,2680700.0,264.32763671875
2020-10-30,265.989990234375,255.55999755859375,264.6000061035156,259.4700012207031,2706900.0,256.8537902832031
2020-11-02,267.489990234375,259.010009765625,262.70001220703125,266.9800109863281,2042900.0,264.2880859375
2020-11-03,276.9200134277344,268.1199951171875,271.95001220703125,274.4800109863281,2630800.0,271.71246337890625
2020-11-04,278.79998779296875,268.5299987792969,276.7099914550781,269.1000061035156,2810600.0,266.3866882324219
2020-11-05,282.2699890136719,273.0,273.0,279.07000732421875,2234600.0,276.2561340332031
2020-11-06,284.29998779296875,277.1199951171875,278.5199890136719,279.7699890136719,1894800.0,276.9490661621094
2020-11-09,274.5,256.3500061035156,274.239990234375,263.8800048828125,5907200.0,261.2193298339844
2020-11-10,268.7699890136719,258.0,264.3800048828125,267.2699890136719,2874000.0,264.57513427734375
2020-11-11,271.30999755859375,266.0,271.1700134277344,267.80999755859375,1937700.0,265.1096496582031
2020-11-12,270.8900146484375,263.989990234375,269.2300109863281,267.1600036621094,1924000.0,264.4662170410156
2020-11-13,273.7200012207031,267.989990234375,267.989990234375,271.9100036621094,1593700.0,269.1683349609375
2020-11-16,280.8800048828125,270.4200134277344,273.5199890136719,279.8299865722656,2474800.0,277.0084533691406
2020-11-17,286.20001220703125,276.8999938964844,281.8699951171875,285.04998779296875,2816700.0,282.17584228515625
2020-11-18,289.760009765625,282.489990234375,285.70001220703125,282.5,2874800.0,279.65155029296875
2020-11-19,285.0,276.8800048828125,283.7699890136719,279.8500061035156,2375000.0,277.0282897949219
2020-11-20,281.6600036621094,276.69000244140625,280.9700012207031,276.69000244140625,1885500.0,273.900146484375
2020-11-23,286.3999938964844,280.20001220703125,280.2099914550781,286.3500061035156,2431600.0,283.4627380371094
2020-11-24,296.0799865722656,285.29998779296875,289.5899963378906,291.67999267578125,3711400.0,288.7389831542969
2020-11-25,292.7799987792969,286.55999755859375,291.80999755859375,288.29998779296875,2299600.0,285.39306640625
2020-11-27,291.20001220703125,285.3500061035156,290.79998779296875,287.4100036621094,1248000.0,284.5120544433594
2020-11-30,290.8999938964844,280.5400085449219,287.989990234375,286.5799865722656,3189000.0,283.6903991699219
2020-12-01,297.6600036621094,287.6000061035156,293.55999755859375,287.760009765625,3051100.0,284.8585205078125
2020-12-02,293.8399963378906,285.0299987792969,287.2200012207031,291.7200012207031,2518000.0,288.778564453125
2020-12-03,296.3399963378906,289.7799987792969,291.7200012207031,292.70001220703125,1955800.0,289.74871826171875
2020-12-04,298.9800109863281,293.1199951171875,294.3599853515625,294.8800048828125,1847700.0,291.9067077636719
2020-12-07,297.0400085449219,293.20001220703125,296.8999938964844,297.0400085449219,1483400.0,294.04498291015625
2020-12-08,303.6499938964844,297.7200012207031,298.0,301.45001220703125,2889100.0,298.4105224609375
2020-12-09,305.6600036621094,293.4599914550781,303.5,295.32000732421875,2644900.0,292.3423156738281
2020-12-10,294.3800048828125,288.6099853515625,291.260009765625,290.8999938964844,2961000.0,287.96685791015625
2020-12-11,291.8800048828125,286.19000244140625,289.7799987792969,289.4700012207031,2354500.0,287.1929931640625
2020-12-14,296.3500061035156,285.4100036621094,296.0,285.5400085449219,2933900.0,283.2939453125
2020-12-15,289.4599914550781,283.1099853515625,286.010009765625,285.739990234375,3018100.0,283.4923400878906
2020-12-16,290.8500061035156,286.6099853515625,287.3800048828125,288.80999755859375,2611800.0,286.5381774902344
2020-12-17,293.8999938964844,286.2200012207031,289.4100036621094,292.260009765625,6006900.0,289.9610595703125
2020-12-18,284.5199890136719,274.9599914550781,283.5,275.57000732421875,15457100.0,273.40234375
2020-12-21,273.5,268.510009765625,271.6600036621094,271.94000244140625,4989500.0,269.8009033203125
2020-12-22,273.3399963378906,268.2799987792969,272.5,273.2799987792969,3553600.0,271.13037109375
2020-12-23,276.6400146484375,270.6199951171875,273.6400146484375,270.7099914550781,2350800.0,268.58056640625
2020-12-24,272.0299987792969,267.19000244140625,271.3599853515625,268.82000732421875,1649400.0,266.7054748535156
2020-12-28,270.1000061035156,261.80999755859375,269.8399963378906,262.94000244140625,3633100.0,260.8717041015625
2020-12-29,265.45001220703125,259.6700134277344,263.95001220703125,261.55999755859375,2676600.0,259.5025634765625
2020-12-30,262.67999267578125,258.3599853515625,262.20001220703125,259.9800109863281,2694100.0,257.93499755859375
2020-12-31,260.4599914550781,257.510009765625,259.6000061035156,259.6199951171875,2607800.0,257.5777893066406
2021-01-04,260.5,250.89999389648438,260.3999938964844,253.19000244140625,3797100.0,251.19837951660156
2021-01-05,254.77000427246094,250.0500030517578,251.5,253.17999267578125,3271100.0,251.18844604492188
2021-01-06,258.9800109863281,250.3800048828125,250.4600067138672,253.55999755859375,3605300.0,251.5654754638672
2021-01-07,256.2099914550781,245.4499969482422,254.08999633789062,246.02999877929688,5657300.0,244.09471130371094
2021-01-08,247.36000061035156,242.4199981689453,246.52000427246094,244.9600067138672,4583900.0,243.0331268310547
2021-01-11,246.4600067138672,242.72000122070312,243.0,245.30999755859375,3413200.0,243.38037109375
2021-01-12,249.6199951171875,243.0,246.0800018310547,249.0399932861328,4376400.0,247.08102416992188
2021-01-13,253.8699951171875,248.1999969482422,250.5,252.22000122070312,3012800.0,250.23602294921875
2021-01-14,258.3399963378906,253.39999389648438,254.25999450683594,256.2699890136719,2867100.0,254.254150390625
2021-01-15,255.75999450683594,250.97999572753906,255.75999450683594,252.55999755859375,2805100.0,250.57334899902344
2021-01-19,256.3999938964844,248.89999389648438,253.92999267578125,249.52000427246094,2357600.0,247.55726623535156
2021-01-20,252.35000610351562,247.6199951171875,251.19000244140625,251.9600067138672,2157300.0,249.97805786132812
2021-01-21,257.2799987792969,252.3699951171875,253.77000427246094,253.94000244140625,1948800.0,251.94248962402344
2021-01-22,255.44000244140625,250.00999450683594,252.0,254.0800018310547,1690700.0,252.08139038085938
2021-01-25,254.77999877929688,248.2899932861328,252.4499969482422,253.47999572753906,2009700.0,251.48611450195312
2021-01-26,254.83999633789062,249.33999633789062,254.1999969482422,249.6699981689453,1836100.0,247.70606994628906
2021-01-27,246.39999389648438,240.61000061035156,245.61000061035156,242.8300018310547,2698500.0,240.9198760986328
2021-01-28,246.2899932861328,242.6199951171875,246.00999450683594,242.7899932861328,2179000.0,240.8802032470703
2021-01-29,243.3800048828125,234.7899932861328,242.9600067138672,235.33999633789062,3241300.0,233.48880004882812
2021-02-01,239.75,235.32000732421875,237.3800048828125,239.24000549316406,2731200.0,237.35812377929688
2021-02-02,246.58999633789062,240.8300018310547,246.38999938964844,242.5,2859600.0,240.59246826171875
2021-02-03,243.60000610351562,239.35000610351562,242.60000610351562,241.2899932861328,2160500.0,239.39198303222656
2021-02-04,248.17999267578125,240.8699951171875,241.3800048828125,248.1199951171875,2898900.0,246.1682586669922
2021-02-05,255.39999389648438,249.0,251.0,255.00999450683594,2816600.0,253.0040740966797
2021-02-08,259.3800048828125,255.57000732421875,256.760009765625,257.45001220703125,2135400.0,255.42486572265625
2021-02-09,260.5,254.0,257.2699890136719,259.1300048828125,1758100.0,257.0916748046875
2021-02-10,261.8399963378906,256.25,261.7200012207031,257.4599914550781,1969600.0,255.434814453125
2021-02-11,258.0799865722656,251.55999755859375,258.0,254.36000061035156,1741700.0,252.3591766357422
2021-02-12,263.1300048828125,254.00999450683594,255.08999633789062,263.0,2674000.0,260.93121337890625
2021-02-16,265.4599914550781,261.1099853515625,264.0,261.8299865722656,1747600.0,259.7704162597656
2021-02-17,260.4800109863281,255.41000366210938,259.8699951171875,259.0899963378906,1433600.0,257.0519714355469
2021-02-18,258.489990234375,253.0,255.50999450683594,255.6300048828125,1681200.0,253.61920166015625
2021-02-19,259.3800048828125,253.77999877929688,258.0299987792969,254.63999938964844,1594800.0,252.63697814941406
2021-02-22,257.3999938964844,253.10000610351562,253.24000549316406,254.6699981689453,1822000.0,252.666748046875
2021-02-23,255.22999572753906,245.3800048828125,253.5,254.6300048828125,1753600.0,252.62705993652344
2021-02-24,261.2900085449219,254.00999450683594,254.36000061035156,260.05999755859375,1690200.0,258.01434326171875
2021-02-25,262.9700012207031,253.27999877929688,260.07000732421875,254.22000122070312,1629400.0,252.2202911376953
2021-02-26,257.4599914550781,250.5,254.92999267578125,254.5,1738900.0,252.49807739257812
2021-03-01,265.29998779296875,258.29998779296875,258.7099914550781,262.0899963378906,2013500.0,260.02838134765625
2021-03-02,263.6499938964844,259.4800109863281,262.7300109863281,259.6000061035156,1400500.0,257.5579833984375
2021-03-03,262.70001220703125,255.4600067138672,258.9800109863281,258.7699890136719,1565000.0,256.7344970703125
2021-03-04,258.42999267578125,247.08999633789062,256.55999755859375,250.3000030517578,2371600.0,248.3311309814453
2021-03-05,258.2099914550781,245.5500030517578,252.19000244140625,257.2900085449219,1932900.0,255.93075561523438
2021-03-08,261.3399963378906,251.00999450683594,260.0,251.33999633789062,2242400.0,250.01217651367188
2021-03-09,262.1099853515625,252.25,253.19000244140625,257.9200134277344,2352000.0,256.55743408203125
2021-03-10,261.80999755859375,258.05999755859375,259.1300048828125,260.4200134277344,1600600.0,259.0442199707031
2021-03-11,270.1600036621094,262.30999755859375,263.5400085449219,268.489990234375,3794400.0,267.0715637207031
2021-03-12,271.19000244140625,265.260009765625,267.260009765625,270.20001220703125,2137300.0,268.7725524902344
2021-03-15,272.8500061035156,263.7900085449219,271.0,266.8800048828125,3211500.0,265.4700927734375
2021-03-16,267.0299987792969,260.29998779296875,267.0,260.79998779296875,2131100.0,259.4222106933594
2021-03-17,266.17999267578125,257.0899963378906,259.0,265.8399963378906,1861400.0,264.4355773925781
2021-03-18,269.2699890136719,262.8999938964844,267.82000732421875,263.510009765625,4536100.0,262.1178894042969
2021-03-19,282.92999267578125,275.2900085449219,279.04998779296875,279.5799865722656,12938800.0,278.10296630859375
2021-03-22,279.79998779296875,271.67999267578125,279.5799865722656,274.0199890136719,3276400.0,272.5723571777344
2021-03-23,276.95001220703125,265.54998779296875,271.4100036621094,266.80999755859375,2277100.0,265.40045166015625
2021-03-24,274.2699890136719,267.3999938964844,269.0,268.2900085449219,2122700.0,266.8726501464844
2021-03-25,275.0199890136719,263.94000244140625,266.20001220703125,274.17999267578125,2285400.0,272.73150634765625
2021-03-26,281.489990234375,274.6000061035156,277.70001220703125,281.3399963378906,2066600.0,279.85369873046875
2021-03-29,281.95001220703125,276.6400146484375,278.0,279.2200012207031,1517200.0,277.7449035644531
2021-03-30,288.1499938964844,278.30999755859375,279.3699951171875,285.9200134277344,2724700.0,284.4095153808594
2021-03-31,287.8800048828125,282.8299865722656,286.0,284.0400085449219,2026000.0,282.5394287109375
2021-04-01,285.0,281.7900085449219,283.5400085449219,283.5400085449219,1443500.0,282.0420837402344
2021-04-05,286.6099853515625,280.57000732421875,286.0,281.57000732421875,1727200.0,280.0824890136719
2021-04-06,284.44000244140625,280.70001220703125,281.6600036621094,282.1700134277344,1407200.0,280.6793212890625
2021-04-07,282.44000244140625,276.69000244140625,281.489990234375,279.1099853515625,1469200.0,277.6354675292969
2021-04-08,284.44000244140625,279.75,282.8999938964844,284.44000244140625,2276000.0,282.93731689453125
2021-04-09,287.0,281.7799987792969,282.8999938964844,286.5799865722656,2039400.0,285.06597900390625
2021-04-12,293.0899963378906,285.1400146484375,285.6300048828125,290.7900085449219,1773300.0,289.2537841796875
2021-04-13,294.760009765625,289.1099853515625,294.7300109863281,290.8900146484375,1713700.0,289.3532409667969
2021-04-14,291.1499938964844,287.57000732421875,289.510009765625,287.80999755859375,1099900.0,286.2895202636719
2021-04-15,292.3999938964844,286.6700134277344,288.8299865722656,291.20001220703125,1389800.0,289.6615905761719
2021-04-16,293.0,287.1300048828125,292.8999938964844,287.5899963378906,1413000.0,286.0706787109375
2021-04-19,286.6700134277344,282.0899963378906,286.05999755859375,283.25,1677000.0,281.75360107421875
2021-04-20,283.79998779296875,277.3399963378906,282.4200134277344,280.3399963378906,1425300.0,278.8589782714844
2021-04-21,281.07000732421875,277.0899963378906,279.04998779296875,278.260009765625,1861400.0,276.78997802734375
2021-04-22,281.07000732421875,276.3800048828125,277.3299865722656,276.5400085449219,1444800.0,275.07904052734375
2021-04-23,279.19000244140625,276.9700012207031,278.5199890136719,277.739990234375,1312800.0,276.272705078125
2021-04-26,279.8699951171875,274.20001220703125,279.30999755859375,275.760009765625,1747000.0,274.30316162109375
2021-04-27,292.20001220703125,284.3299865722656,286.55999755859375,287.510009765625,4961900.0,285.9910888671875
2021-04-28,289.1499938964844,285.4200134277344,286.6499938964844,287.3900146484375,1783900.0,285.87176513671875
2021-04-29,296.29998779296875,289.2300109863281,290.0,296.05999755859375,2472200.0,294.49591064453125
2021-04-30,295.6000061035156,289.0,293.5199890136719,290.30999755859375,1821900.0,288.77630615234375
2021-05-03,305.3999938964844,294.20001220703125,294.8900146484375,304.54998779296875,4580300.0,302.9410705566406
2021-05-04,305.20001220703125,299.32000732421875,302.70001220703125,304.2799987792969,2470500.0,302.6725158691406
2021-05-05,309.989990234375,302.25,305.8900146484375,306.5299987792969,2530100.0,304.9106140136719
2021-05-06,311.9599914550781,303.4800109863281,305.2900085449219,310.9599914550781,2561400.0,309.31719970703125
2021-05-07,315.1000061035156,308.0,308.0,314.69000244140625,1826100.0,313.02752685546875
2021-05-10,317.0,309.2699890136719,314.67999267578125,309.2699890136719,1733600.0,307.6361083984375
2021-05-11,307.8800048828125,300.57000732421875,304.6000061035156,305.6400146484375,2170500.0,304.02532958984375
2021-05-12,304.760009765625,294.7900085449219,302.17999267578125,296.010009765625,1949200.0,294.4461975097656
2021-05-13,305.32000732421875,296.489990234375,297.05999755859375,303.3999938964844,1444300.0,301.7971496582031
2021-05-14,310.5,305.2300109863281,305.2300109863281,309.42999267578125,1455200.0,307.7952880859375
2021-05-17,311.55999755859375,306.67999267578125,310.0,309.260009765625,940700.0,307.6261901855469
2021-05-18,310.2799987792969,306.04998779296875,309.69000244140625,306.04998779296875,1046100.0,304.4331359863281
2021-05-19,308.42999267578125,299.9100036621094,304.0,307.92999267578125,1734700.0,306.3031921386719
2021-05-20,311.95001220703125,306.760009765625,309.1400146484375,309.04998779296875,1278100.0,307.41729736328125
2021-05-21,315.2900085449219,309.3900146484375,310.42999267578125,309.6000061035156,1753600.0,307.96441650390625
2021-05-24,313.5199890136719,309.25,313.5199890136719,311.8399963378906,1807900.0,310.19256591796875
2021-05-25,313.3800048828125,307.7099914550781,313.0,308.5899963378906,1631800.0,306.959716796875
2021-05-26,312.8299865722656,308.0199890136719,310.7200012207031,310.75,1695100.0,309.10833740234375
2021-05-27,319.8999938964844,311.8599853515625,312.510009765625,315.5899963378906,2657300.0,313.9227294921875
2021-05-28,316.75,313.010009765625,316.0,314.80999755859375,1022700.0,313.1468811035156
2021-06-01,318.5400085449219,310.0799865722656,318.2699890136719,310.8500061035156,1282400.0,309.2077941894531
2021-06-02,313.0,303.8299865722656,313.0,306.57000732421875,2088400.0,304.9504089355469
2021-06-03,307.7799987792969,302.17999267578125,305.3900146484375,306.30999755859375,1316300.0,304.6917724609375
2021-06-04,308.0,299.6600036621094,306.7799987792969,302.1199951171875,2111200.0,300.5238952636719
2021-06-07,304.2099914550781,299.2099914550781,303.0,303.3399963378906,1960400.0,301.73748779296875
2021-06-08,303.4800109863281,298.6199951171875,302.79998779296875,302.5799865722656,1499000.0,300.9814758300781
2021-06-09,302.6199951171875,290.4599914550781,302.5799865722656,293.1099853515625,4358600.0,291.5614929199219
2021-06-10,295.5899963378906,291.2099914550781,293.5899963378906,292.8399963378906,1811800.0,291.2929382324219
2021-06-11,296.1700134277344,293.260009765625,293.260009765625,296.0899963378906,1628900.0,294.5257873535156
2021-06-14,297.1700134277344,292.0400085449219,296.7200012207031,292.989990234375,1275600.0,291.442138671875
2021-06-15,299.8800048828125,293.8999938964844,294.989990234375,299.29998779296875,1834000.0,297.71881103515625
2021-06-16,299.3900146484375,292.4700012207031,298.4700012207031,294.67999267578125,1686100.0,293.12322998046875
2021-06-17,294.739990234375,285.5899963378906,294.489990234375,287.57000732421875,2369400.0,286.05078125
2021-06-18,289.5299987792969,282.010009765625,284.1499938964844,285.32000732421875,2553800.0,283.81268310546875
2021-06-21,295.0299987792969,287.79998779296875,287.9599914550781,293.1600036621094,1922000.0,291.6112365722656
2021-06-22,299.1199951171875,293.8500061035156,294.9200134277344,297.69000244140625,2250100.0,296.1173400878906
2021-06-23,300.6499938964844,296.1600036621094,300.0,297.3699951171875,2157400.0,295.79901123046875
2021-06-24,304.5899963378906,298.9800109863281,301.70001220703125,303.69000244140625,5016400.0,302.08563232421875
2021-06-25,294.75,286.5199890136719,292.739990234375,291.95001220703125,11622000.0,291.1266174316406
2021-06-28,294.6499938964844,289.44000244140625,293.0,293.989990234375,3537100.0,293.1608581542969
2021-06-29,299.5,294.8500061035156,296.0,297.8900146484375,3594500.0,297.04986572265625
2021-06-30,298.6199951171875,295.0,296.0299987792969,298.3299865722656,1810900.0,297.4886169433594
2021-07-01,300.1000061035156,296.82000732421875,299.95001220703125,299.1199951171875,1749500.0,298.2763977050781
2021-07-02,299.8999938964844,297.3699951171875,299.8999938964844,299.3800048828125,1335800.0,298.53564453125
2021-07-06,299.6300048828125,292.6000061035156,299.3800048828125,294.6099853515625,2282500.0,293.7790832519531
2021-07-07,295.1499938964844,291.239990234375,294.0,293.54998779296875,2293200.0,292.7220764160156
2021-07-08,294.6199951171875,285.8500061035156,287.1600036621094,293.239990234375,1971400.0,292.4129638671875
2021-07-09,298.20001220703125,293.17999267578125,295.80999755859375,296.3999938964844,2317500.0,295.5640563964844
2021-07-12,302.239990234375,294.6000061035156,297.2799987792969,299.6700134277344,1905400.0,298.8248596191406
2021-07-13,302.6499938964844,298.69000244140625,298.989990234375,299.0799865722656,1747700.0,298.2364807128906
2021-07-14,300.8599853515625,294.6000061035156,298.6499938964844,295.8599853515625,1431800.0,295.02557373046875
2021-07-15,298.739990234375,293.6700134277344,294.0,296.0799865722656,1166000.0,295.24493408203125
2021-07-16,297.0,292.0899963378906,296.70001220703125,292.489990234375,1975800.0,291.6650695800781
2021-07-19,295.3399963378906,286.32000732421875,287.5299987792969,294.82000732421875,2853300.0,293.988525390625
2021-07-20,299.0400085449219,294.45001220703125,295.4100036621094,298.0199890136719,1656400.0,297.1794738769531
2021-07-21,301.95001220703125,297.3299865722656,297.510009765625,298.3500061035156,1339000.0,297.5085754394531
2021-07-22,298.8500061035156,296.05999755859375,297.54998779296875,296.6199951171875,981800.0,295.783447265625
2021-07-23,298.6600036621094,296.0899963378906,297.79998779296875,297.07000732421875,1000600.0,296.232177734375
2021-07-26,298.5,295.6499938964844,296.0899963378906,297.5,1205500.0,296.66094970703125
2021-07-27,288.3800048828125,279.1199951171875,287.5,282.6300048828125,4837200.0,281.8328857421875
2021-07-28,284.29998779296875,280.2799987792969,284.2099914550781,281.8299865722656,2732100.0,281.0351257324219
2021-07-29,284.6499938964844,281.19000244140625,281.8299865722656,281.9200134277344,1820800.0,281.1249084472656
2021-07-30,282.0,277.7900085449219,280.0,279.95001220703125,2335500.0,279.16046142578125
2021-08-02,282.6099853515625,275.3900146484375,280.7900085449219,276.1600036621094,2490400.0,275.3811340332031
2021-08-03,281.7099914550781,274.25,276.2799987792969,280.80999755859375,2151100.0,280.0180358886719
2021-08-04,280.2900085449219,275.0799865722656,279.3299865722656,275.1199951171875,1978800.0,274.3440856933594
2021-08-05,277.7799987792969,274.6700134277344,275.8999938964844,275.79998779296875,2089700.0,275.02215576171875
2021-08-06,278.45001220703125,275.0299987792969,276.6700134277344,276.2699890136719,1701400.0,275.4908142089844
2021-08-09,275.9800109863281,272.55999755859375,275.04998779296875,272.6700134277344,1847600.0,271.9010009765625
2021-08-10,274.3699951171875,270.9599914550781,272.5,271.260009765625,2144700.0,270.4949645996094
2021-08-11,277.1600036621094,271.260009765625,272.4200134277344,276.2699890136719,2017800.0,275.4908142089844
2021-08-12,278.6099853515625,273.69000244140625,276.5,276.1000061035156,1211200.0,275.3213195800781
2021-08-13,278.75,274.760009765625,275.2300109863281,277.17999267578125,1945700.0,276.39825439453125
2021-08-16,282.8800048828125,275.1600036621094,276.79998779296875,281.6600036621094,2757900.0,280.8656311035156
2021-08-17,280.5,274.7900085449219,279.2099914550781,277.8599853515625,2939900.0,277.0763244628906
2021-08-18,277.6300048828125,272.4200134277344,276.05999755859375,272.760009765625,2136600.0,271.9907531738281
2021-08-19,270.7300109863281,265.0400085449219,270.0,267.55999755859375,3101100.0,266.8053894042969
2021-08-20,268.5,264.07000732421875,266.3999938964844,266.54998779296875,2404200.0,265.7982482910156
2021-08-23,269.1400146484375,266.6700134277344,268.0,266.8999938964844,2041400.0,266.1472473144531
2021-08-24,269.0799865722656,266.29998779296875,266.7799987792969,267.80999755859375,2111700.0,267.0546875
2021-08-25,271.8500061035156,267.30999755859375,268.0,270.3699951171875,2116200.0,269.6074523925781
2021-08-26,269.94000244140625,266.7900085449219,269.94000244140625,267.4599914550781,1312100.0,266.7056579589844
2021-08-27,269.25,266.9100036621094,267.45001220703125,267.8999938964844,1551700.0,267.1444396972656
2021-08-30,268.8500061035156,265.44000244140625,268.75,265.5400085449219,1761600.0,264.7911071777344
2021-08-31,266.92999267578125,264.67999267578125,266.05999755859375,265.69000244140625,1637600.0,264.940673828125
2021-09-01,267.44000244140625,263.5400085449219,266.0899963378906,265.92999267578125,1760600.0,265.17999267578125
2021-09-02,268.9800109863281,266.25,266.30999755859375,267.0899963378906,1311300.0,267.0899963378906
2021-09-03,268.5799865722656,264.8900146484375,266.54998779296875,266.0400085449219,1524800.0,266.0400085449219
2021-09-07,267.3699951171875,262.9599914550781,266.30999755859375,263.6400146484375,1634500.0,263.6400146484375
2021-09-08,263.2900085449219,258.8399963378906,263.25,261.0199890136719,1963200.0,261.0199890136719
2021-09-09,262.7300109863281,257.2900085449219,259.1300048828125,259.2200012207031,2132800.0,259.2200012207031
2021-09-10,262.2200012207031,257.239990234375,261.5400085449219,257.54998779296875,1714400.0,257.54998779296875
2021-09-13,261.8999938964844,257.75,259.4599914550781,261.8599853515625,1848000.0,261.8599853515625
2021-09-14,262.9599914550781,254.7100067138672,262.2099914550781,255.1999969482422,2583500.0,255.1999969482422
2021-09-15,259.6499938964844,254.8800048828125,256.30999755859375,256.5899963378906,2285900.0,256.5899963378906
2021-09-16,259.4100036621094,256.0400085449219,257.9700012207031,258.3800048828125,1711900.0,258.3800048828125
2021-09-17,257.7099914550781,254.08999633789062,255.39999389648438,255.22000122070312,3082400.0,255.22000122070312
2021-09-20,253.97999572753906,248.16000366210938,252.11000061035156,250.8000030517578,3474500.0,250.8000030517578
2021-09-21,253.8800048828125,248.77999877929688,253.0,252.07000732421875,4481100.0,252.07000732421875
2021-09-22,234.97999572753906,228.97999572753906,234.17999267578125,229.0800018310547,17792400.0,229.0800018310547
2021-09-23,231.2899932861328,228.0800018310547,229.07000732421875,228.9199981689453,7092700.0,228.9199981689453
2021-09-24,229.0,226.60000610351562,228.0,226.63999938964844,4973400.0,226.63999938964844
2021-09-27,229.25,225.67999267578125,226.0,226.50999450683594,4335500.0,226.50999450683594
2021-09-28,228.0500030517578,221.75999450683594,225.82000732421875,222.39999389648438,4717700.0,222.39999389648438
2021-09-29,224.24000549316406,220.8000030517578,223.0,221.08999633789062,3737200.0,221.08999633789062
2021-09-30,223.1699981689453,219.02999877929688,221.58999633789062,219.2899932861328,3848100.0,219.2899932861328
2021-10-01,224.10000610351562,218.17999267578125,220.00999450683594,222.52999877929688,4033100.0,222.52999877929688
2021-10-04,224.0,217.25999450683594,221.24000549316406,217.8699951171875,3924100.0,217.8699951171875
2021-10-05,226.4600067138672,216.33999633789062,217.5,224.27000427246094,5326900.0,224.27000427246094
2021-10-06,224.94000244140625,219.8300018310547,222.0800018310547,224.1999969482422,3652900.0,224.1999969482422
2021-10-07,227.66000366210938,222.47999572753906,227.0,222.9499969482422,3954100.0,222.9499969482422
2021-10-08,223.94000244140625,221.4199981689453,222.39999389648438,223.44000244140625,2364600.0,223.44000244140625
2021-10-11,224.5800018310547,219.36000061035156,224.02999877929688,219.82000732421875,2884700.0,219.82000732421875
2021-10-12,222.0800018310547,219.67999267578125,219.82000732421875,221.32000732421875,2541500.0,221.32000732421875
2021-10-13,225.42999267578125,219.50999450683594,222.02000427246094,223.72999572753906,4595300.0,223.72999572753906
2021-10-14,228.57000732421875,225.77000427246094,226.39999389648438,227.4499969482422,2841400.0,227.4499969482422
2021-10-15,229.5,227.3300018310547,228.35000610351562,229.1199951171875,4177000.0,229.1199951171875
2021-10-18,229.75,226.67999267578125,228.02000427246094,227.97999572753906,2676800.0,227.97999572753906
2021-10-19,230.38999938964844,227.67999267578125,229.14999389648438,229.32000732421875,2088100.0,229.32000732421875
2021-10-20,231.9600067138672,229.16000366210938,230.3300018310547,231.3000030517578,2516900.0,231.3000030517578
2021-10-21,233.36000061035156,230.6300048828125,231.3000030517578,232.83999633789062,3833400.0,232.83999633789062
2021-10-22,234.6999969482422,232.36000061035156,232.8699951171875,232.97999572753906,2576800.0,232.97999572753906
2021-10-25,236.27999877929688,232.5,233.33999633789062,235.39999389648438,2544100.0,235.39999389648438
