Date,High,Low,Open,Close,Volume,Adj Close
2013-01-31,19.989999771118164,19.0,19.559999465942383,19.049999237060547,12750300,19.049999237060547
2013-02-01,19.350000381469727,18.399999618530273,19.25,19.0,1467000,19.0
2013-02-04,19.010000228881836,18.1200008392334,19.010000228881836,18.399999618530273,529000,18.399999618530273
2013-02-05,18.459999084472656,17.799999237060547,18.450000762939453,18.18000030517578,689100,18.18000030517578
2013-02-06,18.719999313354492,17.809999465942383,18.030000686645508,18.15999984741211,427500,18.15999984741211
2013-02-07,18.540000915527344,17.989999771118164,18.0,18.450000762939453,784700,18.450000762939453
2013-02-08,19.0,18.229999542236328,18.6299991607666,18.639999389648438,375800,18.639999389648438
2013-02-11,19.309999465942383,18.600000381469727,18.600000381469727,19.020000457763672,388200,19.020000457763672
2013-02-12,19.139999389648438,18.799999237060547,19.030000686645508,18.860000610351562,310400,18.860000610351562
2013-02-13,19.190000534057617,18.610000610351562,18.860000610351562,19.030000686645508,290100,19.030000686645508
2013-02-14,19.040000915527344,18.84000015258789,19.0,18.969999313354492,62800,18.969999313354492
2013-02-15,18.979999542236328,18.709999084472656,18.889999389648438,18.760000228881836,418700,18.760000228881836
2013-02-19,18.75,18.149999618530273,18.610000610351562,18.59000015258789,750900,18.59000015258789
2013-02-20,18.670000076293945,17.81999969482422,18.399999618530273,17.969999313354492,342100,17.969999313354492
2013-02-21,18.18000030517578,17.5,17.579999923706055,18.030000686645508,317600,18.030000686645508
2013-02-22,18.229999542236328,17.649999618530273,18.149999618530273,18.059999465942383,145500,18.059999465942383
2013-02-25,18.690000534057617,17.90999984741211,18.200000762939453,18.190000534057617,461000,18.190000534057617
2013-02-26,18.6299991607666,17.770000457763672,18.6299991607666,18.270000457763672,405700,18.270000457763672
2013-02-27,18.670000076293945,18.239999771118164,18.270000457763672,18.489999771118164,338700,18.489999771118164
2013-02-28,18.75,18.1299991607666,18.389999389648438,18.399999618530273,219700,18.399999618530273
2013-03-01,18.329999923706055,17.81999969482422,18.239999771118164,18.299999237060547,299800,18.299999237060547
2013-03-04,18.40999984741211,17.899999618530273,18.229999542236328,18.1200008392334,105700,18.1200008392334
2013-03-05,18.75,18.020000457763672,18.280000686645508,18.260000228881836,250700,18.260000228881836
2013-03-06,18.549999237060547,18.149999618530273,18.389999389648438,18.549999237060547,313800,18.549999237060547
2013-03-07,18.559999465942383,18.170000076293945,18.530000686645508,18.350000381469727,317800,18.350000381469727
2013-03-08,19.170000076293945,18.25,18.479999542236328,19.030000686645508,324800,19.030000686645508
2013-03-11,19.399999618530273,18.809999465942383,19.079999923706055,19.280000686645508,184800,19.280000686645508
2013-03-12,19.280000686645508,19.0,19.229999542236328,19.149999618530273,110000,19.149999618530273
2013-03-13,19.399999618530273,18.809999465942383,19.100000381469727,18.969999313354492,209300,18.969999313354492
2013-03-14,19.1299991607666,18.5,19.0,19.059999465942383,98300,19.059999465942383
2013-03-15,19.219999313354492,18.65999984741211,19.09000015258789,18.989999771118164,283700,18.989999771118164
2013-03-18,19.899999618530273,18.760000228881836,18.760000228881836,19.639999389648438,453800,19.639999389648438
2013-03-19,21.25,18.260000228881836,19.459999084472656,19.729999542236328,389200,19.729999542236328
2013-03-20,20.969999313354492,19.760000228881836,19.760000228881836,20.510000228881836,569100,20.510000228881836
2013-03-21,20.8799991607666,19.709999084472656,20.59000015258789,19.950000762939453,438100,19.950000762939453
2013-03-22,20.209999084472656,19.25,19.90999984741211,19.510000228881836,206500,19.510000228881836
2013-03-25,20.0,19.479999542236328,19.670000076293945,19.93000030517578,143700,19.93000030517578
2013-03-26,20.860000610351562,20.06999969482422,20.06999969482422,20.5,748900,20.5
2013-03-27,20.530000686645508,20.020000457763672,20.34000015258789,20.479999542236328,149200,20.479999542236328
2013-03-28,20.510000228881836,19.780000686645508,20.450000762939453,20.149999618530273,1687000,20.149999618530273
2013-04-01,21.18000030517578,19.850000381469727,20.290000915527344,20.020000457763672,663200,20.020000457763672
2013-04-02,20.149999618530273,19.68000030517578,20.149999618530273,19.739999771118164,213600,19.739999771118164
2013-04-03,19.81999969482422,18.899999618530273,19.75,19.15999984741211,300300,19.15999984741211
2013-04-04,19.139999389648438,18.90999984741211,19.110000610351562,19.030000686645508,292000,19.030000686645508
2013-04-05,19.579999923706055,18.600000381469727,19.0,19.389999389648438,236100,19.389999389648438
2013-04-08,19.639999389648438,19.229999542236328,19.440000534057617,19.59000015258789,403600,19.59000015258789
2013-04-09,19.700000762939453,19.3700008392334,19.670000076293945,19.649999618530273,71200,19.649999618530273
2013-04-10,19.940000534057617,19.229999542236328,19.75,19.280000686645508,230500,19.280000686645508
2013-04-11,19.440000534057617,19.100000381469727,19.18000030517578,19.260000228881836,165100,19.260000228881836
2013-04-12,19.360000610351562,19.1299991607666,19.1299991607666,19.25,280100,19.25
2013-04-15,19.290000915527344,18.209999084472656,19.190000534057617,18.5,209000,18.5
2013-04-16,19.190000534057617,18.440000534057617,18.6200008392334,18.729999542236328,187800,18.729999542236328
2013-04-17,18.889999389648438,18.479999542236328,18.579999923706055,18.700000762939453,167000,18.700000762939453
2013-04-18,19.360000610351562,18.56999969482422,18.75,18.75,174500,18.75
2013-04-19,18.829999923706055,18.399999618530273,18.790000915527344,18.760000228881836,192700,18.760000228881836
2013-04-22,19.0,18.530000686645508,18.8799991607666,18.850000381469727,111000,18.850000381469727
2013-04-23,19.579999923706055,18.799999237060547,18.950000762939453,19.399999618530273,128900,19.399999618530273
2013-04-24,19.5,19.1200008392334,19.360000610351562,19.450000762939453,55400,19.450000762939453
2013-04-25,19.8799991607666,18.81999969482422,19.450000762939453,19.6200008392334,90900,19.6200008392334
2013-04-26,19.770000457763672,19.270000457763672,19.270000457763672,19.6299991607666,78300,19.6299991607666
2013-04-29,19.860000610351562,19.200000762939453,19.760000228881836,19.31999969482422,244100,19.31999969482422
2013-04-30,19.3799991607666,18.700000762939453,19.280000686645508,19.0,278600,19.0
2013-05-01,19.229999542236328,18.200000762939453,19.0,18.5,329200,18.5
2013-05-02,18.93000030517578,18.3700008392334,18.600000381469727,18.860000610351562,166000,18.860000610351562
2013-05-03,19.229999542236328,18.780000686645508,19.020000457763672,18.860000610351562,175800,18.860000610351562
2013-05-06,19.149999618530273,18.780000686645508,18.860000610351562,18.989999771118164,111000,18.989999771118164
2013-05-07,19.200000762939453,18.989999771118164,19.079999923706055,19.100000381469727,102500,19.100000381469727
2013-05-08,19.229999542236328,18.770000457763672,19.15999984741211,19.079999923706055,123700,19.079999923706055
2013-05-09,19.059999465942383,18.649999618530273,19.040000915527344,18.700000762939453,62100,18.700000762939453
2013-05-10,18.899999618530273,18.559999465942383,18.770000457763672,18.8799991607666,84200,18.8799991607666
2013-05-13,18.84000015258789,18.420000076293945,18.780000686645508,18.729999542236328,56500,18.729999542236328
2013-05-14,19.270000457763672,18.56999969482422,18.959999084472656,19.200000762939453,203700,19.200000762939453
2013-05-15,20.479999542236328,18.649999618530273,19.899999618530273,19.0,586900,19.0
2013-05-16,19.0,17.799999237060547,18.889999389648438,18.260000228881836,347100,18.260000228881836
2013-05-17,18.6299991607666,18.170000076293945,18.170000076293945,18.25,123500,18.25
2013-05-20,18.6299991607666,18.0,18.149999618530273,18.059999465942383,123800,18.059999465942383
2013-05-21,18.149999618530273,17.860000610351562,18.100000381469727,18.030000686645508,207900,18.030000686645508
2013-05-22,18.3700008392334,17.8799991607666,18.100000381469727,17.959999084472656,285100,17.959999084472656
2013-05-23,18.079999923706055,17.600000381469727,17.709999084472656,18.040000915527344,159100,18.040000915527344
2013-05-24,18.219999313354492,17.8700008392334,18.0,18.079999923706055,53500,18.079999923706055
2013-05-28,18.5,18.010000228881836,18.329999923706055,18.139999389648438,122300,18.139999389648438
2013-05-29,18.09000015258789,17.209999084472656,18.09000015258789,17.309999465942383,197100,17.309999465942383
2013-05-30,17.450000762939453,16.56999969482422,17.31999969482422,17.010000228881836,343700,17.010000228881836
2013-05-31,17.25,16.760000228881836,16.889999389648438,16.84000015258789,809800,16.84000015258789
2013-06-03,17.15999984741211,16.760000228881836,16.979999542236328,16.920000076293945,328200,16.920000076293945
2013-06-04,17.049999237060547,16.43000030517578,16.950000762939453,16.6299991607666,597300,16.6299991607666
2013-06-05,16.68000030517578,16.25,16.559999465942383,16.420000076293945,142200,16.420000076293945
2013-06-06,16.5,15.789999961853027,16.43000030517578,16.170000076293945,420100,16.170000076293945
2013-06-07,16.719999313354492,16.260000228881836,16.299999237060547,16.670000076293945,243800,16.670000076293945
2013-06-10,16.889999389648438,16.219999313354492,16.68000030517578,16.600000381469727,124700,16.600000381469727
2013-06-11,17.040000915527344,16.18000030517578,16.360000610351562,16.790000915527344,368600,16.790000915527344
2013-06-12,17.049999237060547,16.469999313354492,16.889999389648438,16.610000610351562,132600,16.610000610351562
2013-06-13,16.84000015258789,16.200000762939453,16.549999237060547,16.719999313354492,123400,16.719999313354492
2013-06-14,16.81999969482422,16.530000686645508,16.75,16.610000610351562,123200,16.610000610351562
2013-06-17,17.040000915527344,16.450000762939453,16.700000762939453,16.59000015258789,256400,16.59000015258789
2013-06-18,16.780000686645508,16.450000762939453,16.65999984741211,16.610000610351562,72900,16.610000610351562
2013-06-19,16.670000076293945,16.399999618530273,16.65999984741211,16.459999084472656,280500,16.459999084472656
2013-06-20,16.579999923706055,15.850000381469727,16.299999237060547,16.149999618530273,164000,16.149999618530273
2013-06-21,16.229999542236328,15.420000076293945,16.139999389648438,15.4399995803833,255600,15.4399995803833
2013-06-24,15.260000228881836,14.239999771118164,15.260000228881836,14.399999618530273,1014600,14.399999618530273
2013-06-25,15.010000228881836,14.350000381469727,14.630000114440918,14.920000076293945,786600,14.920000076293945
2013-06-26,15.220000267028809,14.6899995803833,15.029999732971191,14.699999809265137,184600,14.699999809265137
2013-06-27,15.380000114440918,14.819999694824219,14.819999694824219,15.34000015258789,97000,15.34000015258789
2013-06-28,16.579999923706055,15.029999732971191,15.329999923706055,16.579999923706055,746000,16.579999923706055
2013-07-01,16.690000534057617,16.100000381469727,16.690000534057617,16.350000381469727,197700,16.350000381469727
2013-07-02,16.459999084472656,15.949999809265137,16.459999084472656,16.09000015258789,94200,16.09000015258789
2013-07-03,16.190000534057617,15.649999618530273,15.989999771118164,16.079999923706055,108300,16.079999923706055
2013-07-05,16.270000457763672,15.699999809265137,16.270000457763672,16.049999237060547,64300,16.049999237060547
2013-07-08,16.549999237060547,15.329999923706055,16.309999465942383,15.5,241300,15.5
2013-07-09,16.139999389648438,15.380000114440918,15.609999656677246,16.020000457763672,147100,16.020000457763672
2013-07-10,16.219999313354492,15.899999618530273,16.059999465942383,15.930000305175781,192400,15.930000305175781
2013-07-11,16.940000534057617,16.149999618530273,16.149999618530273,16.899999618530273,106300,16.899999618530273
2013-07-12,17.219999313354492,16.520000457763672,16.860000610351562,16.920000076293945,213600,16.920000076293945
2013-07-15,17.030000686645508,16.75,16.920000076293945,16.84000015258789,108400,16.84000015258789
2013-07-16,16.950000762939453,16.459999084472656,16.780000686645508,16.739999771118164,116600,16.739999771118164
2013-07-17,16.93000030517578,16.540000915527344,16.850000381469727,16.770000457763672,67100,16.770000457763672
2013-07-18,16.979999542236328,16.799999237060547,16.81999969482422,16.899999618530273,171600,16.899999618530273
2013-07-19,16.950000762939453,16.760000228881836,16.84000015258789,16.93000030517578,80900,16.93000030517578
2013-07-22,17.100000381469727,16.799999237060547,17.100000381469727,16.809999465942383,90200,16.809999465942383
2013-07-23,16.969999313354492,16.190000534057617,16.829999923706055,16.719999313354492,440900,16.719999313354492
2013-07-24,16.790000915527344,15.9399995803833,16.739999771118164,16.100000381469727,150200,16.100000381469727
2013-07-25,16.09000015258789,15.0600004196167,16.09000015258789,15.460000038146973,324700,15.460000038146973
2013-07-26,15.699999809265137,15.229999542236328,15.350000381469727,15.4399995803833,88900,15.4399995803833
2013-07-29,15.5600004196167,14.829999923706055,15.430000305175781,15.149999618530273,116000,15.149999618530273
2013-07-30,15.460000038146973,14.949999809265137,15.239999771118164,14.979999542236328,80800,14.979999542236328
2013-07-31,15.460000038146973,14.84000015258789,15.010000228881836,15.09000015258789,132300,15.09000015258789
2013-08-01,15.550000190734863,15.100000381469727,15.199999809265137,15.449999809265137,77600,15.449999809265137
2013-08-02,15.420000076293945,14.850000381469727,15.319999694824219,15.289999961853027,303700,15.289999961853027
2013-08-05,15.4399995803833,15.09000015258789,15.229999542236328,15.199999809265137,70000,15.199999809265137
2013-08-06,15.149999618530273,14.720000267028809,15.149999618530273,15.020000457763672,77700,15.020000457763672
2013-08-07,15.050000190734863,14.819999694824219,14.970000267028809,14.920000076293945,42300,14.920000076293945
2013-08-08,15.279999732971191,14.829999923706055,15.020000457763672,15.149999618530273,231400,15.149999618530273
2013-08-09,15.130000114440918,14.710000038146973,15.130000114440918,14.779999732971191,66200,14.779999732971191
2013-08-12,14.949999809265137,14.59000015258789,14.829999923706055,14.920000076293945,112200,14.920000076293945
2013-08-13,16.100000381469727,14.949999809265137,16.0,15.100000381469727,434700,15.100000381469727
2013-08-14,15.25,14.710000038146973,15.180000305175781,15.210000038146973,234800,15.210000038146973
2013-08-15,15.270000457763672,14.6899995803833,15.149999618530273,15.09000015258789,159300,15.09000015258789
2013-08-16,15.470000267028809,14.9399995803833,15.130000114440918,15.140000343322754,225400,15.140000343322754
2013-08-19,15.359999656677246,14.920000076293945,15.09000015258789,15.039999961853027,60400,15.039999961853027
2013-08-20,15.319999694824219,14.9399995803833,15.100000381469727,15.180000305175781,43600,15.180000305175781
2013-08-21,15.210000038146973,14.880000114440918,15.09000015258789,15.039999961853027,70100,15.039999961853027
2013-08-22,15.380000114440918,14.989999771118164,15.010000228881836,15.319999694824219,19500,15.319999694824219
2013-08-23,15.319999694824219,14.829999923706055,15.319999694824219,14.899999618530273,81400,14.899999618530273
2013-08-26,14.979999542236328,14.600000381469727,14.880000114440918,14.609999656677246,72300,14.609999656677246
2013-08-27,14.770000457763672,14.3100004196167,14.5,14.350000381469727,81400,14.350000381469727
2013-08-28,14.520000457763672,14.25,14.319999694824219,14.300000190734863,36000,14.300000190734863
2013-08-29,14.640000343322754,14.25,14.25,14.569999694824219,62300,14.569999694824219
2013-08-30,14.729999542236328,13.979999542236328,14.640000343322754,14.029999732971191,78000,14.029999732971191
2013-09-03,14.539999961853027,14.109999656677246,14.15999984741211,14.25,112400,14.25
2013-09-04,14.539999961853027,14.130000114440918,14.25,14.220000267028809,171300,14.220000267028809
2013-09-05,14.300000190734863,13.949999809265137,14.279999732971191,14.079999923706055,57000,14.079999923706055
2013-09-06,14.4399995803833,14.0,14.239999771118164,14.0600004196167,131000,14.0600004196167
2013-09-09,15.069999694824219,14.100000381469727,14.130000114440918,14.789999961853027,195100,14.789999961853027
2013-09-10,15.050000190734863,14.84000015258789,14.850000381469727,14.960000038146973,100700,14.960000038146973
2013-09-11,15.140000343322754,14.739999771118164,14.949999809265137,15.09000015258789,108900,15.09000015258789
2013-09-12,15.34000015258789,15.119999885559082,15.119999885559082,15.140000343322754,37900,15.140000343322754
2013-09-13,15.279999732971191,14.899999618530273,15.199999809265137,15.180000305175781,40900,15.180000305175781
2013-09-16,15.430000305175781,15.0600004196167,15.319999694824219,15.069999694824219,64900,15.069999694824219
2013-09-17,15.09000015258789,14.880000114440918,15.010000228881836,14.970000267028809,31100,14.970000267028809
2013-09-18,15.239999771118164,14.550000190734863,14.869999885559082,15.130000114440918,233600,15.130000114440918
2013-09-19,15.350000381469727,15.039999961853027,15.220000267028809,15.119999885559082,95300,15.119999885559082
2013-09-20,15.170000076293945,14.890000343322754,15.119999885559082,14.9399995803833,121000,14.9399995803833
2013-09-23,15.0,14.1899995803833,14.970000267028809,14.380000114440918,223200,14.380000114440918
2013-09-24,14.960000038146973,14.399999618530273,14.40999984741211,14.579999923706055,91100,14.579999923706055
2013-09-25,14.770000457763672,14.170000076293945,14.640000343322754,14.460000038146973,178400,14.460000038146973
2013-09-26,14.630000114440918,14.3100004196167,14.5,14.510000228881836,87100,14.510000228881836
2013-09-27,14.630000114440918,14.399999618530273,14.399999618530273,14.539999961853027,130300,14.539999961853027
2013-09-30,14.800000190734863,14.350000381469727,14.380000114440918,14.680000305175781,77200,14.680000305175781
2013-10-01,14.800000190734863,14.380000114440918,14.6899995803833,14.420000076293945,225200,14.420000076293945
2013-10-02,14.84000015258789,14.350000381469727,14.350000381469727,14.699999809265137,276900,14.699999809265137
2013-10-03,14.649999618530273,14.039999961853027,14.630000114440918,14.170000076293945,111800,14.170000076293945
2013-10-04,14.369999885559082,14.0,14.119999885559082,14.109999656677246,58300,14.109999656677246
2013-10-07,14.300000190734863,13.979999542236328,13.979999542236328,14.229999542236328,63100,14.229999542236328
2013-10-08,14.25,13.649999618530273,14.180000305175781,13.65999984741211,212000,13.65999984741211
2013-10-09,13.789999961853027,13.430000305175781,13.5,13.65999984741211,115500,13.65999984741211
2013-10-10,14.130000114440918,13.75,13.84000015258789,13.880000114440918,19700,13.880000114440918
2013-10-11,14.029999732971191,13.84000015258789,13.880000114440918,13.930000305175781,55300,13.930000305175781
2013-10-14,13.930000305175781,13.630000114440918,13.899999618530273,13.710000038146973,38700,13.710000038146973
2013-10-15,13.899999618530273,13.609999656677246,13.710000038146973,13.710000038146973,103900,13.710000038146973
2013-10-16,13.800000190734863,13.630000114440918,13.75,13.720000267028809,122600,13.720000267028809
2013-10-17,13.949999809265137,13.680000305175781,13.680000305175781,13.920000076293945,145000,13.920000076293945
2013-10-18,14.1899995803833,13.979999542236328,14.050000190734863,14.069999694824219,92800,14.069999694824219
2013-10-21,15.989999771118164,13.789999961853027,14.100000381469727,14.890000343322754,491900,14.890000343322754
2013-10-22,16.420000076293945,15.050000190734863,15.050000190734863,15.390000343322754,840300,15.390000343322754
2013-10-23,16.079999923706055,15.319999694824219,15.319999694824219,15.75,443200,15.75
2013-10-24,16.649999618530273,15.8100004196167,15.8100004196167,16.360000610351562,608300,16.360000610351562
2013-10-25,16.489999771118164,16.1200008392334,16.440000534057617,16.200000762939453,175000,16.200000762939453
2013-10-28,16.270000457763672,15.8100004196167,16.260000228881836,16.0,200600,16.0
2013-10-29,16.34000015258789,16.030000686645508,16.09000015258789,16.200000762939453,384100,16.200000762939453
2013-10-30,16.3700008392334,15.819999694824219,16.25,15.899999618530273,161000,15.899999618530273
2013-10-31,16.010000228881836,15.710000038146973,15.9399995803833,15.920000076293945,145500,15.920000076293945
2013-11-01,16.1299991607666,15.329999923706055,15.949999809265137,15.380000114440918,300100,15.380000114440918
2013-11-04,17.799999237060547,15.949999809265137,16.969999313354492,16.149999618530273,3047900,16.149999618530273
2013-11-05,16.899999618530273,15.949999809265137,16.200000762939453,16.559999465942383,952200,16.559999465942383
2013-11-06,16.989999771118164,16.530000686645508,16.649999618530273,16.700000762939453,421900,16.700000762939453
2013-11-07,16.889999389648438,16.6299991607666,16.809999465942383,16.6299991607666,547500,16.6299991607666
2013-11-08,16.90999984741211,16.309999465942383,16.6200008392334,16.5,351300,16.5
2013-11-11,16.75,16.299999237060547,16.520000457763672,16.5,254000,16.5
2013-11-12,17.270000457763672,16.440000534057617,16.459999084472656,16.81999969482422,1231200,16.81999969482422
2013-11-13,18.649999618530273,17.389999389648438,17.450000762939453,18.420000076293945,2413600,18.420000076293945
2013-11-14,19.389999389648438,18.360000610351562,18.360000610351562,19.040000915527344,807700,19.040000915527344
2013-11-15,19.18000030517578,18.549999237060547,19.18000030517578,18.739999771118164,544300,18.739999771118164
2013-11-18,19.030000686645508,18.559999465942383,18.860000610351562,18.670000076293945,390800,18.670000076293945
2013-11-19,18.760000228881836,18.350000381469727,18.739999771118164,18.489999771118164,290000,18.489999771118164
2013-11-20,18.989999771118164,18.469999313354492,18.65999984741211,18.6299991607666,272400,18.6299991607666
2013-11-21,19.059999465942383,18.5,18.6299991607666,18.93000030517578,222500,18.93000030517578
2013-11-22,19.350000381469727,18.829999923706055,18.8799991607666,19.049999237060547,302000,19.049999237060547
2013-11-25,19.31999969482422,18.790000915527344,19.049999237060547,18.90999984741211,340500,18.90999984741211
2013-11-26,20.09000015258789,18.989999771118164,18.989999771118164,19.920000076293945,413500,19.920000076293945
2013-11-27,20.09000015258789,19.510000228881836,19.889999389648438,19.760000228881836,242400,19.760000228881836
2013-11-29,20.290000915527344,19.5,19.799999237060547,19.850000381469727,254600,19.850000381469727
2013-12-02,19.799999237060547,19.0,19.799999237060547,19.18000030517578,245900,19.18000030517578
2013-12-03,19.31999969482422,19.020000457763672,19.100000381469727,19.209999084472656,128100,19.209999084472656
2013-12-04,19.450000762939453,19.100000381469727,19.100000381469727,19.229999542236328,107000,19.229999542236328
2013-12-05,19.450000762939453,18.43000030517578,19.1299991607666,18.540000915527344,164400,18.540000915527344
2013-12-06,19.079999923706055,18.579999923706055,18.639999389648438,18.790000915527344,161300,18.790000915527344
2013-12-09,19.389999389648438,18.8700008392334,18.8700008392334,19.25,340300,19.25
2013-12-10,19.579999923706055,19.170000076293945,19.25,19.40999984741211,320300,19.40999984741211
2013-12-11,19.56999969482422,18.389999389648438,19.3799991607666,18.43000030517578,233000,18.43000030517578
2013-12-12,18.799999237060547,17.709999084472656,18.450000762939453,18.260000228881836,256500,18.260000228881836
2013-12-13,18.639999389648438,18.020000457763672,18.309999465942383,18.420000076293945,121700,18.420000076293945
2013-12-16,18.649999618530273,17.860000610351562,18.549999237060547,18.030000686645508,235300,18.030000686645508
2013-12-17,18.459999084472656,17.81999969482422,18.100000381469727,18.31999969482422,171900,18.31999969482422
2013-12-18,19.100000381469727,18.079999923706055,18.459999084472656,18.90999984741211,208700,18.90999984741211
2013-12-19,19.049999237060547,18.40999984741211,18.739999771118164,18.690000534057617,177000,18.690000534057617
2013-12-20,19.459999084472656,18.780000686645508,18.8799991607666,19.299999237060547,431200,19.299999237060547
2013-12-23,20.110000610351562,19.350000381469727,19.350000381469727,19.5,219100,19.5
2013-12-24,19.959999084472656,19.479999542236328,19.600000381469727,19.549999237060547,81900,19.549999237060547
2013-12-26,19.809999465942383,19.059999465942383,19.56999969482422,19.350000381469727,127100,19.350000381469727
2013-12-27,19.5,18.959999084472656,19.440000534057617,19.190000534057617,101600,19.190000534057617
2013-12-30,19.5,19.0,19.229999542236328,19.31999969482422,120900,19.31999969482422
2013-12-31,19.979999542236328,19.290000915527344,19.459999084472656,19.93000030517578,138000,19.93000030517578
2014-01-02,20.0,18.950000762939453,19.899999618530273,19.139999389648438,182900,19.139999389648438
2014-01-03,19.889999389648438,19.110000610351562,19.110000610351562,19.649999618530273,142100,19.649999618530273
2014-01-06,19.780000686645508,19.1299991607666,19.649999618530273,19.15999984741211,152200,19.15999984741211
2014-01-07,19.360000610351562,18.520000457763672,19.170000076293945,18.860000610351562,175800,18.860000610351562
2014-01-08,19.059999465942383,18.239999771118164,18.829999923706055,18.489999771118164,206000,18.489999771118164
2014-01-09,18.690000534057617,18.15999984741211,18.5,18.440000534057617,151400,18.440000534057617
2014-01-10,17.989999771118164,17.079999923706055,17.829999923706055,17.959999084472656,1182600,17.959999084472656
2014-01-13,17.5,17.049999237060547,17.15999984741211,17.15999984741211,1076900,17.15999984741211
2014-01-14,17.489999771118164,17.010000228881836,17.149999618530273,17.209999084472656,915100,17.209999084472656
2014-01-15,17.770000457763672,17.1200008392334,17.25,17.3700008392334,348000,17.3700008392334
2014-01-16,17.709999084472656,17.110000610351562,17.360000610351562,17.479999542236328,680500,17.479999542236328
2014-01-17,18.079999923706055,17.420000076293945,17.420000076293945,17.90999984741211,176400,17.90999984741211
2014-01-21,17.979999542236328,17.25,17.979999542236328,17.309999465942383,656900,17.309999465942383
2014-01-22,18.149999618530273,17.290000915527344,17.290000915527344,17.809999465942383,124700,17.809999465942383
2014-01-23,18.18000030517578,17.530000686645508,17.829999923706055,17.610000610351562,521300,17.610000610351562
2014-01-24,17.899999618530273,17.399999618530273,17.690000534057617,17.510000228881836,184700,17.510000228881836
2014-01-27,18.219999313354492,17.18000030517578,17.8799991607666,17.350000381469727,459800,17.350000381469727
2014-01-28,18.229999542236328,17.40999984741211,17.40999984741211,17.729999542236328,190500,17.729999542236328
2014-01-29,17.799999237060547,17.350000381469727,17.559999465942383,17.709999084472656,300500,17.709999084472656
2014-01-30,18.299999237060547,17.670000076293945,18.0,17.700000762939453,178800,17.700000762939453
2014-01-31,17.959999084472656,17.350000381469727,17.5,17.639999389648438,139200,17.639999389648438
2014-02-03,17.889999389648438,17.020000457763672,17.670000076293945,17.260000228881836,170000,17.260000228881836
2014-02-04,17.5,17.100000381469727,17.270000457763672,17.260000228881836,132700,17.260000228881836
2014-02-05,17.68000030517578,17.170000076293945,17.25,17.510000228881836,179400,17.510000228881836
2014-02-06,18.459999084472656,17.469999313354492,17.510000228881836,18.040000915527344,259300,18.040000915527344
2014-02-07,18.700000762939453,18.040000915527344,18.040000915527344,18.489999771118164,200400,18.489999771118164
2014-02-10,18.530000686645508,17.8700008392334,18.450000762939453,18.190000534057617,179300,18.190000534057617
2014-02-11,17.610000610351562,16.889999389648438,17.489999771118164,17.56999969482422,320400,17.56999969482422
2014-02-12,17.700000762939453,17.059999465942383,17.56999969482422,17.209999084472656,239200,17.209999084472656
2014-02-13,17.469999313354492,16.809999465942383,17.049999237060547,16.950000762939453,382000,16.950000762939453
2014-02-14,17.280000686645508,16.350000381469727,16.950000762939453,16.93000030517578,625300,16.93000030517578
2014-02-18,17.190000534057617,16.530000686645508,17.020000457763672,16.899999618530273,270200,16.899999618530273
2014-02-19,16.8799991607666,16.399999618530273,16.809999465942383,16.489999771118164,392900,16.489999771118164
2014-02-20,16.600000381469727,16.290000915527344,16.489999771118164,16.510000228881836,406100,16.510000228881836
2014-02-21,17.3700008392334,16.6200008392334,16.6200008392334,17.190000534057617,322400,17.190000534057617
2014-02-24,17.469999313354492,17.09000015258789,17.18000030517578,17.290000915527344,168700,17.290000915527344
2014-02-25,17.649999618530273,17.260000228881836,17.459999084472656,17.3700008392334,222600,17.3700008392334
2014-02-26,18.559999465942383,17.260000228881836,17.440000534057617,18.3799991607666,1002400,18.3799991607666
2014-02-27,19.559999465942383,18.440000534057617,19.149999618530273,18.899999618530273,623000,18.899999618530273
2014-02-28,18.899999618530273,18.1200008392334,18.899999618530273,18.219999313354492,420300,18.219999313354492
2014-03-03,18.290000915527344,17.549999237060547,17.989999771118164,18.049999237060547,236900,18.049999237060547
2014-03-04,18.399999618530273,17.920000076293945,18.399999618530273,18.079999923706055,186100,18.079999923706055
2014-03-05,18.09000015258789,17.729999542236328,18.0,17.850000381469727,86700,17.850000381469727
2014-03-06,18.239999771118164,17.75,17.850000381469727,18.139999389648438,237600,18.139999389648438
2014-03-07,18.389999389648438,17.969999313354492,18.229999542236328,18.079999923706055,159200,18.079999923706055
2014-03-10,18.010000228881836,17.5,18.010000228881836,17.700000762939453,159100,17.700000762939453
2014-03-11,17.84000015258789,17.15999984741211,17.780000686645508,17.389999389648438,192300,17.389999389648438
2014-03-12,17.510000228881836,17.139999389648438,17.34000015258789,17.299999237060547,76300,17.299999237060547
2014-03-13,17.3799991607666,17.0,17.3799991607666,17.1200008392334,142000,17.1200008392334
2014-03-14,17.6299991607666,17.040000915527344,17.040000915527344,17.389999389648438,212300,17.389999389648438
2014-03-17,18.059999465942383,17.34000015258789,17.450000762939453,17.440000534057617,109600,17.440000534057617
2014-03-18,17.59000015258789,17.260000228881836,17.40999984741211,17.389999389648438,71500,17.389999389648438
2014-03-19,17.799999237060547,17.020000457763672,17.610000610351562,17.200000762939453,133900,17.200000762939453
2014-03-20,17.56999969482422,17.149999618530273,17.18000030517578,17.350000381469727,268900,17.350000381469727
2014-03-21,17.5,16.329999923706055,17.299999237060547,16.450000762939453,603100,16.450000762939453
2014-03-24,17.06999969482422,16.420000076293945,16.43000030517578,16.979999542236328,513400,16.979999542236328
2014-03-25,17.110000610351562,16.549999237060547,16.940000534057617,16.719999313354492,125300,16.719999313354492
2014-03-26,16.84000015258789,16.40999984741211,16.84000015258789,16.469999313354492,176900,16.469999313354492
2014-03-27,16.65999984741211,16.229999542236328,16.520000457763672,16.260000228881836,340800,16.260000228881836
2014-03-28,16.729999542236328,16.329999923706055,16.34000015258789,16.510000228881836,179500,16.510000228881836
2014-03-31,16.68000030517578,16.190000534057617,16.59000015258789,16.229999542236328,317000,16.229999542236328
2014-04-01,16.860000610351562,16.18000030517578,16.25,16.43000030517578,491400,16.43000030517578
2014-04-02,17.209999084472656,16.459999084472656,16.479999542236328,17.06999969482422,691100,17.06999969482422
2014-04-03,17.040000915527344,16.700000762939453,17.030000686645508,17.0,198200,17.0
2014-04-04,17.350000381469727,16.31999969482422,17.139999389648438,16.690000534057617,240000,16.690000534057617
2014-04-07,16.700000762939453,16.1200008392334,16.649999618530273,16.170000076293945,138700,16.170000076293945
2014-04-08,16.700000762939453,16.149999618530273,16.299999237060547,16.200000762939453,121500,16.200000762939453
2014-04-09,16.440000534057617,15.880000114440918,16.200000762939453,16.399999618530273,147600,16.399999618530273
2014-04-10,16.56999969482422,15.949999809265137,16.34000015258789,15.970000267028809,148800,15.970000267028809
2014-04-11,16.030000686645508,15.75,15.84000015258789,15.819999694824219,98400,15.819999694824219
2014-04-14,16.030000686645508,15.489999771118164,15.970000267028809,15.720000267028809,124300,15.720000267028809
2014-04-15,16.110000610351562,15.40999984741211,15.789999961853027,15.850000381469727,291400,15.850000381469727
2014-04-16,16.09000015258789,15.680000305175781,15.90999984741211,15.949999809265137,98300,15.949999809265137
2014-04-17,16.079999923706055,15.550000190734863,15.90999984741211,15.880000114440918,162100,15.880000114440918
2014-04-21,16.149999618530273,15.640000343322754,15.930000305175781,15.729999542236328,139000,15.729999542236328
2014-04-22,16.489999771118164,15.789999961853027,15.789999961853027,16.3799991607666,338900,16.3799991607666
2014-04-23,16.549999237060547,16.329999923706055,16.420000076293945,16.399999618530273,249800,16.399999618530273
2014-04-24,16.59000015258789,16.25,16.459999084472656,16.440000534057617,85100,16.440000534057617
2014-04-25,16.34000015258789,15.869999885559082,16.34000015258789,15.979999542236328,79600,15.979999542236328
2014-04-28,16.270000457763672,15.630000114440918,16.0,15.800000190734863,136200,15.800000190734863
2014-04-29,16.18000030517578,15.8100004196167,15.899999618530273,16.040000915527344,228300,16.040000915527344
2014-04-30,16.100000381469727,15.779999732971191,15.989999771118164,16.06999969482422,143700,16.06999969482422
2014-05-01,16.530000686645508,16.040000915527344,16.040000915527344,16.31999969482422,147400,16.31999969482422
2014-05-02,16.729999542236328,16.329999923706055,16.329999923706055,16.510000228881836,72000,16.510000228881836
2014-05-05,16.5,16.270000457763672,16.3799991607666,16.440000534057617,109900,16.440000534057617
2014-05-06,17.450000762939453,16.25,17.010000228881836,16.309999465942383,230800,16.309999465942383
2014-05-07,16.389999389648438,16.010000228881836,16.329999923706055,16.020000457763672,210900,16.020000457763672
2014-05-08,16.790000915527344,15.869999885559082,16.049999237060547,16.670000076293945,373000,16.670000076293945
2014-05-09,16.8700008392334,16.489999771118164,16.600000381469727,16.600000381469727,346100,16.600000381469727
2014-05-12,17.209999084472656,16.610000610351562,16.610000610351562,16.979999542236328,345900,16.979999542236328
2014-05-13,17.350000381469727,16.829999923706055,16.889999389648438,17.110000610351562,359600,17.110000610351562
2014-05-14,17.100000381469727,16.489999771118164,17.100000381469727,16.600000381469727,97100,16.600000381469727
2014-05-15,16.489999771118164,15.84000015258789,16.489999771118164,16.18000030517578,137100,16.18000030517578
2014-05-16,17.1299991607666,16.5,16.5,16.899999618530273,204300,16.899999618530273
2014-05-19,17.06999969482422,16.799999237060547,16.889999389648438,16.959999084472656,135500,16.959999084472656
2014-05-20,17.149999618530273,16.729999542236328,16.899999618530273,16.899999618530273,166300,16.899999618530273
2014-05-21,16.989999771118164,16.469999313354492,16.950000762939453,16.5,187400,16.5
2014-05-22,16.579999923706055,15.380000114440918,16.489999771118164,15.489999771118164,1897900,15.489999771118164
2014-05-23,15.649999618530273,14.710000038146973,15.449999809265137,15.010000228881836,1618200,15.010000228881836
2014-05-27,15.579999923706055,14.859999656677246,15.180000305175781,14.979999542236328,546800,14.979999542236328
2014-05-28,15.5,14.90999984741211,15.029999732971191,15.149999618530273,1196900,15.149999618530273
2014-05-29,15.489999771118164,15.100000381469727,15.489999771118164,15.300000190734863,708500,15.300000190734863
2014-05-30,15.600000381469727,15.130000114440918,15.520000457763672,15.25,422800,15.25
2014-06-02,15.5,15.109999656677246,15.229999542236328,15.460000038146973,463900,15.460000038146973
2014-06-03,15.380000114440918,15.180000305175781,15.380000114440918,15.260000228881836,616700,15.260000228881836
2014-06-04,15.359999656677246,15.0,15.239999771118164,15.319999694824219,699200,15.319999694824219
2014-06-05,15.670000076293945,15.140000343322754,15.40999984741211,15.619999885559082,1049300,15.619999885559082
2014-06-06,16.25,15.710000038146973,15.760000228881836,15.869999885559082,1603500,15.869999885559082
2014-06-09,16.809999465942383,15.8100004196167,15.8100004196167,16.360000610351562,1320200,16.360000610351562
2014-06-10,16.950000762939453,16.290000915527344,16.389999389648438,16.549999237060547,1447800,16.549999237060547
2014-06-11,16.780000686645508,16.450000762939453,16.520000457763672,16.540000915527344,776200,16.540000915527344
2014-06-12,16.649999618530273,16.25,16.540000915527344,16.530000686645508,640400,16.530000686645508
2014-06-13,16.760000228881836,16.40999984741211,16.530000686645508,16.549999237060547,497600,16.549999237060547
2014-06-16,16.649999618530273,16.209999084472656,16.469999313354492,16.440000534057617,323400,16.440000534057617
2014-06-17,16.729999542236328,16.25,16.5,16.690000534057617,1252700,16.690000534057617
2014-06-18,16.829999923706055,16.399999618530273,16.709999084472656,16.799999237060547,910800,16.799999237060547
2014-06-19,16.989999771118164,16.510000228881836,16.8700008392334,16.780000686645508,931500,16.780000686645508
2014-06-20,16.799999237060547,15.949999809265137,16.780000686645508,16.09000015258789,1445400,16.09000015258789
2014-06-23,16.520000457763672,15.890000343322754,16.110000610351562,16.280000686645508,1213500,16.280000686645508
2014-06-24,16.65999984741211,16.110000610351562,16.200000762939453,16.399999618530273,3398600,16.399999618530273
2014-06-25,16.440000534057617,15.550000190734863,16.31999969482422,15.949999809265137,5717100,15.949999809265137
2014-06-26,15.850000381469727,15.449999809265137,15.8100004196167,15.529999732971191,6739100,15.529999732971191
2014-06-27,15.699999809265137,15.119999885559082,15.5,15.329999923706055,5554600,15.329999923706055
2014-06-30,15.75,15.25,15.329999923706055,15.720000267028809,8862400,15.720000267028809
2014-07-01,15.930000305175781,15.34000015258789,15.760000228881836,15.850000381469727,11406400,15.850000381469727
2014-07-02,15.819999694824219,15.460000038146973,15.649999618530273,15.460000038146973,11105500,15.460000038146973
2014-07-03,15.949999809265137,15.420000076293945,15.65999984741211,15.760000228881836,9921600,15.760000228881836
2014-07-07,15.880000114440918,15.600000381469727,15.789999961853027,15.850000381469727,11741500,15.850000381469727
2014-07-08,16.450000762939453,15.920000076293945,15.920000076293945,16.049999237060547,23062900,16.049999237060547
2014-07-09,16.09000015258789,15.729999542236328,16.059999465942383,15.770000457763672,6849300,15.770000457763672
2014-07-10,15.449999809265137,15.100000381469727,15.369999885559082,15.170000076293945,10441900,15.170000076293945
2014-07-11,15.380000114440918,14.680000305175781,15.380000114440918,14.8100004196167,5226500,14.8100004196167
2014-07-14,15.25,14.960000038146973,15.199999809265137,15.229999542236328,3663700,15.229999542236328
2014-07-15,15.229999542236328,14.8100004196167,15.210000038146973,14.850000381469727,2512400,14.850000381469727
2014-07-16,15.050000190734863,14.640000343322754,14.880000114440918,15.0,4883900,15.0
2014-07-17,14.989999771118164,14.510000228881836,14.989999771118164,14.579999923706055,3170600,14.579999923706055
2014-07-18,14.920000076293945,14.5,14.5,14.680000305175781,2447500,14.680000305175781
2014-07-21,14.75,14.489999771118164,14.619999885559082,14.5600004196167,2179300,14.5600004196167
2014-07-22,14.869999885559082,14.569999694824219,14.640000343322754,14.710000038146973,1594400,14.710000038146973
2014-07-23,14.949999809265137,14.510000228881836,14.699999809265137,14.829999923706055,1732800,14.829999923706055
2014-07-24,14.90999984741211,14.369999885559082,14.819999694824219,14.479999542236328,2179600,14.479999542236328
2014-07-25,14.470000267028809,14.09000015258789,14.470000267028809,14.199999809265137,1830300,14.199999809265137
2014-07-28,14.329999923706055,13.729999542236328,14.210000038146973,13.90999984741211,2596000,13.90999984741211
2014-07-29,14.09000015258789,13.760000228881836,13.960000038146973,13.84000015258789,1501500,13.84000015258789
2014-07-30,13.949999809265137,13.5,13.899999618530273,13.729999542236328,1613400,13.729999542236328
2014-07-31,13.630000114440918,13.34000015258789,13.630000114440918,13.510000228881836,1762600,13.510000228881836
2014-08-01,13.710000038146973,13.239999771118164,13.550000190734863,13.279999732971191,1679200,13.279999732971191
2014-08-04,13.539999961853027,13.25,13.390000343322754,13.5,1711400,13.5
2014-08-05,13.649999618530273,13.279999732971191,13.479999542236328,13.34000015258789,1941900,13.34000015258789
2014-08-06,13.430000305175781,13.25,13.329999923706055,13.3100004196167,1899700,13.3100004196167
2014-08-07,14.300000190734863,13.300000190734863,14.300000190734863,13.479999542236328,3241600,13.479999542236328
2014-08-08,13.479999542236328,13.109999656677246,13.479999542236328,13.149999618530273,2651700,13.149999618530273
2014-08-11,13.260000228881836,12.899999618530273,13.25,13.029999732971191,2346200,13.029999732971191
2014-08-12,13.079999923706055,12.819999694824219,13.0,12.90999984741211,1766500,12.90999984741211
2014-08-13,13.390000343322754,12.899999618530273,12.9399995803833,13.3100004196167,2880900,13.3100004196167
2014-08-14,13.779999732971191,13.34000015258789,13.390000343322754,13.699999809265137,3246400,13.699999809265137
2014-08-15,14.0600004196167,13.529999732971191,13.819999694824219,13.739999771118164,3369700,13.739999771118164
2014-08-18,14.359999656677246,13.880000114440918,13.949999809265137,14.239999771118164,2710500,14.239999771118164
2014-08-19,14.640000343322754,14.34000015258789,14.489999771118164,14.449999809265137,2751500,14.449999809265137
2014-08-20,14.449999809265137,14.199999809265137,14.40999984741211,14.34000015258789,2141500,14.34000015258789
2014-08-21,14.460000038146973,14.229999542236328,14.34000015258789,14.359999656677246,1765200,14.359999656677246
2014-08-22,14.420000076293945,14.229999542236328,14.359999656677246,14.359999656677246,1327900,14.359999656677246
2014-08-25,14.5600004196167,14.279999732971191,14.470000267028809,14.3100004196167,2369700,14.3100004196167
2014-08-26,14.550000190734863,14.199999809265137,14.329999923706055,14.520000457763672,1321700,14.520000457763672
2014-08-27,14.600000381469727,14.40999984741211,14.5600004196167,14.579999923706055,1649000,14.579999923706055
2014-08-28,14.859999656677246,14.420000076293945,14.539999961853027,14.789999961853027,2094700,14.789999961853027
2014-08-29,14.949999809265137,14.59000015258789,14.779999732971191,14.800000190734863,2012300,14.800000190734863
2014-09-02,14.960000038146973,14.6899995803833,14.930000305175781,14.800000190734863,1598800,14.800000190734863
2014-09-03,14.899999618530273,14.390000343322754,14.84000015258789,14.4399995803833,2075500,14.4399995803833
2014-09-04,14.739999771118164,14.329999923706055,14.479999542236328,14.34000015258789,1600600,14.34000015258789
2014-09-05,14.489999771118164,14.100000381469727,14.319999694824219,14.199999809265137,2791700,14.199999809265137
2014-09-08,14.329999923706055,14.039999961853027,14.1899995803833,14.119999885559082,1730500,14.119999885559082
2014-09-09,14.140000343322754,13.789999961853027,14.140000343322754,13.890000343322754,2068000,13.890000343322754
2014-09-10,14.039999961853027,13.75,13.890000343322754,13.930000305175781,1690500,13.930000305175781
2014-09-11,14.220000267028809,13.890000343322754,13.890000343322754,14.180000305175781,1477200,14.180000305175781
2014-09-12,14.180000305175781,13.930000305175781,14.140000343322754,14.079999923706055,1103100,14.079999923706055
2014-09-15,14.359999656677246,13.9399995803833,14.359999656677246,14.15999984741211,2284200,14.15999984741211
2014-09-16,14.25,14.029999732971191,14.100000381469727,14.039999961853027,1308800,14.039999961853027
2014-09-17,14.470000267028809,14.09000015258789,14.149999618530273,14.300000190734863,2707700,14.300000190734863
2014-09-18,14.5600004196167,14.270000457763672,14.289999961853027,14.5,2636500,14.5
2014-09-19,14.5600004196167,13.899999618530273,14.510000228881836,14.170000076293945,9744300,14.170000076293945
2014-09-22,14.079999923706055,13.4399995803833,14.079999923706055,13.479999542236328,2038700,13.479999542236328
2014-09-23,13.529999732971191,13.270000457763672,13.399999618530273,13.420000076293945,1596600,13.420000076293945
2014-09-24,13.59000015258789,13.170000076293945,13.350000381469727,13.449999809265137,2184700,13.449999809265137
2014-09-25,13.609999656677246,13.270000457763672,13.430000305175781,13.319999694824219,1655600,13.319999694824219
2014-09-26,13.40999984741211,13.119999885559082,13.329999923706055,13.300000190734863,928700,13.300000190734863
2014-09-29,13.1899995803833,12.930000305175781,13.140000343322754,13.010000228881836,2096900,13.010000228881836
2014-09-30,13.199999809265137,12.779999732971191,13.029999732971191,12.9399995803833,2140400,12.9399995803833
2014-10-01,12.979999542236328,12.609999656677246,12.920000076293945,12.75,1586000,12.75
2014-10-02,13.420000076293945,12.720000267028809,12.760000228881836,13.390000343322754,7579900,13.390000343322754
2014-10-03,13.630000114440918,13.319999694824219,13.420000076293945,13.510000228881836,1729700,13.510000228881836
2014-10-06,13.670000076293945,13.300000190734863,13.529999732971191,13.609999656677246,1754800,13.609999656677246
2014-10-07,13.739999771118164,13.399999618530273,13.539999961853027,13.420000076293945,2300500,13.420000076293945
2014-10-08,13.880000114440918,13.25,13.40999984741211,13.789999961853027,2021200,13.789999961853027
2014-10-09,13.84000015258789,13.09000015258789,13.760000228881836,13.199999809265137,2289000,13.199999809265137
2014-10-10,13.199999809265137,12.59000015258789,13.15999984741211,12.8100004196167,2802500,12.8100004196167
2014-10-13,13.109999656677246,12.710000038146973,12.829999923706055,12.729999542236328,2392400,12.729999542236328
2014-10-14,13.140000343322754,12.6899995803833,12.859999656677246,12.920000076293945,2266500,12.920000076293945
2014-10-15,13.510000228881836,12.619999885559082,12.699999809265137,13.350000381469727,2837400,13.350000381469727
2014-10-16,13.520000457763672,12.970000267028809,13.15999984741211,13.210000038146973,2577300,13.210000038146973
2014-10-17,13.6899995803833,13.229999542236328,13.390000343322754,13.489999771118164,1977800,13.489999771118164
2014-10-20,13.880000114440918,13.399999618530273,13.399999618530273,13.819999694824219,3200700,13.819999694824219
2014-10-21,14.149999618530273,13.699999809265137,13.850000381469727,13.850000381469727,1854900,13.850000381469727
2014-10-22,13.979999542236328,13.5,13.850000381469727,13.520000457763672,2143700,13.520000457763672
2014-10-23,13.920000076293945,13.460000038146973,13.630000114440918,13.8100004196167,1870200,13.8100004196167
2014-10-24,13.899999618530273,13.460000038146973,13.8100004196167,13.779999732971191,2124400,13.779999732971191
2014-10-27,13.800000190734863,13.399999618530273,13.699999809265137,13.739999771118164,1586100,13.739999771118164
2014-10-28,14.079999923706055,13.65999984741211,13.75,14.050000190734863,1812000,14.050000190734863
2014-10-29,14.069999694824219,13.420000076293945,14.039999961853027,13.569999694824219,2079900,13.569999694824219
2014-10-30,13.899999618530273,13.40999984741211,13.529999732971191,13.8100004196167,1387800,13.8100004196167
2014-10-31,14.220000267028809,13.6899995803833,13.989999771118164,13.6899995803833,1444500,13.6899995803833
2014-11-03,13.819999694824219,13.470000267028809,13.6899995803833,13.619999885559082,1990000,13.619999885559082
2014-11-04,13.680000305175781,13.319999694824219,13.5600004196167,13.4399995803833,1092500,13.4399995803833
2014-11-05,13.720000267028809,13.420000076293945,13.640000343322754,13.609999656677246,1860200,13.609999656677246
2014-11-06,14.25,13.600000381469727,14.029999732971191,14.079999923706055,2027600,14.079999923706055
2014-11-07,14.3100004196167,13.9399995803833,14.0600004196167,14.300000190734863,1976600,14.300000190734863
2014-11-10,14.779999732971191,14.479999542236328,14.489999771118164,14.779999732971191,3344800,14.779999732971191
2014-11-11,15.09000015258789,14.699999809265137,14.819999694824219,15.069999694824219,2704900,15.069999694824219
2014-11-12,15.09000015258789,14.869999885559082,14.960000038146973,14.9399995803833,1645600,14.9399995803833
2014-11-13,15.029999732971191,14.770000457763672,14.930000305175781,14.779999732971191,1765900,14.779999732971191
2014-11-14,15.0,14.710000038146973,14.779999732971191,14.869999885559082,1712800,14.869999885559082
2014-11-17,15.0600004196167,14.640000343322754,14.90999984741211,14.75,1944000,14.75
2014-11-18,14.930000305175781,14.510000228881836,14.789999961853027,14.619999885559082,1457100,14.619999885559082
2014-11-19,14.649999618530273,14.270000457763672,14.619999885559082,14.40999984741211,1420700,14.40999984741211
2014-11-20,15.0,14.229999542236328,14.399999618530273,14.869999885559082,2112400,14.869999885559082
2014-11-21,15.140000343322754,14.850000381469727,15.100000381469727,14.979999542236328,1859600,14.979999542236328
2014-11-24,15.220000267028809,14.949999809265137,14.979999542236328,15.210000038146973,1183000,15.210000038146973
2014-11-25,15.319999694824219,15.039999961853027,15.1899995803833,15.300000190734863,1566100,15.300000190734863
2014-11-26,15.359999656677246,15.069999694824219,15.289999961853027,15.34000015258789,1159600,15.34000015258789
2014-11-28,15.420000076293945,15.100000381469727,15.34000015258789,15.260000228881836,721000,15.260000228881836
2014-12-01,15.300000190734863,14.949999809265137,15.270000457763672,15.079999923706055,1946800,15.079999923706055
2014-12-02,15.1899995803833,15.0,15.100000381469727,15.100000381469727,1408900,15.100000381469727
2014-12-03,15.3100004196167,15.020000457763672,15.130000114440918,15.109999656677246,1509700,15.109999656677246
2014-12-04,15.130000114440918,14.949999809265137,15.020000457763672,15.0600004196167,2147000,15.0600004196167
2014-12-05,15.319999694824219,14.979999542236328,15.0600004196167,15.180000305175781,1614100,15.180000305175781
2014-12-08,15.270000457763672,15.0,15.180000305175781,15.100000381469727,2322500,15.100000381469727
2014-12-09,15.199999809265137,14.890000343322754,14.979999542236328,15.109999656677246,1442500,15.109999656677246
2014-12-10,15.079999923706055,14.539999961853027,15.079999923706055,14.5600004196167,1995700,14.5600004196167
2014-12-11,14.619999885559082,14.380000114440918,14.579999923706055,14.399999618530273,1525300,14.399999618530273
2014-12-12,14.329999923706055,14.109999656677246,14.279999732971191,14.149999618530273,1322700,14.149999618530273
2014-12-15,14.289999961853027,13.59000015258789,14.170000076293945,13.84000015258789,1585300,13.84000015258789
2014-12-16,13.920000076293945,13.619999885559082,13.779999732971191,13.819999694824219,1449200,13.819999694824219
2014-12-17,14.449999809265137,13.789999961853027,13.880000114440918,14.40999984741211,1424000,14.40999984741211
2014-12-18,14.65999984741211,14.420000076293945,14.600000381469727,14.619999885559082,1175800,14.619999885559082
2014-12-19,14.609999656677246,14.34000015258789,14.5600004196167,14.489999771118164,1859700,14.489999771118164
2014-12-22,14.600000381469727,14.34000015258789,14.520000457763672,14.5,1223900,14.5
2014-12-23,14.75,14.470000267028809,14.539999961853027,14.539999961853027,1569600,14.539999961853027
2014-12-24,14.699999809265137,14.4399995803833,14.539999961853027,14.609999656677246,404400,14.609999656677246
2014-12-26,14.829999923706055,14.630000114440918,14.680000305175781,14.649999618530273,1072000,14.649999618530273
2014-12-29,15.0,14.619999885559082,14.619999885559082,14.890000343322754,770000,14.890000343322754
2014-12-30,15.029999732971191,14.859999656677246,14.859999656677246,15.0,985200,15.0
2014-12-31,15.300000190734863,15.010000228881836,15.010000228881836,15.25,1282000,15.25
2015-01-02,15.359999656677246,14.84000015258789,15.25,15.119999885559082,1108500,15.119999885559082
2015-01-05,15.100000381469727,14.869999885559082,15.010000228881836,15.050000190734863,1080300,15.050000190734863
2015-01-06,15.239999771118164,14.869999885559082,15.079999923706055,15.010000228881836,1878500,15.010000228881836
2015-01-07,15.75,15.029999732971191,15.100000381469727,15.6899995803833,2367000,15.6899995803833
2015-01-08,15.979999542236328,15.729999542236328,15.850000381469727,15.890000343322754,1663100,15.890000343322754
2015-01-09,16.219999313354492,15.880000114440918,15.970000267028809,15.970000267028809,1417300,15.970000267028809
2015-01-12,16.469999313354492,15.770000457763672,15.960000038146973,16.030000686645508,1467100,16.030000686645508
2015-01-13,16.56999969482422,14.970000267028809,16.229999542236328,15.3100004196167,3377000,15.3100004196167
2015-01-14,15.529999732971191,14.859999656677246,15.100000381469727,15.229999542236328,1533200,15.229999542236328
2015-01-15,15.40999984741211,14.010000228881836,15.300000190734863,14.0600004196167,3739100,14.0600004196167
2015-01-16,14.529999732971191,13.680000305175781,13.970000267028809,14.34000015258789,3680500,14.34000015258789
2015-01-20,14.319999694824219,13.479999542236328,14.279999732971191,13.59000015258789,2134500,13.59000015258789
2015-01-21,13.880000114440918,13.5600004196167,13.59000015258789,13.739999771118164,1616600,13.739999771118164
2015-01-22,13.880000114440918,13.529999732971191,13.84000015258789,13.729999542236328,1687500,13.729999542236328
2015-01-23,13.800000190734863,13.479999542236328,13.739999771118164,13.649999618530273,1170700,13.649999618530273
2015-01-26,14.25,13.640000343322754,13.789999961853027,14.149999618530273,1982800,14.149999618530273
2015-01-27,14.289999961853027,13.880000114440918,13.979999542236328,14.1899995803833,1128900,14.1899995803833
2015-01-28,14.569999694824219,14.100000381469727,14.199999809265137,14.229999542236328,1583700,14.229999542236328
2015-01-29,14.800000190734863,14.239999771118164,14.25,14.59000015258789,1314200,14.59000015258789
2015-01-30,14.789999961853027,14.170000076293945,14.460000038146973,14.329999923706055,1018000,14.329999923706055
2015-02-02,14.649999618530273,14.210000038146973,14.319999694824219,14.40999984741211,703000,14.40999984741211
2015-02-03,14.779999732971191,14.3100004196167,14.420000076293945,14.729999542236328,1009100,14.729999542236328
2015-02-04,15.279999732971191,14.539999961853027,14.649999618530273,15.100000381469727,2135600,15.100000381469727
2015-02-05,15.380000114440918,14.779999732971191,15.100000381469727,14.989999771118164,1166100,14.989999771118164
2015-02-06,15.15999984741211,14.949999809265137,15.010000228881836,15.069999694824219,1295700,15.069999694824219
2015-02-09,15.539999961853027,15.0,15.069999694824219,15.149999618530273,1702700,15.149999618530273
2015-02-10,15.449999809265137,14.930000305175781,15.25,15.210000038146973,1097300,15.210000038146973
2015-02-11,15.510000228881836,15.0,15.220000267028809,15.100000381469727,816600,15.100000381469727
2015-02-12,15.520000457763672,14.989999771118164,15.15999984741211,15.489999771118164,1181900,15.489999771118164
2015-02-13,15.720000267028809,15.420000076293945,15.449999809265137,15.640000343322754,787700,15.640000343322754
2015-02-17,16.049999237060547,15.5,15.649999618530273,15.800000190734863,1558700,15.800000190734863
2015-02-18,15.979999542236328,15.65999984741211,15.800000190734863,15.899999618530273,1431100,15.899999618530273
2015-02-19,16.030000686645508,15.710000038146973,15.890000343322754,15.84000015258789,895100,15.84000015258789
2015-02-20,15.869999885559082,15.420000076293945,15.779999732971191,15.670000076293945,937300,15.670000076293945
2015-02-23,15.670000076293945,15.329999923706055,15.609999656677246,15.520000457763672,675200,15.520000457763672
2015-02-24,16.0,15.670000076293945,15.680000305175781,15.869999885559082,2157100,15.869999885559082
2015-02-25,16.139999389648438,15.760000228881836,15.899999618530273,15.90999984741211,1698100,15.90999984741211
2015-02-26,16.0,15.550000190734863,15.880000114440918,15.800000190734863,1344800,15.800000190734863
2015-02-27,16.049999237060547,15.800000190734863,15.829999923706055,15.880000114440918,1034300,15.880000114440918
2015-03-02,16.059999465942383,15.869999885559082,15.90999984741211,15.90999984741211,1438200,15.90999984741211
2015-03-03,15.75,14.710000038146973,15.65999984741211,14.989999771118164,3286800,14.989999771118164
2015-03-04,15.170000076293945,14.619999885559082,14.960000038146973,15.109999656677246,2201800,15.109999656677246
2015-03-05,15.119999885559082,14.850000381469727,15.100000381469727,14.970000267028809,2040800,14.970000267028809
2015-03-06,14.989999771118164,14.630000114440918,14.819999694824219,14.65999984741211,1243600,14.65999984741211
2015-03-09,14.6899995803833,14.479999542236328,14.619999885559082,14.569999694824219,1551900,14.569999694824219
2015-03-10,14.5600004196167,14.329999923706055,14.489999771118164,14.380000114440918,1052700,14.380000114440918
2015-03-11,14.640000343322754,14.25,14.369999885559082,14.569999694824219,1029300,14.569999694824219
2015-03-12,14.960000038146973,14.630000114440918,14.630000114440918,14.9399995803833,718800,14.9399995803833
2015-03-13,14.9399995803833,14.479999542236328,14.899999618530273,14.699999809265137,1204200,14.699999809265137
2015-03-16,14.979999542236328,14.680000305175781,14.770000457763672,14.829999923706055,856800,14.829999923706055
2015-03-17,14.800000190734863,14.489999771118164,14.779999732971191,14.59000015258789,964500,14.59000015258789
2015-03-18,15.079999923706055,14.420000076293945,14.59000015258789,14.979999542236328,707600,14.979999542236328
2015-03-19,15.449999809265137,14.90999984741211,15.109999656677246,15.029999732971191,1150500,15.029999732971191
2015-03-20,15.449999809265137,15.050000190734863,15.100000381469727,15.210000038146973,2319000,15.210000038146973
2015-03-23,15.270000457763672,15.069999694824219,15.25,15.079999923706055,1308000,15.079999923706055
2015-03-24,15.479999542236328,14.930000305175781,15.100000381469727,15.430000305175781,2513400,15.430000305175781
2015-03-25,15.609999656677246,14.930000305175781,15.430000305175781,14.930000305175781,989400,14.930000305175781
2015-03-26,15.029999732971191,14.680000305175781,14.880000114440918,14.800000190734863,937900,14.800000190734863
2015-03-27,15.149999618530273,14.779999732971191,14.8100004196167,15.020000457763672,1199500,15.020000457763672
2015-03-30,15.489999771118164,15.039999961853027,15.039999961853027,15.470000267028809,1156700,15.470000267028809
2015-03-31,15.850000381469727,15.300000190734863,15.460000038146973,15.430000305175781,1378900,15.430000305175781
2015-04-01,15.5,15.029999732971191,15.460000038146973,15.149999618530273,1420500,15.149999618530273
2015-04-02,15.579999923706055,15.15999984741211,15.15999984741211,15.479999542236328,1771700,15.479999542236328
2015-04-06,15.8100004196167,15.199999809265137,15.390000343322754,15.289999961853027,1052000,15.289999961853027
2015-04-07,15.359999656677246,14.989999771118164,15.289999961853027,15.109999656677246,1175700,15.109999656677246
2015-04-08,15.359999656677246,15.069999694824219,15.100000381469727,15.300000190734863,792900,15.300000190734863
2015-04-09,15.289999961853027,14.770000457763672,15.289999961853027,15.0,1054900,15.0
2015-04-10,15.119999885559082,14.630000114440918,15.0,15.09000015258789,1547800,15.09000015258789
2015-04-13,15.149999618530273,14.829999923706055,15.100000381469727,15.029999732971191,1182800,15.029999732971191
2015-04-14,15.15999984741211,14.819999694824219,15.079999923706055,15.15999984741211,2078700,15.15999984741211
2015-04-15,15.399999618530273,15.0600004196167,15.239999771118164,15.210000038146973,1601300,15.210000038146973
2015-04-16,15.210000038146973,14.699999809265137,15.180000305175781,14.890000343322754,1400200,14.890000343322754
2015-04-17,15.010000228881836,14.619999885559082,14.770000457763672,14.970000267028809,1612000,14.970000267028809
2015-04-20,15.09000015258789,14.770000457763672,15.0600004196167,14.989999771118164,1169600,14.989999771118164
2015-04-21,15.180000305175781,14.949999809265137,15.0,15.079999923706055,853900,15.079999923706055
2015-04-22,15.109999656677246,14.819999694824219,15.0600004196167,15.029999732971191,1096100,15.029999732971191
2015-04-23,14.989999771118164,14.399999618530273,14.930000305175781,14.579999923706055,1797800,14.579999923706055
2015-04-24,14.800000190734863,14.319999694824219,14.59000015258789,14.779999732971191,991000,14.779999732971191
2015-04-27,15.0,14.579999923706055,14.84000015258789,14.649999618530273,744000,14.649999618530273
2015-04-28,14.84000015258789,14.420000076293945,14.640000343322754,14.770000457763672,1229600,14.770000457763672
2015-04-29,14.770000457763672,14.270000457763672,14.75,14.470000267028809,1441700,14.470000267028809
2015-04-30,14.619999885559082,14.239999771118164,14.399999618530273,14.279999732971191,1494200,14.279999732971191
2015-05-01,14.510000228881836,14.260000228881836,14.279999732971191,14.40999984741211,818600,14.40999984741211
2015-05-04,14.630000114440918,14.270000457763672,14.399999618530273,14.4399995803833,1297900,14.4399995803833
2015-05-05,14.529999732971191,14.300000190734863,14.4399995803833,14.430000305175781,3289200,14.430000305175781
2015-05-06,14.489999771118164,14.229999542236328,14.4399995803833,14.350000381469727,1691300,14.350000381469727
2015-05-07,14.630000114440918,14.15999984741211,14.329999923706055,14.5600004196167,1675000,14.5600004196167
2015-05-08,15.229999542236328,14.460000038146973,15.229999542236328,14.729999542236328,1530100,14.729999542236328
2015-05-11,14.789999961853027,14.279999732971191,14.710000038146973,14.369999885559082,1140700,14.369999885559082
2015-05-12,14.34000015258789,13.9399995803833,14.229999542236328,14.229999542236328,1362000,14.229999542236328
2015-05-13,14.289999961853027,14.010000228881836,14.229999542236328,14.130000114440918,1161600,14.130000114440918
2015-05-14,14.329999923706055,14.0600004196167,14.220000267028809,14.260000228881836,865500,14.260000228881836
2015-05-15,14.5600004196167,14.130000114440918,14.210000038146973,14.510000228881836,879200,14.510000228881836
2015-05-18,14.699999809265137,14.359999656677246,14.510000228881836,14.6899995803833,783600,14.6899995803833
2015-05-19,15.0600004196167,14.600000381469727,14.800000190734863,14.739999771118164,1056600,14.739999771118164
2015-05-20,14.979999542236328,14.510000228881836,14.770000457763672,14.899999618530273,900200,14.899999618530273
2015-05-21,14.979999542236328,14.670000076293945,14.880000114440918,14.869999885559082,798900,14.869999885559082
2015-05-22,14.949999809265137,14.5600004196167,14.859999656677246,14.59000015258789,940500,14.59000015258789
2015-05-26,14.75,14.399999618530273,14.59000015258789,14.529999732971191,786200,14.529999732971191
2015-05-27,14.670000076293945,14.289999961853027,14.529999732971191,14.630000114440918,826200,14.630000114440918
2015-05-28,14.90999984741211,14.529999732971191,14.59000015258789,14.710000038146973,685200,14.710000038146973
2015-05-29,14.670000076293945,14.369999885559082,14.670000076293945,14.420000076293945,743600,14.420000076293945
2015-06-01,15.050000190734863,14.680000305175781,14.880000114440918,14.6899995803833,1980000,14.6899995803833
2015-06-02,14.829999923706055,14.550000190734863,14.65999984741211,14.6899995803833,1012500,14.6899995803833
2015-06-03,14.989999771118164,14.539999961853027,14.720000267028809,14.880000114440918,1093300,14.880000114440918
2015-06-04,14.880000114440918,14.40999984741211,14.829999923706055,14.579999923706055,715400,14.579999923706055
2015-06-05,14.65999984741211,14.279999732971191,14.579999923706055,14.579999923706055,766800,14.579999923706055
2015-06-08,14.699999809265137,14.40999984741211,14.569999694824219,14.539999961853027,508100,14.539999961853027
2015-06-09,14.59000015258789,14.220000267028809,14.539999961853027,14.40999984741211,522100,14.40999984741211
2015-06-10,14.6899995803833,14.359999656677246,14.460000038146973,14.609999656677246,1464600,14.609999656677246
2015-06-11,15.0,14.609999656677246,14.680000305175781,14.880000114440918,1107400,14.880000114440918
2015-06-12,15.100000381469727,14.739999771118164,14.859999656677246,14.979999542236328,1229400,14.979999542236328
2015-06-15,15.199999809265137,14.920000076293945,14.979999542236328,14.949999809265137,1103800,14.949999809265137
2015-06-16,14.970000267028809,14.6899995803833,14.960000038146973,14.880000114440918,1452600,14.880000114440918
2015-06-17,14.9399995803833,14.75,14.890000343322754,14.84000015258789,908600,14.84000015258789
2015-06-18,15.359999656677246,14.819999694824219,14.850000381469727,15.069999694824219,1390500,15.069999694824219
2015-06-19,15.380000114440918,15.050000190734863,15.119999885559082,15.319999694824219,1559400,15.319999694824219
2015-06-22,15.59000015258789,15.329999923706055,15.399999618530273,15.5,1298200,15.5
2015-06-23,15.75,15.460000038146973,15.550000190734863,15.630000114440918,1256100,15.630000114440918
2015-06-24,16.079999923706055,15.699999809265137,15.699999809265137,15.989999771118164,2576800,15.989999771118164
2015-06-25,16.149999618530273,15.930000305175781,16.049999237060547,16.049999237060547,1391200,16.049999237060547
2015-06-26,16.1200008392334,15.739999771118164,16.049999237060547,15.84000015258789,1904200,15.84000015258789
2015-06-29,16.049999237060547,15.479999542236328,15.850000381469727,15.5,1259500,15.5
2015-06-30,15.699999809265137,15.1899995803833,15.630000114440918,15.300000190734863,2306900,15.300000190734863
2015-07-01,15.470000267028809,14.899999618530273,15.470000267028809,15.260000228881836,5022800,15.260000228881836
2015-07-02,15.5,14.9399995803833,15.260000228881836,15.0,2485200,15.0
2015-07-06,15.3100004196167,14.75,14.989999771118164,14.899999618530273,1421800,14.899999618530273
2015-07-07,15.3100004196167,14.710000038146973,14.880000114440918,15.279999732971191,2690900,15.279999732971191
2015-07-08,15.4399995803833,15.010000228881836,15.199999809265137,15.069999694824219,986100,15.069999694824219
2015-07-09,15.369999885559082,15.09000015258789,15.270000457763672,15.130000114440918,714500,15.130000114440918
2015-07-10,15.380000114440918,15.100000381469727,15.229999542236328,15.220000267028809,696500,15.220000267028809
2015-07-13,15.319999694824219,15.170000076293945,15.270000457763672,15.289999961853027,486300,15.289999961853027
2015-07-14,15.350000381469727,15.15999984741211,15.3100004196167,15.279999732971191,956700,15.279999732971191
2015-07-15,15.390000343322754,15.15999984741211,15.279999732971191,15.279999732971191,1617800,15.279999732971191
2015-07-16,15.390000343322754,15.119999885559082,15.3100004196167,15.130000114440918,667100,15.130000114440918
2015-07-17,15.1899995803833,14.800000190734863,15.15999984741211,14.989999771118164,891300,14.989999771118164
2015-07-20,15.029999732971191,14.59000015258789,15.020000457763672,14.760000228881836,791900,14.760000228881836
2015-07-21,14.960000038146973,14.640000343322754,14.770000457763672,14.779999732971191,789700,14.779999732971191
2015-07-22,15.130000114440918,14.739999771118164,14.770000457763672,14.979999542236328,827300,14.979999542236328
2015-07-23,15.079999923706055,14.609999656677246,15.029999732971191,14.739999771118164,835500,14.739999771118164
2015-07-24,14.770000457763672,14.4399995803833,14.75,14.489999771118164,1217300,14.489999771118164
2015-07-27,14.600000381469727,14.329999923706055,14.449999809265137,14.489999771118164,875300,14.489999771118164
2015-07-28,14.75,14.399999618530273,14.520000457763672,14.59000015258789,746400,14.59000015258789
2015-07-29,14.829999923706055,14.40999984741211,14.619999885559082,14.739999771118164,711800,14.739999771118164
2015-07-30,14.770000457763672,14.550000190734863,14.699999809265137,14.649999618530273,1077200,14.649999618530273
2015-07-31,15.010000228881836,14.619999885559082,14.699999809265137,14.800000190734863,1045800,14.800000190734863
2015-08-03,14.930000305175781,14.710000038146973,14.779999732971191,14.8100004196167,955500,14.8100004196167
2015-08-04,14.899999618530273,14.380000114440918,14.8100004196167,14.5,878900,14.5
2015-08-05,14.65999984741211,14.050000190734863,14.520000457763672,14.359999656677246,1363600,14.359999656677246
2015-08-06,14.40999984741211,14.15999984741211,14.359999656677246,14.229999542236328,1006800,14.229999542236328
2015-08-07,15.34000015258789,14.760000228881836,14.989999771118164,14.800000190734863,27724800,14.800000190734863
2015-08-10,15.100000381469727,14.649999618530273,15.0,14.859999656677246,2862400,14.859999656677246
2015-08-11,15.0,14.640000343322754,14.859999656677246,14.819999694824219,2099700,14.819999694824219
2015-08-12,14.720000267028809,14.25,14.720000267028809,14.489999771118164,2581000,14.489999771118164
2015-08-13,14.829999923706055,14.3100004196167,14.5,14.6899995803833,1928100,14.6899995803833
2015-08-14,14.779999732971191,14.460000038146973,14.65999984741211,14.770000457763672,1646400,14.770000457763672
2015-08-17,15.149999618530273,14.579999923706055,14.720000267028809,15.149999618530273,1941600,15.149999618530273
2015-08-18,15.529999732971191,15.039999961853027,15.149999618530273,15.489999771118164,2257800,15.489999771118164
2015-08-19,15.699999809265137,15.300000190734863,15.420000076293945,15.670000076293945,2440800,15.670000076293945
2015-08-20,15.59000015258789,15.1899995803833,15.510000228881836,15.199999809265137,1702300,15.199999809265137
2015-08-21,15.100000381469727,14.760000228881836,15.0,14.819999694824219,1693500,14.819999694824219
2015-08-24,14.399999618530273,13.34000015258789,14.399999618530273,13.850000381469727,3400800,13.850000381469727
2015-08-25,14.319999694824219,13.300000190734863,14.270000457763672,13.3100004196167,1958900,13.3100004196167
2015-08-26,13.670000076293945,13.149999618530273,13.65999984741211,13.640000343322754,1800900,13.640000343322754
2015-08-27,13.920000076293945,13.5600004196167,13.770000457763672,13.880000114440918,2973200,13.880000114440918
2015-08-28,14.029999732971191,13.59000015258789,13.869999885559082,13.720000267028809,2211900,13.720000267028809
2015-08-31,13.9399995803833,13.600000381469727,13.720000267028809,13.880000114440918,1942200,13.880000114440918
2015-09-01,13.739999771118164,13.460000038146973,13.619999885559082,13.520000457763672,2201100,13.520000457763672
2015-09-02,13.979999542236328,13.369999885559082,13.65999984741211,13.979999542236328,1490300,13.979999542236328
2015-09-03,14.15999984741211,13.9399995803833,14.020000457763672,14.079999923706055,1045700,14.079999923706055
2015-09-04,14.170000076293945,13.75,13.920000076293945,13.829999923706055,1125700,13.829999923706055
2015-09-08,14.319999694824219,13.960000038146973,14.029999732971191,14.3100004196167,844000,14.3100004196167
2015-09-09,14.520000457763672,14.140000343322754,14.449999809265137,14.210000038146973,1384700,14.210000038146973
2015-09-10,14.300000190734863,13.84000015258789,14.079999923706055,14.069999694824219,1436200,14.069999694824219
2015-09-11,14.279999732971191,13.9399995803833,14.029999732971191,14.270000457763672,946100,14.270000457763672
2015-09-14,14.279999732971191,14.020000457763672,14.279999732971191,14.170000076293945,633700,14.170000076293945
2015-09-15,14.3100004196167,14.100000381469727,14.15999984741211,14.25,791600,14.25
2015-09-16,14.489999771118164,14.180000305175781,14.239999771118164,14.4399995803833,1055500,14.4399995803833
2015-09-17,14.84000015258789,14.319999694824219,14.420000076293945,14.5600004196167,1113900,14.5600004196167
2015-09-18,14.449999809265137,14.100000381469727,14.40999984741211,14.329999923706055,3258400,14.329999923706055
2015-09-21,14.65999984741211,13.880000114440918,14.420000076293945,14.079999923706055,1832600,14.079999923706055
2015-09-22,13.960000038146973,13.470000267028809,13.899999618530273,13.819999694824219,1550400,13.819999694824219
2015-09-23,13.880000114440918,13.6899995803833,13.84000015258789,13.710000038146973,1439300,13.710000038146973
2015-09-24,13.859999656677246,13.289999961853027,13.600000381469727,13.819999694824219,1253200,13.819999694824219
2015-09-25,14.170000076293945,13.880000114440918,13.979999542236328,14.020000457763672,1755500,14.020000457763672
2015-09-28,13.989999771118164,13.079999923706055,13.949999809265137,13.350000381469727,1722700,13.350000381469727
2015-09-29,13.399999618530273,12.890000343322754,13.399999618530273,13.029999732971191,1616400,13.029999732971191
2015-09-30,13.210000038146973,12.9399995803833,13.199999809265137,13.09000015258789,1643300,13.09000015258789
2015-10-01,13.380000114440918,13.050000190734863,13.119999885559082,13.300000190734863,1708800,13.300000190734863
2015-10-02,13.579999923706055,13.039999961853027,13.130000114440918,13.529999732971191,1661400,13.529999732971191
2015-10-05,14.220000267028809,13.630000114440918,13.670000076293945,14.210000038146973,1628000,14.210000038146973
2015-10-06,14.34000015258789,13.770000457763672,14.170000076293945,13.800000190734863,1402400,13.800000190734863
2015-10-07,14.25,13.760000228881836,13.829999923706055,14.229999542236328,2196800,14.229999542236328
2015-10-08,14.600000381469727,14.149999618530273,14.180000305175781,14.430000305175781,1447500,14.430000305175781
2015-10-09,14.470000267028809,14.260000228881836,14.470000267028809,14.380000114440918,1097300,14.380000114440918
2015-10-12,14.40999984741211,14.140000343322754,14.40999984741211,14.279999732971191,1073500,14.279999732971191
2015-10-13,14.489999771118164,13.930000305175781,14.1899995803833,13.949999809265137,3454500,13.949999809265137
2015-10-14,13.970000267028809,13.399999618530273,13.9399995803833,13.539999961853027,2069200,13.539999961853027
2015-10-15,13.770000457763672,13.3100004196167,13.609999656677246,13.760000228881836,1867200,13.760000228881836
2015-10-16,13.850000381469727,13.449999809265137,13.819999694824219,13.609999656677246,1460000,13.609999656677246
2015-10-19,13.8100004196167,13.5,13.529999732971191,13.680000305175781,1113700,13.680000305175781
2015-10-20,14.020000457763672,13.670000076293945,13.670000076293945,13.979999542236328,1464700,13.979999542236328
2015-10-21,14.170000076293945,13.880000114440918,14.050000190734863,13.899999618530273,1473800,13.899999618530273
2015-10-22,13.920000076293945,13.40999984741211,13.920000076293945,13.609999656677246,1349800,13.609999656677246
2015-10-23,13.84000015258789,13.489999771118164,13.680000305175781,13.729999542236328,1453500,13.729999542236328
2015-10-26,13.890000343322754,13.40999984741211,13.729999542236328,13.600000381469727,1027300,13.600000381469727
2015-10-27,13.609999656677246,13.039999961853027,13.569999694824219,13.140000343322754,1239900,13.140000343322754
2015-10-28,13.550000190734863,12.979999542236328,13.180000305175781,13.430000305175781,1788300,13.430000305175781
2015-10-29,13.420000076293945,12.84000015258789,13.350000381469727,13.130000114440918,3701100,13.130000114440918
2015-10-30,13.149999618530273,12.84000015258789,13.09000015258789,12.979999542236328,2122900,12.979999542236328
2015-11-02,13.279999732971191,12.930000305175781,12.930000305175781,13.09000015258789,2108000,13.09000015258789
2015-11-03,13.170000076293945,12.859999656677246,13.0600004196167,13.0,1649300,13.0
2015-11-04,13.100000381469727,12.789999961853027,13.010000228881836,12.8100004196167,1506100,12.8100004196167
2015-11-05,12.930000305175781,12.390000343322754,12.819999694824219,12.59000015258789,2533100,12.59000015258789
2015-11-06,13.470000267028809,12.9399995803833,13.020000457763672,13.289999961853027,3781200,13.289999961853027
2015-11-09,13.470000267028809,12.630000114440918,13.300000190734863,12.9399995803833,2341200,12.9399995803833
2015-11-10,13.449999809265137,12.789999961853027,12.9399995803833,13.399999618530273,2977500,13.399999618530273
2015-11-11,13.819999694824219,13.289999961853027,13.40999984741211,13.670000076293945,1935800,13.670000076293945
2015-11-12,13.600000381469727,12.960000038146973,13.550000190734863,12.970000267028809,1295400,12.970000267028809
2015-11-13,13.270000457763672,12.770000457763672,12.989999771118164,12.8100004196167,1922700,12.8100004196167
2015-11-16,13.289999961853027,12.770000457763672,12.779999732971191,13.220000267028809,1307500,13.220000267028809
2015-11-17,13.380000114440918,13.140000343322754,13.319999694824219,13.210000038146973,1419000,13.210000038146973
2015-11-18,13.520000457763672,13.09000015258789,13.1899995803833,13.470000267028809,1283800,13.470000267028809
2015-11-19,13.720000267028809,13.40999984741211,13.489999771118164,13.5600004196167,971700,13.5600004196167
2015-11-20,13.770000457763672,13.489999771118164,13.65999984741211,13.649999618530273,1188200,13.649999618530273
2015-11-23,13.970000267028809,13.59000015258789,13.600000381469727,13.770000457763672,1660800,13.770000457763672
2015-11-24,14.0600004196167,13.640000343322754,13.65999984741211,13.979999542236328,2143400,13.979999542236328
2015-11-25,14.3100004196167,13.979999542236328,13.979999542236328,14.300000190734863,1386700,14.300000190734863
2015-11-27,14.380000114440918,14.050000190734863,14.329999923706055,14.119999885559082,563100,14.119999885559082
2015-11-30,14.149999618530273,13.880000114440918,14.149999618530273,13.949999809265137,1388800,13.949999809265137
2015-12-01,14.329999923706055,13.819999694824219,14.010000228881836,14.199999809265137,1378800,14.199999809265137
2015-12-02,14.199999809265137,13.640000343322754,14.1899995803833,13.770000457763672,2151500,13.770000457763672
2015-12-03,13.869999885559082,13.539999961853027,13.789999961853027,13.680000305175781,2078800,13.680000305175781
2015-12-04,13.90999984741211,13.539999961853027,13.720000267028809,13.739999771118164,1459900,13.739999771118164
2015-12-07,13.800000190734863,13.40999984741211,13.710000038146973,13.510000228881836,1579500,13.510000228881836
2015-12-08,13.539999961853027,13.039999961853027,13.350000381469727,13.100000381469727,1961800,13.100000381469727
2015-12-09,13.329999923706055,12.710000038146973,13.069999694824219,12.779999732971191,2408100,12.779999732971191
2015-12-10,13.119999885559082,12.739999771118164,12.789999961853027,13.079999923706055,1779300,13.079999923706055
2015-12-11,12.920000076293945,12.550000190734863,12.869999885559082,12.5600004196167,1732400,12.5600004196167
2015-12-14,12.699999809265137,12.319999694824219,12.550000190734863,12.579999923706055,2557100,12.579999923706055
2015-12-15,12.90999984741211,12.600000381469727,12.649999618530273,12.770000457763672,1453100,12.770000457763672
2015-12-16,13.25,12.859999656677246,12.90999984741211,13.1899995803833,1689600,13.1899995803833
2015-12-17,13.210000038146973,12.649999618530273,13.210000038146973,12.729999542236328,1491100,12.729999542236328
2015-12-18,12.720000267028809,12.279999732971191,12.6899995803833,12.5,8684500,12.5
2015-12-21,12.880000114440918,12.470000267028809,12.550000190734863,12.779999732971191,1945600,12.779999732971191
2015-12-22,12.979999542236328,12.510000228881836,12.789999961853027,12.930000305175781,1523500,12.930000305175781
2015-12-23,13.079999923706055,12.84000015258789,13.010000228881836,13.029999732971191,1144900,13.029999732971191
2015-12-24,13.100000381469727,12.970000267028809,13.010000228881836,13.0,447200,13.0
2015-12-28,12.970000267028809,12.720000267028809,12.920000076293945,12.829999923706055,1041000,12.829999923706055
2015-12-29,13.039999961853027,12.729999542236328,12.9399995803833,12.90999984741211,1314900,12.90999984741211
2015-12-30,12.920000076293945,12.739999771118164,12.920000076293945,12.760000228881836,1070300,12.760000228881836
2015-12-31,12.850000381469727,12.649999618530273,12.75,12.670000076293945,1407300,12.670000076293945
2016-01-04,12.470000267028809,12.0600004196167,12.470000267028809,12.170000076293945,2067300,12.170000076293945
2016-01-05,12.300000190734863,12.0600004196167,12.170000076293945,12.100000381469727,1424500,12.100000381469727
2016-01-06,12.119999885559082,11.670000076293945,11.930000305175781,11.699999809265137,2178000,11.699999809265137
2016-01-07,11.630000114440918,11.09000015258789,11.380000114440918,11.170000076293945,2984400,11.170000076293945
2016-01-08,11.270000457763672,10.65999984741211,11.270000457763672,10.670000076293945,3334500,10.670000076293945
2016-01-11,10.800000190734863,10.489999771118164,10.760000228881836,10.760000228881836,2019900,10.760000228881836
2016-01-12,10.989999771118164,10.289999961853027,10.869999885559082,10.649999618530273,2280400,10.649999618530273
2016-01-13,10.970000267028809,10.069999694824219,10.649999618530273,10.260000228881836,1639200,10.260000228881836
2016-01-14,10.930000305175781,10.40999984741211,10.5600004196167,10.569999694824219,1941200,10.569999694824219
2016-01-15,10.550000190734863,10.100000381469727,10.25,10.430000305175781,1930700,10.430000305175781
2016-01-19,10.600000381469727,9.819999694824219,10.579999923706055,10.079999923706055,1984800,10.079999923706055
2016-01-20,9.960000038146973,9.350000381469727,9.859999656677246,9.84000015258789,2714800,9.84000015258789
2016-01-21,10.1899995803833,9.789999961853027,9.899999618530273,9.920000076293945,1723100,9.920000076293945
2016-01-22,10.5600004196167,10.079999923706055,10.109999656677246,10.260000228881836,1890300,10.260000228881836
2016-01-25,10.229999542236328,9.850000381469727,10.180000305175781,9.859999656677246,1935600,9.859999656677246
2016-01-26,10.319999694824219,9.739999771118164,9.949999809265137,10.1899995803833,1384900,10.1899995803833
2016-01-27,10.510000228881836,10.050000190734863,10.220000267028809,10.109999656677246,1619300,10.109999656677246
2016-01-28,10.460000038146973,9.989999771118164,10.270000457763672,10.069999694824219,1148900,10.069999694824219
2016-01-29,10.600000381469727,10.09000015258789,10.149999618530273,10.539999961853027,2764900,10.539999961853027
2016-02-01,10.569999694824219,10.199999809265137,10.489999771118164,10.5,1543600,10.5
2016-02-02,10.350000381469727,9.880000114440918,10.34000015258789,9.930000305175781,1635200,9.930000305175781
2016-02-03,10.140000343322754,9.579999923706055,10.029999732971191,10.130000114440918,2544600,10.130000114440918
2016-02-04,10.5,9.670000076293945,10.0600004196167,10.109999656677246,1516900,10.109999656677246
2016-02-05,10.140000343322754,9.5,10.0600004196167,9.550000190734863,2315100,9.550000190734863
2016-02-08,9.430000305175781,8.949999809265137,9.390000343322754,9.199999809265137,2687500,9.199999809265137
2016-02-09,9.420000076293945,8.829999923706055,9.050000190734863,9.289999961853027,1776500,9.289999961853027
2016-02-10,9.609999656677246,9.15999984741211,9.390000343322754,9.479999542236328,1361700,9.479999542236328
2016-02-11,9.399999618530273,8.869999885559082,9.25,9.050000190734863,2176200,9.050000190734863
2016-02-12,9.479999542236328,9.140000343322754,9.180000305175781,9.4399995803833,1541700,9.4399995803833
2016-02-16,9.680000305175781,9.350000381469727,9.619999885559082,9.680000305175781,1251200,9.680000305175781
2016-02-17,9.819999694824219,9.539999961853027,9.75,9.569999694824219,1471900,9.569999694824219
2016-02-18,9.619999885559082,9.270000457763672,9.59000015258789,9.420000076293945,1732900,9.420000076293945
2016-02-19,9.5,9.279999732971191,9.390000343322754,9.460000038146973,1235800,9.460000038146973
2016-02-22,9.930000305175781,9.579999923706055,9.579999923706055,9.819999694824219,2335700,9.819999694824219
2016-02-23,9.90999984741211,9.609999656677246,9.789999961853027,9.869999885559082,1342900,9.869999885559082
2016-02-24,10.069999694824219,9.579999923706055,9.739999771118164,10.069999694824219,1082900,10.069999694824219
2016-02-25,10.270000457763672,9.949999809265137,10.0600004196167,10.260000228881836,1789400,10.260000228881836
2016-02-26,11.0600004196167,10.170000076293945,11.0600004196167,10.260000228881836,2675500,10.260000228881836
2016-02-29,10.520000457763672,10.270000457763672,10.40999984741211,10.3100004196167,2960600,10.3100004196167
2016-03-01,10.529999732971191,10.039999961853027,10.350000381469727,10.489999771118164,3451700,10.489999771118164
2016-03-02,10.710000038146973,10.430000305175781,10.479999542236328,10.710000038146973,2690600,10.710000038146973
2016-03-03,11.020000457763672,10.720000267028809,10.800000190734863,10.960000038146973,3540700,10.960000038146973
2016-03-04,11.050000190734863,10.670000076293945,10.989999771118164,10.680000305175781,2614400,10.680000305175781
2016-03-07,10.960000038146973,10.640000343322754,10.6899995803833,10.960000038146973,2718300,10.960000038146973
2016-03-08,10.949999809265137,10.510000228881836,10.920000076293945,10.539999961853027,1865200,10.539999961853027
2016-03-09,10.829999923706055,10.359999656677246,10.619999885559082,10.829999923706055,2216600,10.829999923706055
2016-03-10,11.0,10.670000076293945,10.850000381469727,10.789999961853027,1676800,10.789999961853027
2016-03-11,11.40999984741211,10.84000015258789,10.949999809265137,11.399999618530273,1908300,11.399999618530273
2016-03-14,11.380000114440918,11.109999656677246,11.369999885559082,11.289999961853027,2588500,11.289999961853027
2016-03-15,11.260000228881836,11.09000015258789,11.1899995803833,11.149999618530273,1060200,11.149999618530273
2016-03-16,11.460000038146973,11.010000228881836,11.069999694824219,11.40999984741211,1497000,11.40999984741211
2016-03-17,11.859999656677246,11.34000015258789,11.380000114440918,11.8100004196167,2736500,11.8100004196167
2016-03-18,12.0600004196167,11.770000457763672,11.890000343322754,11.890000343322754,3028600,11.890000343322754
2016-03-21,11.989999771118164,11.619999885559082,11.84000015258789,11.789999961853027,1486800,11.789999961853027
2016-03-22,11.850000381469727,11.630000114440918,11.65999984741211,11.670000076293945,871000,11.670000076293945
2016-03-23,11.640000343322754,11.270000457763672,11.619999885559082,11.279999732971191,1167700,11.279999732971191
2016-03-24,11.34000015258789,11.119999885559082,11.260000228881836,11.3100004196167,1325600,11.3100004196167
2016-03-28,11.4399995803833,11.180000305175781,11.329999923706055,11.369999885559082,1521600,11.369999885559082
2016-03-29,11.710000038146973,11.329999923706055,11.420000076293945,11.680000305175781,1971300,11.680000305175781
2016-03-30,11.869999885559082,11.529999732971191,11.869999885559082,11.579999923706055,2177800,11.579999923706055
2016-03-31,11.819999694824219,11.550000190734863,11.550000190734863,11.779999732971191,1695800,11.779999732971191
2016-04-01,11.710000038146973,11.520000457763672,11.619999885559082,11.680000305175781,1111700,11.680000305175781
2016-04-04,11.770000457763672,11.319999694824219,11.6899995803833,11.470000267028809,1095000,11.470000267028809
2016-04-05,11.609999656677246,11.270000457763672,11.319999694824219,11.510000228881836,1017100,11.510000228881836
2016-04-06,11.829999923706055,11.4399995803833,11.520000457763672,11.779999732971191,1218400,11.779999732971191
2016-04-07,11.84000015258789,11.550000190734863,11.680000305175781,11.630000114440918,1697400,11.630000114440918
2016-04-08,11.949999809265137,11.630000114440918,11.8100004196167,11.65999984741211,902600,11.65999984741211
2016-04-11,11.9399995803833,11.6899995803833,11.789999961853027,11.720000267028809,833800,11.720000267028809
2016-04-12,11.890000343322754,11.600000381469727,11.720000267028809,11.859999656677246,882600,11.859999656677246
2016-04-13,12.319999694824219,11.920000076293945,11.970000267028809,12.239999771118164,2630800,12.239999771118164
2016-04-14,12.479999542236328,12.119999885559082,12.229999542236328,12.319999694824219,2365600,12.319999694824219
2016-04-15,12.470000267028809,12.239999771118164,12.289999961853027,12.420000076293945,1026200,12.420000076293945
2016-04-18,12.489999771118164,12.239999771118164,12.319999694824219,12.460000038146973,798100,12.460000038146973
2016-04-19,12.640000343322754,12.069999694824219,12.40999984741211,12.260000228881836,1111700,12.260000228881836
2016-04-20,12.40999984741211,12.069999694824219,12.239999771118164,12.289999961853027,1128800,12.289999961853027
2016-04-21,12.5600004196167,12.260000228881836,12.300000190734863,12.289999961853027,1274500,12.289999961853027
2016-04-22,12.489999771118164,12.260000228881836,12.270000457763672,12.350000381469727,1329900,12.350000381469727
2016-04-25,12.430000305175781,12.1899995803833,12.34000015258789,12.34000015258789,1088500,12.34000015258789
2016-04-26,12.5,12.25,12.350000381469727,12.460000038146973,1424900,12.460000038146973
2016-04-27,12.8100004196167,12.4399995803833,12.699999809265137,12.640000343322754,1524900,12.640000343322754
2016-04-28,12.600000381469727,11.800000190734863,12.569999694824219,11.800000190734863,3035400,11.800000190734863
2016-04-29,11.850000381469727,11.479999542236328,11.8100004196167,11.600000381469727,1909300,11.600000381469727
2016-05-02,11.890000343322754,11.5600004196167,11.640000343322754,11.789999961853027,1346700,11.789999961853027
2016-05-03,11.670000076293945,11.380000114440918,11.649999618530273,11.449999809265137,859100,11.449999809265137
2016-05-04,11.489999771118164,11.140000343322754,11.319999694824219,11.279999732971191,1128300,11.279999732971191
2016-05-05,11.40999984741211,11.170000076293945,11.380000114440918,11.220000267028809,1194300,11.220000267028809
2016-05-06,11.40999984741211,11.069999694824219,11.149999618530273,11.229999542236328,1155900,11.229999542236328
2016-05-09,11.470000267028809,11.199999809265137,11.229999542236328,11.300000190734863,1748500,11.300000190734863
2016-05-10,11.470000267028809,11.289999961853027,11.350000381469727,11.380000114440918,811100,11.380000114440918
2016-05-11,11.34000015258789,10.989999771118164,11.319999694824219,11.069999694824219,1412800,11.069999694824219
2016-05-12,11.1899995803833,10.670000076293945,11.100000381469727,10.880000114440918,1663800,10.880000114440918
2016-05-13,11.029999732971191,10.699999809265137,10.850000381469727,10.720000267028809,1186000,10.720000267028809
2016-05-16,10.890000343322754,10.6899995803833,10.770000457763672,10.819999694824219,1215900,10.819999694824219
2016-05-17,11.170000076293945,10.779999732971191,10.829999923706055,10.850000381469727,1384900,10.850000381469727
2016-05-18,10.989999771118164,10.670000076293945,10.819999694824219,10.75,1173700,10.75
2016-05-19,10.75,10.489999771118164,10.619999885559082,10.6899995803833,1031300,10.6899995803833
2016-05-20,11.069999694824219,10.739999771118164,10.739999771118164,11.069999694824219,1205800,11.069999694824219
2016-05-23,11.109999656677246,10.930000305175781,11.020000457763672,11.010000228881836,937000,11.010000228881836
2016-05-24,11.760000228881836,11.119999885559082,11.149999618530273,11.710000038146973,2465700,11.710000038146973
2016-05-25,11.859999656677246,11.5,11.760000228881836,11.699999809265137,1363600,11.699999809265137
2016-05-26,11.890000343322754,11.609999656677246,11.710000038146973,11.720000267028809,1259000,11.720000267028809
2016-05-27,11.979999542236328,11.579999923706055,11.760000228881836,11.770000457763672,1296200,11.770000457763672
2016-05-31,11.859999656677246,11.619999885559082,11.829999923706055,11.65999984741211,2168300,11.65999984741211
2016-06-01,11.850000381469727,11.5600004196167,11.600000381469727,11.84000015258789,1224400,11.84000015258789
2016-06-02,11.829999923706055,11.510000228881836,11.770000457763672,11.539999961853027,2424300,11.539999961853027
2016-06-03,11.670000076293945,11.369999885559082,11.489999771118164,11.619999885559082,1317900,11.619999885559082
2016-06-06,11.800000190734863,11.579999923706055,11.65999984741211,11.75,915000,11.75
2016-06-07,12.140000343322754,11.670000076293945,11.729999542236328,12.119999885559082,1916500,12.119999885559082
2016-06-08,12.329999923706055,12.050000190734863,12.119999885559082,12.289999961853027,1466800,12.289999961853027
2016-06-09,12.300000190734863,12.09000015258789,12.15999984741211,12.279999732971191,1286100,12.279999732971191
2016-06-10,12.220000267028809,11.920000076293945,12.1899995803833,11.960000038146973,1047900,11.960000038146973
2016-06-13,12.0600004196167,11.600000381469727,11.859999656677246,11.619999885559082,1561100,11.619999885559082
2016-06-14,11.720000267028809,11.4399995803833,11.550000190734863,11.520000457763672,2297000,11.520000457763672
2016-06-15,11.899999618530273,11.529999732971191,11.609999656677246,11.84000015258789,2107400,11.84000015258789
2016-06-16,11.770000457763672,11.539999961853027,11.710000038146973,11.739999771118164,1689800,11.739999771118164
2016-06-17,12.050000190734863,11.550000190734863,11.770000457763672,12.0,2331400,12.0
2016-06-20,12.369999885559082,12.050000190734863,12.229999542236328,12.0600004196167,1301400,12.0600004196167
2016-06-21,12.25,11.789999961853027,12.180000305175781,11.989999771118164,1478800,11.989999771118164
2016-06-22,12.270000457763672,11.930000305175781,12.0,12.069999694824219,1257000,12.069999694824219
2016-06-23,12.369999885559082,12.119999885559082,12.279999732971191,12.369999885559082,837100,12.369999885559082
2016-06-24,11.979999542236328,11.59000015258789,11.699999809265137,11.6899995803833,2906400,11.6899995803833
2016-06-27,11.569999694824219,11.09000015258789,11.520000457763672,11.170000076293945,2151200,11.170000076293945
2016-06-28,11.5600004196167,11.239999771118164,11.319999694824219,11.399999618530273,1932300,11.399999618530273
2016-06-29,11.789999961853027,11.479999542236328,11.600000381469727,11.680000305175781,1663900,11.680000305175781
2016-06-30,11.829999923706055,11.539999961853027,11.680000305175781,11.819999694824219,1499500,11.819999694824219
2016-07-01,12.229999542236328,11.800000190734863,11.850000381469727,12.039999961853027,1217700,12.039999961853027
2016-07-05,11.970000267028809,11.59000015258789,11.970000267028809,11.800000190734863,1092100,11.800000190734863
2016-07-06,12.029999732971191,11.600000381469727,11.680000305175781,11.989999771118164,1225400,11.989999771118164
2016-07-07,12.300000190734863,11.989999771118164,12.010000228881836,12.300000190734863,1462200,12.300000190734863
2016-07-08,12.880000114440918,12.460000038146973,12.5,12.75,2969100,12.75
2016-07-11,12.949999809265137,12.75,12.880000114440918,12.890000343322754,1888200,12.890000343322754
2016-07-12,13.1899995803833,12.890000343322754,13.0,13.0600004196167,2077100,13.0600004196167
2016-07-13,13.229999542236328,12.899999618530273,13.130000114440918,13.100000381469727,1480800,13.100000381469727
2016-07-14,13.260000228881836,13.069999694824219,13.239999771118164,13.069999694824219,1005500,13.069999694824219
2016-07-15,13.220000267028809,13.010000228881836,13.170000076293945,13.170000076293945,1211400,13.170000076293945
2016-07-18,13.300000190734863,13.09000015258789,13.170000076293945,13.279999732971191,920900,13.279999732971191
2016-07-19,13.350000381469727,13.119999885559082,13.270000457763672,13.180000305175781,951400,13.180000305175781
2016-07-20,13.359999656677246,13.100000381469727,13.180000305175781,13.270000457763672,863800,13.270000457763672
2016-07-21,13.369999885559082,13.180000305175781,13.270000457763672,13.329999923706055,1211900,13.329999923706055
2016-07-22,13.380000114440918,13.109999656677246,13.289999961853027,13.350000381469727,1170600,13.350000381469727
2016-07-25,13.4399995803833,13.270000457763672,13.289999961853027,13.350000381469727,1225200,13.350000381469727
2016-07-26,13.479999542236328,13.270000457763672,13.399999618530273,13.430000305175781,1924500,13.430000305175781
2016-07-27,14.15999984741211,13.65999984741211,13.989999771118164,13.989999771118164,2728600,13.989999771118164
2016-07-28,14.069999694824219,13.819999694824219,13.979999542236328,13.930000305175781,2619000,13.930000305175781
2016-07-29,14.0,13.350000381469727,13.930000305175781,13.449999809265137,2440400,13.449999809265137
2016-08-01,13.529999732971191,13.289999961853027,13.420000076293945,13.510000228881836,1752200,13.510000228881836
2016-08-02,13.609999656677246,13.140000343322754,13.539999961853027,13.220000267028809,2023700,13.220000267028809
2016-08-03,13.5,13.119999885559082,13.130000114440918,13.40999984741211,2471500,13.40999984741211
2016-08-04,13.529999732971191,13.210000038146973,13.420000076293945,13.470000267028809,1847500,13.470000267028809
2016-08-05,13.84000015258789,13.59000015258789,13.59000015258789,13.729999542236328,2176300,13.729999542236328
2016-08-08,13.869999885559082,13.569999694824219,13.75,13.600000381469727,1060700,13.600000381469727
2016-08-09,13.670000076293945,13.520000457763672,13.619999885559082,13.59000015258789,1084600,13.59000015258789
2016-08-10,13.65999984741211,13.40999984741211,13.640000343322754,13.520000457763672,1092700,13.520000457763672
2016-08-11,13.720000267028809,13.5,13.619999885559082,13.649999618530273,1096100,13.649999618530273
2016-08-12,13.720000267028809,13.5,13.619999885559082,13.609999656677246,1290600,13.609999656677246
2016-08-15,14.029999732971191,13.65999984741211,13.6899995803833,13.850000381469727,1587600,13.850000381469727
2016-08-16,13.8100004196167,13.640000343322754,13.770000457763672,13.680000305175781,939700,13.680000305175781
2016-08-17,13.75,13.40999984741211,13.670000076293945,13.420000076293945,3084500,13.420000076293945
2016-08-18,13.65999984741211,13.4399995803833,13.449999809265137,13.600000381469727,1018200,13.600000381469727
2016-08-19,13.720000267028809,13.470000267028809,13.5600004196167,13.720000267028809,1160400,13.720000267028809
2016-08-22,13.760000228881836,13.539999961853027,13.680000305175781,13.6899995803833,1101900,13.6899995803833
2016-08-23,14.199999809265137,13.8100004196167,13.8100004196167,14.069999694824219,2469300,14.069999694824219
2016-08-24,14.119999885559082,13.779999732971191,14.039999961853027,13.800000190734863,897600,13.800000190734863
2016-08-25,13.970000267028809,13.760000228881836,13.760000228881836,13.800000190734863,836000,13.800000190734863
2016-08-26,13.9399995803833,13.619999885559082,13.869999885559082,13.739999771118164,1913300,13.739999771118164
2016-08-29,13.850000381469727,13.520000457763672,13.779999732971191,13.609999656677246,1947600,13.609999656677246
2016-08-30,13.729999542236328,13.59000015258789,13.609999656677246,13.699999809265137,1618100,13.699999809265137
2016-08-31,13.739999771118164,13.399999618530273,13.670000076293945,13.5600004196167,2023100,13.5600004196167
2016-09-01,13.670000076293945,13.270000457763672,13.579999923706055,13.369999885559082,1226500,13.369999885559082
2016-09-02,13.600000381469727,13.319999694824219,13.510000228881836,13.4399995803833,1509200,13.4399995803833
2016-09-06,13.529999732971191,13.319999694824219,13.520000457763672,13.479999542236328,741900,13.479999542236328
2016-09-07,13.770000457763672,13.470000267028809,13.470000267028809,13.670000076293945,1002100,13.670000076293945
2016-09-08,13.630000114440918,13.4399995803833,13.630000114440918,13.460000038146973,801700,13.460000038146973
2016-09-09,13.289999961853027,12.619999885559082,13.289999961853027,12.8100004196167,2200800,12.8100004196167
2016-09-12,13.0600004196167,12.640000343322754,12.6899995803833,13.029999732971191,1161800,13.029999732971191
2016-09-13,12.989999771118164,12.489999771118164,12.899999618530273,12.550000190734863,1161600,12.550000190734863
2016-09-14,12.670000076293945,12.420000076293945,12.630000114440918,12.539999961853027,1658200,12.539999961853027
2016-09-15,12.65999984741211,12.380000114440918,12.5,12.550000190734863,1311900,12.550000190734863
2016-09-16,12.5,12.3100004196167,12.489999771118164,12.380000114440918,2012300,12.380000114440918
2016-09-19,12.789999961853027,12.470000267028809,12.470000267028809,12.550000190734863,1081800,12.550000190734863
2016-09-20,12.880000114440918,12.3100004196167,12.800000190734863,12.380000114440918,1899700,12.380000114440918
2016-09-21,12.579999923706055,12.239999771118164,12.449999809265137,12.529999732971191,1119000,12.529999732971191
2016-09-22,12.880000114440918,12.649999618530273,12.710000038146973,12.829999923706055,1076700,12.829999923706055
2016-09-23,12.930000305175781,12.75,12.8100004196167,12.75,755500,12.75
2016-09-26,12.829999923706055,12.630000114440918,12.640000343322754,12.760000228881836,820000,12.760000228881836
2016-09-27,13.010000228881836,12.670000076293945,12.75,12.930000305175781,1268600,12.930000305175781
2016-09-28,13.239999771118164,12.949999809265137,13.010000228881836,13.239999771118164,1189000,13.239999771118164
2016-09-29,13.229999542236328,12.989999771118164,13.140000343322754,13.010000228881836,2024000,13.010000228881836
2016-09-30,13.260000228881836,12.9399995803833,13.100000381469727,13.180000305175781,1507100,13.180000305175781
2016-10-03,13.109999656677246,12.880000114440918,13.09000015258789,12.930000305175781,1030800,12.930000305175781
2016-10-04,13.100000381469727,12.899999618530273,12.960000038146973,12.9399995803833,1305700,12.9399995803833
2016-10-05,13.210000038146973,12.979999542236328,13.010000228881836,13.050000190734863,2277000,13.050000190734863
2016-10-06,13.15999984741211,12.880000114440918,13.010000228881836,13.140000343322754,1305800,13.140000343322754
2016-10-07,13.239999771118164,12.84000015258789,13.15999984741211,12.859999656677246,1031800,12.859999656677246
2016-10-10,13.180000305175781,12.920000076293945,12.970000267028809,13.109999656677246,915300,13.109999656677246
2016-10-11,13.100000381469727,12.710000038146973,13.0600004196167,12.8100004196167,709100,12.8100004196167
2016-10-12,12.899999618530273,12.6899995803833,12.829999923706055,12.710000038146973,967300,12.710000038146973
2016-10-13,12.670000076293945,12.420000076293945,12.569999694824219,12.510000228881836,1116400,12.510000228881836
2016-10-14,12.710000038146973,12.489999771118164,12.59000015258789,12.619999885559082,1602000,12.619999885559082
2016-10-17,12.75,12.600000381469727,12.710000038146973,12.680000305175781,637900,12.680000305175781
2016-10-18,12.84000015258789,12.640000343322754,12.8100004196167,12.710000038146973,945700,12.710000038146973
2016-10-19,12.880000114440918,12.630000114440918,12.710000038146973,12.739999771118164,754600,12.739999771118164
2016-10-20,12.699999809265137,12.359999656677246,12.670000076293945,12.510000228881836,1019900,12.510000228881836
2016-10-21,12.479999542236328,12.319999694824219,12.329999923706055,12.380000114440918,839700,12.380000114440918
2016-10-24,12.649999618530273,12.460000038146973,12.550000190734863,12.5600004196167,1095900,12.5600004196167
2016-10-25,12.460000038146973,12.180000305175781,12.420000076293945,12.239999771118164,840500,12.239999771118164
2016-10-26,12.34000015258789,11.989999771118164,12.119999885559082,12.0,1694300,12.0
2016-10-27,11.84000015258789,10.989999771118164,11.260000228881836,11.100000381469727,4401900,11.100000381469727
2016-10-28,11.119999885559082,10.90999984741211,11.050000190734863,10.920000076293945,2453700,10.920000076293945
2016-10-31,11.050000190734863,10.75,10.890000343322754,10.829999923706055,2703400,10.829999923706055
2016-11-01,10.850000381469727,10.390000343322754,10.819999694824219,10.649999618530273,2786000,10.649999618530273
2016-11-02,10.640000343322754,10.350000381469727,10.59000015258789,10.520000457763672,1917200,10.520000457763672
2016-11-03,10.75,10.470000267028809,10.550000190734863,10.550000190734863,2673800,10.550000190734863
2016-11-04,11.020000457763672,10.470000267028809,10.550000190734863,10.789999961853027,2291300,10.789999961853027
2016-11-07,11.029999732971191,10.6899995803833,11.029999732971191,10.729999542236328,2613500,10.729999542236328
2016-11-08,10.710000038146973,10.420000076293945,10.619999885559082,10.680000305175781,3095500,10.680000305175781
2016-11-09,11.15999984741211,10.470000267028809,10.569999694824219,11.100000381469727,3775400,11.100000381469727
2016-11-10,11.430000305175781,11.119999885559082,11.3100004196167,11.25,3967500,11.25
2016-11-11,11.449999809265137,11.210000038146973,11.319999694824219,11.34000015258789,3848800,11.34000015258789
2016-11-14,11.59000015258789,11.34000015258789,11.479999542236328,11.5,2027500,11.5
2016-11-15,11.739999771118164,11.319999694824219,11.729999542236328,11.399999618530273,2816800,11.399999618530273
2016-11-16,11.350000381469727,11.109999656677246,11.350000381469727,11.170000076293945,1467500,11.170000076293945
2016-11-17,11.609999656677246,11.3100004196167,11.3100004196167,11.420000076293945,2337700,11.420000076293945
2016-11-18,11.670000076293945,11.369999885559082,11.460000038146973,11.600000381469727,1216900,11.600000381469727
2016-11-21,11.720000267028809,11.4399995803833,11.649999618530273,11.539999961853027,2052600,11.539999961853027
2016-11-22,11.800000190734863,11.539999961853027,11.619999885559082,11.569999694824219,1257400,11.569999694824219
2016-11-23,11.800000190734863,11.5,11.520000457763672,11.770000457763672,1181100,11.770000457763672
2016-11-25,11.920000076293945,11.739999771118164,11.859999656677246,11.890000343322754,403500,11.890000343322754
2016-11-28,11.829999923706055,11.539999961853027,11.829999923706055,11.699999809265137,1110100,11.699999809265137
2016-11-29,11.979999542236328,11.640000343322754,11.710000038146973,11.869999885559082,2503200,11.869999885559082
2016-11-30,11.989999771118164,11.609999656677246,11.970000267028809,11.619999885559082,1963700,11.619999885559082
2016-12-01,11.720000267028809,11.3100004196167,11.649999618530273,11.369999885559082,3259900,11.369999885559082
2016-12-02,11.550000190734863,11.319999694824219,11.329999923706055,11.449999809265137,1820900,11.449999809265137
2016-12-05,11.850000381469727,11.5600004196167,11.850000381469727,11.720000267028809,2526400,11.720000267028809
2016-12-06,12.15999984741211,11.739999771118164,11.850000381469727,12.149999618530273,1411900,12.149999618530273
2016-12-07,12.729999542236328,12.069999694824219,12.069999694824219,12.699999809265137,2960100,12.699999809265137
2016-12-08,13.369999885559082,12.739999771118164,12.770000457763672,13.109999656677246,2480500,13.109999656677246
2016-12-09,13.140000343322754,12.6899995803833,13.130000114440918,12.800000190734863,1711600,12.800000190734863
2016-12-12,12.779999732971191,12.489999771118164,12.609999656677246,12.739999771118164,1906700,12.739999771118164
2016-12-13,12.869999885559082,12.449999809265137,12.75,12.550000190734863,1873000,12.550000190734863
2016-12-14,12.59000015258789,12.15999984741211,12.520000457763672,12.170000076293945,1895500,12.170000076293945
2016-12-15,12.520000457763672,11.84000015258789,12.1899995803833,11.90999984741211,2822600,11.90999984741211
2016-12-16,12.260000228881836,11.84000015258789,11.880000114440918,12.050000190734863,4583000,12.050000190734863
2016-12-19,12.369999885559082,12.149999618530273,12.199999809265137,12.25,2032600,12.25
2016-12-20,12.390000343322754,12.0,12.270000457763672,12.130000114440918,2309400,12.130000114440918
2016-12-21,12.329999923706055,12.140000343322754,12.140000343322754,12.220000267028809,873000,12.220000267028809
2016-12-22,12.25,12.050000190734863,12.239999771118164,12.0600004196167,663700,12.0600004196167
2016-12-23,12.220000267028809,12.010000228881836,12.069999694824219,12.15999984741211,1273100,12.15999984741211
2016-12-27,12.220000267028809,12.109999656677246,12.210000038146973,12.180000305175781,636500,12.180000305175781
2016-12-28,12.199999809265137,11.850000381469727,12.199999809265137,11.890000343322754,1026200,11.890000343322754
2016-12-29,12.010000228881836,11.720000267028809,11.869999885559082,11.75,1029500,11.75
2016-12-30,11.760000228881836,11.4399995803833,11.760000228881836,11.479999542236328,1544700,11.479999542236328
2017-01-03,11.779999732971191,11.479999542236328,11.65999984741211,11.630000114440918,2103200,11.630000114440918
2017-01-04,11.970000267028809,11.699999809265137,11.699999809265137,11.84000015258789,1884200,11.84000015258789
2017-01-05,11.90999984741211,11.670000076293945,11.800000190734863,11.880000114440918,2965700,11.880000114440918
2017-01-06,12.079999923706055,11.529999732971191,12.079999923706055,11.550000190734863,2079800,11.550000190734863
2017-01-09,11.510000228881836,11.3100004196167,11.5,11.369999885559082,1878600,11.369999885559082
2017-01-10,11.579999923706055,11.3100004196167,11.4399995803833,11.479999542236328,1777900,11.479999542236328
2017-01-11,11.680000305175781,11.329999923706055,11.470000267028809,11.670000076293945,2440600,11.670000076293945
2017-01-12,11.850000381469727,11.359999656677246,11.619999885559082,11.800000190734863,1820200,11.800000190734863
2017-01-13,12.050000190734863,11.800000190734863,11.890000343322754,11.90999984741211,1383500,11.90999984741211
2017-01-17,12.079999923706055,11.75,11.8100004196167,11.949999809265137,1276100,11.949999809265137
2017-01-18,12.119999885559082,11.789999961853027,12.050000190734863,11.9399995803833,1201100,11.9399995803833
2017-01-19,12.069999694824219,11.6899995803833,11.949999809265137,11.760000228881836,1027800,11.760000228881836
2017-01-20,11.880000114440918,11.699999809265137,11.779999732971191,11.869999885559082,953100,11.869999885559082
2017-01-23,11.979999542236328,11.8100004196167,11.84000015258789,11.920000076293945,821700,11.920000076293945
2017-01-24,12.680000305175781,12.050000190734863,12.170000076293945,12.5600004196167,2222000,12.5600004196167
2017-01-25,12.90999984741211,12.609999656677246,12.65999984741211,12.710000038146973,1429400,12.710000038146973
2017-01-26,12.970000267028809,12.720000267028809,12.789999961853027,12.75,1403000,12.75
2017-01-27,12.770000457763672,12.470000267028809,12.75,12.539999961853027,1026000,12.539999961853027
2017-01-30,12.420000076293945,12.149999618530273,12.399999618530273,12.40999984741211,1302500,12.40999984741211
2017-01-31,12.359999656677246,12.180000305175781,12.359999656677246,12.270000457763672,1138500,12.270000457763672
2017-02-01,12.359999656677246,12.170000076293945,12.34000015258789,12.300000190734863,1583900,12.300000190734863
2017-02-02,12.399999618530273,12.180000305175781,12.3100004196167,12.199999809265137,1178100,12.199999809265137
2017-02-03,12.380000114440918,12.140000343322754,12.279999732971191,12.329999923706055,1015100,12.329999923706055
2017-02-06,12.40999984741211,12.15999984741211,12.270000457763672,12.239999771118164,871900,12.239999771118164
2017-02-07,12.260000228881836,12.010000228881836,12.239999771118164,12.09000015258789,1078300,12.09000015258789
2017-02-08,12.050000190734863,11.779999732971191,12.050000190734863,11.9399995803833,2386000,11.9399995803833
2017-02-09,12.010000228881836,11.770000457763672,11.930000305175781,11.930000305175781,1409500,11.930000305175781
2017-02-10,12.300000190734863,11.930000305175781,11.989999771118164,12.279999732971191,1169000,12.279999732971191
2017-02-13,12.390000343322754,12.229999542236328,12.34000015258789,12.319999694824219,1365900,12.319999694824219
2017-02-14,12.300000190734863,12.0600004196167,12.239999771118164,12.130000114440918,1344100,12.130000114440918
2017-02-15,12.390000343322754,12.039999961853027,12.069999694824219,12.34000015258789,914500,12.34000015258789
2017-02-16,12.430000305175781,12.170000076293945,12.359999656677246,12.180000305175781,1182300,12.180000305175781
2017-02-17,12.180000305175781,12.0,12.15999984741211,12.069999694824219,1314500,12.069999694824219
2017-02-21,12.220000267028809,12.020000457763672,12.069999694824219,12.170000076293945,1964000,12.170000076293945
2017-02-22,12.529999732971191,12.0600004196167,12.130000114440918,12.319999694824219,3746700,12.319999694824219
2017-02-23,12.430000305175781,12.0,12.380000114440918,12.109999656677246,2193500,12.109999656677246
2017-02-24,12.279999732971191,11.949999809265137,12.050000190734863,12.210000038146973,2728800,12.210000038146973
2017-02-27,12.1899995803833,11.739999771118164,11.819999694824219,12.100000381469727,3765800,12.100000381469727
2017-02-28,12.140000343322754,11.880000114440918,12.119999885559082,11.9399995803833,2746600,11.9399995803833
2017-03-01,12.579999923706055,12.199999809265137,12.229999542236328,12.3100004196167,3039200,12.3100004196167
2017-03-02,12.3100004196167,12.0600004196167,12.3100004196167,12.09000015258789,1623700,12.09000015258789
2017-03-03,12.279999732971191,11.90999984741211,12.069999694824219,12.270000457763672,1920100,12.270000457763672
2017-03-06,12.220000267028809,12.100000381469727,12.149999618530273,12.199999809265137,1003600,12.199999809265137
2017-03-07,12.449999809265137,12.239999771118164,12.300000190734863,12.34000015258789,1695300,12.34000015258789
2017-03-08,12.65999984741211,12.25,12.390000343322754,12.649999618530273,2259700,12.649999618530273
2017-03-09,12.670000076293945,12.319999694824219,12.65999984741211,12.550000190734863,1764100,12.550000190734863
2017-03-10,13.1899995803833,12.649999618530273,12.649999618530273,12.960000038146973,3171500,12.960000038146973
2017-03-13,12.979999542236328,12.579999923706055,12.960000038146973,12.609999656677246,1582100,12.609999656677246
2017-03-14,12.579999923706055,12.359999656677246,12.550000190734863,12.5,1677700,12.5
2017-03-15,12.779999732971191,12.479999542236328,12.569999694824219,12.760000228881836,1620400,12.760000228881836
2017-03-16,13.369999885559082,12.779999732971191,12.789999961853027,13.3100004196167,2143400,13.3100004196167
2017-03-17,13.050000190734863,12.699999809265137,12.9399995803833,12.729999542236328,7216200,12.729999542236328
2017-03-20,12.890000343322754,12.630000114440918,12.75,12.859999656677246,2012800,12.859999656677246
2017-03-21,12.890000343322754,12.390000343322754,12.890000343322754,12.510000228881836,5136200,12.510000228881836
2017-03-22,12.550000190734863,12.279999732971191,12.550000190734863,12.5,3270400,12.5
2017-03-23,12.710000038146973,12.4399995803833,12.5,12.520000457763672,1828300,12.520000457763672
2017-03-24,12.699999809265137,12.449999809265137,12.550000190734863,12.59000015258789,1992200,12.59000015258789
2017-03-27,12.630000114440918,12.350000381469727,12.380000114440918,12.600000381469727,2155900,12.600000381469727
2017-03-28,12.90999984741211,12.489999771118164,12.539999961853027,12.850000381469727,2367600,12.850000381469727
2017-03-29,13.010000228881836,12.770000457763672,12.800000190734863,12.949999809265137,1785300,12.949999809265137
2017-03-30,12.989999771118164,12.84000015258789,12.9399995803833,12.859999656677246,2000000,12.859999656677246
2017-03-31,12.930000305175781,12.390000343322754,12.869999885559082,12.539999961853027,5390900,12.539999961853027
2017-04-03,12.59000015258789,12.260000228881836,12.539999961853027,12.390000343322754,2941200,12.390000343322754
2017-04-04,12.460000038146973,12.260000228881836,12.350000381469727,12.359999656677246,1680500,12.359999656677246
2017-04-05,12.569999694824219,12.180000305175781,12.420000076293945,12.229999542236328,1933600,12.229999542236328
2017-04-06,12.350000381469727,12.140000343322754,12.229999542236328,12.270000457763672,1332800,12.270000457763672
2017-04-07,12.289999961853027,12.119999885559082,12.229999542236328,12.140000343322754,1739800,12.140000343322754
2017-04-10,12.380000114440918,12.100000381469727,12.170000076293945,12.279999732971191,1108400,12.279999732971191
2017-04-11,12.380000114440918,12.15999984741211,12.229999542236328,12.329999923706055,1351600,12.329999923706055
2017-04-12,12.34000015258789,12.109999656677246,12.300000190734863,12.140000343322754,1039500,12.140000343322754
2017-04-13,12.279999732971191,12.079999923706055,12.149999618530273,12.100000381469727,2003100,12.100000381469727
2017-04-17,12.34000015258789,12.109999656677246,12.180000305175781,12.329999923706055,1138600,12.329999923706055
2017-04-18,12.550000190734863,12.199999809265137,12.279999732971191,12.489999771118164,1868000,12.489999771118164
2017-04-19,12.630000114440918,12.390000343322754,12.539999961853027,12.399999618530273,1373200,12.399999618530273
2017-04-20,12.600000381469727,12.039999961853027,12.489999771118164,12.220000267028809,2545400,12.220000267028809
2017-04-21,12.239999771118164,12.039999961853027,12.199999809265137,12.15999984741211,1988900,12.15999984741211
2017-04-24,12.449999809265137,12.130000114440918,12.399999618530273,12.300000190734863,2694800,12.300000190734863
2017-04-25,12.40999984741211,12.010000228881836,12.34000015258789,12.329999923706055,4333700,12.329999923706055
2017-04-26,12.899999618530273,12.300000190734863,12.40999984741211,12.640000343322754,2533700,12.640000343322754
2017-04-27,12.770000457763672,12.470000267028809,12.729999542236328,12.65999984741211,2189100,12.65999984741211
2017-04-28,12.670000076293945,12.34000015258789,12.670000076293945,12.449999809265137,1753100,12.449999809265137
2017-05-01,12.59000015258789,12.350000381469727,12.479999542236328,12.420000076293945,1562400,12.420000076293945
2017-05-02,12.470000267028809,12.149999618530273,12.40999984741211,12.319999694824219,1947800,12.319999694824219
2017-05-03,12.359999656677246,12.029999732971191,12.279999732971191,12.09000015258789,2072900,12.09000015258789
2017-05-04,12.210000038146973,12.09000015258789,12.109999656677246,12.170000076293945,1464400,12.170000076293945
2017-05-05,12.319999694824219,12.119999885559082,12.229999542236328,12.3100004196167,1374600,12.3100004196167
2017-05-08,12.399999618530273,12.1899995803833,12.300000190734863,12.25,1176800,12.25
2017-05-09,12.529999732971191,12.300000190734863,12.300000190734863,12.520000457763672,1560400,12.520000457763672
2017-05-10,12.5600004196167,12.319999694824219,12.470000267028809,12.520000457763672,1487800,12.520000457763672
2017-05-11,12.539999961853027,12.34000015258789,12.479999542236328,12.489999771118164,884100,12.489999771118164
2017-05-12,12.529999732971191,12.390000343322754,12.449999809265137,12.470000267028809,1044400,12.470000267028809
2017-05-15,12.720000267028809,12.5,12.510000228881836,12.630000114440918,1381300,12.630000114440918
2017-05-16,12.680000305175781,12.5,12.65999984741211,12.680000305175781,1406500,12.680000305175781
2017-05-17,12.680000305175781,12.329999923706055,12.680000305175781,12.329999923706055,2121600,12.329999923706055
2017-05-18,12.619999885559082,12.260000228881836,12.329999923706055,12.59000015258789,2145700,12.59000015258789
2017-05-19,12.8100004196167,12.5600004196167,12.600000381469727,12.739999771118164,1292400,12.739999771118164
2017-05-22,12.850000381469727,12.670000076293945,12.800000190734863,12.699999809265137,1017400,12.699999809265137
2017-05-23,12.890000343322754,12.649999618530273,12.789999961853027,12.75,1429600,12.75
2017-05-24,12.819999694824219,12.609999656677246,12.760000228881836,12.800000190734863,792300,12.800000190734863
2017-05-25,12.859999656677246,12.550000190734863,12.850000381469727,12.5600004196167,823500,12.5600004196167
2017-05-26,12.600000381469727,12.449999809265137,12.529999732971191,12.489999771118164,1106700,12.489999771118164
2017-05-30,12.5600004196167,12.399999618530273,12.449999809265137,12.529999732971191,1543400,12.529999732971191
2017-05-31,12.600000381469727,12.279999732971191,12.600000381469727,12.369999885559082,2515000,12.369999885559082
2017-06-01,12.539999961853027,12.329999923706055,12.40999984741211,12.5,2094500,12.5
2017-06-02,12.729999542236328,12.489999771118164,12.5,12.609999656677246,2308000,12.609999656677246
2017-06-05,12.649999618530273,12.470000267028809,12.619999885559082,12.529999732971191,1280300,12.529999732971191
2017-06-06,12.600000381469727,12.34000015258789,12.430000305175781,12.430000305175781,1352200,12.430000305175781
2017-06-07,12.5,12.279999732971191,12.4399995803833,12.3100004196167,1378700,12.3100004196167
2017-06-08,12.430000305175781,12.170000076293945,12.270000457763672,12.210000038146973,2307900,12.210000038146973
2017-06-09,12.319999694824219,12.109999656677246,12.260000228881836,12.25,2687900,12.25
2017-06-12,12.479999542236328,12.220000267028809,12.220000267028809,12.350000381469727,2961400,12.350000381469727
2017-06-13,12.520000457763672,12.289999961853027,12.390000343322754,12.5,2763400,12.5
2017-06-14,12.75,12.4399995803833,12.520000457763672,12.720000267028809,2281500,12.720000267028809
2017-06-15,12.670000076293945,12.399999618530273,12.579999923706055,12.449999809265137,1445700,12.449999809265137
2017-06-16,12.489999771118164,12.140000343322754,12.220000267028809,12.479999542236328,2709800,12.479999542236328
2017-06-19,12.819999694824219,12.479999542236328,12.510000228881836,12.649999618530273,1560500,12.649999618530273
2017-06-20,12.800000190734863,12.449999809265137,12.729999542236328,12.550000190734863,4227200,12.550000190734863
2017-06-21,12.760000228881836,12.460000038146973,12.619999885559082,12.489999771118164,3117200,12.489999771118164
2017-06-22,12.539999961853027,12.420000076293945,12.449999809265137,12.460000038146973,1511300,12.460000038146973
2017-06-23,12.600000381469727,12.319999694824219,12.430000305175781,12.569999694824219,2297900,12.569999694824219
2017-06-26,12.9399995803833,12.569999694824219,12.649999618530273,12.850000381469727,3190600,12.850000381469727
2017-06-27,12.960000038146973,12.710000038146973,12.850000381469727,12.739999771118164,1276500,12.739999771118164
2017-06-28,13.140000343322754,12.789999961853027,12.850000381469727,13.0600004196167,1191700,13.0600004196167
2017-06-29,13.079999923706055,12.720000267028809,13.029999732971191,13.050000190734863,2686200,13.050000190734863
2017-06-30,13.270000457763672,13.010000228881836,13.079999923706055,13.1899995803833,1610400,13.1899995803833
2017-07-03,13.25,13.100000381469727,13.170000076293945,13.140000343322754,520500,13.140000343322754
2017-07-05,13.229999542236328,12.920000076293945,13.079999923706055,13.210000038146973,1255400,13.210000038146973
2017-07-06,13.1899995803833,13.029999732971191,13.140000343322754,13.09000015258789,1551700,13.09000015258789
2017-07-07,13.470000267028809,13.100000381469727,13.170000076293945,13.470000267028809,1775400,13.470000267028809
2017-07-10,13.569999694824219,13.329999923706055,13.470000267028809,13.5,1510000,13.5
2017-07-11,13.4399995803833,13.039999961853027,13.319999694824219,13.399999618530273,2874900,13.399999618530273
2017-07-12,13.609999656677246,13.270000457763672,13.5,13.380000114440918,1490200,13.380000114440918
2017-07-13,13.520000457763672,13.34000015258789,13.369999885559082,13.479999542236328,1535900,13.479999542236328
2017-07-14,13.710000038146973,13.460000038146973,13.460000038146973,13.59000015258789,1392400,13.59000015258789
2017-07-17,13.779999732971191,13.5600004196167,13.630000114440918,13.65999984741211,896500,13.65999984741211
2017-07-18,13.779999732971191,13.359999656677246,13.65999984741211,13.65999984741211,1859300,13.65999984741211
2017-07-19,13.90999984741211,13.65999984741211,13.65999984741211,13.890000343322754,1666100,13.890000343322754
2017-07-20,14.020000457763672,13.800000190734863,13.899999618530273,13.90999984741211,1710400,13.90999984741211
2017-07-21,14.180000305175781,13.84000015258789,13.979999542236328,13.979999542236328,1272400,13.979999542236328
2017-07-24,13.989999771118164,13.880000114440918,13.979999542236328,13.949999809265137,954100,13.949999809265137
2017-07-25,14.15999984741211,13.9399995803833,14.029999732971191,14.079999923706055,2347900,14.079999923706055
2017-07-26,14.210000038146973,13.920000076293945,14.180000305175781,14.020000457763672,2189700,14.020000457763672
2017-07-27,14.0,13.670000076293945,14.0,13.670000076293945,3151400,13.670000076293945
2017-07-28,13.699999809265137,13.3100004196167,13.569999694824219,13.380000114440918,3703000,13.380000114440918
2017-07-31,13.510000228881836,13.210000038146973,13.420000076293945,13.300000190734863,2192800,13.300000190734863
2017-08-01,13.5600004196167,13.149999618530273,13.329999923706055,13.510000228881836,1677300,13.510000228881836
2017-08-02,13.640000343322754,13.3100004196167,13.449999809265137,13.420000076293945,1319500,13.420000076293945
2017-08-03,13.5,13.34000015258789,13.420000076293945,13.479999542236328,2107500,13.479999542236328
2017-08-04,13.65999984741211,13.460000038146973,13.5,13.619999885559082,1093300,13.619999885559082
2017-08-07,13.699999809265137,13.529999732971191,13.609999656677246,13.680000305175781,1229900,13.680000305175781
2017-08-08,13.9399995803833,13.600000381469727,13.65999984741211,13.770000457763672,1454500,13.770000457763672
2017-08-09,13.920000076293945,13.5600004196167,13.630000114440918,13.880000114440918,1793500,13.880000114440918
2017-08-10,13.829999923706055,13.630000114440918,13.800000190734863,13.710000038146973,1981400,13.710000038146973
2017-08-11,13.84000015258789,13.569999694824219,13.630000114440918,13.779999732971191,1565700,13.779999732971191
2017-08-14,13.9399995803833,13.800000190734863,13.890000343322754,13.8100004196167,954200,13.8100004196167
2017-08-15,13.819999694824219,13.6899995803833,13.8100004196167,13.760000228881836,1193500,13.760000228881836
2017-08-16,13.8100004196167,13.680000305175781,13.760000228881836,13.699999809265137,870100,13.699999809265137
2017-08-17,13.720000267028809,13.300000190734863,13.640000343322754,13.319999694824219,1441700,13.319999694824219
2017-08-18,13.239999771118164,13.039999961853027,13.199999809265137,13.0600004196167,1284500,13.0600004196167
2017-08-21,13.09000015258789,12.960000038146973,13.020000457763672,13.0600004196167,806200,13.0600004196167
2017-08-22,13.119999885559082,12.930000305175781,13.029999732971191,13.09000015258789,1066200,13.09000015258789
2017-08-23,13.109999656677246,12.800000190734863,13.010000228881836,12.869999885559082,1342200,12.869999885559082
2017-08-24,13.020000457763672,12.819999694824219,12.890000343322754,12.829999923706055,1640300,12.829999923706055
2017-08-25,12.920000076293945,12.779999732971191,12.880000114440918,12.800000190734863,915700,12.800000190734863
2017-08-28,12.84000015258789,12.579999923706055,12.819999694824219,12.770000457763672,1856300,12.770000457763672
2017-08-29,12.75,12.5,12.6899995803833,12.5,1654500,12.5
2017-08-30,12.630000114440918,12.359999656677246,12.460000038146973,12.470000267028809,1393500,12.470000267028809
2017-08-31,12.800000190734863,12.520000457763672,12.520000457763672,12.739999771118164,1650800,12.739999771118164
2017-09-01,12.880000114440918,12.699999809265137,12.75,12.760000228881836,1312400,12.760000228881836
2017-09-05,12.8100004196167,12.380000114440918,12.770000457763672,12.619999885559082,1767000,12.619999885559082
2017-09-06,12.710000038146973,12.539999961853027,12.640000343322754,12.550000190734863,1988000,12.550000190734863
2017-09-07,12.630000114440918,12.329999923706055,12.59000015258789,12.369999885559082,1271800,12.369999885559082
2017-09-08,12.630000114440918,12.279999732971191,12.380000114440918,12.609999656677246,1714400,12.609999656677246
2017-09-11,13.039999961853027,12.670000076293945,12.680000305175781,12.90999984741211,1574600,12.90999984741211
2017-09-12,13.229999542236328,12.920000076293945,13.010000228881836,13.199999809265137,1640600,13.199999809265137
2017-09-13,13.180000305175781,12.760000228881836,13.180000305175781,12.930000305175781,1601900,12.930000305175781
2017-09-14,13.029999732971191,12.770000457763672,12.899999618530273,13.0,1599600,13.0
2017-09-15,13.050000190734863,12.770000457763672,13.029999732971191,12.890000343322754,4247100,12.890000343322754
2017-09-18,13.079999923706055,12.90999984741211,12.979999542236328,13.050000190734863,1279300,13.050000190734863
2017-09-19,13.180000305175781,13.020000457763672,13.050000190734863,13.109999656677246,1231800,13.109999656677246
2017-09-20,13.069999694824219,12.930000305175781,13.050000190734863,12.979999542236328,1674000,12.979999542236328
2017-09-21,13.149999618530273,12.90999984741211,13.010000228881836,13.010000228881836,910300,13.010000228881836
2017-09-22,13.229999542236328,12.899999618530273,13.0,13.0600004196167,985900,13.0600004196167
2017-09-25,13.180000305175781,12.979999542236328,13.010000228881836,13.149999618530273,1061600,13.149999618530273
2017-09-26,13.420000076293945,13.149999618530273,13.210000038146973,13.300000190734863,1372900,13.300000190734863
2017-09-27,13.489999771118164,13.220000267028809,13.4399995803833,13.319999694824219,1418100,13.319999694824219
2017-09-28,13.5,13.239999771118164,13.329999923706055,13.470000267028809,1450200,13.470000267028809
2017-09-29,13.9399995803833,13.5600004196167,13.5600004196167,13.8100004196167,2082900,13.8100004196167
2017-10-02,14.079999923706055,13.779999732971191,13.890000343322754,13.989999771118164,2109100,13.989999771118164
2017-10-03,14.359999656677246,13.880000114440918,14.130000114440918,14.109999656677246,2235500,14.109999656677246
2017-10-04,14.319999694824219,14.09000015258789,14.140000343322754,14.229999542236328,1233000,14.229999542236328
2017-10-05,14.399999618530273,14.25,14.319999694824219,14.329999923706055,1136400,14.329999923706055
2017-10-06,14.350000381469727,14.220000267028809,14.279999732971191,14.300000190734863,1166800,14.300000190734863
2017-10-09,14.390000343322754,14.140000343322754,14.300000190734863,14.319999694824219,1083100,14.319999694824219
2017-10-10,14.470000267028809,14.229999542236328,14.399999618530273,14.430000305175781,1053400,14.430000305175781
2017-10-11,14.5,14.3100004196167,14.420000076293945,14.489999771118164,1543400,14.489999771118164
2017-10-12,14.720000267028809,14.470000267028809,14.479999542236328,14.609999656677246,1812800,14.609999656677246
2017-10-13,14.710000038146973,14.569999694824219,14.680000305175781,14.640000343322754,765200,14.640000343322754
2017-10-16,14.739999771118164,14.529999732971191,14.649999618530273,14.710000038146973,1692300,14.710000038146973
2017-10-17,14.829999923706055,14.649999618530273,14.720000267028809,14.789999961853027,1204300,14.789999961853027
2017-10-18,15.0,14.720000267028809,14.84000015258789,14.989999771118164,1815400,14.989999771118164
2017-10-19,15.319999694824219,14.859999656677246,14.930000305175781,15.279999732971191,1720500,15.279999732971191
2017-10-20,15.640000343322754,15.239999771118164,15.350000381469727,15.539999961853027,2457000,15.539999961853027
2017-10-23,15.699999809265137,15.329999923706055,15.640000343322754,15.489999771118164,1712200,15.489999771118164
2017-10-24,15.680000305175781,15.460000038146973,15.520000457763672,15.569999694824219,2441900,15.569999694824219
2017-10-25,16.940000534057617,16.309999465942383,16.450000762939453,16.540000915527344,6274800,16.540000915527344
2017-10-26,17.200000762939453,16.6200008392334,17.200000762939453,16.969999313354492,4544400,16.969999313354492
2017-10-27,17.260000228881836,16.780000686645508,16.959999084472656,17.229999542236328,5290500,17.229999542236328
2017-10-30,17.75,17.219999313354492,17.25,17.3799991607666,8272400,17.3799991607666
2017-10-31,17.700000762939453,17.309999465942383,17.309999465942383,17.690000534057617,5461700,17.690000534057617
2017-11-01,17.84000015258789,17.610000610351562,17.709999084472656,17.700000762939453,4747600,17.700000762939453
2017-11-02,17.739999771118164,16.799999237060547,17.700000762939453,16.93000030517578,7444800,16.93000030517578
2017-11-03,17.450000762939453,16.899999618530273,16.989999771118164,17.139999389648438,2515000,17.139999389648438
2017-11-06,17.59000015258789,17.06999969482422,17.18000030517578,17.520000457763672,1991000,17.520000457763672
2017-11-07,17.75,17.440000534057617,17.559999465942383,17.5,1530400,17.5
2017-11-08,17.700000762939453,17.229999542236328,17.450000762939453,17.600000381469727,1942200,17.600000381469727
2017-11-09,17.790000915527344,17.420000076293945,17.420000076293945,17.600000381469727,2797100,17.600000381469727
2017-11-10,17.700000762939453,17.5,17.56999969482422,17.610000610351562,1903000,17.610000610351562
2017-11-13,17.700000762939453,17.459999084472656,17.540000915527344,17.6299991607666,1840200,17.6299991607666
2017-11-14,17.959999084472656,17.549999237060547,17.579999923706055,17.860000610351562,1554500,17.860000610351562
2017-11-15,17.809999465942383,17.440000534057617,17.780000686645508,17.530000686645508,1661600,17.530000686645508
2017-11-16,17.68000030517578,17.479999542236328,17.59000015258789,17.56999969482422,1841200,17.56999969482422
2017-11-17,17.93000030517578,17.5,17.530000686645508,17.809999465942383,1738100,17.809999465942383
2017-11-20,17.920000076293945,17.770000457763672,17.8799991607666,17.780000686645508,1205600,17.780000686645508
2017-11-21,18.09000015258789,17.799999237060547,17.920000076293945,17.950000762939453,2135600,17.950000762939453
2017-11-22,18.020000457763672,17.790000915527344,17.989999771118164,17.93000030517578,850500,17.93000030517578
2017-11-24,18.170000076293945,17.969999313354492,18.010000228881836,18.049999237060547,822600,18.049999237060547
2017-11-27,18.030000686645508,17.739999771118164,18.030000686645508,17.809999465942383,1522600,17.809999465942383
2017-11-28,18.299999237060547,17.81999969482422,17.90999984741211,18.239999771118164,2225300,18.239999771118164
2017-11-29,18.440000534057617,18.1299991607666,18.260000228881836,18.229999542236328,1568600,18.229999542236328
2017-11-30,18.31999969482422,18.049999237060547,18.25,18.1200008392334,1858900,18.1200008392334
2017-12-01,18.110000610351562,17.350000381469727,18.100000381469727,17.649999618530273,2097700,17.649999618530273
2017-12-04,18.079999923706055,17.65999984741211,17.899999618530273,17.68000030517578,1883600,17.68000030517578
2017-12-05,17.469999313354492,17.09000015258789,17.450000762939453,17.18000030517578,2503300,17.18000030517578
2017-12-06,17.40999984741211,16.829999923706055,17.139999389648438,16.8700008392334,2567600,16.8700008392334
2017-12-07,17.389999389648438,16.829999923706055,17.290000915527344,17.290000915527344,2124100,17.290000915527344
2017-12-08,17.739999771118164,17.40999984741211,17.43000030517578,17.559999465942383,1522000,17.559999465942383
2017-12-11,17.729999542236328,17.559999465942383,17.559999465942383,17.65999984741211,1231700,17.65999984741211
2017-12-12,17.760000228881836,17.3799991607666,17.649999618530273,17.420000076293945,1178500,17.420000076293945
2017-12-13,17.56999969482422,17.3700008392334,17.5,17.399999618530273,978300,17.399999618530273
2017-12-14,17.56999969482422,17.219999313354492,17.399999618530273,17.43000030517578,1402700,17.43000030517578
2017-12-15,17.920000076293945,17.459999084472656,17.479999542236328,17.81999969482422,5063000,17.81999969482422
2017-12-18,18.459999084472656,17.93000030517578,17.93000030517578,18.440000534057617,1686500,18.440000534057617
2017-12-19,18.459999084472656,17.81999969482422,18.3799991607666,17.84000015258789,1496600,17.84000015258789
2017-12-20,17.989999771118164,17.790000915527344,17.93000030517578,17.93000030517578,1586800,17.93000030517578
2017-12-21,18.260000228881836,18.0,18.010000228881836,18.170000076293945,1067000,18.170000076293945
2017-12-22,18.280000686645508,17.790000915527344,18.239999771118164,17.81999969482422,911600,17.81999969482422
2017-12-26,17.950000762939453,17.770000457763672,17.799999237060547,17.8700008392334,630700,17.8700008392334
2017-12-27,18.06999969482422,17.719999313354492,17.889999389648438,17.770000457763672,716700,17.770000457763672
2017-12-28,18.040000915527344,17.739999771118164,17.809999465942383,18.020000457763672,1065700,18.020000457763672
2017-12-29,18.229999542236328,17.889999389648438,18.110000610351562,17.920000076293945,1340700,17.920000076293945
2018-01-02,18.200000762939453,17.760000228881836,18.15999984741211,18.049999237060547,1690100,18.049999237060547
2018-01-03,19.149999618530273,18.139999389648438,18.139999389648438,19.09000015258789,3752400,19.09000015258789
2018-01-04,19.280000686645508,18.75,19.25,19.030000686645508,2141300,19.030000686645508
2018-01-05,19.549999237060547,19.030000686645508,19.549999237060547,19.420000076293945,2088500,19.420000076293945
2018-01-08,19.530000686645508,19.260000228881836,19.440000534057617,19.34000015258789,1409000,19.34000015258789
2018-01-09,19.540000915527344,19.299999237060547,19.360000610351562,19.350000381469727,1556100,19.350000381469727
2018-01-10,19.229999542236328,18.68000030517578,19.190000534057617,18.979999542236328,1746500,18.979999542236328
2018-01-11,19.440000534057617,19.1200008392334,19.1200008392334,19.329999923706055,1492400,19.329999923706055
2018-01-12,19.43000030517578,19.09000015258789,19.389999389648438,19.229999542236328,1241600,19.229999542236328
2018-01-16,19.459999084472656,18.780000686645508,19.389999389648438,18.81999969482422,1440900,18.81999969482422
2018-01-17,19.079999923706055,18.889999389648438,18.989999771118164,18.979999542236328,1926800,18.979999542236328
2018-01-18,19.09000015258789,18.549999237060547,18.979999542236328,18.59000015258789,1289600,18.59000015258789
2018-01-19,18.81999969482422,18.56999969482422,18.65999984741211,18.809999465942383,1047700,18.809999465942383
2018-01-22,18.889999389648438,18.649999618530273,18.809999465942383,18.829999923706055,1383100,18.829999923706055
2018-01-23,18.959999084472656,18.600000381469727,18.809999465942383,18.8700008392334,757200,18.8700008392334
2018-01-24,19.059999465942383,18.59000015258789,18.959999084472656,18.639999389648438,1187000,18.639999389648438
2018-01-25,18.709999084472656,17.989999771118164,18.709999084472656,18.219999313354492,1730500,18.219999313354492
2018-01-26,18.329999923706055,17.81999969482422,18.329999923706055,17.940000534057617,1643600,17.940000534057617
2018-01-29,17.90999984741211,17.030000686645508,17.81999969482422,17.100000381469727,2206400,17.100000381469727
2018-01-30,16.959999084472656,16.6299991607666,16.84000015258789,16.81999969482422,1796800,16.81999969482422
2018-01-31,17.1299991607666,16.309999465942383,17.020000457763672,16.309999465942383,2344300,16.309999465942383
2018-02-01,17.030000686645508,16.06999969482422,16.25,16.81999969482422,3080900,16.81999969482422
2018-02-02,16.729999542236328,16.200000762939453,16.600000381469727,16.25,2358200,16.25
2018-02-05,16.329999923706055,15.350000381469727,16.06999969482422,15.6899995803833,2730000,15.6899995803833
2018-02-06,16.760000228881836,14.859999656677246,15.220000267028809,16.719999313354492,4617000,16.719999313354492
2018-02-07,17.010000228881836,16.549999237060547,16.600000381469727,16.709999084472656,4529800,16.709999084472656
2018-02-08,16.770000457763672,16.15999984741211,16.770000457763672,16.15999984741211,2647600,16.15999984741211
2018-02-09,16.450000762939453,15.859999656677246,16.450000762939453,16.25,2286300,16.25
2018-02-12,16.68000030517578,16.049999237060547,16.31999969482422,16.59000015258789,1583800,16.59000015258789
2018-02-13,16.75,16.43000030517578,16.489999771118164,16.739999771118164,1719300,16.739999771118164
2018-02-14,17.200000762939453,16.489999771118164,16.510000228881836,17.18000030517578,2077200,17.18000030517578
2018-02-15,17.360000610351562,16.959999084472656,17.299999237060547,17.350000381469727,1861400,17.350000381469727
2018-02-16,17.899999618530273,17.280000686645508,17.299999237060547,17.75,2446700,17.75
2018-02-20,18.200000762939453,17.299999237060547,18.110000610351562,17.420000076293945,3337000,17.420000076293945
2018-02-21,18.219999313354492,17.350000381469727,17.760000228881836,17.360000610351562,4655700,17.360000610351562
2018-02-22,17.59000015258789,16.8700008392334,17.440000534057617,16.940000534057617,1963200,16.940000534057617
2018-02-23,17.040000915527344,16.1299991607666,16.850000381469727,16.389999389648438,2789000,16.389999389648438
2018-02-26,16.65999984741211,16.190000534057617,16.489999771118164,16.579999923706055,1734200,16.579999923706055
2018-02-27,16.90999984741211,15.970000267028809,16.639999389648438,15.970000267028809,2086200,15.970000267028809
2018-02-28,16.1200008392334,15.319999694824219,16.030000686645508,15.329999923706055,2277100,15.329999923706055
2018-03-01,15.640000343322754,15.170000076293945,15.329999923706055,15.510000228881836,2239300,15.510000228881836
2018-03-02,15.600000381469727,15.149999618530273,15.329999923706055,15.5600004196167,1508700,15.5600004196167
2018-03-05,15.829999923706055,15.390000343322754,15.420000076293945,15.760000228881836,1488100,15.760000228881836
2018-03-06,16.09000015258789,15.670000076293945,15.8100004196167,16.079999923706055,1732700,16.079999923706055
2018-03-07,16.1200008392334,15.84000015258789,15.899999618530273,16.06999969482422,1418100,16.06999969482422
2018-03-08,16.18000030517578,15.920000076293945,16.110000610351562,16.139999389648438,1127800,16.139999389648438
2018-03-09,16.420000076293945,16.030000686645508,16.290000915527344,16.40999984741211,1053100,16.40999984741211
2018-03-12,16.790000915527344,16.3799991607666,16.489999771118164,16.600000381469727,1595400,16.600000381469727
2018-03-13,16.940000534057617,16.559999465942383,16.739999771118164,16.68000030517578,1057100,16.68000030517578
2018-03-14,16.770000457763672,16.34000015258789,16.770000457763672,16.420000076293945,848000,16.420000076293945
2018-03-15,16.530000686645508,16.059999465942383,16.5,16.219999313354492,932500,16.219999313354492
2018-03-16,16.6200008392334,16.15999984741211,16.270000457763672,16.559999465942383,2048000,16.559999465942383
2018-03-19,16.540000915527344,16.219999313354492,16.5,16.510000228881836,783100,16.510000228881836
2018-03-20,16.65999984741211,16.34000015258789,16.520000457763672,16.3799991607666,651400,16.3799991607666
2018-03-21,16.950000762939453,16.309999465942383,16.389999389648438,16.729999542236328,803000,16.729999542236328
2018-03-22,16.920000076293945,16.3799991607666,16.510000228881836,16.389999389648438,1115300,16.389999389648438
2018-03-23,16.719999313354492,16.229999542236328,16.540000915527344,16.229999542236328,1236200,16.229999542236328
2018-03-26,16.670000076293945,16.1200008392334,16.530000686645508,16.530000686645508,1019300,16.530000686645508
2018-03-27,16.690000534057617,16.229999542236328,16.510000228881836,16.399999618530273,2677100,16.399999618530273
2018-03-28,16.520000457763672,16.040000915527344,16.360000610351562,16.049999237060547,1408400,16.049999237060547
2018-03-29,16.510000228881836,16.1200008392334,16.1299991607666,16.43000030517578,1444200,16.43000030517578
2018-04-02,16.399999618530273,15.569999694824219,16.270000457763672,15.739999771118164,1371600,15.739999771118164
2018-04-03,16.139999389648438,15.5600004196167,15.800000190734863,16.06999969482422,1131400,16.06999969482422
2018-04-04,17.270000457763672,15.949999809265137,15.949999809265137,17.170000076293945,2334100,17.170000076293945
2018-04-05,17.530000686645508,17.15999984741211,17.229999542236328,17.459999084472656,1494300,17.459999084472656
2018-04-06,17.559999465942383,16.670000076293945,17.309999465942383,16.90999984741211,1020600,16.90999984741211
2018-04-09,17.200000762939453,16.790000915527344,17.06999969482422,16.850000381469727,944700,16.850000381469727
2018-04-10,17.15999984741211,16.84000015258789,17.139999389648438,16.920000076293945,1022600,16.920000076293945
2018-04-11,17.06999969482422,16.75,16.790000915527344,16.770000457763672,809500,16.770000457763672
2018-04-12,16.860000610351562,16.479999542236328,16.850000381469727,16.709999084472656,1025100,16.709999084472656
2018-04-13,17.020000457763672,16.549999237060547,16.829999923706055,16.790000915527344,1526100,16.790000915527344
2018-04-16,17.18000030517578,16.770000457763672,16.950000762939453,17.059999465942383,650300,17.059999465942383
2018-04-17,17.299999237060547,16.959999084472656,17.170000076293945,17.219999313354492,825100,17.219999313354492
2018-04-18,17.420000076293945,17.18000030517578,17.360000610351562,17.25,970500,17.25
2018-04-19,17.190000534057617,16.0,17.190000534057617,16.459999084472656,2382900,16.459999084472656
2018-04-20,16.739999771118164,16.149999618530273,16.420000076293945,16.219999313354492,2250700,16.219999313354492
2018-04-23,16.3700008392334,16.030000686645508,16.280000686645508,16.15999984741211,978000,16.15999984741211
2018-04-24,16.649999618530273,16.09000015258789,16.350000381469727,16.239999771118164,2143600,16.239999771118164
2018-04-25,16.959999084472656,16.270000457763672,16.700000762939453,16.770000457763672,2748700,16.770000457763672
2018-04-26,17.209999084472656,16.139999389648438,16.889999389648438,17.079999923706055,2547400,17.079999923706055
2018-04-27,17.809999465942383,17.100000381469727,17.100000381469727,17.729999542236328,1819500,17.729999542236328
2018-04-30,17.760000228881836,17.040000915527344,17.739999771118164,17.110000610351562,1991900,17.110000610351562
2018-05-01,17.479999542236328,16.8799991607666,16.969999313354492,17.399999618530273,1104600,17.399999618530273
2018-05-02,17.40999984741211,16.940000534057617,17.399999618530273,16.959999084472656,1121800,16.959999084472656
2018-05-03,17.239999771118164,16.809999465942383,16.940000534057617,17.170000076293945,912300,17.170000076293945
2018-05-04,17.520000457763672,16.940000534057617,17.100000381469727,17.5,1069500,17.5
2018-05-07,17.65999984741211,17.389999389648438,17.600000381469727,17.610000610351562,962700,17.610000610351562
2018-05-08,17.780000686645508,17.469999313354492,17.579999923706055,17.649999618530273,679600,17.649999618530273
2018-05-09,17.65999984741211,16.84000015258789,17.649999618530273,17.0,1503300,17.0
2018-05-10,17.280000686645508,16.959999084472656,17.030000686645508,16.989999771118164,1365500,16.989999771118164
2018-05-11,17.360000610351562,16.969999313354492,16.969999313354492,17.100000381469727,865700,17.100000381469727
2018-05-14,17.239999771118164,16.84000015258789,17.190000534057617,16.979999542236328,931700,16.979999542236328
2018-05-15,16.860000610351562,15.869999885559082,16.850000381469727,15.949999809265137,1555700,15.949999809265137
2018-05-16,16.420000076293945,15.84000015258789,15.930000305175781,16.350000381469727,1852700,16.350000381469727
2018-05-17,16.889999389648438,16.290000915527344,16.360000610351562,16.850000381469727,1826300,16.850000381469727
2018-05-18,17.1299991607666,16.81999969482422,16.8799991607666,17.030000686645508,1447000,17.030000686645508
2018-05-21,17.299999237060547,16.989999771118164,17.15999984741211,17.15999984741211,1167100,17.15999984741211
2018-05-22,17.0,16.399999618530273,16.989999771118164,16.6200008392334,1593900,16.6200008392334
2018-05-23,17.15999984741211,16.530000686645508,16.56999969482422,17.010000228881836,1180900,17.010000228881836
2018-05-24,17.229999542236328,16.860000610351562,17.0,17.1299991607666,884000,17.1299991607666
2018-05-25,17.75,17.09000015258789,17.09000015258789,17.65999984741211,1381300,17.65999984741211
2018-05-29,17.770000457763672,17.40999984741211,17.479999542236328,17.579999923706055,845000,17.579999923706055
2018-05-30,17.860000610351562,17.56999969482422,17.729999542236328,17.6299991607666,1385400,17.6299991607666
2018-05-31,17.709999084472656,17.260000228881836,17.690000534057617,17.260000228881836,1095300,17.260000228881836
2018-06-01,17.510000228881836,17.260000228881836,17.43000030517578,17.290000915527344,1165600,17.290000915527344
2018-06-04,17.6200008392334,17.309999465942383,17.3799991607666,17.5,867500,17.5
2018-06-05,17.639999389648438,17.389999389648438,17.420000076293945,17.559999465942383,1101200,17.559999465942383
2018-06-06,18.030000686645508,17.209999084472656,17.549999237060547,17.920000076293945,2451300,17.920000076293945
2018-06-07,18.100000381469727,17.760000228881836,17.93000030517578,17.809999465942383,2215200,17.809999465942383
2018-06-08,18.440000534057617,17.75,17.770000457763672,18.270000457763672,3151700,18.270000457763672
2018-06-11,18.329999923706055,17.959999084472656,18.270000457763672,17.959999084472656,1365300,17.959999084472656
2018-06-12,18.479999542236328,17.950000762939453,18.0,18.469999313354492,1165900,18.469999313354492
2018-06-13,18.25,17.1299991607666,18.25,17.149999618530273,2420700,17.149999618530273
2018-06-14,17.229999542236328,16.579999923706055,17.149999618530273,17.110000610351562,1942900,17.110000610351562
2018-06-15,17.229999542236328,16.84000015258789,17.06999969482422,16.959999084472656,2422700,16.959999084472656
2018-06-18,17.1200008392334,16.610000610351562,16.8700008392334,16.760000228881836,1104600,16.760000228881836
2018-06-19,16.920000076293945,16.6200008392334,16.6200008392334,16.809999465942383,1288000,16.809999465942383
2018-06-20,17.020000457763672,16.299999237060547,16.84000015258789,16.860000610351562,1475100,16.860000610351562
2018-06-21,16.950000762939453,16.65999984741211,16.860000610351562,16.850000381469727,1088500,16.850000381469727
2018-06-22,17.0,16.5,16.90999984741211,16.889999389648438,2302300,16.889999389648438
2018-06-25,16.889999389648438,16.299999237060547,16.84000015258789,16.459999084472656,837800,16.459999084472656
2018-06-26,16.989999771118164,16.440000534057617,16.8799991607666,16.549999237060547,1427100,16.549999237060547
2018-06-27,16.600000381469727,16.18000030517578,16.56999969482422,16.200000762939453,631000,16.200000762939453
2018-06-28,16.31999969482422,15.970000267028809,16.059999465942383,16.18000030517578,944800,16.18000030517578
2018-06-29,16.579999923706055,16.309999465942383,16.40999984741211,16.360000610351562,1049200,16.360000610351562
2018-07-02,16.399999618530273,16.020000457763672,16.219999313354492,16.229999542236328,807400,16.229999542236328
2018-07-03,16.520000457763672,16.200000762939453,16.31999969482422,16.459999084472656,612200,16.459999084472656
2018-07-05,16.600000381469727,16.3799991607666,16.600000381469727,16.56999969482422,770400,16.56999969482422
2018-07-06,16.81999969482422,16.459999084472656,16.600000381469727,16.68000030517578,741500,16.68000030517578
2018-07-09,17.010000228881836,16.770000457763672,16.850000381469727,16.899999618530273,808600,16.899999618530273
2018-07-10,17.200000762939453,16.68000030517578,16.979999542236328,16.81999969482422,1401900,16.81999969482422
2018-07-11,16.920000076293945,16.65999984741211,16.700000762939453,16.799999237060547,887300,16.799999237060547
2018-07-12,17.0,16.5,16.93000030517578,16.899999618530273,820200,16.899999618530273
2018-07-13,17.049999237060547,16.780000686645508,16.93000030517578,16.799999237060547,942200,16.799999237060547
2018-07-16,17.0,16.579999923706055,16.780000686645508,16.920000076293945,651400,16.920000076293945
2018-07-17,17.450000762939453,16.940000534057617,16.940000534057617,17.399999618530273,903200,17.399999618530273
2018-07-18,17.270000457763672,16.670000076293945,17.190000534057617,17.149999618530273,1438900,17.149999618530273
2018-07-19,17.229999542236328,16.979999542236328,17.100000381469727,17.139999389648438,1066600,17.139999389648438
2018-07-20,17.18000030517578,16.530000686645508,17.18000030517578,16.6200008392334,1102300,16.6200008392334
2018-07-23,16.670000076293945,16.299999237060547,16.610000610351562,16.3700008392334,1180900,16.3700008392334
2018-07-24,16.440000534057617,15.819999694824219,16.34000015258789,15.9399995803833,1199100,15.9399995803833
2018-07-25,15.90999984741211,15.319999694824219,15.90999984741211,15.699999809265137,2096100,15.699999809265137
2018-07-26,15.880000114440918,15.279999732971191,15.699999809265137,15.579999923706055,3415300,15.579999923706055
2018-07-27,15.75,14.25,15.6899995803833,14.380000114440918,5298800,14.380000114440918
2018-07-30,14.5600004196167,13.609999656677246,14.0,14.149999618530273,4113000,14.149999618530273
2018-07-31,14.449999809265137,13.899999618530273,14.220000267028809,14.170000076293945,3774300,14.170000076293945
2018-08-01,14.430000305175781,14.09000015258789,14.180000305175781,14.260000228881836,2925100,14.260000228881836
2018-08-02,14.380000114440918,14.149999618530273,14.149999618530273,14.229999542236328,1749500,14.229999542236328
2018-08-03,14.420000076293945,14.079999923706055,14.229999542236328,14.130000114440918,1747200,14.130000114440918
2018-08-06,14.279999732971191,13.90999984741211,14.069999694824219,14.050000190734863,2017900,14.050000190734863
2018-08-07,14.609999656677246,14.100000381469727,14.100000381469727,14.5,2452300,14.5
2018-08-08,14.630000114440918,14.319999694824219,14.489999771118164,14.4399995803833,1685700,14.4399995803833
2018-08-09,14.550000190734863,14.270000457763672,14.34000015258789,14.420000076293945,1242700,14.420000076293945
2018-08-10,14.390000343322754,13.890000343322754,14.329999923706055,14.25,3245200,14.25
2018-08-13,14.239999771118164,13.680000305175781,14.239999771118164,13.699999809265137,2569000,13.699999809265137
2018-08-14,14.020000457763672,13.630000114440918,13.739999771118164,13.930000305175781,2022000,13.930000305175781
2018-08-15,14.010000228881836,13.760000228881836,13.84000015258789,13.869999885559082,2035700,13.869999885559082
2018-08-16,14.210000038146973,13.899999618530273,13.960000038146973,13.979999542236328,1202000,13.979999542236328
2018-08-17,14.130000114440918,13.890000343322754,13.970000267028809,14.079999923706055,2045100,14.079999923706055
2018-08-20,14.369999885559082,14.069999694824219,14.109999656677246,14.239999771118164,1581200,14.239999771118164
2018-08-21,14.960000038146973,14.449999809265137,14.59000015258789,14.90999984741211,2709700,14.90999984741211
2018-08-22,15.010000228881836,14.670000076293945,14.829999923706055,14.699999809265137,1583400,14.699999809265137
2018-08-23,14.699999809265137,14.380000114440918,14.680000305175781,14.5,1568700,14.5
2018-08-24,14.550000190734863,14.34000015258789,14.470000267028809,14.520000457763672,1117900,14.520000457763672
2018-08-27,14.84000015258789,14.470000267028809,14.520000457763672,14.84000015258789,1980200,14.84000015258789
2018-08-28,14.859999656677246,14.680000305175781,14.850000381469727,14.779999732971191,1056900,14.779999732971191
2018-08-29,14.770000457763672,14.399999618530273,14.770000457763672,14.420000076293945,2552600,14.420000076293945
2018-08-30,14.550000190734863,14.279999732971191,14.359999656677246,14.40999984741211,1812800,14.40999984741211
2018-08-31,14.5,14.25,14.420000076293945,14.489999771118164,1322600,14.489999771118164
2018-09-04,14.529999732971191,14.25,14.4399995803833,14.449999809265137,1718600,14.449999809265137
2018-09-05,14.550000190734863,14.289999961853027,14.460000038146973,14.380000114440918,2521100,14.380000114440918
2018-09-06,14.739999771118164,14.170000076293945,14.449999809265137,14.220000267028809,2644500,14.220000267028809
2018-09-07,14.109999656677246,13.869999885559082,14.100000381469727,14.069999694824219,2049100,14.069999694824219
2018-09-10,14.220000267028809,14.0,14.109999656677246,14.100000381469727,1165200,14.100000381469727
2018-09-11,14.399999618530273,14.0,14.050000190734863,14.229999542236328,1464500,14.229999542236328
2018-09-12,14.399999618530273,14.15999984741211,14.229999542236328,14.350000381469727,1617500,14.350000381469727
2018-09-13,14.359999656677246,13.739999771118164,14.329999923706055,14.270000457763672,2964500,14.270000457763672
2018-09-14,14.420000076293945,13.960000038146973,14.25,14.390000343322754,1390300,14.390000343322754
2018-09-17,14.4399995803833,13.720000267028809,14.300000190734863,13.729999542236328,2040600,13.729999542236328
2018-09-18,14.0600004196167,13.699999809265137,13.739999771118164,13.84000015258789,1690200,13.84000015258789
2018-09-19,14.039999961853027,13.760000228881836,13.8100004196167,13.890000343322754,2400800,13.890000343322754
2018-09-20,13.779999732971191,13.029999732971191,13.779999732971191,13.380000114440918,5199300,13.380000114440918
2018-09-21,13.350000381469727,12.979999542236328,13.329999923706055,13.260000228881836,3723100,13.260000228881836
2018-09-24,13.359999656677246,13.140000343322754,13.149999618530273,13.220000267028809,1896900,13.220000267028809
2018-09-25,13.479999542236328,13.199999809265137,13.25,13.380000114440918,1969000,13.380000114440918
2018-09-26,13.59000015258789,12.729999542236328,13.449999809265137,12.739999771118164,3361500,12.739999771118164
2018-09-27,12.739999771118164,12.489999771118164,12.710000038146973,12.609999656677246,2415700,12.609999656677246
2018-09-28,12.869999885559082,12.390000343322754,12.579999923706055,12.399999618530273,2886700,12.399999618530273
2018-10-01,12.489999771118164,11.880000114440918,12.149999618530273,12.279999732971191,3727500,12.279999732971191
2018-10-02,12.680000305175781,12.270000457763672,12.289999961853027,12.619999885559082,2594100,12.619999885559082
2018-10-03,12.819999694824219,12.149999618530273,12.6899995803833,12.260000228881836,3660900,12.260000228881836
2018-10-04,12.3100004196167,11.930000305175781,12.180000305175781,12.079999923706055,3601500,12.079999923706055
2018-10-05,12.229999542236328,11.760000228881836,12.079999923706055,12.199999809265137,2633200,12.199999809265137
2018-10-08,12.460000038146973,12.15999984741211,12.15999984741211,12.329999923706055,1607700,12.329999923706055
2018-10-09,12.40999984741211,11.960000038146973,12.300000190734863,11.989999771118164,2040000,11.989999771118164
2018-10-10,12.149999618530273,11.779999732971191,11.930000305175781,11.800000190734863,2018300,11.800000190734863
2018-10-11,11.819999694824219,11.5,11.729999542236328,11.569999694824219,2738400,11.569999694824219
2018-10-12,11.779999732971191,11.1899995803833,11.779999732971191,11.350000381469727,2254700,11.350000381469727
2018-10-15,11.489999771118164,11.25,11.300000190734863,11.399999618530273,1085800,11.399999618530273
2018-10-16,11.859999656677246,11.329999923706055,11.520000457763672,11.8100004196167,1472600,11.8100004196167
2018-10-17,11.6899995803833,11.399999618530273,11.680000305175781,11.579999923706055,1593200,11.579999923706055
2018-10-18,11.6899995803833,11.229999542236328,11.270000457763672,11.25,2463800,11.25
2018-10-19,11.390000343322754,10.989999771118164,11.279999732971191,11.180000305175781,3456100,11.180000305175781
2018-10-22,11.170000076293945,10.5600004196167,11.170000076293945,10.6899995803833,3736700,10.6899995803833
2018-10-23,11.279999732971191,10.550000190734863,10.579999923706055,10.960000038146973,4167200,10.960000038146973
2018-10-24,11.449999809265137,10.970000267028809,11.010000228881836,11.15999984741211,3640200,11.15999984741211
2018-10-25,11.399999618530273,11.0,11.329999923706055,11.029999732971191,3976800,11.029999732971191
2018-10-26,11.850000381469727,10.84000015258789,10.899999618530273,11.510000228881836,3673800,11.510000228881836
2018-10-29,11.670000076293945,10.800000190734863,11.640000343322754,10.869999885559082,2731300,10.869999885559082
2018-10-30,11.779999732971191,10.579999923706055,10.800000190734863,11.720000267028809,4548800,11.720000267028809
2018-10-31,11.960000038146973,11.430000305175781,11.859999656677246,11.899999618530273,4322600,11.899999618530273
2018-11-01,12.369999885559082,11.789999961853027,12.020000457763672,12.34000015258789,5246400,12.34000015258789
2018-11-02,12.710000038146973,11.869999885559082,12.40999984741211,12.579999923706055,9408500,12.579999923706055
2018-11-05,12.970000267028809,12.430000305175781,12.510000228881836,12.949999809265137,3094800,12.949999809265137
2018-11-06,13.109999656677246,12.619999885559082,12.949999809265137,12.949999809265137,3914900,12.949999809265137
2018-11-07,13.100000381469727,12.220000267028809,13.020000457763672,12.479999542236328,3018500,12.479999542236328
2018-11-08,12.539999961853027,11.729999542236328,12.109999656677246,12.149999618530273,2497200,12.149999618530273
2018-11-09,12.260000228881836,11.850000381469727,12.119999885559082,11.920000076293945,2137900,11.920000076293945
2018-11-12,12.100000381469727,11.75,11.84000015258789,11.880000114440918,1277600,11.880000114440918
2018-11-13,12.359999656677246,11.970000267028809,11.970000267028809,12.180000305175781,1840500,12.180000305175781
2018-11-14,12.479999542236328,11.970000267028809,12.300000190734863,12.079999923706055,1811500,12.079999923706055
2018-11-15,11.84000015258789,11.270000457763672,11.619999885559082,11.65999984741211,2972400,11.65999984741211
2018-11-16,12.15999984741211,11.550000190734863,11.550000190734863,12.039999961853027,2505900,12.039999961853027
2018-11-19,12.239999771118164,11.739999771118164,12.039999961853027,12.100000381469727,2254700,12.100000381469727
2018-11-20,12.399999618530273,11.90999984741211,11.979999542236328,12.229999542236328,2461300,12.229999542236328
2018-11-21,12.430000305175781,12.109999656677246,12.350000381469727,12.279999732971191,3001400,12.279999732971191
2018-11-23,12.529999732971191,12.170000076293945,12.229999542236328,12.380000114440918,553600,12.380000114440918
2018-11-26,12.640000343322754,12.319999694824219,12.470000267028809,12.4399995803833,2287600,12.4399995803833
2018-11-27,12.649999618530273,12.300000190734863,12.369999885559082,12.579999923706055,1416300,12.579999923706055
2018-11-28,12.84000015258789,11.949999809265137,12.579999923706055,12.8100004196167,1664700,12.8100004196167
2018-11-29,12.930000305175781,12.680000305175781,12.739999771118164,12.75,929000,12.75
2018-11-30,12.829999923706055,12.40999984741211,12.739999771118164,12.479999542236328,1796100,12.479999542236328
2018-12-03,12.710000038146973,12.1899995803833,12.640000343322754,12.550000190734863,1923100,12.550000190734863
2018-12-04,12.5,11.800000190734863,12.34000015258789,11.90999984741211,2107800,11.90999984741211
2018-12-06,12.430000305175781,11.649999618530273,11.779999732971191,12.390000343322754,2446000,12.390000343322754
2018-12-07,12.65999984741211,12.130000114440918,12.380000114440918,12.15999984741211,1692200,12.15999984741211
2018-12-10,12.390000343322754,11.479999542236328,12.149999618530273,11.5,2261200,11.5
2018-12-11,11.789999961853027,11.390000343322754,11.649999618530273,11.399999618530273,1638900,11.399999618530273
2018-12-12,11.869999885559082,11.390000343322754,11.550000190734863,11.710000038146973,1434000,11.710000038146973
2018-12-13,11.8100004196167,11.380000114440918,11.710000038146973,11.380000114440918,1410400,11.380000114440918
2018-12-14,11.579999923706055,11.170000076293945,11.25,11.220000267028809,1283400,11.220000267028809
2018-12-17,11.640000343322754,11.15999984741211,11.170000076293945,11.4399995803833,1889700,11.4399995803833
2018-12-18,11.949999809265137,11.470000267028809,11.630000114440918,11.65999984741211,2013200,11.65999984741211
2018-12-19,12.199999809265137,11.579999923706055,11.6899995803833,11.59000015258789,2392100,11.59000015258789
2018-12-20,11.8100004196167,11.380000114440918,11.5600004196167,11.479999542236328,2054700,11.479999542236328
2018-12-21,11.479999542236328,10.819999694824219,11.3100004196167,10.829999923706055,6313200,10.829999923706055
2018-12-24,10.869999885559082,10.550000190734863,10.789999961853027,10.579999923706055,702000,10.579999923706055
2018-12-26,11.079999923706055,10.369999885559082,10.649999618530273,11.069999694824219,1285600,11.069999694824219
2018-12-27,11.25,10.5,10.890000343322754,11.0,2632400,11.0
2018-12-28,11.329999923706055,10.899999618530273,11.010000228881836,11.069999694824219,1634000,11.069999694824219
2018-12-31,11.220000267028809,10.670000076293945,11.100000381469727,10.930000305175781,1259000,10.930000305175781
2019-01-02,11.479999542236328,10.670000076293945,10.789999961853027,11.359999656677246,1569100,11.359999656677246
2019-01-03,11.65999984741211,11.09000015258789,11.279999732971191,11.350000381469727,1041500,11.350000381469727
2019-01-04,11.899999618530273,11.390000343322754,11.449999809265137,11.770000457763672,1849100,11.770000457763672
2019-01-07,12.25,11.609999656677246,11.8100004196167,12.0600004196167,2862000,12.0600004196167
2019-01-08,12.319999694824219,11.960000038146973,12.180000305175781,12.149999618530273,1727800,12.149999618530273
2019-01-09,12.710000038146973,11.979999542236328,12.229999542236328,12.600000381469727,2391700,12.600000381469727
2019-01-10,12.800000190734863,12.369999885559082,12.619999885559082,12.640000343322754,1360200,12.640000343322754
2019-01-11,12.859999656677246,12.539999961853027,12.539999961853027,12.630000114440918,880000,12.630000114440918
2019-01-14,12.739999771118164,12.460000038146973,12.670000076293945,12.569999694824219,2113800,12.569999694824219
2019-01-15,12.680000305175781,12.449999809265137,12.609999656677246,12.609999656677246,1707000,12.609999656677246
2019-01-16,12.729999542236328,12.489999771118164,12.619999885559082,12.529999732971191,1335800,12.529999732971191
2019-01-17,12.670000076293945,12.399999618530273,12.479999542236328,12.569999694824219,1366800,12.569999694824219
2019-01-18,12.680000305175781,12.449999809265137,12.600000381469727,12.539999961853027,1300400,12.539999961853027
2019-01-22,12.579999923706055,12.010000228881836,12.489999771118164,12.069999694824219,1469900,12.069999694824219
2019-01-23,12.329999923706055,11.989999771118164,12.149999618530273,12.239999771118164,1384200,12.239999771118164
2019-01-24,12.479999542236328,12.260000228881836,12.289999961853027,12.390000343322754,1961900,12.390000343322754
2019-01-25,12.850000381469727,12.1899995803833,12.489999771118164,12.34000015258789,2669500,12.34000015258789
2019-01-28,12.5,12.180000305175781,12.25,12.260000228881836,2027200,12.260000228881836
2019-01-29,12.529999732971191,11.84000015258789,12.130000114440918,12.449999809265137,1713100,12.449999809265137
2019-01-30,12.770000457763672,12.270000457763672,12.510000228881836,12.760000228881836,3052200,12.760000228881836
2019-01-31,13.479999542236328,12.649999618530273,12.819999694824219,13.449999809265137,2151000,13.449999809265137
2019-02-01,13.670000076293945,13.34000015258789,13.5,13.520000457763672,1165900,13.520000457763672
2019-02-04,13.520000457763672,13.3100004196167,13.520000457763672,13.4399995803833,738000,13.4399995803833
2019-02-05,13.5600004196167,13.289999961853027,13.359999656677246,13.319999694824219,1373800,13.319999694824219
2019-02-06,13.449999809265137,12.949999809265137,13.300000190734863,12.960000038146973,911300,12.960000038146973
2019-02-07,13.029999732971191,12.729999542236328,12.880000114440918,12.970000267028809,1640700,12.970000267028809
2019-02-08,13.010000228881836,12.65999984741211,12.899999618530273,12.789999961853027,1027700,12.789999961853027
2019-02-11,12.9399995803833,12.6899995803833,12.84000015258789,12.729999542236328,1175400,12.729999542236328
2019-02-12,13.59000015258789,12.819999694824219,12.880000114440918,13.399999618530273,3204700,13.399999618530273
2019-02-13,13.4399995803833,13.0,13.390000343322754,13.199999809265137,1382000,13.199999809265137
2019-02-14,13.279999732971191,12.930000305175781,13.109999656677246,13.079999923706055,1496100,13.079999923706055
2019-02-15,13.289999961853027,13.0,13.149999618530273,13.09000015258789,1662800,13.09000015258789
2019-02-19,13.350000381469727,13.020000457763672,13.0600004196167,13.170000076293945,1109000,13.170000076293945
2019-02-20,13.270000457763672,12.979999542236328,13.1899995803833,13.109999656677246,1064900,13.109999656677246
2019-02-21,13.239999771118164,12.970000267028809,13.010000228881836,13.220000267028809,1026000,13.220000267028809
2019-02-22,13.470000267028809,13.1899995803833,13.300000190734863,13.430000305175781,1255500,13.430000305175781
2019-02-25,13.5600004196167,13.220000267028809,13.510000228881836,13.220000267028809,1833700,13.220000267028809
2019-02-26,13.539999961853027,12.710000038146973,12.770000457763672,13.050000190734863,3274200,13.050000190734863
2019-02-27,13.1899995803833,12.779999732971191,13.039999961853027,13.0,2690000,13.0
2019-02-28,12.75,12.5,12.670000076293945,12.600000381469727,2035100,12.600000381469727
2019-03-01,12.859999656677246,12.34000015258789,12.710000038146973,12.529999732971191,1682000,12.529999732971191
2019-03-04,12.9399995803833,12.5600004196167,12.5600004196167,12.880000114440918,1541500,12.880000114440918
2019-03-05,12.930000305175781,12.430000305175781,12.930000305175781,12.4399995803833,1065800,12.4399995803833
2019-03-06,12.550000190734863,12.260000228881836,12.40999984741211,12.260000228881836,1366000,12.260000228881836
2019-03-07,12.6899995803833,12.300000190734863,12.3100004196167,12.680000305175781,1147000,12.680000305175781
2019-03-08,12.979999542236328,12.520000457763672,12.640000343322754,12.859999656677246,1644000,12.859999656677246
2019-03-11,13.359999656677246,12.869999885559082,12.869999885559082,13.220000267028809,1964900,13.220000267028809
2019-03-12,13.260000228881836,12.979999542236328,13.25,13.029999732971191,1318000,13.029999732971191
2019-03-13,13.119999885559082,12.829999923706055,13.069999694824219,12.859999656677246,1336400,12.859999656677246
2019-03-14,12.9399995803833,12.710000038146973,12.859999656677246,12.850000381469727,675500,12.850000381469727
2019-03-15,13.140000343322754,12.789999961853027,12.930000305175781,12.800000190734863,2458200,12.800000190734863
2019-03-18,12.90999984741211,12.649999618530273,12.75,12.880000114440918,1030300,12.880000114440918
2019-03-19,13.020000457763672,12.399999618530273,12.930000305175781,12.460000038146973,995600,12.460000038146973
2019-03-20,12.630000114440918,11.949999809265137,12.40999984741211,12.270000457763672,1304700,12.270000457763672
2019-03-21,12.6899995803833,12.260000228881836,12.260000228881836,12.460000038146973,1232000,12.460000038146973
2019-03-22,12.600000381469727,12.1899995803833,12.390000343322754,12.380000114440918,1227700,12.380000114440918
2019-03-25,12.819999694824219,12.3100004196167,12.329999923706055,12.720000267028809,870100,12.720000267028809
2019-03-26,12.829999923706055,12.59000015258789,12.8100004196167,12.8100004196167,1033500,12.8100004196167
2019-03-27,13.380000114440918,12.819999694824219,13.020000457763672,13.220000267028809,2044100,13.220000267028809
2019-03-28,13.3100004196167,12.869999885559082,13.260000228881836,13.0,1044300,13.0
2019-03-29,13.25,12.619999885559082,13.0600004196167,12.640000343322754,1708700,12.640000343322754
2019-04-01,12.869999885559082,12.510000228881836,12.699999809265137,12.850000381469727,1132700,12.850000381469727
2019-04-02,12.890000343322754,12.510000228881836,12.819999694824219,12.710000038146973,970100,12.710000038146973
2019-04-03,13.0600004196167,12.680000305175781,12.859999656677246,12.880000114440918,848600,12.880000114440918
2019-04-04,13.420000076293945,12.829999923706055,12.90999984741211,13.40999984741211,1061300,13.40999984741211
2019-04-05,13.850000381469727,13.4399995803833,13.489999771118164,13.789999961853027,1578800,13.789999961853027
2019-04-08,13.899999618530273,13.630000114440918,13.710000038146973,13.789999961853027,968300,13.789999961853027
2019-04-09,13.84000015258789,13.59000015258789,13.760000228881836,13.619999885559082,1106800,13.619999885559082
2019-04-10,13.8100004196167,13.579999923706055,13.6899995803833,13.789999961853027,839000,13.789999961853027
2019-04-11,14.149999618530273,13.739999771118164,13.770000457763672,13.880000114440918,1874900,13.880000114440918
2019-04-12,13.989999771118164,13.6899995803833,13.9399995803833,13.869999885559082,1480700,13.869999885559082
2019-04-15,14.0,13.6899995803833,13.960000038146973,13.84000015258789,795600,13.84000015258789
2019-04-16,14.020000457763672,13.779999732971191,13.920000076293945,14.020000457763672,811200,14.020000457763672
2019-04-17,14.109999656677246,13.84000015258789,13.90999984741211,13.989999771118164,1265700,13.989999771118164
2019-04-18,14.279999732971191,13.930000305175781,13.989999771118164,14.229999542236328,1059900,14.229999542236328
2019-04-22,14.279999732971191,13.890000343322754,14.279999732971191,13.9399995803833,1576600,13.9399995803833
2019-04-23,14.199999809265137,13.890000343322754,14.050000190734863,14.15999984741211,2515200,14.15999984741211
2019-04-24,14.399999618530273,14.0600004196167,14.15999984741211,14.279999732971191,1495200,14.279999732971191
2019-04-25,14.029999732971191,13.09000015258789,13.829999923706055,13.1899995803833,2046200,13.1899995803833
2019-04-26,13.239999771118164,12.859999656677246,13.130000114440918,13.170000076293945,1861400,13.170000076293945
2019-04-29,13.140000343322754,12.710000038146973,13.140000343322754,12.779999732971191,3287000,12.779999732971191
2019-04-30,13.270000457763672,12.699999809265137,12.739999771118164,13.050000190734863,3151300,13.050000190734863
2019-05-01,13.609999656677246,12.979999542236328,12.979999542236328,13.170000076293945,1945000,13.170000076293945
2019-05-02,13.579999923706055,13.210000038146973,13.210000038146973,13.40999984741211,2152800,13.40999984741211
2019-05-03,13.819999694824219,13.369999885559082,13.479999542236328,13.739999771118164,1447000,13.739999771118164
2019-05-06,13.739999771118164,13.380000114440918,13.5600004196167,13.65999984741211,1003100,13.65999984741211
2019-05-07,13.680000305175781,13.210000038146973,13.579999923706055,13.319999694824219,1040800,13.319999694824219
2019-05-08,13.430000305175781,13.100000381469727,13.319999694824219,13.100000381469727,867200,13.100000381469727
2019-05-09,13.270000457763672,12.960000038146973,13.020000457763672,13.210000038146973,848100,13.210000038146973
2019-05-10,13.3100004196167,13.0,13.239999771118164,13.199999809265137,799000,13.199999809265137
2019-05-13,13.319999694824219,13.0,13.010000228881836,13.170000076293945,965200,13.170000076293945
2019-05-14,13.869999885559082,13.149999618530273,13.15999984741211,13.65999984741211,2222100,13.65999984741211
2019-05-15,13.90999984741211,13.539999961853027,13.579999923706055,13.850000381469727,1748900,13.850000381469727
2019-05-16,14.100000381469727,13.84000015258789,13.90999984741211,13.859999656677246,1102200,13.859999656677246
2019-05-17,13.880000114440918,13.569999694824219,13.729999542236328,13.600000381469727,823000,13.600000381469727
2019-05-20,13.930000305175781,13.050000190734863,13.569999694824219,13.119999885559082,968500,13.119999885559082
2019-05-21,13.380000114440918,13.0600004196167,13.140000343322754,13.359999656677246,675100,13.359999656677246
2019-05-22,13.3100004196167,12.930000305175781,12.989999771118164,13.140000343322754,1424600,13.140000343322754
2019-05-23,13.3100004196167,12.819999694824219,13.0600004196167,12.869999885559082,1655900,12.869999885559082
2019-05-24,13.1899995803833,12.949999809265137,12.970000267028809,13.1899995803833,838800,13.1899995803833
2019-05-28,13.220000267028809,12.84000015258789,13.220000267028809,12.850000381469727,1080900,12.850000381469727
2019-05-29,12.869999885559082,12.5,12.760000228881836,12.630000114440918,1402200,12.630000114440918
2019-05-30,12.8100004196167,12.4399995803833,12.640000343322754,12.619999885559082,2010600,12.619999885559082
2019-05-31,12.65999984741211,12.210000038146973,12.5,12.300000190734863,1273800,12.300000190734863
2019-06-03,12.460000038146973,12.079999923706055,12.319999694824219,12.369999885559082,2030900,12.369999885559082
2019-06-04,12.670000076293945,12.34000015258789,12.420000076293945,12.670000076293945,1904400,12.670000076293945
2019-06-05,12.880000114440918,12.460000038146973,12.710000038146973,12.649999618530273,1547500,12.649999618530273
2019-06-06,12.890000343322754,12.289999961853027,12.640000343322754,12.479999542236328,1235900,12.479999542236328
2019-06-07,12.779999732971191,12.449999809265137,12.550000190734863,12.640000343322754,1702100,12.640000343322754
2019-06-10,12.800000190734863,12.520000457763672,12.619999885559082,12.619999885559082,1034000,12.619999885559082
2019-06-11,12.729999542236328,12.34000015258789,12.729999542236328,12.579999923706055,1112800,12.579999923706055
2019-06-12,12.75,12.489999771118164,12.609999656677246,12.59000015258789,892700,12.59000015258789
2019-06-13,12.829999923706055,12.539999961853027,12.649999618530273,12.619999885559082,1152000,12.619999885559082
2019-06-14,12.770000457763672,12.539999961853027,12.600000381469727,12.609999656677246,1294200,12.609999656677246
2019-06-17,12.59000015258789,11.920000076293945,12.59000015258789,12.09000015258789,1800900,12.09000015258789
2019-06-18,12.399999618530273,12.010000228881836,12.149999618530273,12.130000114440918,1411100,12.130000114440918
2019-06-19,12.119999885559082,11.649999618530273,12.119999885559082,12.050000190734863,2736200,12.050000190734863
2019-06-20,12.329999923706055,12.0,12.140000343322754,12.3100004196167,2372500,12.3100004196167
2019-06-21,12.229999542236328,11.680000305175781,12.229999542236328,11.6899995803833,2576200,11.6899995803833
2019-06-24,11.9399995803833,11.5600004196167,11.699999809265137,11.800000190734863,1458900,11.800000190734863
2019-06-25,12.09000015258789,11.369999885559082,11.9399995803833,11.470000267028809,1554100,11.470000267028809
2019-06-26,11.59000015258789,11.300000190734863,11.479999542236328,11.300000190734863,1573700,11.300000190734863
2019-06-27,11.729999542236328,11.359999656677246,11.420000076293945,11.720000267028809,1341400,11.720000267028809
2019-06-28,12.130000114440918,11.710000038146973,11.710000038146973,11.970000267028809,2109800,11.970000267028809
2019-07-01,12.1899995803833,11.930000305175781,12.109999656677246,12.039999961853027,1095500,12.039999961853027
2019-07-02,12.329999923706055,12.039999961853027,12.039999961853027,12.319999694824219,1598300,12.319999694824219
2019-07-03,12.470000267028809,12.260000228881836,12.359999656677246,12.420000076293945,701400,12.420000076293945
2019-07-05,12.350000381469727,12.029999732971191,12.34000015258789,12.1899995803833,1154500,12.1899995803833
2019-07-08,12.260000228881836,12.0600004196167,12.180000305175781,12.229999542236328,2389800,12.229999542236328
2019-07-09,12.25,11.960000038146973,12.199999809265137,12.069999694824219,939300,12.069999694824219
2019-07-10,12.270000457763672,11.970000267028809,12.220000267028809,12.25,1499900,12.25
2019-07-11,12.319999694824219,12.010000228881836,12.25,12.260000228881836,910800,12.260000228881836
2019-07-12,12.649999618530273,12.319999694824219,12.329999923706055,12.579999923706055,799300,12.579999923706055
2019-07-15,12.699999809265137,12.329999923706055,12.640000343322754,12.420000076293945,2237300,12.420000076293945
2019-07-16,12.65999984741211,12.369999885559082,12.40999984741211,12.579999923706055,941900,12.579999923706055
2019-07-17,12.760000228881836,12.420000076293945,12.59000015258789,12.739999771118164,2329000,12.739999771118164
2019-07-18,12.850000381469727,12.59000015258789,12.75,12.649999618530273,1051900,12.649999618530273
2019-07-19,12.829999923706055,12.539999961853027,12.649999618530273,12.65999984741211,1381200,12.65999984741211
2019-07-22,12.760000228881836,12.569999694824219,12.699999809265137,12.600000381469727,1590100,12.600000381469727
2019-07-23,12.739999771118164,12.420000076293945,12.699999809265137,12.460000038146973,1378600,12.460000038146973
2019-07-24,12.84000015258789,12.40999984741211,12.470000267028809,12.819999694824219,2104400,12.819999694824219
2019-07-25,13.529999732971191,13.100000381469727,13.100000381469727,13.380000114440918,2473400,13.380000114440918
2019-07-26,13.680000305175781,13.329999923706055,13.510000228881836,13.59000015258789,2128100,13.59000015258789
2019-07-29,13.720000267028809,13.390000343322754,13.640000343322754,13.5600004196167,2189000,13.5600004196167
2019-07-30,13.979999542236328,13.430000305175781,13.510000228881836,13.979999542236328,1893300,13.979999542236328
2019-07-31,14.050000190734863,13.529999732971191,14.0,13.6899995803833,1932400,13.6899995803833
2019-08-01,14.050000190734863,13.59000015258789,13.75,13.680000305175781,2533800,13.680000305175781
2019-08-02,13.729999542236328,13.449999809265137,13.619999885559082,13.680000305175781,987900,13.680000305175781
2019-08-05,13.600000381469727,13.260000228881836,13.470000267028809,13.359999656677246,1784900,13.359999656677246
2019-08-06,13.550000190734863,13.289999961853027,13.40999984741211,13.460000038146973,1167200,13.460000038146973
2019-08-07,13.770000457763672,13.239999771118164,13.359999656677246,13.649999618530273,1231600,13.649999618530273
2019-08-08,13.869999885559082,13.720000267028809,13.75,13.779999732971191,1327300,13.779999732971191
2019-08-09,13.75,13.479999542236328,13.729999542236328,13.550000190734863,1331600,13.550000190734863
2019-08-12,13.520000457763672,13.319999694824219,13.460000038146973,13.5,749300,13.5
2019-08-13,13.8100004196167,13.470000267028809,13.470000267028809,13.670000076293945,820100,13.670000076293945
2019-08-14,13.630000114440918,13.4399995803833,13.5,13.510000228881836,1223300,13.510000228881836
2019-08-15,13.609999656677246,13.380000114440918,13.539999961853027,13.390000343322754,1010400,13.390000343322754
2019-08-16,13.710000038146973,13.420000076293945,13.430000305175781,13.569999694824219,1064100,13.569999694824219
2019-08-19,13.90999984741211,13.600000381469727,13.6899995803833,13.84000015258789,637900,13.84000015258789
2019-08-20,13.949999809265137,13.789999961853027,13.8100004196167,13.899999618530273,809200,13.899999618530273
2019-08-21,14.010000228881836,13.640000343322754,13.970000267028809,13.890000343322754,1177300,13.890000343322754
2019-08-22,14.0600004196167,13.65999984741211,13.920000076293945,13.960000038146973,762700,13.960000038146973
2019-08-23,14.09000015258789,13.640000343322754,13.890000343322754,13.65999984741211,1238800,13.65999984741211
2019-08-26,13.770000457763672,13.529999732971191,13.75,13.729999542236328,1432400,13.729999542236328
2019-08-27,13.890000343322754,13.649999618530273,13.850000381469727,13.65999984741211,1202300,13.65999984741211
2019-08-28,13.84000015258789,13.520000457763672,13.630000114440918,13.819999694824219,705900,13.819999694824219
2019-08-29,14.020000457763672,13.75,13.9399995803833,13.920000076293945,713000,13.920000076293945
2019-08-30,14.09000015258789,13.899999618530273,14.0,14.0,1436300,14.0
2019-09-03,14.0600004196167,13.880000114440918,13.899999618530273,13.949999809265137,1199100,13.949999809265137
2019-09-04,14.1899995803833,13.979999542236328,14.069999694824219,14.079999923706055,770300,14.079999923706055
2019-09-05,14.3100004196167,13.850000381469727,14.239999771118164,13.899999618530273,1478500,13.899999618530273
2019-09-06,14.0,13.800000190734863,13.899999618530273,13.850000381469727,1805200,13.850000381469727
2019-09-09,14.079999923706055,13.84000015258789,13.930000305175781,13.880000114440918,1486200,13.880000114440918
2019-09-10,14.239999771118164,13.729999542236328,13.869999885559082,14.239999771118164,3692100,14.239999771118164
2019-09-11,14.680000305175781,14.1899995803833,14.289999961853027,14.649999618530273,1475800,14.649999618530273
2019-09-12,14.9399995803833,14.710000038146973,14.800000190734863,14.859999656677246,1777800,14.859999656677246
2019-09-13,15.069999694824219,14.609999656677246,14.970000267028809,14.729999542236328,1219800,14.729999542236328
2019-09-16,14.779999732971191,14.4399995803833,14.640000343322754,14.470000267028809,1911200,14.470000267028809
2019-09-17,14.920000076293945,14.460000038146973,14.600000381469727,14.869999885559082,1674000,14.869999885559082
2019-09-18,15.180000305175781,14.699999809265137,14.899999618530273,15.0600004196167,3695300,15.0600004196167
2019-09-19,15.170000076293945,14.930000305175781,15.140000343322754,14.9399995803833,1789000,14.9399995803833
2019-09-20,15.010000228881836,14.779999732971191,14.949999809265137,14.869999885559082,1986600,14.869999885559082
2019-09-23,15.109999656677246,14.8100004196167,14.850000381469727,14.899999618530273,2608900,14.899999618530273
2019-09-24,15.069999694824219,14.699999809265137,14.9399995803833,14.75,2290100,14.75
2019-09-25,14.880000114440918,14.649999618530273,14.8100004196167,14.829999923706055,1600100,14.829999923706055
2019-09-26,14.960000038146973,14.699999809265137,14.899999618530273,14.850000381469727,1570500,14.850000381469727
2019-09-27,14.979999542236328,14.789999961853027,14.890000343322754,14.84000015258789,1709300,14.84000015258789
2019-09-30,15.09000015258789,14.789999961853027,14.850000381469727,15.039999961853027,1572700,15.039999961853027
2019-10-01,15.140000343322754,14.75,15.069999694824219,14.819999694824219,1698600,14.819999694824219
2019-10-02,14.859999656677246,14.34000015258789,14.800000190734863,14.5,2273300,14.5
2019-10-03,14.710000038146973,14.359999656677246,14.510000228881836,14.59000015258789,1244100,14.59000015258789
2019-10-04,14.890000343322754,14.529999732971191,14.5600004196167,14.890000343322754,2187000,14.890000343322754
2019-10-07,14.869999885559082,14.59000015258789,14.829999923706055,14.609999656677246,1197800,14.609999656677246
2019-10-08,14.579999923706055,14.300000190734863,14.5,14.399999618530273,1490200,14.399999618530273
2019-10-09,14.539999961853027,14.220000267028809,14.539999961853027,14.359999656677246,1469900,14.359999656677246
2019-10-10,14.489999771118164,14.3100004196167,14.399999618530273,14.399999618530273,1752000,14.399999618530273
2019-10-11,14.670000076293945,14.40999984741211,14.579999923706055,14.420000076293945,1164800,14.420000076293945
2019-10-14,14.550000190734863,14.329999923706055,14.380000114440918,14.479999542236328,973400,14.479999542236328
2019-10-15,15.210000038146973,14.819999694824219,14.819999694824219,15.1899995803833,2962700,15.1899995803833
2019-10-16,15.510000228881836,15.140000343322754,15.1899995803833,15.489999771118164,1608300,15.489999771118164
2019-10-17,15.90999984741211,15.550000190734863,15.550000190734863,15.829999923706055,2342900,15.829999923706055
2019-10-18,16.09000015258789,15.699999809265137,15.779999732971191,16.049999237060547,1839300,16.049999237060547
2019-10-21,16.329999923706055,16.020000457763672,16.170000076293945,16.030000686645508,1601900,16.030000686645508
2019-10-22,16.18000030517578,15.869999885559082,16.079999923706055,15.970000267028809,3453400,15.970000267028809
2019-10-23,16.239999771118164,15.789999961853027,16.110000610351562,16.1200008392334,2981500,16.1200008392334
2019-10-24,16.139999389648438,15.869999885559082,16.139999389648438,16.06999969482422,1437200,16.06999969482422
2019-10-25,16.139999389648438,15.960000038146973,16.030000686645508,16.020000457763672,1278500,16.020000457763672
2019-10-28,16.06999969482422,15.649999618530273,16.0,15.680000305175781,1661500,15.680000305175781
2019-10-29,15.850000381469727,15.5,15.630000114440918,15.550000190734863,2278300,15.550000190734863
2019-10-30,15.59000015258789,15.15999984741211,15.510000228881836,15.569999694824219,3103200,15.569999694824219
2019-10-31,16.329999923706055,15.699999809265137,15.960000038146973,15.739999771118164,3969600,15.739999771118164
2019-11-01,15.949999809265137,15.6899995803833,15.84000015258789,15.84000015258789,2995000,15.84000015258789
2019-11-04,15.920000076293945,15.640000343322754,15.890000343322754,15.739999771118164,3968600,15.739999771118164
2019-11-05,15.819999694824219,15.279999732971191,15.720000267028809,15.399999618530273,1602300,15.399999618530273
2019-11-06,15.640000343322754,15.260000228881836,15.479999542236328,15.630000114440918,2625800,15.630000114440918
2019-11-07,15.829999923706055,14.989999771118164,15.729999542236328,15.069999694824219,2786200,15.069999694824219
2019-11-08,15.069999694824219,14.899999618530273,15.010000228881836,15.029999732971191,1251200,15.029999732971191
2019-11-11,15.1899995803833,14.979999542236328,15.0,15.140000343322754,1588100,15.140000343322754
2019-11-12,15.329999923706055,14.869999885559082,15.229999542236328,15.1899995803833,2374200,15.1899995803833
2019-11-13,15.640000343322754,15.149999618530273,15.149999618530273,15.619999885559082,1819100,15.619999885559082
2019-11-14,15.609999656677246,15.319999694824219,15.420000076293945,15.539999961853027,1323300,15.539999961853027
2019-11-15,15.529999732971191,15.300000190734863,15.529999732971191,15.34000015258789,1445000,15.34000015258789
2019-11-18,15.550000190734863,15.1899995803833,15.380000114440918,15.319999694824219,5560200,15.319999694824219
2019-11-19,15.4399995803833,15.170000076293945,15.359999656677246,15.180000305175781,1944800,15.180000305175781
2019-11-20,15.350000381469727,15.09000015258789,15.220000267028809,15.270000457763672,1993500,15.270000457763672
2019-11-21,15.34000015258789,15.180000305175781,15.329999923706055,15.210000038146973,1470500,15.210000038146973
2019-11-22,15.300000190734863,15.109999656677246,15.239999771118164,15.109999656677246,1300300,15.109999656677246
2019-11-25,15.420000076293945,15.199999809265137,15.270000457763672,15.329999923706055,1539100,15.329999923706055
2019-11-26,15.609999656677246,15.270000457763672,15.270000457763672,15.609999656677246,2181200,15.609999656677246
2019-11-27,15.829999923706055,15.579999923706055,15.6899995803833,15.600000381469727,1273500,15.600000381469727
2019-11-29,15.720000267028809,15.539999961853027,15.539999961853027,15.579999923706055,720900,15.579999923706055
2019-12-02,15.640000343322754,15.1899995803833,15.550000190734863,15.199999809265137,1821800,15.199999809265137
2019-12-03,15.329999923706055,15.020000457763672,15.109999656677246,15.329999923706055,2001800,15.329999923706055
2019-12-04,15.479999542236328,15.149999618530273,15.369999885559082,15.350000381469727,1234200,15.350000381469727
2019-12-05,15.59000015258789,15.3100004196167,15.3100004196167,15.5,1714100,15.5
2019-12-06,15.75,15.460000038146973,15.579999923706055,15.649999618530273,1732400,15.649999618530273
2019-12-09,15.819999694824219,15.649999618530273,15.649999618530273,15.75,1065900,15.75
2019-12-10,15.859999656677246,15.619999885559082,15.710000038146973,15.829999923706055,2992400,15.829999923706055
2019-12-11,16.020000457763672,15.84000015258789,15.859999656677246,15.970000267028809,2111300,15.970000267028809
2019-12-12,16.030000686645508,15.6899995803833,15.979999542236328,15.699999809265137,1777500,15.699999809265137
2019-12-13,15.829999923706055,15.569999694824219,15.600000381469727,15.710000038146973,1419600,15.710000038146973
2019-12-16,15.829999923706055,15.449999809265137,15.75,15.460000038146973,1589400,15.460000038146973
2019-12-17,15.720000267028809,15.390000343322754,15.520000457763672,15.449999809265137,2859100,15.449999809265137
2019-12-18,15.649999618530273,15.449999809265137,15.510000228881836,15.529999732971191,2361300,15.529999732971191
2019-12-19,15.630000114440918,15.229999542236328,15.529999732971191,15.319999694824219,2607900,15.319999694824219
2019-12-20,15.779999732971191,15.4399995803833,15.479999542236328,15.770000457763672,4120400,15.770000457763672
2019-12-23,15.880000114440918,15.489999771118164,15.760000228881836,15.550000190734863,1116900,15.550000190734863
2019-12-24,15.720000267028809,15.550000190734863,15.569999694824219,15.680000305175781,367000,15.680000305175781
2019-12-26,15.779999732971191,15.510000228881836,15.720000267028809,15.579999923706055,478100,15.579999923706055
2019-12-27,15.710000038146973,15.550000190734863,15.680000305175781,15.640000343322754,591200,15.640000343322754
2019-12-30,15.720000267028809,15.460000038146973,15.600000381469727,15.569999694824219,856400,15.569999694824219
2019-12-31,15.710000038146973,15.489999771118164,15.489999771118164,15.579999923706055,1146200,15.579999923706055
2020-01-02,15.699999809265137,15.479999542236328,15.699999809265137,15.680000305175781,1282200,15.680000305175781
2020-01-03,15.779999732971191,15.470000267028809,15.550000190734863,15.609999656677246,1036900,15.609999656677246
2020-01-06,15.880000114440918,15.520000457763672,15.59000015258789,15.8100004196167,1001700,15.8100004196167
2020-01-07,15.829999923706055,15.600000381469727,15.829999923706055,15.670000076293945,835800,15.670000076293945
2020-01-08,16.100000381469727,15.729999542236328,15.829999923706055,15.75,2241000,15.75
2020-01-09,15.890000343322754,15.5600004196167,15.8100004196167,15.710000038146973,1579700,15.710000038146973
2020-01-10,15.779999732971191,15.550000190734863,15.640000343322754,15.640000343322754,1967000,15.640000343322754
2020-01-13,15.729999542236328,15.59000015258789,15.609999656677246,15.619999885559082,1297600,15.619999885559082
2020-01-14,15.869999885559082,15.550000190734863,15.579999923706055,15.779999732971191,1297600,15.779999732971191
2020-01-15,16.260000228881836,15.720000267028809,15.779999732971191,16.25,1333900,16.25
2020-01-16,16.469999313354492,16.290000915527344,16.350000381469727,16.450000762939453,1208800,16.450000762939453
2020-01-17,16.530000686645508,16.290000915527344,16.530000686645508,16.299999237060547,868900,16.299999237060547
2020-01-21,16.530000686645508,16.200000762939453,16.299999237060547,16.520000457763672,1829800,16.520000457763672
2020-01-22,16.719999313354492,16.350000381469727,16.6200008392334,16.469999313354492,2209200,16.469999313354492
2020-01-23,16.829999923706055,16.40999984741211,16.459999084472656,16.639999389648438,2469700,16.639999389648438
2020-01-24,16.770000457763672,16.260000228881836,16.65999984741211,16.329999923706055,2146200,16.329999923706055
2020-01-27,16.510000228881836,16.149999618530273,16.18000030517578,16.290000915527344,1979800,16.290000915527344
2020-01-28,16.790000915527344,16.40999984741211,16.469999313354492,16.68000030517578,2515700,16.68000030517578
2020-01-29,16.75,16.459999084472656,16.68000030517578,16.579999923706055,2090700,16.579999923706055
2020-01-30,16.760000228881836,16.40999984741211,16.540000915527344,16.600000381469727,1223800,16.600000381469727
2020-01-31,16.579999923706055,16.200000762939453,16.540000915527344,16.260000228881836,2314500,16.260000228881836
2020-02-03,16.530000686645508,16.290000915527344,16.299999237060547,16.459999084472656,1544800,16.459999084472656
2020-02-04,16.59000015258789,16.239999771118164,16.559999465942383,16.239999771118164,1268400,16.239999771118164
2020-02-05,16.8700008392334,16.239999771118164,16.309999465942383,16.8700008392334,1254800,16.8700008392334
2020-02-06,16.989999771118164,16.719999313354492,16.889999389648438,16.850000381469727,853000,16.850000381469727
2020-02-07,16.969999313354492,16.760000228881836,16.850000381469727,16.8799991607666,1074800,16.8799991607666
2020-02-10,17.079999923706055,16.899999618530273,16.899999618530273,17.040000915527344,1206900,17.040000915527344
2020-02-11,17.350000381469727,17.020000457763672,17.100000381469727,17.290000915527344,1247200,17.290000915527344
2020-02-12,17.360000610351562,17.149999618530273,17.360000610351562,17.329999923706055,1289500,17.329999923706055
2020-02-13,17.459999084472656,17.209999084472656,17.260000228881836,17.420000076293945,985600,17.420000076293945
2020-02-14,17.510000228881836,17.270000457763672,17.43000030517578,17.5,822300,17.5
2020-02-18,17.6200008392334,17.229999542236328,17.530000686645508,17.229999542236328,1976300,17.229999542236328
2020-02-19,18.479999542236328,17.610000610351562,17.700000762939453,18.040000915527344,4914300,18.040000915527344
2020-02-20,18.40999984741211,17.979999542236328,18.1200008392334,18.389999389648438,6151500,18.389999389648438
2020-02-21,18.6299991607666,18.190000534057617,18.420000076293945,18.3700008392334,3358400,18.3700008392334
2020-02-24,18.079999923706055,17.700000762939453,17.809999465942383,17.90999984741211,2751300,17.90999984741211
2020-02-25,17.969999313354492,16.93000030517578,17.90999984741211,16.940000534057617,3055500,16.940000534057617
2020-02-26,17.149999618530273,16.420000076293945,16.81999969482422,16.459999084472656,3280700,16.459999084472656
2020-02-27,16.6299991607666,15.829999923706055,16.1200008392334,15.899999618530273,4003900,15.899999618530273
2020-02-28,15.5600004196167,14.989999771118164,15.399999618530273,15.329999923706055,6067300,15.329999923706055
2020-03-02,15.789999961853027,15.069999694824219,15.449999809265137,15.779999732971191,4089400,15.779999732971191
2020-03-03,16.139999389648438,15.510000228881836,15.819999694824219,15.84000015258789,4312400,15.84000015258789
2020-03-04,16.6299991607666,16.059999465942383,16.15999984741211,16.56999969482422,2526000,16.56999969482422
2020-03-05,16.350000381469727,15.8100004196167,16.18000030517578,15.90999984741211,3993100,15.90999984741211
2020-03-06,15.460000038146973,14.890000343322754,15.40999984741211,15.369999885559082,3292500,15.369999885559082
2020-03-09,14.739999771118164,13.789999961853027,14.279999732971191,14.130000114440918,3256500,14.130000114440918
2020-03-10,14.569999694824219,13.550000190734863,14.529999732971191,14.5,2991900,14.5
2020-03-11,14.329999923706055,13.529999732971191,14.020000457763672,13.630000114440918,3656800,13.630000114440918
2020-03-12,12.649999618530273,11.109999656677246,12.649999618530273,11.34000015258789,3041800,11.34000015258789
2020-03-13,12.359999656677246,11.010000228881836,12.100000381469727,11.960000038146973,4245500,11.960000038146973
2020-03-16,10.40999984741211,8.850000381469727,10.40999984741211,8.989999771118164,2694200,8.989999771118164
2020-03-17,9.1899995803833,7.369999885559082,8.989999771118164,7.889999866485596,4401000,7.889999866485596
2020-03-18,7.550000190734863,6.119999885559082,7.269999980926514,6.139999866485596,2717600,6.139999866485596
2020-03-19,7.260000228881836,5.889999866485596,6.159999847412109,6.940000057220459,4009600,6.940000057220459
2020-03-20,7.429999828338623,6.570000171661377,7.039999961853027,6.96999979019165,6078300,6.96999979019165
2020-03-23,7.389999866485596,6.559999942779541,7.150000095367432,6.710000038146973,3991800,6.710000038146973
2020-03-24,8.529999732971191,7.210000038146973,7.210000038146973,8.529999732971191,5289600,8.529999732971191
2020-03-25,9.970000267028809,8.489999771118164,8.789999961853027,9.710000038146973,3196100,9.710000038146973
2020-03-26,10.329999923706055,9.289999961853027,9.779999732971191,9.760000228881836,3327300,9.760000228881836
2020-03-27,9.630000114440918,9.0,9.3100004196167,9.210000038146973,2114800,9.210000038146973
2020-03-30,9.270000457763672,8.779999732971191,9.109999656677246,9.029999732971191,1914400,9.029999732971191
2020-03-31,9.239999771118164,8.65999984741211,8.979999542236328,8.770000457763672,2261700,8.770000457763672
2020-04-01,8.34000015258789,7.840000152587891,8.220000267028809,7.869999885559082,1870400,7.869999885559082
2020-04-02,8.1899995803833,7.349999904632568,7.510000228881836,7.630000114440918,1892400,7.630000114440918
2020-04-03,7.739999771118164,7.309999942779541,7.639999866485596,7.590000152587891,1769400,7.590000152587891
2020-04-06,9.680000305175781,8.109999656677246,8.149999618530273,9.449999809265137,3860800,9.449999809265137
2020-04-07,11.069999694824219,9.329999923706055,10.3100004196167,9.5,3205200,9.5
2020-04-08,10.819999694824219,9.579999923706055,9.819999694824219,10.680000305175781,3209100,10.680000305175781
2020-04-09,11.829999923706055,10.75,11.220000267028809,11.0600004196167,2342700,11.0600004196167
2020-04-13,11.119999885559082,10.010000228881836,10.930000305175781,10.180000305175781,2167000,10.180000305175781
2020-04-14,10.789999961853027,10.239999771118164,10.520000457763672,10.430000305175781,1913500,10.430000305175781
2020-04-15,9.930000305175781,9.630000114440918,9.859999656677246,9.699999809265137,1582900,9.699999809265137
2020-04-16,9.800000190734863,9.350000381469727,9.619999885559082,9.670000076293945,1998300,9.670000076293945
2020-04-17,10.680000305175781,10.039999961853027,10.300000190734863,10.279999732971191,1900500,10.279999732971191
2020-04-20,10.300000190734863,9.680000305175781,10.0,9.829999923706055,2141100,9.829999923706055
2020-04-21,9.779999732971191,9.229999542236328,9.3100004196167,9.579999923706055,1858600,9.579999923706055
2020-04-22,9.850000381469727,9.4399995803833,9.829999923706055,9.609999656677246,2583600,9.609999656677246
2020-04-23,10.0,9.489999771118164,9.649999618530273,9.649999618530273,1701100,9.649999618530273
2020-04-24,10.760000228881836,10.0,10.449999809265137,10.25,3159500,10.25
2020-04-27,10.6899995803833,10.229999542236328,10.420000076293945,10.619999885559082,2409500,10.619999885559082
2020-04-28,11.390000343322754,10.899999618530273,11.149999618530273,11.350000381469727,2282800,11.350000381469727
2020-04-29,12.350000381469727,11.770000457763672,11.899999618530273,12.199999809265137,2278500,12.199999809265137
2020-04-30,12.140000343322754,11.359999656677246,11.930000305175781,11.479999542236328,1576400,11.479999542236328
2020-05-01,11.109999656677246,10.65999984741211,11.020000457763672,10.949999809265137,1295500,10.949999809265137
2020-05-04,11.109999656677246,10.5,10.720000267028809,11.010000228881836,1877500,11.010000228881836
2020-05-05,11.630000114440918,11.109999656677246,11.229999542236328,11.220000267028809,1695100,11.220000267028809
2020-05-06,11.4399995803833,10.90999984741211,11.229999542236328,11.220000267028809,1234800,11.220000267028809
2020-05-07,11.59000015258789,11.270000457763672,11.40999984741211,11.489999771118164,1482300,11.489999771118164
2020-05-08,12.180000305175781,11.59000015258789,11.850000381469727,12.050000190734863,1634300,12.050000190734863
2020-05-11,12.420000076293945,11.59000015258789,11.720000267028809,12.229999542236328,2327100,12.229999542236328
2020-05-12,12.289999961853027,11.220000267028809,12.260000228881836,11.220000267028809,2182700,11.220000267028809
2020-05-13,11.09000015258789,10.5,11.069999694824219,10.729999542236328,1751500,10.729999542236328
2020-05-14,10.960000038146973,10.029999732971191,10.34000015258789,10.949999809265137,1105900,10.949999809265137
2020-05-15,11.40999984741211,10.680000305175781,10.850000381469727,11.239999771118164,1671800,11.239999771118164
2020-05-18,12.65999984741211,12.050000190734863,12.109999656677246,12.489999771118164,1918700,12.489999771118164
2020-05-19,12.930000305175781,12.069999694824219,12.279999732971191,12.529999732971191,1848800,12.529999732971191
2020-05-20,13.0600004196167,12.579999923706055,12.920000076293945,12.819999694824219,1573100,12.819999694824219
2020-05-21,13.460000038146973,12.770000457763672,12.770000457763672,13.25,1497500,13.25
2020-05-22,13.710000038146973,13.109999656677246,13.319999694824219,13.65999984741211,897000,13.65999984741211
2020-05-26,14.649999618530273,14.130000114440918,14.520000457763672,14.180000305175781,1711200,14.180000305175781
2020-05-27,15.449999809265137,14.350000381469727,14.720000267028809,15.390000343322754,2589500,15.390000343322754
2020-05-28,15.829999923706055,14.350000381469727,15.710000038146973,14.449999809265137,1905000,14.449999809265137
2020-05-29,14.859999656677246,14.109999656677246,14.229999542236328,14.319999694824219,2370400,14.319999694824219
2020-06-01,14.779999732971191,14.100000381469727,14.430000305175781,14.260000228881836,1462500,14.260000228881836
2020-06-02,14.930000305175781,14.479999542236328,14.619999885559082,14.670000076293945,1517000,14.670000076293945
2020-06-03,15.529999732971191,14.890000343322754,15.0,15.390000343322754,1523600,15.390000343322754
2020-06-04,15.6899995803833,14.770000457763672,15.1899995803833,14.859999656677246,1178200,14.859999656677246
2020-06-05,15.850000381469727,15.119999885559082,15.850000381469727,15.489999771118164,1641000,15.489999771118164
2020-06-08,16.489999771118164,15.489999771118164,15.8100004196167,15.569999694824219,2138500,15.569999694824219
2020-06-09,15.600000381469727,14.989999771118164,15.229999542236328,15.220000267028809,1365600,15.220000267028809
2020-06-10,15.380000114440918,14.529999732971191,15.220000267028809,15.069999694824219,1480000,15.069999694824219
2020-06-11,14.289999961853027,12.979999542236328,14.09000015258789,12.989999771118164,2218100,12.989999771118164
2020-06-12,13.84000015258789,13.079999923706055,13.739999771118164,13.75,1741400,13.75
2020-06-15,14.390000343322754,12.920000076293945,13.010000228881836,14.34000015258789,1803900,14.34000015258789
2020-06-16,15.180000305175781,14.270000457763672,15.100000381469727,14.859999656677246,1713700,14.859999656677246
2020-06-17,14.989999771118164,14.319999694824219,14.890000343322754,14.449999809265137,1431300,14.449999809265137
2020-06-18,14.5,14.039999961853027,14.170000076293945,14.109999656677246,2143600,14.109999656677246
2020-06-19,14.5,13.65999984741211,14.460000038146973,13.899999618530273,4858300,13.899999618530273
2020-06-22,14.140000343322754,13.470000267028809,13.720000267028809,14.079999923706055,1658100,14.079999923706055
2020-06-23,14.369999885559082,13.970000267028809,14.210000038146973,14.25,1880600,14.25
2020-06-24,14.050000190734863,13.170000076293945,13.960000038146973,13.520000457763672,1937900,13.520000457763672
2020-06-25,13.4399995803833,12.930000305175781,13.039999961853027,13.34000015258789,2239100,13.34000015258789
2020-06-26,13.300000190734863,12.829999923706055,13.170000076293945,13.300000190734863,3652300,13.300000190734863
2020-06-29,14.3100004196167,13.149999618530273,13.399999618530273,14.15999984741211,1551800,14.15999984741211
2020-06-30,14.770000457763672,13.960000038146973,14.010000228881836,14.6899995803833,1834800,14.6899995803833
2020-07-01,14.800000190734863,14.050000190734863,14.699999809265137,14.0600004196167,1219700,14.0600004196167
2020-07-02,14.619999885559082,13.789999961853027,14.529999732971191,14.010000228881836,1416100,14.010000228881836
2020-07-06,14.529999732971191,14.119999885559082,14.470000267028809,14.40999984741211,919200,14.40999984741211
2020-07-07,14.789999961853027,14.039999961853027,14.199999809265137,14.520000457763672,1727000,14.520000457763672
2020-07-08,15.5,14.420000076293945,14.579999923706055,15.479999542236328,2229900,15.479999542236328
2020-07-09,15.550000190734863,14.529999732971191,15.550000190734863,14.600000381469727,1721900,14.600000381469727
2020-07-10,15.229999542236328,14.600000381469727,14.75,15.100000381469727,834700,15.100000381469727
2020-07-13,15.319999694824219,14.5,15.319999694824219,14.510000228881836,1277000,14.510000228881836
2020-07-14,15.5,14.40999984741211,14.5,15.479999542236328,2112100,15.479999542236328
2020-07-15,16.0,15.420000076293945,15.989999771118164,15.789999961853027,1156900,15.789999961853027
2020-07-16,16.260000228881836,15.529999732971191,15.710000038146973,16.1200008392334,1550400,16.1200008392334
2020-07-17,16.75,16.200000762939453,16.299999237060547,16.3700008392334,2206700,16.3700008392334
2020-07-20,16.40999984741211,16.030000686645508,16.239999771118164,16.229999542236328,1499200,16.229999542236328
2020-07-21,16.530000686645508,16.09000015258789,16.40999984741211,16.450000762939453,932900,16.450000762939453
2020-07-22,17.200000762939453,16.34000015258789,16.3799991607666,17.149999618530273,2215300,17.149999618530273
2020-07-23,17.989999771118164,16.84000015258789,17.84000015258789,17.049999237060547,2553000,17.049999237060547
2020-07-24,17.59000015258789,15.65999984741211,17.190000534057617,16.290000915527344,3128800,16.290000915527344
2020-07-27,17.719999313354492,16.520000457763672,16.760000228881836,17.719999313354492,2962300,17.719999313354492
2020-07-28,18.06999969482422,16.75,17.790000915527344,16.790000915527344,2411500,16.790000915527344
2020-07-29,17.139999389648438,16.780000686645508,16.90999984741211,17.079999923706055,1688500,17.079999923706055
2020-07-30,17.040000915527344,16.520000457763672,16.68000030517578,16.8700008392334,1596400,16.8700008392334
2020-07-31,16.969999313354492,16.520000457763672,16.860000610351562,16.719999313354492,1783200,16.719999313354492
2020-08-03,17.469999313354492,16.850000381469727,16.850000381469727,17.239999771118164,1565800,17.239999771118164
2020-08-04,17.25,16.90999984741211,17.09000015258789,16.93000030517578,1259700,16.93000030517578
2020-08-05,17.389999389648438,16.989999771118164,17.190000534057617,17.389999389648438,1286100,17.389999389648438
2020-08-06,17.549999237060547,16.969999313354492,17.43000030517578,17.0,996200,17.0
2020-08-07,17.18000030517578,16.65999984741211,16.920000076293945,17.15999984741211,2239900,17.15999984741211
2020-08-10,18.049999237060547,17.190000534057617,17.309999465942383,17.510000228881836,1167300,17.510000228881836
2020-08-11,17.899999618530273,17.0,17.770000457763672,17.020000457763672,1101100,17.020000457763672
2020-08-12,17.40999984741211,17.040000915527344,17.290000915527344,17.389999389648438,1619700,17.389999389648438
2020-08-13,17.690000534057617,17.09000015258789,17.209999084472656,17.520000457763672,764400,17.520000457763672
2020-08-14,17.40999984741211,17.139999389648438,17.34000015258789,17.260000228881836,767600,17.260000228881836
2020-08-17,18.18000030517578,17.31999969482422,17.40999984741211,18.170000076293945,1145100,18.170000076293945
2020-08-18,18.540000915527344,17.989999771118164,18.270000457763672,18.049999237060547,1534000,18.049999237060547
2020-08-19,18.139999389648438,17.690000534057617,18.0,18.020000457763672,1077000,18.020000457763672
2020-08-20,18.18000030517578,17.600000381469727,17.700000762939453,17.84000015258789,1055400,17.84000015258789
2020-08-21,18.34000015258789,17.610000610351562,17.75,18.270000457763672,1618900,18.270000457763672
2020-08-24,18.469999313354492,17.989999771118164,18.399999618530273,18.350000381469727,1210400,18.350000381469727
2020-08-25,18.530000686645508,17.959999084472656,18.5,18.229999542236328,1225800,18.229999542236328
2020-08-26,18.350000381469727,17.850000381469727,18.290000915527344,17.860000610351562,1396900,17.860000610351562
2020-08-27,18.139999389648438,17.309999465942383,17.989999771118164,17.360000610351562,2051400,17.360000610351562
2020-08-28,17.65999984741211,17.270000457763672,17.469999313354492,17.329999923706055,1266200,17.329999923706055
2020-08-31,17.329999923706055,16.809999465942383,17.290000915527344,16.8799991607666,1651500,16.8799991607666
2020-09-01,17.81999969482422,16.56999969482422,16.770000457763672,17.81999969482422,1467100,17.81999969482422
2020-09-02,18.040000915527344,17.34000015258789,17.920000076293945,17.920000076293945,1102000,17.920000076293945
2020-09-03,18.030000686645508,16.940000534057617,17.950000762939453,17.049999237060547,1414700,17.049999237060547
2020-09-04,17.389999389648438,16.299999237060547,17.260000228881836,16.6299991607666,2134200,16.6299991607666
2020-09-08,17.1200008392334,16.31999969482422,16.31999969482422,16.790000915527344,1713100,16.790000915527344
2020-09-09,18.040000915527344,17.200000762939453,17.280000686645508,17.959999084472656,1563000,17.959999084472656
2020-09-10,18.200000762939453,17.520000457763672,18.010000228881836,17.549999237060547,1442600,17.549999237060547
2020-09-11,17.969999313354492,17.6200008392334,17.760000228881836,17.790000915527344,1202500,17.790000915527344
2020-09-14,18.049999237060547,17.649999618530273,18.049999237060547,17.770000457763672,1056000,17.770000457763672
2020-09-15,18.0,17.309999465942383,17.780000686645508,17.360000610351562,1251600,17.360000610351562
2020-09-16,18.15999984741211,17.389999389648438,17.649999618530273,17.809999465942383,2084200,17.809999465942383
2020-09-17,17.639999389648438,17.25,17.520000457763672,17.280000686645508,1512900,17.280000686645508
2020-09-18,17.579999923706055,17.040000915527344,17.40999984741211,17.290000915527344,2698700,17.290000915527344
2020-09-21,17.1299991607666,16.469999313354492,16.719999313354492,17.06999969482422,1421200,17.06999969482422
2020-09-22,17.68000030517578,17.030000686645508,17.15999984741211,17.670000076293945,1201100,17.670000076293945
2020-09-23,17.700000762939453,16.489999771118164,17.670000076293945,16.5,1630500,16.5
2020-09-24,17.31999969482422,16.3799991607666,16.579999923706055,16.940000534057617,1591500,16.940000534057617
2020-09-25,17.049999237060547,16.56999969482422,16.739999771118164,16.8700008392334,1981700,16.8700008392334
2020-09-28,17.790000915527344,17.1299991607666,17.31999969482422,17.739999771118164,998400,17.739999771118164
2020-09-29,17.889999389648438,17.270000457763672,17.790000915527344,17.469999313354492,1129000,17.469999313354492
2020-09-30,18.350000381469727,17.43000030517578,17.530000686645508,18.139999389648438,1572500,18.139999389648438
2020-10-01,18.579999923706055,18.170000076293945,18.329999923706055,18.559999465942383,1327100,18.559999465942383
2020-10-02,19.0,17.979999542236328,18.079999923706055,18.8700008392334,1102400,18.8700008392334
2020-10-05,19.25,18.209999084472656,19.010000228881836,18.670000076293945,1259800,18.670000076293945
2020-10-06,18.920000076293945,17.940000534057617,18.84000015258789,17.950000762939453,1274500,17.950000762939453
2020-10-07,18.639999389648438,18.0,18.299999237060547,18.190000534057617,1183700,18.190000534057617
2020-10-08,18.75,18.290000915527344,18.489999771118164,18.739999771118164,934600,18.739999771118164
2020-10-09,19.190000534057617,18.809999465942383,19.049999237060547,19.0,1053400,19.0
2020-10-12,19.209999084472656,18.719999313354492,19.059999465942383,19.139999389648438,834400,19.139999389648438
2020-10-13,19.139999389648438,18.450000762939453,18.850000381469727,18.920000076293945,1035400,18.920000076293945
2020-10-14,19.1200008392334,18.760000228881836,18.950000762939453,18.809999465942383,601900,18.809999465942383
2020-10-15,19.389999389648438,18.350000381469727,18.479999542236328,19.270000457763672,770000,19.270000457763672
2020-10-16,19.59000015258789,19.0,19.280000686645508,19.0,924300,19.0
2020-10-19,19.329999923706055,18.510000228881836,19.260000228881836,18.59000015258789,1829500,18.59000015258789
2020-10-20,19.290000915527344,18.579999923706055,18.700000762939453,18.81999969482422,1471500,18.81999969482422
2020-10-21,19.18000030517578,18.020000457763672,19.030000686645508,18.1200008392334,2089600,18.1200008392334
2020-10-22,18.3700008392334,16.6200008392334,18.309999465942383,16.790000915527344,3702600,16.790000915527344
2020-10-23,17.950000762939453,17.100000381469727,17.700000762939453,17.920000076293945,3577700,17.920000076293945
2020-10-26,17.729999542236328,17.010000228881836,17.549999237060547,17.1200008392334,2368800,17.1200008392334
2020-10-27,17.1200008392334,16.81999969482422,17.06999969482422,16.829999923706055,2433200,16.829999923706055
2020-10-28,17.239999771118164,16.229999542236328,16.389999389648438,16.920000076293945,2260100,16.920000076293945
2020-10-29,17.25,16.56999969482422,16.950000762939453,16.709999084472656,2742100,16.709999084472656
2020-10-30,16.899999618530273,16.18000030517578,16.549999237060547,16.43000030517578,2422700,16.43000030517578
2020-11-02,17.170000076293945,16.639999389648438,16.81999969482422,16.959999084472656,1631500,16.959999084472656
2020-11-03,17.469999313354492,16.639999389648438,17.31999969482422,16.969999313354492,1414100,16.969999313354492
2020-11-04,18.219999313354492,16.829999923706055,16.829999923706055,18.170000076293945,1704700,18.170000076293945
2020-11-05,18.479999542236328,17.899999618530273,18.360000610351562,17.940000534057617,1177000,17.940000534057617
2020-11-06,18.010000228881836,17.079999923706055,18.0,17.1200008392334,1192800,17.1200008392334
2020-11-09,18.15999984741211,16.139999389648438,17.969999313354492,16.15999984741211,2138900,16.15999984741211
2020-11-10,17.450000762939453,16.239999771118164,16.459999084472656,17.18000030517578,2584400,17.18000030517578
2020-11-11,17.75,16.799999237060547,17.670000076293945,17.459999084472656,1377100,17.459999084472656
2020-11-12,17.860000610351562,17.020000457763672,17.299999237060547,17.239999771118164,2133600,17.239999771118164
2020-11-13,17.899999618530273,17.209999084472656,17.420000076293945,17.6200008392334,1576700,17.6200008392334
2020-11-16,18.15999984741211,17.520000457763672,17.770000457763672,18.06999969482422,1896400,18.06999969482422
2020-11-17,18.399999618530273,17.739999771118164,17.90999984741211,18.100000381469727,2202300,18.100000381469727
2020-11-18,18.559999465942383,18.010000228881836,18.110000610351562,18.209999084472656,2390200,18.209999084472656
2020-11-19,18.479999542236328,18.030000686645508,18.290000915527344,18.149999618530273,2482200,18.149999618530273
2020-11-20,18.34000015258789,17.559999465942383,18.100000381469727,17.579999923706055,1553900,17.579999923706055
2020-11-23,18.450000762939453,17.5,17.65999984741211,18.399999618530273,1553600,18.399999618530273
2020-11-24,18.600000381469727,17.600000381469727,18.600000381469727,17.65999984741211,1439400,17.65999984741211
2020-11-25,17.959999084472656,17.389999389648438,17.770000457763672,17.809999465942383,1142900,17.809999465942383
2020-11-27,17.899999618530273,17.6200008392334,17.709999084472656,17.84000015258789,684000,17.84000015258789
2020-11-30,17.959999084472656,17.1299991607666,17.790000915527344,17.479999542236328,1850000,17.479999542236328
2020-12-01,17.760000228881836,17.139999389648438,17.709999084472656,17.170000076293945,1744100,17.170000076293945
2020-12-02,17.1299991607666,16.649999618530273,17.059999465942383,16.649999618530273,1614600,16.649999618530273
2020-12-03,17.459999084472656,16.670000076293945,16.760000228881836,17.34000015258789,1380800,17.34000015258789
2020-12-04,17.3700008392334,16.920000076293945,17.360000610351562,17.209999084472656,1184300,17.209999084472656
2020-12-07,17.579999923706055,16.829999923706055,17.149999618530273,17.520000457763672,1204600,17.520000457763672
2020-12-08,17.520000457763672,16.8799991607666,17.260000228881836,17.040000915527344,1717400,17.040000915527344
2020-12-09,17.239999771118164,16.829999923706055,17.059999465942383,16.90999984741211,1172700,16.90999984741211
2020-12-10,17.09000015258789,16.709999084472656,16.799999237060547,16.979999542236328,958800,16.979999542236328
2020-12-11,17.09000015258789,16.760000228881836,16.90999984741211,16.860000610351562,1236700,16.860000610351562
2020-12-14,17.170000076293945,16.799999237060547,17.059999465942383,16.809999465942383,1240700,16.809999465942383
2020-12-15,17.170000076293945,16.760000228881836,16.93000030517578,17.110000610351562,1686000,17.110000610351562
2020-12-16,17.299999237060547,16.90999984741211,17.25,17.09000015258789,1699100,17.09000015258789
2020-12-17,17.989999771118164,17.280000686645508,17.280000686645508,17.860000610351562,1705700,17.860000610351562
2020-12-18,17.989999771118164,17.479999542236328,17.959999084472656,17.6299991607666,3416400,17.6299991607666
2020-12-21,17.690000534057617,17.020000457763672,17.190000534057617,17.489999771118164,1719400,17.489999771118164
2020-12-22,17.780000686645508,17.360000610351562,17.420000076293945,17.719999313354492,1182200,17.719999313354492
2020-12-23,17.8799991607666,17.299999237060547,17.850000381469727,17.34000015258789,1331400,17.34000015258789
2020-12-24,17.850000381469727,17.139999389648438,17.329999923706055,17.809999465942383,608800,17.809999465942383
2020-12-28,17.950000762939453,17.479999542236328,17.950000762939453,17.5,1000800,17.5
2020-12-29,17.670000076293945,17.229999542236328,17.559999465942383,17.40999984741211,1122800,17.40999984741211
2020-12-30,17.829999923706055,17.40999984741211,17.40999984741211,17.540000915527344,796500,17.540000915527344
2020-12-31,17.59000015258789,17.229999542236328,17.5,17.25,1088900,17.25
2021-01-04,17.479999542236328,16.829999923706055,17.40999984741211,17.09000015258789,2219400,17.09000015258789
2021-01-05,17.280000686645508,16.850000381469727,16.899999618530273,17.010000228881836,1728500,17.010000228881836
2021-01-06,17.299999237060547,16.59000015258789,16.920000076293945,17.290000915527344,2550200,17.290000915527344
2021-01-07,19.020000457763672,17.280000686645508,17.280000686645508,18.979999542236328,3664400,18.979999542236328
2021-01-08,18.479999542236328,17.020000457763672,18.200000762939453,17.059999465942383,3490900,17.059999465942383
2021-01-11,17.5,16.770000457763672,16.899999618530273,17.280000686645508,1807400,17.280000686645508
2021-01-12,17.510000228881836,16.899999618530273,17.329999923706055,17.350000381469727,2234800,17.350000381469727
2021-01-13,18.079999923706055,17.450000762939453,17.579999923706055,17.469999313354492,1741400,17.469999313354492
2021-01-14,18.06999969482422,17.40999984741211,17.549999237060547,17.68000030517578,1589100,17.68000030517578
2021-01-15,18.110000610351562,17.40999984741211,17.469999313354492,17.760000228881836,1764700,17.760000228881836
2021-01-19,18.479999542236328,17.979999542236328,18.0,18.34000015258789,2743600,18.34000015258789
2021-01-20,20.90999984741211,18.3799991607666,18.59000015258789,20.6299991607666,4642500,20.6299991607666
2021-01-21,21.239999771118164,20.15999984741211,20.610000610351562,20.8799991607666,2873500,20.8799991607666
2021-01-22,21.350000381469727,20.40999984741211,20.920000076293945,21.329999923706055,2343300,21.329999923706055
2021-01-25,21.850000381469727,20.760000228881836,21.530000686645508,21.260000228881836,2231100,21.260000228881836
2021-01-26,21.739999771118164,20.6200008392334,21.43000030517578,20.950000762939453,1661300,20.950000762939453
2021-01-27,21.469999313354492,20.34000015258789,20.450000762939453,20.709999084472656,1725900,20.709999084472656
2021-01-28,20.899999618530273,20.209999084472656,20.649999618530273,20.639999389648438,1737500,20.639999389648438
2021-01-29,20.639999389648438,20.0,20.549999237060547,20.200000762939453,2108600,20.200000762939453
2021-02-01,20.510000228881836,19.610000610351562,20.440000534057617,20.399999618530273,1273900,20.399999618530273
2021-02-02,20.59000015258789,19.729999542236328,20.479999542236328,20.350000381469727,1262600,20.350000381469727
2021-02-03,20.739999771118164,20.18000030517578,20.360000610351562,20.360000610351562,785400,20.360000610351562
2021-02-04,20.65999984741211,20.030000686645508,20.360000610351562,20.420000076293945,1011900,20.420000076293945
2021-02-05,21.360000610351562,20.479999542236328,20.700000762939453,21.360000610351562,1196800,21.360000610351562
2021-02-08,22.09000015258789,21.290000915527344,21.5,22.059999465942383,1034400,22.059999465942383
2021-02-09,22.170000076293945,21.170000076293945,22.170000076293945,21.309999465942383,1682800,21.309999465942383
2021-02-10,21.829999923706055,20.940000534057617,21.520000457763672,21.489999771118164,1126500,21.489999771118164
2021-02-11,22.139999389648438,21.389999389648438,21.65999984741211,21.579999923706055,1760100,21.579999923706055
2021-02-12,21.59000015258789,21.09000015258789,21.3700008392334,21.190000534057617,1092100,21.190000534057617
2021-02-16,21.139999389648438,19.940000534057617,21.110000610351562,19.940000534057617,2140100,19.940000534057617
2021-02-17,19.989999771118164,19.209999084472656,19.760000228881836,19.5,1483500,19.5
2021-02-18,19.649999618530273,18.329999923706055,19.489999771118164,18.690000534057617,2512700,18.690000534057617
2021-02-19,19.18000030517578,18.729999542236328,18.75,18.8799991607666,1731600,18.8799991607666
2021-02-22,18.920000076293945,18.25,18.829999923706055,18.260000228881836,2192100,18.260000228881836
2021-02-23,19.059999465942383,17.84000015258789,18.059999465942383,19.010000228881836,2794500,19.010000228881836
2021-02-24,19.489999771118164,18.209999084472656,18.860000610351562,19.459999084472656,1448700,19.459999084472656
2021-02-25,19.360000610351562,18.440000534057617,19.299999237060547,18.530000686645508,2325100,18.530000686645508
2021-02-26,19.489999771118164,18.639999389648438,18.8700008392334,19.0,2145400,19.0
2021-03-01,19.579999923706055,19.049999237060547,19.440000534057617,19.149999618530273,1276700,19.149999618530273
2021-03-02,19.389999389648438,18.829999923706055,19.15999984741211,19.059999465942383,1597800,19.059999465942383
2021-03-03,19.190000534057617,18.299999237060547,19.059999465942383,18.670000076293945,1620100,18.670000076293945
2021-03-04,19.209999084472656,17.940000534057617,18.68000030517578,18.520000457763672,1988000,18.520000457763672
2021-03-05,19.709999084472656,18.34000015258789,18.75,19.709999084472656,2061700,19.709999084472656
2021-03-08,20.510000228881836,19.649999618530273,19.8700008392334,20.010000228881836,1414700,20.010000228881836
2021-03-09,20.56999969482422,19.889999389648438,20.34000015258789,19.959999084472656,997800,19.959999084472656
2021-03-10,20.600000381469727,19.899999618530273,20.059999465942383,20.309999465942383,1103900,20.309999465942383
2021-03-11,20.780000686645508,20.18000030517578,20.540000915527344,20.399999618530273,1127100,20.399999618530273
2021-03-12,20.190000534057617,19.68000030517578,20.059999465942383,20.079999923706055,1264900,20.079999923706055
2021-03-15,20.670000076293945,19.940000534057617,20.030000686645508,20.649999618530273,1048000,20.649999618530273
2021-03-16,20.979999542236328,19.93000030517578,20.790000915527344,19.940000534057617,1993300,19.940000534057617
2021-03-17,20.899999618530273,19.459999084472656,19.719999313354492,20.889999389648438,1682900,20.889999389648438
2021-03-18,20.719999313354492,19.450000762939453,20.549999237060547,19.56999969482422,1471900,19.56999969482422
2021-03-19,20.139999389648438,19.280000686645508,19.540000915527344,19.780000686645508,4515300,19.780000686645508
2021-03-22,20.18000030517578,19.549999237060547,20.030000686645508,20.06999969482422,1456900,20.06999969482422
2021-03-23,20.440000534057617,19.540000915527344,19.969999313354492,19.600000381469727,2356900,19.600000381469727
2021-03-24,20.239999771118164,19.239999771118164,19.809999465942383,19.239999771118164,1443500,19.239999771118164
2021-03-25,20.25,18.8700008392334,18.899999618530273,20.15999984741211,1366100,20.15999984741211
2021-03-26,21.059999465942383,20.149999618530273,20.360000610351562,20.8700008392334,1371900,20.8700008392334
2021-03-29,21.110000610351562,19.920000076293945,20.799999237060547,19.950000762939453,1191500,19.950000762939453
2021-03-30,20.700000762939453,19.700000762939453,19.860000610351562,20.520000457763672,837500,20.520000457763672
2021-03-31,20.719999313354492,20.329999923706055,20.670000076293945,20.360000610351562,1435400,20.360000610351562
2021-04-01,21.239999771118164,20.3799991607666,20.559999465942383,21.229999542236328,961300,21.229999542236328
2021-04-05,21.510000228881836,21.010000228881836,21.450000762939453,21.309999465942383,860900,21.309999465942383
2021-04-06,21.889999389648438,21.31999969482422,21.3799991607666,21.600000381469727,1109100,21.600000381469727
2021-04-07,21.899999618530273,21.290000915527344,21.670000076293945,21.399999618530273,1032000,21.399999618530273
2021-04-08,21.530000686645508,21.200000762939453,21.5,21.3799991607666,885700,21.3799991607666
2021-04-09,22.0,21.229999542236328,21.31999969482422,21.850000381469727,973700,21.850000381469727
2021-04-12,22.0,21.709999084472656,21.959999084472656,21.989999771118164,759000,21.989999771118164
2021-04-13,22.1200008392334,21.520000457763672,21.959999084472656,21.8799991607666,995900,21.8799991607666
2021-04-14,22.360000610351562,21.799999237060547,21.809999465942383,21.940000534057617,861100,21.940000534057617
2021-04-15,22.350000381469727,22.049999237060547,22.219999313354492,22.1200008392334,765300,22.1200008392334
2021-04-16,22.8700008392334,22.149999618530273,22.18000030517578,22.729999542236328,1043400,22.729999542236328
2021-04-19,22.850000381469727,22.440000534057617,22.850000381469727,22.829999923706055,1411000,22.829999923706055
2021-04-20,22.969999313354492,21.479999542236328,22.829999923706055,21.889999389648438,1303600,21.889999389648438
2021-04-21,22.579999923706055,21.81999969482422,21.90999984741211,22.360000610351562,1426500,22.360000610351562
2021-04-22,22.649999618530273,21.3700008392334,22.5,21.579999923706055,1593800,21.579999923706055
2021-04-23,22.8700008392334,21.780000686645508,22.020000457763672,22.739999771118164,1338600,22.739999771118164
2021-04-26,23.540000915527344,22.829999923706055,23.0,23.510000228881836,1147400,23.510000228881836
2021-04-27,24.219999313354492,23.709999084472656,23.899999618530273,23.84000015258789,1285300,23.84000015258789
2021-04-28,24.219999313354492,23.719999313354492,24.0,24.170000076293945,970500,24.170000076293945
2021-04-29,24.8700008392334,24.200000762939453,24.389999389648438,24.549999237060547,1165300,24.549999237060547
2021-04-30,24.360000610351562,23.780000686645508,24.290000915527344,23.81999969482422,1187600,23.81999969482422
2021-05-03,24.579999923706055,23.84000015258789,24.1200008392334,24.469999313354492,783200,24.469999313354492
2021-05-04,25.020000457763672,24.030000686645508,24.260000228881836,25.0,1361100,25.0
2021-05-05,25.190000534057617,24.5,25.190000534057617,24.739999771118164,801300,24.739999771118164
2021-05-06,25.030000686645508,24.450000762939453,24.969999313354492,25.020000457763672,1032100,25.020000457763672
2021-05-07,25.829999923706055,24.670000076293945,24.969999313354492,25.799999237060547,1163300,25.799999237060547
2021-05-10,26.350000381469727,25.469999313354492,25.760000228881836,25.510000228881836,937300,25.510000228881836
2021-05-11,25.010000228881836,24.350000381469727,25.010000228881836,24.700000762939453,1595900,24.700000762939453
2021-05-12,24.56999969482422,23.020000457763672,24.5,23.110000610351562,1579100,23.110000610351562
2021-05-13,24.5,23.190000534057617,23.290000915527344,24.280000686645508,1076900,24.280000686645508
2021-05-14,24.850000381469727,24.229999542236328,24.579999923706055,24.770000457763672,937600,24.770000457763672
2021-05-17,24.799999237060547,24.059999465942383,24.559999465942383,24.459999084472656,1678700,24.459999084472656
2021-05-18,24.56999969482422,23.799999237060547,24.489999771118164,23.81999969482422,1305200,23.81999969482422
2021-05-19,23.739999771118164,22.780000686645508,23.149999618530273,23.479999542236328,1012800,23.479999542236328
2021-05-20,23.739999771118164,23.219999313354492,23.479999542236328,23.5,840000,23.5
2021-05-21,24.040000915527344,23.219999313354492,23.780000686645508,23.229999542236328,585400,23.229999542236328
2021-05-24,23.6299991607666,23.25,23.479999542236328,23.290000915527344,858900,23.290000915527344
2021-05-25,24.030000686645508,23.229999542236328,23.399999618530273,23.360000610351562,1589800,23.360000610351562
2021-05-26,23.969999313354492,23.479999542236328,23.6200008392334,23.899999618530273,1155700,23.899999618530273
2021-05-27,24.170000076293945,23.700000762939453,24.139999389648438,23.959999084472656,903300,23.959999084472656
2021-05-28,24.219999313354492,23.780000686645508,24.139999389648438,24.1200008392334,735300,24.1200008392334
2021-06-01,24.43000030517578,23.670000076293945,24.31999969482422,23.969999313354492,904400,23.969999313354492
2021-06-02,24.1200008392334,23.3700008392334,24.1200008392334,23.559999465942383,1581800,23.559999465942383
2021-06-03,23.5,22.760000228881836,23.360000610351562,23.020000457763672,756300,23.020000457763672
2021-06-04,23.469999313354492,22.979999542236328,23.149999618530273,23.420000076293945,941600,23.420000076293945
2021-06-07,23.520000457763672,23.0,23.510000228881836,23.239999771118164,1071800,23.239999771118164
2021-06-08,23.510000228881836,23.18000030517578,23.469999313354492,23.3700008392334,734200,23.3700008392334
2021-06-09,23.450000762939453,22.469999313354492,23.43000030517578,22.59000015258789,878300,22.59000015258789
2021-06-10,22.559999465942383,21.670000076293945,22.559999465942383,21.719999313354492,1041100,21.719999313354492
2021-06-11,22.229999542236328,21.850000381469727,21.969999313354492,22.110000610351562,574000,22.110000610351562
2021-06-14,22.260000228881836,21.399999618530273,22.010000228881836,21.770000457763672,1240100,21.770000457763672
2021-06-15,22.350000381469727,21.780000686645508,21.899999618530273,22.110000610351562,1308200,22.110000610351562
2021-06-16,22.110000610351562,21.469999313354492,22.110000610351562,21.56999969482422,899100,21.56999969482422
2021-06-17,22.030000686645508,21.3799991607666,21.549999237060547,21.809999465942383,1071700,21.809999465942383
2021-06-18,22.1200008392334,21.489999771118164,21.549999237060547,21.56999969482422,1927400,21.56999969482422
2021-06-21,21.969999313354492,21.559999465942383,21.690000534057617,21.81999969482422,879200,21.81999969482422
2021-06-22,21.889999389648438,21.530000686645508,21.760000228881836,21.600000381469727,806100,21.600000381469727
2021-06-23,21.649999618530273,21.079999923706055,21.639999389648438,21.280000686645508,840400,21.280000686645508
2021-06-24,21.5,20.889999389648438,21.100000381469727,21.260000228881836,1451900,21.260000228881836
2021-06-25,21.40999984741211,21.079999923706055,21.309999465942383,21.079999923706055,3558200,21.079999923706055
2021-06-28,21.59000015258789,21.079999923706055,21.239999771118164,21.5,1113200,21.5
2021-06-29,21.829999923706055,21.350000381469727,21.450000762939453,21.3700008392334,1033900,21.3700008392334
2021-06-30,21.579999923706055,21.209999084472656,21.350000381469727,21.43000030517578,1268300,21.43000030517578
2021-07-01,22.290000915527344,21.489999771118164,21.489999771118164,22.200000762939453,2000400,22.200000762939453
2021-07-02,22.420000076293945,21.90999984741211,22.350000381469727,21.950000762939453,806300,21.950000762939453
2021-07-06,21.959999084472656,21.229999542236328,21.90999984741211,21.3700008392334,961000,21.3700008392334
2021-07-07,22.260000228881836,21.260000228881836,21.31999969482422,22.030000686645508,909100,22.030000686645508
2021-07-08,21.190000534057617,20.350000381469727,20.860000610351562,20.450000762939453,2419600,20.450000762939453
2021-07-09,21.06999969482422,20.709999084472656,20.760000228881836,20.790000915527344,1214700,20.790000915527344
2021-07-12,21.020000457763672,20.489999771118164,20.75,20.969999313354492,1095100,20.969999313354492
2021-07-13,20.700000762939453,19.850000381469727,20.700000762939453,19.93000030517578,1805600,19.93000030517578
2021-07-14,20.40999984741211,19.739999771118164,20.1299991607666,19.959999084472656,1092300,19.959999084472656
2021-07-15,19.959999084472656,19.479999542236328,19.729999542236328,19.75,895000,19.75
2021-07-16,20.020000457763672,19.329999923706055,19.81999969482422,19.3799991607666,1333900,19.3799991607666
2021-07-19,19.850000381469727,18.90999984741211,19.030000686645508,19.399999618530273,1664500,19.399999618530273
2021-07-20,20.440000534057617,19.440000534057617,19.56999969482422,20.360000610351562,1742100,20.360000610351562
2021-07-21,20.889999389648438,20.389999389648438,20.420000076293945,20.719999313354492,1197000,20.719999313354492
2021-07-22,21.579999923706055,20.209999084472656,21.309999465942383,21.3799991607666,2923700,21.3799991607666
2021-07-23,22.68000030517578,21.790000915527344,21.8799991607666,22.559999465942383,1952600,22.559999465942383
2021-07-26,22.8799991607666,22.239999771118164,22.690000534057617,22.639999389648438,1442800,22.639999389648438
2021-07-27,23.260000228881836,22.209999084472656,22.43000030517578,23.239999771118164,2141600,23.239999771118164
2021-07-28,23.43000030517578,23.020000457763672,23.219999313354492,23.1299991607666,1265900,23.1299991607666
2021-07-29,24.260000228881836,23.1200008392334,23.360000610351562,24.059999465942383,1525300,24.059999465942383
2021-07-30,24.5,23.860000610351562,23.860000610351562,24.1200008392334,1193700,24.1200008392334
2021-08-02,24.559999465942383,23.889999389648438,24.31999969482422,23.940000534057617,1011300,23.940000534057617
2021-08-03,24.559999465942383,23.75,24.1200008392334,24.549999237060547,1261500,24.549999237060547
2021-08-04,24.649999618530273,23.8799991607666,24.389999389648438,23.899999618530273,1052300,23.899999618530273
2021-08-05,24.190000534057617,23.610000610351562,24.030000686645508,23.739999771118164,1073800,23.739999771118164
2021-08-06,24.059999465942383,23.5,23.90999984741211,23.559999465942383,599100,23.559999465942383
2021-08-09,23.75,23.149999618530273,23.399999618530273,23.3700008392334,541400,23.3700008392334
2021-08-10,23.950000762939453,23.209999084472656,23.450000762939453,23.690000534057617,706700,23.690000534057617
2021-08-11,24.469999313354492,23.420000076293945,23.610000610351562,24.399999618530273,926900,24.399999618530273
2021-08-12,24.59000015258789,23.969999313354492,24.399999618530273,24.360000610351562,841900,24.360000610351562
2021-08-13,24.459999084472656,24.010000228881836,24.360000610351562,24.09000015258789,505900,24.09000015258789
2021-08-16,24.459999084472656,23.81999969482422,23.979999542236328,24.170000076293945,577800,24.170000076293945
2021-08-17,23.809999465942383,22.940000534057617,23.760000228881836,23.260000228881836,874800,23.260000228881836
2021-08-18,23.690000534057617,22.940000534057617,23.149999618530273,23.139999389648438,740900,23.139999389648438
2021-08-19,23.260000228881836,22.81999969482422,23.049999237060547,23.030000686645508,913500,23.030000686645508
2021-08-20,23.540000915527344,23.059999465942383,23.079999923706055,23.3799991607666,945700,23.3799991607666
2021-08-23,23.549999237060547,22.719999313354492,23.440000534057617,23.520000457763672,893500,23.520000457763672
2021-08-24,24.469999313354492,23.549999237060547,23.760000228881836,24.059999465942383,736300,24.059999465942383
2021-08-25,24.3799991607666,23.93000030517578,24.059999465942383,24.06999969482422,898900,24.06999969482422
2021-08-26,24.100000381469727,23.450000762939453,24.100000381469727,23.709999084472656,805100,23.709999084472656
2021-08-27,24.309999465942383,23.56999969482422,23.6299991607666,24.18000030517578,1138700,24.18000030517578
2021-08-30,24.34000015258789,23.809999465942383,24.270000457763672,24.049999237060547,710400,24.049999237060547
2021-08-31,24.139999389648438,23.600000381469727,23.989999771118164,23.770000457763672,1391100,23.770000457763672
2021-09-01,24.280000686645508,23.850000381469727,23.889999389648438,24.270000457763672,977800,24.270000457763672
2021-09-02,24.719999313354492,23.969999313354492,24.350000381469727,24.09000015258789,1664200,24.09000015258789
2021-09-03,24.100000381469727,23.290000915527344,23.950000762939453,23.639999389648438,885700,23.639999389648438
2021-09-07,23.75,23.270000457763672,23.399999618530273,23.530000686645508,1034700,23.530000686645508
2021-09-08,23.170000076293945,22.489999771118164,23.170000076293945,22.579999923706055,1119100,22.579999923706055
2021-09-09,22.600000381469727,22.040000915527344,22.510000228881836,22.190000534057617,1475000,22.190000534057617
2021-09-10,22.540000915527344,21.950000762939453,22.459999084472656,21.950000762939453,1170200,21.950000762939453
2021-09-13,22.15999984741211,21.420000076293945,22.15999984741211,22.139999389648438,1428400,22.139999389648438
2021-09-14,22.450000762939453,21.799999237060547,22.31999969482422,21.90999984741211,966300,21.90999984741211
2021-09-15,22.059999465942383,21.59000015258789,21.829999923706055,22.020000457763672,996400,22.020000457763672
2021-09-16,22.639999389648438,21.950000762939453,21.989999771118164,22.270000457763672,989600,22.270000457763672
2021-09-17,22.790000915527344,22.290000915527344,22.290000915527344,22.75,3837600,22.75
2021-09-20,22.360000610351562,21.399999618530273,22.139999389648438,21.719999313354492,1539000,21.719999313354492
2021-09-21,21.889999389648438,21.229999542236328,21.809999465942383,21.549999237060547,1210400,21.549999237060547
2021-09-22,22.219999313354492,21.690000534057617,21.850000381469727,21.700000762939453,1337700,21.700000762939453
2021-09-23,22.200000762939453,21.799999237060547,21.850000381469727,21.889999389648438,1223100,21.889999389648438
2021-09-24,21.989999771118164,21.479999542236328,21.719999313354492,21.75,1101400,21.75
2021-09-27,22.309999465942383,21.450000762939453,21.56999969482422,22.170000076293945,1154000,22.170000076293945
2021-09-28,22.190000534057617,21.530000686645508,22.049999237060547,21.610000610351562,1258700,21.610000610351562
2021-09-29,22.0,21.59000015258789,21.780000686645508,21.670000076293945,907400,21.670000076293945
2021-09-30,21.829999923706055,21.0,21.829999923706055,21.020000457763672,877700,21.020000457763672
2021-10-01,21.579999923706055,20.979999542236328,21.200000762939453,21.3799991607666,1259000,21.3799991607666
2021-10-04,21.979999542236328,21.309999465942383,21.34000015258789,21.920000076293945,1227100,21.920000076293945
2021-10-05,22.200000762939453,21.729999542236328,22.020000457763672,22.1299991607666,1427600,22.1299991607666
2021-10-06,22.3700008392334,21.81999969482422,21.950000762939453,22.100000381469727,1467900,22.100000381469727
2021-10-07,22.889999389648438,22.15999984741211,22.260000228881836,22.59000015258789,1088800,22.59000015258789
2021-10-08,22.81999969482422,22.440000534057617,22.670000076293945,22.6299991607666,1197100,22.6299991607666
2021-10-11,23.010000228881836,22.6299991607666,22.690000534057617,22.739999771118164,961100,22.739999771118164
2021-10-12,22.850000381469727,22.420000076293945,22.6299991607666,22.68000030517578,1200300,22.68000030517578
2021-10-13,23.049999237060547,22.639999389648438,22.700000762939453,23.010000228881836,874000,23.010000228881836
2021-10-14,23.59000015258789,23.09000015258789,23.209999084472656,23.540000915527344,1095400,23.540000915527344
2021-10-15,24.139999389648438,23.43000030517578,23.93000030517578,23.469999313354492,1213200,23.469999313354492
2021-10-18,24.1200008392334,23.270000457763672,23.309999465942383,23.979999542236328,1224000,23.979999542236328
2021-10-19,24.049999237060547,23.469999313354492,24.049999237060547,23.670000076293945,847700,23.670000076293945
2021-10-20,24.25,23.690000534057617,23.75,23.920000076293945,1230000,23.920000076293945
2021-10-21,24.729999542236328,23.5,23.81999969482422,23.93000030517578,1920800,23.93000030517578
2021-10-22,25.549999237060547,24.440000534057617,24.81999969482422,24.540000915527344,2375700,24.540000915527344
2021-10-25,24.889999389648438,24.389999389648438,24.510000228881836,24.600000381469727,1464700,24.600000381469727
