Date,High,Low,Open,Close,Volume,Adj Close
2014-10-02,39.43000030517578,34.4900016784668,36.0,37.720001220703125,16000600,37.720001220703125
2014-10-03,36.79999923706055,31.200000762939453,36.25,32.18000030517578,4069700,32.18000030517578
2014-10-06,33.290000915527344,32.0,32.33000183105469,32.79999923706055,802900,32.79999923706055
2014-10-07,34.54999923706055,32.689998626708984,33.0,32.81999969482422,937500,32.81999969482422
2014-10-08,32.95000076293945,30.649999618530273,32.81999969482422,31.049999237060547,1020200,31.049999237060547
2014-10-09,31.6200008392334,26.540000915527344,30.850000381469727,26.709999084472656,1775000,26.709999084472656
2014-10-10,27.280000686645508,24.25,26.940000534057617,25.8700008392334,1337900,25.8700008392334
2014-10-13,26.899999618530273,25.479999542236328,25.56999969482422,26.40999984741211,479100,26.40999984741211
2014-10-14,26.84000015258789,25.736000061035156,26.75,26.18000030517578,800900,26.18000030517578
2014-10-15,25.600000381469727,22.56100082397461,25.600000381469727,24.670000076293945,1361200,24.670000076293945
2014-10-16,24.600000381469727,23.270000457763672,23.959999084472656,23.889999389648438,620700,23.889999389648438
2014-10-17,28.8700008392334,24.0,24.389999389648438,26.8700008392334,801400,26.8700008392334
2014-10-20,30.290000915527344,26.799999237060547,27.450000762939453,30.020000457763672,683800,30.020000457763672
2014-10-21,32.150001525878906,29.610000610351562,30.350000381469727,30.889999389648438,941900,30.889999389648438
2014-10-22,30.341999053955078,27.149999618530273,30.329999923706055,27.899999618530273,952500,27.899999618530273
2014-10-23,28.235000610351562,25.7450008392334,28.049999237060547,26.010000228881836,946200,26.010000228881836
2014-10-24,26.280000686645508,23.899999618530273,26.059999465942383,25.15999984741211,1005900,25.15999984741211
2014-10-27,26.899999618530273,25.600000381469727,26.290000915527344,26.049999237060547,1538900,26.049999237060547
2014-10-28,26.399999618530273,25.270000457763672,26.299999237060547,25.690000534057617,378800,25.690000534057617
2014-10-29,26.860000610351562,25.0,26.6200008392334,25.059999465942383,341500,25.059999465942383
2014-10-30,25.829999923706055,23.780000686645508,24.850000381469727,24.399999618530273,758400,24.399999618530273
2014-10-31,25.43000030517578,24.549999237060547,24.920000076293945,25.100000381469727,827100,25.100000381469727
2014-11-03,26.049999237060547,25.0,25.149999618530273,25.719999313354492,1020700,25.719999313354492
2014-11-04,26.437999725341797,25.25,25.690000534057617,26.030000686645508,387500,26.030000686645508
2014-11-05,26.299999237060547,25.139999389648438,26.040000915527344,25.440000534057617,420500,25.440000534057617
2014-11-06,26.09000015258789,25.200000762939453,25.6200008392334,25.700000762939453,313700,25.700000762939453
2014-11-07,27.450000762939453,25.6200008392334,25.670000076293945,26.010000228881836,451500,26.010000228881836
2014-11-10,28.1200008392334,25.770000457763672,26.0,28.100000381469727,616300,28.100000381469727
2014-11-11,27.270000457763672,23.510000228881836,27.0,23.65999984741211,2331500,23.65999984741211
2014-11-12,23.84000015258789,20.90999984741211,23.510000228881836,21.309999465942383,1659900,21.309999465942383
2014-11-13,22.739999771118164,21.489999771118164,21.565000534057617,22.010000228881836,1143900,22.010000228881836
2014-11-14,22.75,21.5,21.65999984741211,21.56999969482422,826300,21.56999969482422
2014-11-17,22.290000915527344,21.420000076293945,21.600000381469727,21.56999969482422,554100,21.56999969482422
2014-11-18,22.25,21.399999618530273,21.829999923706055,22.079999923706055,483800,22.079999923706055
2014-11-19,22.739999771118164,21.690000534057617,22.1200008392334,22.290000915527344,713500,22.290000915527344
2014-11-20,23.100000381469727,22.0,22.079999923706055,23.0,457400,23.0
2014-11-21,23.152999877929688,22.25,22.739999771118164,22.280000686645508,654100,22.280000686645508
2014-11-24,23.100000381469727,22.219999313354492,22.25,23.0,189800,23.0
2014-11-25,24.308000564575195,22.989999771118164,23.3799991607666,23.270000457763672,456500,23.270000457763672
2014-11-26,23.950000762939453,23.06999969482422,23.239999771118164,23.899999618530273,166200,23.899999618530273
2014-11-28,24.280000686645508,23.6200008392334,24.040000915527344,24.260000228881836,136800,24.260000228881836
2014-12-01,23.996000289916992,22.979999542236328,23.969999313354492,23.010000228881836,425800,23.010000228881836
2014-12-02,23.1299991607666,21.760000228881836,23.030000686645508,22.049999237060547,803400,22.049999237060547
2014-12-03,22.56999969482422,21.100000381469727,22.020000457763672,21.149999618530273,320400,21.149999618530273
2014-12-04,21.559999465942383,19.049999237060547,21.229999542236328,20.899999618530273,876900,20.899999618530273
2014-12-05,21.030000686645508,20.389999389648438,20.700000762939453,20.729999542236328,617300,20.729999542236328
2014-12-08,21.34000015258789,20.110000610351562,20.559999465942383,21.100000381469727,407100,21.100000381469727
2014-12-09,21.1299991607666,20.290000915527344,20.360000610351562,21.0,345300,21.0
2014-12-10,20.979999542236328,19.5,20.780000686645508,20.1299991607666,418400,20.1299991607666
2014-12-11,20.684999465942383,19.360000610351562,20.229999542236328,19.3799991607666,748700,19.3799991607666
2014-12-12,19.200000762939453,16.739999771118164,19.18000030517578,18.440000534057617,2432300,18.440000534057617
2014-12-15,19.81999969482422,18.270000457763672,18.889999389648438,19.15999984741211,876400,19.15999984741211
2014-12-16,19.562000274658203,18.389999389648438,19.399999618530273,18.399999618530273,461700,18.399999618530273
2014-12-17,21.399999618530273,18.56999969482422,18.979999542236328,20.709999084472656,947700,20.709999084472656
2014-12-18,21.170000076293945,19.59000015258789,21.170000076293945,20.809999465942383,867800,20.809999465942383
2014-12-19,21.079999923706055,19.799999237060547,20.75,20.059999465942383,2301400,20.059999465942383
2014-12-22,21.290000915527344,19.809999465942383,20.700000762939453,20.3799991607666,945800,20.3799991607666
2014-12-23,20.950000762939453,20.18400001525879,20.6200008392334,20.790000915527344,531500,20.790000915527344
2014-12-24,20.770000457763672,20.006000518798828,20.709999084472656,20.440000534057617,171900,20.440000534057617
2014-12-26,20.889999389648438,20.190000534057617,20.399999618530273,20.309999465942383,144100,20.309999465942383
2014-12-29,20.440000534057617,19.149999618530273,20.440000534057617,19.440000534057617,429100,19.440000534057617
2014-12-30,19.81999969482422,19.079999923706055,19.59000015258789,19.540000915527344,637200,19.540000915527344
2014-12-31,20.190000534057617,19.059999465942383,19.690000534057617,19.850000381469727,425900,19.850000381469727
2015-01-02,20.829999923706055,19.989999771118164,19.989999771118164,20.780000686645508,325300,20.780000686645508
2015-01-05,22.040000915527344,20.31999969482422,20.600000381469727,22.020000457763672,596600,22.020000457763672
2015-01-06,22.639999389648438,21.690000534057617,21.850000381469727,22.600000381469727,1012000,22.600000381469727
2015-01-07,22.959999084472656,21.985000610351562,22.860000610351562,22.34000015258789,899100,22.34000015258789
2015-01-08,22.469999313354492,20.75,22.34000015258789,21.399999618530273,694000,21.399999618530273
2015-01-09,21.68000030517578,20.68000030517578,21.5,20.899999618530273,859500,20.899999618530273
2015-01-12,22.799999237060547,21.100000381469727,21.1299991607666,21.81999969482422,875800,21.81999969482422
2015-01-13,22.889999389648438,21.799999237060547,22.239999771118164,22.209999084472656,660500,22.209999084472656
2015-01-14,22.540000915527344,21.8799991607666,22.0,22.219999313354492,1026900,22.219999313354492
2015-01-15,24.48699951171875,22.049999237060547,22.399999618530273,23.280000686645508,1500700,23.280000686645508
2015-01-16,23.860000610351562,22.420000076293945,23.15999984741211,22.5,512200,22.5
2015-01-20,22.871999740600586,21.010000228881836,22.65999984741211,21.350000381469727,656800,21.350000381469727
2015-01-21,21.690000534057617,20.464000701904297,21.329999923706055,21.209999084472656,432900,21.209999084472656
2015-01-22,21.386999130249023,20.1299991607666,21.209999084472656,20.520000457763672,721900,20.520000457763672
2015-01-23,20.64900016784668,19.709999084472656,20.520000457763672,20.450000762939453,674600,20.450000762939453
2015-01-26,20.534000396728516,19.860000610351562,20.420000076293945,20.110000610351562,518600,20.110000610351562
2015-01-27,20.489999771118164,19.690000534057617,19.690000534057617,20.0,652400,20.0
2015-01-28,20.3799991607666,19.100000381469727,19.729999542236328,19.34000015258789,396000,19.34000015258789
2015-01-29,19.299999237060547,18.1200008392334,19.25,19.1200008392334,513400,19.1200008392334
2015-01-30,19.979999542236328,18.90999984741211,18.90999984741211,19.559999465942383,570300,19.559999465942383
2015-02-02,20.290000915527344,19.5,19.530000686645508,20.09000015258789,335300,20.09000015258789
2015-02-03,21.360000610351562,20.079999923706055,20.079999923706055,21.31999969482422,441200,21.31999969482422
2015-02-04,21.360000610351562,20.59000015258789,21.290000915527344,21.040000915527344,275900,21.040000915527344
2015-02-05,21.920000076293945,21.0,21.059999465942383,21.8700008392334,816000,21.8700008392334
2015-02-06,21.770000457763672,20.440000534057617,21.770000457763672,21.399999618530273,506400,21.399999618530273
2015-02-09,21.525999069213867,20.65999984741211,21.43000030517578,21.170000076293945,234900,21.170000076293945
2015-02-10,21.719999313354492,20.649999618530273,21.149999618530273,21.459999084472656,475900,21.459999084472656
2015-02-11,22.756000518798828,21.219999313354492,21.549999237060547,22.0,510500,22.0
2015-02-12,23.059999465942383,20.280000686645508,21.8700008392334,22.969999313354492,1242600,22.969999313354492
2015-02-13,22.8799991607666,21.600000381469727,22.8799991607666,21.959999084472656,411900,21.959999084472656
2015-02-17,22.219999313354492,20.940000534057617,22.020000457763672,22.18000030517578,575600,22.18000030517578
2015-02-18,22.450000762939453,21.6200008392334,22.1200008392334,22.280000686645508,401100,22.280000686645508
2015-02-19,23.59000015258789,21.950000762939453,22.299999237060547,23.450000762939453,682500,23.450000762939453
2015-02-20,24.65999984741211,22.860000610351562,23.5,24.530000686645508,1025000,24.530000686645508
2015-02-23,24.93000030517578,23.299999237060547,24.600000381469727,24.43000030517578,1086000,24.43000030517578
2015-02-24,25.208999633789062,23.90999984741211,24.5,24.1200008392334,359100,24.1200008392334
2015-02-25,24.1200008392334,23.399999618530273,24.040000915527344,23.670000076293945,447500,23.670000076293945
2015-02-26,23.829999923706055,23.299999237060547,23.579999923706055,23.5,384300,23.5
2015-02-27,23.93000030517578,23.209999084472656,23.469999313354492,23.350000381469727,345300,23.350000381469727
2015-03-02,23.780000686645508,21.93000030517578,23.350000381469727,23.559999465942383,769400,23.559999465942383
2015-03-03,25.479999542236328,23.253999710083008,23.540000915527344,25.25,1706400,25.25
2015-03-04,30.5,28.1200008392334,30.5,28.899999618530273,5394600,28.899999618530273
2015-03-05,29.899999618530273,26.84000015258789,29.700000762939453,27.780000686645508,1372900,27.780000686645508
2015-03-06,29.940000534057617,27.4950008392334,27.520000457763672,28.809999465942383,1679600,28.809999465942383
2015-03-09,29.360000610351562,28.479999542236328,28.790000915527344,29.040000915527344,579600,29.040000915527344
2015-03-10,29.0,27.969999313354492,28.75,28.260000228881836,620100,28.260000228881836
2015-03-11,28.850000381469727,27.829999923706055,27.979999542236328,28.56999969482422,539100,28.56999969482422
2015-03-12,29.899999618530273,28.56999969482422,28.690000534057617,29.8700008392334,598200,29.8700008392334
2015-03-13,34.0,29.540000915527344,29.959999084472656,32.45000076293945,2756000,32.45000076293945
2015-03-16,34.099998474121094,31.8700008392334,32.54999923706055,32.47999954223633,1161100,32.47999954223633
2015-03-17,32.4900016784668,30.6200008392334,32.349998474121094,30.850000381469727,630700,30.850000381469727
2015-03-18,31.3799991607666,30.280000686645508,30.860000610351562,31.260000228881836,589700,31.260000228881836
2015-03-19,33.86000061035156,31.219999313354492,31.25,33.06999969482422,755500,33.06999969482422
2015-03-20,33.439998626708984,31.600000381469727,33.06999969482422,31.940000534057617,1400000,31.940000534057617
2015-03-23,32.790000915527344,31.510000228881836,31.799999237060547,32.220001220703125,554600,32.220001220703125
2015-03-24,32.310001373291016,30.8799991607666,31.989999771118164,31.399999618530273,790200,31.399999618530273
2015-03-25,31.389999389648438,30.59000015258789,31.25,30.8700008392334,732300,30.8700008392334
2015-03-26,31.469999313354492,30.299999237060547,30.459999084472656,31.25,317100,31.25
2015-03-27,32.5,31.049999237060547,31.25,32.33000183105469,454100,32.33000183105469
2015-03-30,33.66999816894531,32.33000183105469,32.5,33.459999084472656,323700,33.459999084472656
2015-03-31,33.0,31.809999465942383,32.689998626708984,32.119998931884766,1016900,32.119998931884766
2015-04-01,32.209999084472656,30.59000015258789,30.829999923706055,31.360000610351562,895300,31.360000610351562
2015-04-02,31.5,30.709999084472656,30.709999084472656,30.809999465942383,358500,30.809999465942383
2015-04-06,31.809999465942383,30.510000228881836,30.790000915527344,31.559999465942383,773200,31.559999465942383
2015-04-07,31.989999771118164,30.81999969482422,31.1200008392334,31.739999771118164,629000,31.739999771118164
2015-04-08,33.290000915527344,31.309999465942383,31.309999465942383,32.91999816894531,1154700,32.91999816894531
2015-04-09,33.279998779296875,32.0,32.90999984741211,32.779998779296875,322800,32.779998779296875
2015-04-10,35.34000015258789,32.66999816894531,32.66999816894531,33.720001220703125,1068000,33.720001220703125
2015-04-13,34.84000015258789,33.15700149536133,33.75,34.150001525878906,919300,34.150001525878906
2015-04-14,34.54999923706055,33.599998474121094,33.97999954223633,34.060001373291016,523400,34.060001373291016
2015-04-15,34.20000076293945,33.470001220703125,33.810001373291016,33.790000915527344,305400,33.790000915527344
2015-04-16,34.7400016784668,33.650001525878906,33.650001525878906,34.529998779296875,459800,34.529998779296875
2015-04-17,33.59000015258789,31.729999542236328,33.560001373291016,32.06999969482422,725100,32.06999969482422
2015-04-20,32.540000915527344,31.049999237060547,32.25,32.150001525878906,639500,32.150001525878906
2015-04-21,33.220001220703125,32.099998474121094,32.15999984741211,32.599998474121094,355200,32.599998474121094
2015-04-22,32.689998626708984,32.02000045776367,32.27000045776367,32.31999969482422,359100,32.31999969482422
2015-04-23,33.10499954223633,32.0,32.310001373291016,33.06999969482422,253200,33.06999969482422
2015-04-24,34.0,32.52000045776367,33.0,32.7400016784668,487700,32.7400016784668
2015-04-27,34.0,32.5,32.5,33.84000015258789,656300,33.84000015258789
2015-04-28,34.95000076293945,32.630001068115234,34.04999923706055,32.959999084472656,816200,32.959999084472656
2015-04-29,33.15999984741211,32.119998931884766,32.77000045776367,33.099998474121094,542100,33.099998474121094
2015-04-30,33.880001068115234,31.944000244140625,32.400001525878906,32.119998931884766,697100,32.119998931884766
2015-05-01,32.06999969482422,29.690000534057617,31.5,30.030000686645508,1304900,30.030000686645508
2015-05-04,29.899999618530273,28.68000030517578,29.25,29.559999465942383,970000,29.559999465942383
2015-05-05,30.059999465942383,29.09000015258789,29.420000076293945,29.329999923706055,314100,29.329999923706055
2015-05-06,29.562000274658203,27.389999389648438,29.290000915527344,27.760000228881836,1089800,27.760000228881836
2015-05-07,28.79599952697754,27.360000610351562,27.360000610351562,28.549999237060547,682600,28.549999237060547
2015-05-08,31.239999771118164,27.969999313354492,28.549999237060547,30.780000686645508,2409300,30.780000686645508
2015-05-11,34.689998626708984,29.209999084472656,32.91999816894531,30.010000228881836,4248800,30.010000228881836
2015-05-12,30.299999237060547,28.84000015258789,29.649999618530273,29.989999771118164,1690900,29.989999771118164
2015-05-13,30.799999237060547,28.704999923706055,29.149999618530273,28.799999237060547,989200,28.799999237060547
2015-05-14,29.690000534057617,28.385000228881836,28.68000030517578,28.510000228881836,769400,28.510000228881836
2015-05-15,29.469999313354492,28.399999618530273,28.459999084472656,29.049999237060547,1107500,29.049999237060547
2015-05-18,29.139999389648438,27.579999923706055,29.1299991607666,28.31999969482422,925800,28.31999969482422
2015-05-19,29.309999465942383,28.309999465942383,28.309999465942383,28.649999618530273,531800,28.649999618530273
2015-05-20,28.6200008392334,27.850000381469727,28.6200008392334,28.34000015258789,841600,28.34000015258789
2015-05-21,30.5,28.450000762939453,28.450000762939453,29.950000762939453,1405800,29.950000762939453
2015-05-22,31.209999084472656,30.139999389648438,30.139999389648438,30.889999389648438,551300,30.889999389648438
2015-05-26,30.920000076293945,29.299999237060547,30.700000762939453,29.649999618530273,599400,29.649999618530273
2015-05-27,29.709999084472656,29.06999969482422,29.709999084472656,29.520000457763672,428200,29.520000457763672
2015-05-28,29.84000015258789,28.5,29.40999984741211,29.18000030517578,481000,29.18000030517578
2015-05-29,29.920000076293945,29.049999237060547,29.049999237060547,29.889999389648438,623700,29.889999389648438
2015-06-01,30.0,28.600000381469727,29.559999465942383,28.809999465942383,940400,28.809999465942383
2015-06-02,29.3799991607666,28.649999618530273,28.729999542236328,29.260000228881836,554400,29.260000228881836
2015-06-03,30.8799991607666,29.360000610351562,29.360000610351562,30.739999771118164,730000,30.739999771118164
2015-06-04,31.40999984741211,30.15999984741211,30.209999084472656,30.639999389648438,469800,30.639999389648438
2015-06-05,33.15999984741211,30.415000915527344,30.579999923706055,33.060001373291016,920700,33.060001373291016
2015-06-08,33.650001525878906,32.88999938964844,33.0,33.54999923706055,543700,33.54999923706055
2015-06-09,34.0,33.4900016784668,33.5099983215332,33.709999084472656,453200,33.709999084472656
2015-06-10,34.279998779296875,33.75,33.810001373291016,34.06999969482422,1144400,34.06999969482422
2015-06-11,34.29999923706055,33.91999816894531,34.02000045776367,34.09000015258789,507500,34.09000015258789
2015-06-12,34.7400016784668,33.849998474121094,34.18000030517578,34.18000030517578,535000,34.18000030517578
2015-06-15,33.9900016784668,32.72999954223633,33.25,33.15999984741211,816200,33.15999984741211
2015-06-16,34.29999923706055,32.7400016784668,33.06999969482422,34.279998779296875,600800,34.279998779296875
2015-06-17,35.25,33.84000015258789,34.400001525878906,34.810001373291016,961900,34.810001373291016
2015-06-18,38.78499984741211,35.099998474121094,35.25,37.529998779296875,2092300,37.529998779296875
2015-06-19,38.040000915527344,37.119998931884766,37.4900016784668,37.970001220703125,1177100,37.970001220703125
2015-06-22,39.43000030517578,38.130001068115234,38.43000030517578,38.790000915527344,838900,38.790000915527344
2015-06-23,39.189998626708984,37.619998931884766,38.77000045776367,37.939998626708984,609900,37.939998626708984
2015-06-24,38.45000076293945,37.220001220703125,38.45000076293945,37.36000061035156,272000,37.36000061035156
2015-06-25,37.56999969482422,36.380001068115234,37.060001373291016,37.2400016784668,1031000,37.2400016784668
2015-06-26,38.209999084472656,36.83000183105469,37.36000061035156,38.18000030517578,1173500,38.18000030517578
2015-06-29,37.63999938964844,36.209999084472656,36.810001373291016,36.790000915527344,499800,36.790000915527344
2015-06-30,37.779998779296875,36.81999969482422,36.81999969482422,37.63999938964844,529900,37.63999938964844
2015-07-01,38.06999969482422,37.1349983215332,37.29999923706055,37.97999954223633,710500,37.97999954223633
2015-07-02,38.209999084472656,37.33000183105469,37.959999084472656,37.70000076293945,695800,37.70000076293945
2015-07-06,37.49599838256836,36.470001220703125,37.34000015258789,36.900001525878906,364200,36.900001525878906
2015-07-07,37.52199935913086,35.90999984741211,37.25,37.0099983215332,302200,37.0099983215332
2015-07-08,36.81999969482422,35.400001525878906,36.279998779296875,35.45000076293945,307400,35.45000076293945
2015-07-09,36.8650016784668,35.7599983215332,35.97999954223633,36.31999969482422,663400,36.31999969482422
2015-07-10,38.779998779296875,36.619998931884766,36.970001220703125,37.349998474121094,978100,37.349998474121094
2015-07-13,38.97999954223633,37.540000915527344,37.70000076293945,38.150001525878906,474400,38.150001525878906
2015-07-14,38.90999984741211,37.02000045776367,38.060001373291016,38.130001068115234,583700,38.130001068115234
2015-07-15,38.11000061035156,37.04999923706055,37.630001068115234,37.13999938964844,381300,37.13999938964844
2015-07-16,37.93000030517578,37.099998474121094,37.45000076293945,37.22999954223633,711300,37.22999954223633
2015-07-17,39.72999954223633,37.15999984741211,37.40999984741211,38.97999954223633,921400,38.97999954223633
2015-07-20,40.459999084472656,38.40999984741211,39.119998931884766,39.63999938964844,613000,39.63999938964844
2015-07-21,40.0099983215332,38.68000030517578,40.0,38.869998931884766,387700,38.869998931884766
2015-07-22,39.22999954223633,37.290000915527344,38.84000015258789,38.02000045776367,956200,38.02000045776367
2015-07-23,38.93000030517578,37.900001525878906,38.2400016784668,38.810001373291016,489600,38.810001373291016
2015-07-24,39.5,38.560001373291016,39.25,39.279998779296875,498400,39.279998779296875
2015-07-27,39.01499938964844,36.849998474121094,39.0,37.15999984741211,444200,37.15999984741211
2015-07-28,37.869998931884766,36.400001525878906,37.36000061035156,37.86000061035156,482800,37.86000061035156
2015-07-29,38.08000183105469,36.0099983215332,37.27000045776367,37.7400016784668,443300,37.7400016784668
2015-07-30,38.029998779296875,36.13999938964844,37.88999938964844,37.09000015258789,291200,37.09000015258789
2015-07-31,40.0,37.15999984741211,37.599998474121094,37.310001373291016,559100,37.310001373291016
2015-08-03,37.70000076293945,36.029998779296875,37.25,36.7599983215332,582600,36.7599983215332
2015-08-04,39.5,36.58000183105469,36.58000183105469,38.779998779296875,1002000,38.779998779296875
2015-08-05,40.5099983215332,38.95000076293945,38.95000076293945,39.56999969482422,470400,39.56999969482422
2015-08-06,39.709999084472656,37.08000183105469,39.5099983215332,37.150001525878906,697000,37.150001525878906
2015-08-07,36.974998474121094,35.939998626708984,36.45000076293945,36.52000045776367,758800,36.52000045776367
2015-08-10,39.11000061035156,36.5,36.5,38.130001068115234,1566200,38.130001068115234
2015-08-11,39.400001525878906,37.70000076293945,37.70000076293945,38.16999816894531,1596300,38.16999816894531
2015-08-12,50.619998931884766,43.29999923706055,44.599998474121094,48.95000076293945,7211200,48.95000076293945
2015-08-13,56.84000015258789,49.06999969482422,49.83000183105469,53.58000183105469,6591300,53.58000183105469
2015-08-14,54.849998474121094,48.630001068115234,51.959999084472656,49.529998779296875,3533200,49.529998779296875
2015-08-17,50.83000183105469,48.51100158691406,49.20000076293945,50.38999938964844,1819000,50.38999938964844
2015-08-18,49.95000076293945,44.619998931884766,49.15999984741211,45.11000061035156,5630300,45.11000061035156
2015-08-19,45.79999923706055,43.56999969482422,45.36000061035156,43.88999938964844,1997600,43.88999938964844
2015-08-20,46.86000061035156,42.709999084472656,43.5,43.220001220703125,1496500,43.220001220703125
2015-08-21,44.83000183105469,41.619998931884766,42.58000183105469,43.83000183105469,1329500,43.83000183105469
2015-08-24,42.97999954223633,38.34000015258789,38.90999984741211,40.970001220703125,1471400,40.970001220703125
2015-08-25,43.88999938964844,42.0,42.06999969482422,42.31999969482422,1449000,42.31999969482422
2015-08-26,43.72999954223633,39.790000915527344,43.25,43.04999923706055,1255900,43.04999923706055
2015-08-27,44.2400016784668,40.78200149536133,44.04999923706055,41.7400016784668,989500,41.7400016784668
2015-08-28,43.470001220703125,41.268001556396484,41.38999938964844,42.220001220703125,740400,42.220001220703125
2015-08-31,41.79999923706055,37.09000015258789,41.790000915527344,37.29999923706055,3694400,37.29999923706055
2015-09-01,37.0,34.2400016784668,34.86000061035156,36.45000076293945,3140300,36.45000076293945
2015-09-02,36.82600021362305,32.869998931884766,36.310001373291016,36.27000045776367,1992800,36.27000045776367
2015-09-03,38.0,34.77000045776367,36.0,34.90999984741211,1030000,34.90999984741211
2015-09-04,36.16999816894531,33.869998931884766,34.84000015258789,35.209999084472656,1124400,35.209999084472656
2015-09-08,38.96500015258789,36.68000030517578,37.2599983215332,37.59000015258789,1893100,37.59000015258789
2015-09-09,37.94499969482422,36.0099983215332,37.20000076293945,36.880001068115234,1649500,36.880001068115234
2015-09-10,37.220001220703125,34.59000015258789,36.79999923706055,35.36000061035156,1142600,35.36000061035156
2015-09-11,35.77000045776367,31.719999313354492,35.27000045776367,33.04999923706055,1837000,33.04999923706055
2015-09-14,34.900001525878906,31.649999618530273,34.900001525878906,32.58000183105469,1242800,32.58000183105469
2015-09-15,33.15999984741211,31.170000076293945,32.04999923706055,32.75,1185800,32.75
2015-09-16,34.349998474121094,32.02000045776367,32.52000045776367,33.560001373291016,1372200,33.560001373291016
2015-09-17,34.83000183105469,33.27000045776367,33.529998779296875,33.79999923706055,628800,33.79999923706055
2015-09-18,34.34000015258789,32.63999938964844,33.16999816894531,34.13999938964844,1412800,34.13999938964844
2015-09-21,34.220001220703125,32.88999938964844,33.779998779296875,33.9900016784668,675900,33.9900016784668
2015-09-22,35.25,33.04999923706055,33.400001525878906,34.529998779296875,1054800,34.529998779296875
2015-09-23,36.040000915527344,33.900001525878906,34.15999984741211,35.650001525878906,682600,35.650001525878906
2015-09-24,36.0,34.56999969482422,35.31999969482422,35.16999816894531,764300,35.16999816894531
2015-09-25,36.939998626708984,35.040000915527344,35.599998474121094,36.0,833900,36.0
2015-09-28,36.61000061035156,34.40999984741211,35.970001220703125,36.31999969482422,655600,36.31999969482422
2015-09-29,36.43000030517578,33.68000030517578,36.33000183105469,34.16999816894531,585200,34.16999816894531
2015-09-30,35.310001373291016,34.08000183105469,34.310001373291016,35.060001373291016,439400,35.060001373291016
2015-10-01,36.040000915527344,32.560001373291016,34.59000015258789,35.849998474121094,1992800,35.849998474121094
2015-10-02,36.40999984741211,34.119998931884766,34.7599983215332,36.18000030517578,422200,36.18000030517578
2015-10-05,39.75,35.81999969482422,35.9900016784668,38.099998474121094,1200600,38.099998474121094
2015-10-06,40.720001220703125,38.220001220703125,38.52000045776367,39.349998474121094,1321800,39.349998474121094
2015-10-07,39.310001373291016,37.85200119018555,38.77000045776367,38.2599983215332,853000,38.2599983215332
2015-10-08,39.91999816894531,37.40999984741211,37.90999984741211,39.45000076293945,616600,39.45000076293945
2015-10-09,39.959999084472656,38.900001525878906,39.91999816894531,39.06999969482422,605900,39.06999969482422
2015-10-12,39.5099983215332,37.779998779296875,39.36000061035156,38.40999984741211,708900,38.40999984741211
2015-10-13,39.900001525878906,37.56999969482422,37.56999969482422,38.790000915527344,479300,38.790000915527344
2015-10-14,40.5989990234375,37.529998779296875,39.29999923706055,39.56999969482422,756000,39.56999969482422
2015-10-15,40.97999954223633,39.099998474121094,39.5,40.790000915527344,595900,40.790000915527344
2015-10-16,44.15999984741211,41.02000045776367,41.02000045776367,42.47999954223633,1238000,42.47999954223633
2015-10-19,45.0,41.67399978637695,42.25,44.90999984741211,1217800,44.90999984741211
2015-10-20,46.119998931884766,42.0,44.939998626708984,45.380001068115234,1604700,45.380001068115234
2015-10-21,45.93000030517578,43.97999954223633,45.630001068115234,44.959999084472656,935100,44.959999084472656
2015-10-22,45.34000015258789,42.84000015258789,44.970001220703125,44.060001373291016,778400,44.060001373291016
2015-10-23,44.650001525878906,41.040000915527344,44.650001525878906,41.27000045776367,737200,41.27000045776367
2015-10-26,41.5,40.04999923706055,41.0,40.790000915527344,539500,40.790000915527344
2015-10-27,41.790000915527344,40.11000061035156,40.7599983215332,41.650001525878906,697300,41.650001525878906
2015-10-28,43.45000076293945,41.209999084472656,41.650001525878906,43.130001068115234,540700,43.130001068115234
2015-10-29,45.599998474121094,42.220001220703125,44.0,42.939998626708984,1158100,42.939998626708984
2015-10-30,42.79999923706055,41.720001220703125,42.54999923706055,42.27000045776367,607400,42.27000045776367
2015-11-02,44.29999923706055,40.09000015258789,41.31999969482422,43.599998474121094,886900,43.599998474121094
2015-11-03,46.95000076293945,43.29999923706055,43.4900016784668,45.13999938964844,1214200,45.13999938964844
2015-11-04,46.097999572753906,43.90999984741211,44.93000030517578,44.5099983215332,723600,44.5099983215332
2015-11-05,44.81999969482422,43.25,44.709999084472656,43.33000183105469,784900,43.33000183105469
2015-11-06,45.099998474121094,41.790000915527344,43.119998931884766,44.119998931884766,1154200,44.119998931884766
2015-11-09,46.38999938964844,43.540000915527344,44.43000030517578,45.84000015258789,2604200,45.84000015258789
2015-11-10,47.17300033569336,38.599998474121094,46.0,39.43000030517578,7939300,39.43000030517578
2015-11-11,42.77000045776367,40.470001220703125,41.959999084472656,41.56999969482422,3137000,41.56999969482422
2015-11-12,41.72999954223633,38.52000045776367,41.5,38.90999984741211,1831200,38.90999984741211
2015-11-13,39.380001068115234,36.20000076293945,38.81999969482422,36.52000045776367,1668500,36.52000045776367
2015-11-16,38.75,35.33000183105469,36.11000061035156,37.279998779296875,1358000,37.279998779296875
2015-11-17,37.720001220703125,35.54999923706055,37.45000076293945,35.79999923706055,1997500,35.79999923706055
2015-11-18,36.06999969482422,34.150001525878906,35.709999084472656,35.779998779296875,1434800,35.779998779296875
2015-11-19,36.9900016784668,34.459999084472656,35.29999923706055,35.5099983215332,828000,35.5099983215332
2015-11-20,37.400001525878906,36.06999969482422,36.22999954223633,37.279998779296875,936700,37.279998779296875
2015-11-23,40.130001068115234,37.040000915527344,37.79999923706055,39.689998626708984,1301000,39.689998626708984
2015-11-24,39.209999084472656,37.720001220703125,39.099998474121094,38.119998931884766,836300,38.119998931884766
2015-11-25,38.698001861572266,37.81999969482422,38.25,38.04999923706055,348800,38.04999923706055
2015-11-27,38.720001220703125,37.540000915527344,38.099998474121094,38.15999984741211,393600,38.15999984741211
2015-11-30,38.95000076293945,37.86000061035156,38.13999938964844,37.90999984741211,1359100,37.90999984741211
2015-12-01,38.27000045776367,36.34000015258789,37.439998626708984,37.93000030517578,1409100,37.93000030517578
2015-12-02,43.939998626708984,39.650001525878906,40.0,41.83000183105469,3160400,41.83000183105469
2015-12-03,43.220001220703125,40.52000045776367,41.33000183105469,41.029998779296875,935500,41.029998779296875
2015-12-04,42.95000076293945,40.57699966430664,40.97999954223633,42.47999954223633,544000,42.47999954223633
2015-12-07,45.869998931884766,41.529998779296875,41.93000030517578,44.75,1531900,44.75
2015-12-08,46.279998779296875,43.20000076293945,43.95000076293945,45.88999938964844,757700,45.88999938964844
2015-12-09,48.630001068115234,44.970001220703125,45.47999954223633,45.20000076293945,1335600,45.20000076293945
2015-12-10,47.72999954223633,44.52000045776367,44.52000045776367,47.20000076293945,689100,47.20000076293945
2015-12-11,46.70000076293945,44.56999969482422,46.459999084472656,44.72999954223633,465400,44.72999954223633
2015-12-14,46.279998779296875,44.279998779296875,44.4900016784668,46.25,723900,46.25
2015-12-15,47.83000183105469,45.5099983215332,46.41999816894531,45.95000076293945,757600,45.95000076293945
2015-12-16,47.400001525878906,44.2859992980957,44.4900016784668,47.119998931884766,1071400,47.119998931884766
2015-12-17,47.72999954223633,45.7400016784668,47.06999969482422,46.869998931884766,477900,46.869998931884766
2015-12-18,49.72999954223633,46.220001220703125,46.900001525878906,48.380001068115234,1485900,48.380001068115234
2015-12-21,49.630001068115234,47.14500045776367,47.79999923706055,47.97999954223633,1001400,47.97999954223633
2015-12-22,49.07600021362305,46.47999954223633,47.83000183105469,48.45000076293945,524300,48.45000076293945
2015-12-23,49.93000030517578,48.9900016784668,49.43000030517578,49.56999969482422,628500,49.56999969482422
2015-12-24,49.5,47.90999984741211,49.119998931884766,47.91999816894531,231800,47.91999816894531
2015-12-28,49.70000076293945,47.029998779296875,48.290000915527344,48.77000045776367,484500,48.77000045776367
2015-12-29,49.939998626708984,48.790000915527344,49.0099983215332,49.45000076293945,494300,49.45000076293945
2015-12-30,50.0,48.13999938964844,48.970001220703125,48.93000030517578,486000,48.93000030517578
2015-12-31,48.650001525878906,47.25,48.43000030517578,47.619998931884766,761000,47.619998931884766
2016-01-04,46.29999923706055,44.06999969482422,45.5,44.189998626708984,1051200,44.189998626708984
2016-01-05,45.95000076293945,43.119998931884766,44.70000076293945,43.459999084472656,821100,43.459999084472656
2016-01-06,44.060001373291016,41.849998474121094,42.810001373291016,42.959999084472656,983400,42.959999084472656
2016-01-07,43.290000915527344,40.08000183105469,42.2400016784668,41.5,994700,41.5
2016-01-08,43.310001373291016,41.11000061035156,41.93000030517578,42.150001525878906,498500,42.150001525878906
2016-01-11,42.70399856567383,40.68000030517578,42.5099983215332,41.31999969482422,468200,41.31999969482422
2016-01-12,45.619998931884766,42.5,42.75,43.95000076293945,997700,43.95000076293945
2016-01-13,44.470001220703125,40.720001220703125,43.95000076293945,41.220001220703125,835100,41.220001220703125
2016-01-14,42.33000183105469,39.16999816894531,41.25,40.029998779296875,1291200,40.029998779296875
2016-01-15,39.43000030517578,37.099998474121094,38.81999969482422,37.810001373291016,996800,37.810001373291016
2016-01-19,39.84000015258789,37.83000183105469,38.099998474121094,38.400001525878906,579500,38.400001525878906
2016-01-20,42.4900016784668,36.560001373291016,38.77000045776367,42.13999938964844,2278700,42.13999938964844
2016-01-21,42.790000915527344,41.0,41.86000061035156,41.810001373291016,887500,41.810001373291016
2016-01-22,44.470001220703125,42.04999923706055,42.560001373291016,44.189998626708984,707400,44.189998626708984
2016-01-25,46.349998474121094,43.11000061035156,43.959999084472656,45.029998779296875,1159300,45.029998779296875
2016-01-26,45.9900016784668,44.7599983215332,45.279998779296875,45.349998474121094,677300,45.349998474121094
2016-01-27,47.68000030517578,43.69499969482422,45.060001373291016,44.11000061035156,822200,44.11000061035156
2016-01-28,46.72999954223633,43.16999816894531,43.75,44.43000030517578,823200,44.43000030517578
2016-01-29,45.20000076293945,42.09000015258789,44.779998779296875,45.20000076293945,1039100,45.20000076293945
2016-02-01,45.459999084472656,43.470001220703125,45.11000061035156,43.470001220703125,1205700,43.470001220703125
2016-02-02,43.20000076293945,40.43000030517578,42.849998474121094,41.099998474121094,1039300,41.099998474121094
2016-02-03,41.57600021362305,39.04999923706055,41.04999923706055,40.25,686100,40.25
2016-02-04,43.25,40.78300094604492,41.13999938964844,42.310001373291016,876700,42.310001373291016
2016-02-05,42.290000915527344,38.02000045776367,41.7599983215332,40.31999969482422,2884700,40.31999969482422
2016-02-08,40.13999938964844,33.70000076293945,39.79999923706055,33.9900016784668,3278600,33.9900016784668
2016-02-09,34.2599983215332,28.850000381469727,33.5,31.889999389648438,3447100,31.889999389648438
2016-02-10,34.88999938964844,31.920000076293945,32.209999084472656,34.47999954223633,1533200,34.47999954223633
2016-02-11,34.7599983215332,32.66999816894531,33.45000076293945,34.279998779296875,720300,34.279998779296875
2016-02-12,36.08000183105469,34.29999923706055,34.470001220703125,35.90999984741211,744100,35.90999984741211
2016-02-16,39.0,36.18000030517578,36.79999923706055,38.56999969482422,1298700,38.56999969482422
2016-02-17,40.099998474121094,37.459999084472656,39.0,39.310001373291016,1211200,39.310001373291016
2016-02-18,39.810001373291016,37.849998474121094,39.70000076293945,38.33000183105469,800200,38.33000183105469
2016-02-19,40.20000076293945,37.720001220703125,38.290000915527344,39.560001373291016,666200,39.560001373291016
2016-02-22,41.720001220703125,39.04999923706055,40.88999938964844,40.13999938964844,1129400,40.13999938964844
2016-02-23,41.33000183105469,38.869998931884766,40.29999923706055,40.90999984741211,910100,40.90999984741211
2016-02-24,41.959999084472656,38.220001220703125,40.130001068115234,40.470001220703125,2045500,40.470001220703125
2016-02-25,46.959999084472656,38.83000183105469,41.7400016784668,44.77000045776367,5083500,44.77000045776367
2016-02-26,44.882999420166016,41.220001220703125,44.65999984741211,41.290000915527344,1994600,41.290000915527344
2016-02-29,41.36000061035156,38.810001373291016,40.93000030517578,38.970001220703125,1022700,38.970001220703125
2016-03-01,40.68000030517578,39.119998931884766,39.5,40.22999954223633,1172500,40.22999954223633
2016-03-02,43.9900016784668,39.79999923706055,39.900001525878906,43.95000076293945,1796500,43.95000076293945
2016-03-03,46.790000915527344,42.689998626708984,43.040000915527344,45.43000030517578,1573900,45.43000030517578
2016-03-04,46.220001220703125,43.52000045776367,44.849998474121094,44.72999954223633,982000,44.72999954223633
2016-03-07,44.91999816894531,43.375,43.95000076293945,44.09000015258789,916100,44.09000015258789
2016-03-08,45.84000015258789,43.400001525878906,44.59000015258789,43.75,679900,43.75
2016-03-09,44.19200134277344,42.029998779296875,43.95000076293945,43.630001068115234,801000,43.630001068115234
2016-03-10,44.2599983215332,42.83000183105469,43.41999816894531,43.79999923706055,691100,43.79999923706055
2016-03-11,45.439998626708984,43.290000915527344,44.0,45.150001525878906,574900,45.150001525878906
2016-03-14,45.5,41.689998626708984,45.43000030517578,42.869998931884766,965400,42.869998931884766
2016-03-15,43.0,41.709999084472656,42.5099983215332,42.36000061035156,741100,42.36000061035156
2016-03-16,44.970001220703125,42.0,42.16999816894531,44.099998474121094,1136800,44.099998474121094
2016-03-17,45.619998931884766,43.310001373291016,43.65999984741211,44.90999984741211,534900,44.90999984741211
2016-03-18,44.900001525878906,41.439998626708984,44.900001525878906,41.709999084472656,1578100,41.709999084472656
2016-03-21,41.77000045776367,37.45000076293945,41.52000045776367,38.060001373291016,3321900,38.060001373291016
2016-03-22,40.39500045776367,36.41999816894531,37.0,39.939998626708984,2088700,39.939998626708984
2016-03-23,40.220001220703125,37.91999816894531,39.77000045776367,39.33000183105469,870500,39.33000183105469
2016-03-24,40.91999816894531,39.0099983215332,39.130001068115234,40.290000915527344,754100,40.290000915527344
2016-03-28,41.040000915527344,39.61000061035156,40.290000915527344,40.79999923706055,591500,40.79999923706055
2016-03-29,43.34000015258789,39.790000915527344,40.0,43.33000183105469,876800,43.33000183105469
2016-03-30,44.209999084472656,40.709999084472656,43.2599983215332,40.779998779296875,944700,40.779998779296875
2016-03-31,43.900001525878906,41.13999938964844,41.13999938964844,43.220001220703125,1533500,43.220001220703125
2016-04-01,44.529998779296875,42.5,42.93000030517578,43.959999084472656,1299000,43.959999084472656
2016-04-04,44.47999954223633,42.189998626708984,43.959999084472656,42.41999816894531,729600,42.41999816894531
2016-04-05,42.5,41.59000015258789,42.5,41.7599983215332,717100,41.7599983215332
2016-04-06,42.22999954223633,40.854000091552734,41.2599983215332,42.16999816894531,810700,42.16999816894531
2016-04-07,42.5,41.27000045776367,41.66999816894531,42.189998626708984,843300,42.189998626708984
2016-04-08,42.060001373291016,39.380001068115234,41.79999923706055,40.40999984741211,1396600,40.40999984741211
2016-04-11,41.7400016784668,39.25,41.150001525878906,39.880001068115234,1060600,39.880001068115234
2016-04-12,41.13999938964844,38.91999816894531,39.810001373291016,40.9900016784668,494200,40.9900016784668
2016-04-13,42.25,41.06999969482422,41.06999969482422,42.0,518100,42.0
2016-04-14,42.209999084472656,40.21500015258789,42.0,41.34000015258789,775200,41.34000015258789
2016-04-15,42.470001220703125,40.970001220703125,41.470001220703125,42.400001525878906,410100,42.400001525878906
2016-04-18,41.689998626708984,40.2400016784668,40.36000061035156,40.790000915527344,914500,40.790000915527344
2016-04-19,41.849998474121094,40.25,40.709999084472656,41.20000076293945,809300,41.20000076293945
2016-04-20,42.724998474121094,40.95199966430664,41.56999969482422,42.130001068115234,695600,42.130001068115234
2016-04-21,42.9900016784668,40.43000030517578,42.08000183105469,40.5,390800,40.5
2016-04-22,41.58000183105469,40.0,40.54999923706055,40.560001373291016,566000,40.560001373291016
2016-04-25,41.05500030517578,38.84000015258789,40.25,39.18000030517578,999800,39.18000030517578
2016-04-26,39.7599983215332,37.93000030517578,39.349998474121094,38.540000915527344,982700,38.540000915527344
2016-04-27,39.349998474121094,38.0,38.77000045776367,38.959999084472656,724300,38.959999084472656
2016-04-28,39.790000915527344,37.70000076293945,38.79999923706055,38.0,588900,38.0
2016-04-29,38.507999420166016,37.33000183105469,37.90999984741211,37.75,716900,37.75
2016-05-02,37.95000076293945,34.880001068115234,37.709999084472656,35.61000061035156,2105000,35.61000061035156
2016-05-03,36.439998626708984,34.630001068115234,35.22999954223633,36.040000915527344,1208800,36.040000915527344
2016-05-04,36.33000183105469,35.06999969482422,35.7599983215332,35.79999923706055,1010900,35.79999923706055
2016-05-05,36.959999084472656,35.7599983215332,36.33000183105469,36.060001373291016,1123600,36.060001373291016
2016-05-06,36.38999938964844,34.099998474121094,35.689998626708984,35.9900016784668,2024400,35.9900016784668
2016-05-09,40.95000076293945,36.81999969482422,37.349998474121094,39.650001525878906,5079400,39.650001525878906
2016-05-10,39.13999938964844,37.5,38.5,38.70000076293945,2563600,38.70000076293945
2016-05-11,38.619998931884766,37.349998474121094,38.2599983215332,38.279998779296875,812300,38.279998779296875
2016-05-12,38.5,37.400001525878906,38.099998474121094,37.84000015258789,891700,37.84000015258789
2016-05-13,38.75,37.78499984741211,37.81999969482422,38.619998931884766,621900,38.619998931884766
2016-05-16,38.9900016784668,37.5099983215332,38.25,38.81999969482422,646800,38.81999969482422
2016-05-17,40.70000076293945,38.5099983215332,38.68000030517578,39.83000183105469,1238100,39.83000183105469
2016-05-18,40.18000030517578,39.02000045776367,39.529998779296875,40.130001068115234,787300,40.130001068115234
2016-05-19,40.16999816894531,39.29999923706055,39.29999923706055,40.0,684900,40.0
2016-05-20,40.970001220703125,39.630001068115234,40.02000045776367,40.47999954223633,884300,40.47999954223633
2016-05-23,41.33000183105469,40.138999938964844,40.220001220703125,40.88999938964844,824400,40.88999938964844
2016-05-24,40.83000183105469,39.06999969482422,40.83000183105469,39.75,2600400,39.75
2016-05-25,40.79999923706055,39.22999954223633,39.790000915527344,40.36000061035156,1311700,40.36000061035156
2016-05-26,41.0,39.95000076293945,40.79999923706055,40.130001068115234,740800,40.130001068115234
2016-05-27,40.95000076293945,40.10499954223633,40.29999923706055,40.79999923706055,584100,40.79999923706055
2016-05-31,41.310001373291016,40.22999954223633,40.70000076293945,41.18000030517578,1191000,41.18000030517578
2016-06-01,41.45000076293945,39.970001220703125,39.970001220703125,40.63999938964844,825300,40.63999938964844
2016-06-02,41.4900016784668,40.404998779296875,40.65999984741211,41.4900016784668,762500,41.4900016784668
2016-06-03,42.18000030517578,40.52000045776367,40.93000030517578,42.040000915527344,671100,42.040000915527344
2016-06-06,42.09000015258789,40.400001525878906,42.0,40.9900016784668,740300,40.9900016784668
2016-06-07,42.619998931884766,40.77000045776367,41.0,41.970001220703125,662800,41.970001220703125
2016-06-08,43.08000183105469,41.400001525878906,42.22999954223633,42.939998626708984,792000,42.939998626708984
2016-06-09,41.97999954223633,39.529998779296875,41.709999084472656,40.18000030517578,1998100,40.18000030517578
2016-06-10,39.84000015258789,37.88999938964844,39.619998931884766,38.0099983215332,1411200,38.0099983215332
2016-06-13,39.150001525878906,37.27000045776367,38.040000915527344,38.0,1512700,38.0
2016-06-14,38.38999938964844,36.959999084472656,38.0,37.09000015258789,1101600,37.09000015258789
2016-06-15,38.79999923706055,36.130001068115234,37.16999816894531,38.2599983215332,1370600,38.2599983215332
2016-06-16,39.0,37.060001373291016,37.59000015258789,38.47999954223633,1170500,38.47999954223633
2016-06-17,39.220001220703125,37.900001525878906,38.54999923706055,39.150001525878906,1046100,39.150001525878906
2016-06-20,40.689998626708984,39.41999816894531,39.41999816894531,40.22999954223633,914700,40.22999954223633
2016-06-21,41.400001525878906,39.779998779296875,40.54999923706055,41.2599983215332,1171500,41.2599983215332
2016-06-22,41.68000030517578,40.22999954223633,41.20000076293945,41.66999816894531,1360100,41.66999816894531
2016-06-23,43.165000915527344,41.22999954223633,41.7400016784668,42.7400016784668,1533600,42.7400016784668
2016-06-24,42.439998626708984,39.84000015258789,40.349998474121094,40.25,2767100,40.25
2016-06-27,39.90999984741211,37.58000183105469,39.650001525878906,38.84000015258789,1835300,38.84000015258789
2016-06-28,39.900001525878906,37.7599983215332,39.58000183105469,38.5,910900,38.5
2016-06-29,39.45000076293945,38.279998779296875,39.04999923706055,39.150001525878906,1079400,39.150001525878906
2016-06-30,39.439998626708984,38.5099983215332,39.439998626708984,39.0,696100,39.0
2016-07-01,39.11000061035156,37.75,39.11000061035156,38.060001373291016,927800,38.060001373291016
2016-07-05,39.2599983215332,37.380001068115234,38.11000061035156,38.9900016784668,1223500,38.9900016784668
2016-07-06,40.400001525878906,38.56999969482422,38.56999969482422,39.93000030517578,918600,39.93000030517578
2016-07-07,40.70000076293945,39.415000915527344,40.0,40.209999084472656,1058400,40.209999084472656
2016-07-08,40.88999938964844,39.9900016784668,40.88999938964844,40.470001220703125,829400,40.470001220703125
2016-07-11,41.0,40.31999969482422,40.380001068115234,40.45000076293945,763300,40.45000076293945
2016-07-12,42.04999923706055,40.40999984741211,40.56999969482422,41.41999816894531,760300,41.41999816894531
2016-07-13,41.81999969482422,40.380001068115234,41.72999954223633,40.5099983215332,474900,40.5099983215332
2016-07-14,40.959999084472656,39.040000915527344,40.619998931884766,39.09000015258789,682700,39.09000015258789
2016-07-15,39.43199920654297,38.61000061035156,39.16999816894531,38.790000915527344,457700,38.790000915527344
2016-07-18,41.099998474121094,38.380001068115234,38.70000076293945,40.220001220703125,1308500,40.220001220703125
2016-07-19,40.59000015258789,39.279998779296875,40.2400016784668,39.43000030517578,571400,39.43000030517578
2016-07-20,40.72999954223633,39.400001525878906,39.66999816894531,40.20000076293945,839100,40.20000076293945
2016-07-21,40.36000061035156,39.02299880981445,39.97999954223633,39.380001068115234,766900,39.380001068115234
2016-07-22,40.220001220703125,39.22999954223633,39.22999954223633,39.90999984741211,654700,39.90999984741211
2016-07-25,40.470001220703125,39.279998779296875,39.88999938964844,39.47999954223633,549500,39.47999954223633
2016-07-26,41.08000183105469,39.5,39.5,40.29999923706055,813500,40.29999923706055
2016-07-27,40.63999938964844,40.08000183105469,40.31999969482422,40.25,384500,40.25
2016-07-28,43.58000183105469,40.279998779296875,40.34000015258789,42.77000045776367,1542100,42.77000045776367
2016-07-29,43.529998779296875,41.90999984741211,42.5,43.5,825200,43.5
2016-08-01,45.02799987792969,43.29999923706055,43.29999923706055,44.34000015258789,1177200,44.34000015258789
2016-08-02,46.599998474121094,44.400001525878906,44.5,46.45000076293945,2449100,46.45000076293945
2016-08-03,49.11000061035156,45.25,46.13999938964844,47.689998626708984,2338000,47.689998626708984
2016-08-04,49.34000015258789,46.77799987792969,47.459999084472656,47.54999923706055,1105000,47.54999923706055
2016-08-05,48.83000183105469,47.369998931884766,48.29999923706055,48.029998779296875,1103100,48.029998779296875
2016-08-08,48.439998626708984,47.20000076293945,48.08000183105469,48.25,2068600,48.25
2016-08-09,43.22999954223633,38.5,42.08000183105469,38.79999923706055,13282400,38.79999923706055
2016-08-10,38.45000076293945,35.81999969482422,38.400001525878906,37.720001220703125,7979900,37.720001220703125
2016-08-11,38.619998931884766,37.04999923706055,38.40999984741211,38.18000030517578,2525500,38.18000030517578
2016-08-12,39.08000183105469,37.54999923706055,38.18000030517578,38.9900016784668,1596200,38.9900016784668
2016-08-15,39.93000030517578,38.69499969482422,39.060001373291016,39.0,1563400,39.0
2016-08-16,39.34000015258789,37.93000030517578,38.709999084472656,38.04999923706055,941300,38.04999923706055
2016-08-17,38.25,37.15999984741211,37.84000015258789,37.38999938964844,927800,37.38999938964844
2016-08-18,38.58000183105469,37.25,37.439998626708984,37.880001068115234,742500,37.880001068115234
2016-08-19,39.25,37.750999450683594,37.90999984741211,38.22999954223633,1008800,38.22999954223633
2016-08-22,38.63999938964844,37.47999954223633,38.099998474121094,37.88999938964844,950900,37.88999938964844
2016-08-23,38.869998931884766,37.95000076293945,38.20000076293945,38.11000061035156,884600,38.11000061035156
2016-08-24,38.869998931884766,37.939998626708984,38.11000061035156,38.119998931884766,1050300,38.119998931884766
2016-08-25,38.48500061035156,37.77000045776367,37.970001220703125,38.13999938964844,598500,38.13999938964844
2016-08-26,39.18000030517578,38.02000045776367,38.09000015258789,38.9900016784668,1037000,38.9900016784668
2016-08-29,39.0099983215332,37.59000015258789,38.9900016784668,38.36000061035156,1325900,38.36000061035156
2016-08-30,38.720001220703125,37.9900016784668,38.2599983215332,38.459999084472656,1169100,38.459999084472656
2016-08-31,38.849998474121094,38.16999816894531,38.400001525878906,38.5099983215332,533500,38.5099983215332
2016-09-01,39.63999938964844,38.369998931884766,38.54999923706055,39.290000915527344,769600,39.290000915527344
2016-09-02,39.970001220703125,38.650001525878906,39.5,38.790000915527344,593700,38.790000915527344
2016-09-06,40.7599983215332,38.86000061035156,38.9900016784668,40.4900016784668,1311400,40.4900016784668
2016-09-07,40.77000045776367,39.93000030517578,40.279998779296875,40.599998474121094,1286700,40.599998474121094
2016-09-08,41.470001220703125,40.540000915527344,40.599998474121094,41.38999938964844,1312700,41.38999938964844
2016-09-09,41.4900016784668,37.959999084472656,41.310001373291016,38.18000030517578,2041900,38.18000030517578
2016-09-12,38.709999084472656,37.779998779296875,38.119998931884766,38.619998931884766,900400,38.619998931884766
2016-09-13,38.75,37.0,38.27000045776367,37.54999923706055,1177300,37.54999923706055
2016-09-14,39.61000061035156,38.5,38.56999969482422,39.54999923706055,1138100,39.54999923706055
2016-09-15,40.400001525878906,39.27000045776367,39.38999938964844,40.33000183105469,1463600,40.33000183105469
2016-09-16,43.290000915527344,40.060001373291016,40.060001373291016,42.099998474121094,2647400,42.099998474121094
2016-09-19,42.040000915527344,40.61000061035156,41.88999938964844,41.560001373291016,991500,41.560001373291016
2016-09-20,42.5099983215332,41.15999984741211,41.65999984741211,42.060001373291016,593300,42.060001373291016
2016-09-21,43.209999084472656,41.900001525878906,42.91999816894531,42.7599983215332,1157900,42.7599983215332
2016-09-22,43.04999923706055,42.33000183105469,43.0099983215332,42.810001373291016,869600,42.810001373291016
2016-09-23,42.91999816894531,41.641998291015625,42.47999954223633,41.97999954223633,1027500,41.97999954223633
2016-09-26,41.849998474121094,41.040000915527344,41.70000076293945,41.2400016784668,1360500,41.2400016784668
2016-09-27,41.439998626708984,40.47999954223633,41.400001525878906,41.2400016784668,792000,41.2400016784668
2016-09-28,41.400001525878906,40.38999938964844,40.849998474121094,40.52000045776367,532100,40.52000045776367
2016-09-29,40.7400016784668,39.41999816894531,40.7400016784668,39.439998626708984,866700,39.439998626708984
2016-09-30,39.91999816894531,39.11000061035156,39.72999954223633,39.369998931884766,1318500,39.369998931884766
2016-10-03,39.29999923706055,38.099998474121094,39.06999969482422,38.41999816894531,1186800,38.41999816894531
2016-10-04,39.790000915527344,38.11000061035156,38.79999923706055,38.529998779296875,1246600,38.529998779296875
2016-10-05,39.40999984741211,38.04999923706055,38.47999954223633,39.150001525878906,618500,39.150001525878906
2016-10-06,39.709999084472656,38.7599983215332,39.22999954223633,39.09000015258789,718600,39.09000015258789
2016-10-07,39.51900100708008,37.689998626708984,39.31999969482422,37.9900016784668,860100,37.9900016784668
2016-10-10,38.689998626708984,37.369998931884766,38.38999938964844,37.41999816894531,676400,37.41999816894531
2016-10-11,37.58000183105469,36.0,37.27000045776367,36.189998626708984,1264700,36.189998626708984
2016-10-12,37.119998931884766,36.119998931884766,36.29999923706055,36.59000015258789,637500,36.59000015258789
2016-10-13,36.810001373291016,35.54999923706055,36.33000183105469,36.470001220703125,1554200,36.470001220703125
2016-10-14,36.560001373291016,35.31999969482422,36.4900016784668,35.43000030517578,1361900,35.43000030517578
2016-10-17,35.869998931884766,34.834999084472656,35.34000015258789,35.72999954223633,918600,35.72999954223633
2016-10-18,36.54999923706055,35.44499969482422,36.34000015258789,36.41999816894531,900700,36.41999816894531
2016-10-19,36.7400016784668,35.9900016784668,36.36000061035156,36.720001220703125,606000,36.720001220703125
2016-10-20,36.93000030517578,36.11000061035156,36.59000015258789,36.2599983215332,1285700,36.2599983215332
2016-10-21,36.810001373291016,35.77000045776367,35.849998474121094,36.279998779296875,1100500,36.279998779296875
2016-10-24,36.7400016784668,36.349998474121094,36.689998626708984,36.560001373291016,976800,36.560001373291016
2016-10-25,36.619998931884766,34.97999954223633,36.58000183105469,35.2400016784668,1826500,35.2400016784668
2016-10-26,35.130001068115234,34.2400016784668,34.90999984741211,34.529998779296875,1310700,34.529998779296875
2016-10-27,35.029998779296875,33.525001525878906,34.810001373291016,34.150001525878906,1175300,34.150001525878906
2016-10-28,34.20000076293945,33.15999984741211,34.150001525878906,33.369998931884766,1466800,33.369998931884766
2016-10-31,33.779998779296875,32.93299865722656,33.29999923706055,33.33000183105469,604500,33.33000183105469
2016-11-01,33.400001525878906,32.209999084472656,33.20000076293945,32.290000915527344,776300,32.290000915527344
2016-11-02,32.33000183105469,31.530000686645508,32.16999816894531,31.959999084472656,872600,31.959999084472656
2016-11-03,32.709999084472656,31.875,31.969999313354492,32.279998779296875,1038800,32.279998779296875
2016-11-04,33.0,31.549999237060547,32.02000045776367,32.5099983215332,2391300,32.5099983215332
2016-11-07,34.11000061035156,32.630001068115234,33.02000045776367,33.650001525878906,3295800,33.650001525878906
2016-11-08,32.95000076293945,27.600000381469727,29.280000686645508,32.2599983215332,9759400,32.2599983215332
2016-11-09,34.22999954223633,31.3799991607666,31.719999313354492,34.0099983215332,3437800,34.0099983215332
2016-11-10,36.779998779296875,34.0099983215332,34.220001220703125,35.5,2394700,35.5
2016-11-11,35.779998779296875,34.540000915527344,35.2599983215332,35.709999084472656,1106400,35.709999084472656
2016-11-14,36.95000076293945,35.5,35.83000183105469,36.09000015258789,1318300,36.09000015258789
2016-11-15,38.15999984741211,36.0,36.0,36.810001373291016,1384500,36.810001373291016
2016-11-16,37.380001068115234,36.54999923706055,36.810001373291016,36.68000030517578,786000,36.68000030517578
2016-11-17,36.790000915527344,35.349998474121094,36.41999816894531,35.5099983215332,1019100,35.5099983215332
2016-11-18,35.150001525878906,33.25,35.150001525878906,33.29999923706055,2055300,33.29999923706055
2016-11-21,33.91999816894531,32.97100067138672,33.4900016784668,33.599998474121094,1379000,33.599998474121094
2016-11-22,35.0,32.60499954223633,33.27000045776367,34.91999816894531,1352000,34.91999816894531
2016-11-23,35.2400016784668,33.93000030517578,35.18000030517578,35.040000915527344,718500,35.040000915527344
2016-11-25,35.279998779296875,34.619998931884766,35.25,35.02000045776367,295500,35.02000045776367
2016-11-28,34.900001525878906,33.599998474121094,34.79999923706055,34.029998779296875,1316400,34.029998779296875
2016-11-29,35.029998779296875,34.029998779296875,34.15999984741211,34.7400016784668,1281900,34.7400016784668
2016-11-30,36.79999923706055,34.16999816894531,34.720001220703125,36.45000076293945,1894300,36.45000076293945
2016-12-01,37.290000915527344,35.90999984741211,36.290000915527344,36.40999984741211,1133900,36.40999984741211
2016-12-02,37.36000061035156,36.45000076293945,36.58000183105469,37.11000061035156,894100,37.11000061035156
2016-12-05,37.29999923706055,36.619998931884766,37.06999969482422,36.720001220703125,1217900,36.720001220703125
2016-12-06,37.70000076293945,36.0,36.779998779296875,37.02000045776367,1961100,37.02000045776367
2016-12-07,37.47999954223633,36.75,37.06999969482422,37.220001220703125,948000,37.220001220703125
2016-12-08,38.7599983215332,37.0,37.470001220703125,38.58000183105469,863700,38.58000183105469
2016-12-09,38.689998626708984,37.45000076293945,38.310001373291016,37.93000030517578,904400,37.93000030517578
2016-12-12,38.4900016784668,37.27000045776367,37.9900016784668,38.130001068115234,713600,38.130001068115234
2016-12-13,38.939998626708984,37.970001220703125,38.25,38.529998779296875,440000,38.529998779296875
2016-12-14,38.66999816894531,38.06999969482422,38.599998474121094,38.279998779296875,429800,38.279998779296875
2016-12-15,38.84000015258789,37.36000061035156,37.84000015258789,38.310001373291016,470700,38.310001373291016
2016-12-16,39.31999969482422,37.40999984741211,38.59000015258789,37.470001220703125,1498700,37.470001220703125
2016-12-19,38.459999084472656,37.470001220703125,37.470001220703125,37.9900016784668,696000,37.9900016784668
2016-12-20,38.349998474121094,37.31999969482422,38.099998474121094,37.63999938964844,1298200,37.63999938964844
2016-12-21,38.13999938964844,37.09000015258789,37.63999938964844,37.189998626708984,1139500,37.189998626708984
2016-12-22,38.380001068115234,36.18000030517578,37.68000030517578,36.400001525878906,1575900,36.400001525878906
2016-12-23,36.86000061035156,34.81999969482422,36.38999938964844,35.25,1209300,35.25
2016-12-27,36.4900016784668,35.290000915527344,35.290000915527344,36.25,585500,36.25
2016-12-28,36.43000030517578,35.470001220703125,36.02000045776367,35.959999084472656,516900,35.959999084472656
2016-12-29,36.400001525878906,35.09000015258789,35.650001525878906,35.470001220703125,617800,35.470001220703125
2016-12-30,35.709999084472656,34.630001068115234,35.5099983215332,35.04999923706055,761300,35.04999923706055
2017-01-03,35.779998779296875,34.29999923706055,34.88999938964844,35.18000030517578,1016400,35.18000030517578
2017-01-04,36.94499969482422,35.11000061035156,35.15999984741211,36.47999954223633,1111500,36.47999954223633
2017-01-05,37.290000915527344,36.0,36.40999984741211,37.16999816894531,1202300,37.16999816894531
2017-01-06,37.54999923706055,36.75,37.20000076293945,37.36000061035156,1304000,37.36000061035156
2017-01-09,38.17499923706055,36.7599983215332,37.38999938964844,38.04999923706055,708600,38.04999923706055
2017-01-10,41.97999954223633,37.95000076293945,38.349998474121094,41.040000915527344,3070000,41.040000915527344
2017-01-11,41.029998779296875,40.2400016784668,40.630001068115234,40.849998474121094,1042800,40.849998474121094
2017-01-12,40.849998474121094,38.93899917602539,40.5,40.369998931884766,1030800,40.369998931884766
2017-01-13,40.52000045776367,39.099998474121094,40.52000045776367,39.66999816894531,993400,39.66999816894531
2017-01-17,40.91999816894531,39.150001525878906,39.5099983215332,40.54999923706055,1508600,40.54999923706055
2017-01-18,40.54999923706055,39.79499816894531,40.54999923706055,40.22999954223633,619400,40.22999954223633
2017-01-19,40.439998626708984,40.064998626708984,40.439998626708984,40.119998931884766,677800,40.119998931884766
2017-01-20,40.86000061035156,40.0,40.22999954223633,40.150001525878906,467000,40.150001525878906
2017-01-23,40.540000915527344,39.755001068115234,39.88999938964844,39.880001068115234,748700,39.880001068115234
2017-01-24,41.119998931884766,39.900001525878906,40.13999938964844,41.06999969482422,778000,41.06999969482422
2017-01-25,41.65999984741211,40.9900016784668,41.13999938964844,41.560001373291016,766800,41.560001373291016
2017-01-26,42.529998779296875,41.064998626708984,41.560001373291016,42.25,1045200,42.25
2017-01-27,42.70000076293945,41.83000183105469,42.38999938964844,42.310001373291016,978200,42.310001373291016
2017-01-30,42.529998779296875,40.959999084472656,41.9900016784668,41.72999954223633,1508400,41.72999954223633
2017-01-31,41.880001068115234,40.66999816894531,41.560001373291016,41.560001373291016,901900,41.560001373291016
2017-02-01,41.86000061035156,41.029998779296875,41.47999954223633,41.56999969482422,796100,41.56999969482422
2017-02-02,42.40999984741211,41.2400016784668,41.4900016784668,41.81999969482422,512500,41.81999969482422
2017-02-03,42.279998779296875,41.65999984741211,42.25,42.189998626708984,949100,42.189998626708984
2017-02-06,42.720001220703125,41.70000076293945,42.0,42.599998474121094,699300,42.599998474121094
2017-02-07,43.4900016784668,42.22999954223633,42.7599983215332,42.59000015258789,1242700,42.59000015258789
2017-02-08,42.790000915527344,41.04999923706055,42.790000915527344,42.2400016784668,1106500,42.2400016784668
2017-02-09,43.08000183105469,42.099998474121094,42.47999954223633,42.279998779296875,802400,42.279998779296875
2017-02-10,43.0,42.415000915527344,42.540000915527344,42.790000915527344,436600,42.790000915527344
2017-02-13,42.939998626708984,41.68000030517578,42.869998931884766,41.90999984741211,613100,41.90999984741211
2017-02-14,42.04999923706055,40.88999938964844,42.0099983215332,41.20000076293945,763400,41.20000076293945
2017-02-15,41.83000183105469,40.65999984741211,41.20000076293945,41.4900016784668,1090800,41.4900016784668
2017-02-16,41.849998474121094,40.0099983215332,41.349998474121094,40.16999816894531,977000,40.16999816894531
2017-02-17,40.65999984741211,39.52000045776367,40.20000076293945,40.130001068115234,909900,40.130001068115234
2017-02-21,40.625,39.900001525878906,40.09000015258789,40.2599983215332,1196200,40.2599983215332
2017-02-22,41.31999969482422,40.02000045776367,40.27000045776367,41.2599983215332,1526900,41.2599983215332
2017-02-23,40.66999816894531,37.0,37.95000076293945,38.58000183105469,6727300,38.58000183105469
2017-02-24,39.97999954223633,37.45000076293945,37.54999923706055,39.29999923706055,3158300,39.29999923706055
2017-02-27,39.81999969482422,39.0,39.349998474121094,39.130001068115234,1123400,39.130001068115234
2017-02-28,39.0,37.59000015258789,38.130001068115234,37.810001373291016,1487900,37.810001373291016
2017-03-01,38.33000183105469,37.2599983215332,38.279998779296875,37.880001068115234,696000,37.880001068115234
2017-03-02,38.150001525878906,37.11000061035156,37.959999084472656,37.22999954223633,1394900,37.22999954223633
2017-03-03,37.959999084472656,36.29999923706055,37.959999084472656,36.369998931884766,1776900,36.369998931884766
2017-03-06,36.303001403808594,35.400001525878906,35.959999084472656,35.79999923706055,1249600,35.79999923706055
2017-03-07,35.98500061035156,35.36000061035156,35.47999954223633,35.779998779296875,849400,35.779998779296875
2017-03-08,36.459999084472656,35.70000076293945,35.869998931884766,35.91999816894531,911200,35.91999816894531
2017-03-09,36.20000076293945,35.45000076293945,35.900001525878906,36.13999938964844,822300,36.13999938964844
2017-03-10,37.0,36.040000915527344,36.27000045776367,36.099998474121094,801000,36.099998474121094
2017-03-13,37.5099983215332,36.29999923706055,36.38999938964844,37.25,1091600,37.25
2017-03-14,37.779998779296875,36.59000015258789,37.75,37.0099983215332,497700,37.0099983215332
2017-03-15,37.91999816894531,36.04999923706055,37.349998474121094,37.7400016784668,883500,37.7400016784668
2017-03-16,38.849998474121094,37.7599983215332,37.849998474121094,38.7400016784668,822500,38.7400016784668
2017-03-17,38.970001220703125,38.11000061035156,38.849998474121094,38.810001373291016,936700,38.810001373291016
2017-03-20,39.849998474121094,38.970001220703125,38.9900016784668,39.689998626708984,1081500,39.689998626708984
2017-03-21,39.380001068115234,38.08000183105469,39.220001220703125,38.58000183105469,676800,38.58000183105469
2017-03-22,39.06999969482422,37.900001525878906,38.380001068115234,38.72999954223633,695500,38.72999954223633
2017-03-23,39.16999816894531,38.2400016784668,38.84000015258789,38.29999923706055,436100,38.29999923706055
2017-03-24,38.77000045776367,38.0,38.540000915527344,38.369998931884766,486400,38.369998931884766
2017-03-27,39.45000076293945,36.93000030517578,37.93000030517578,39.349998474121094,1020700,39.349998474121094
2017-03-28,39.66999816894531,38.6150016784668,39.25,39.0099983215332,824600,39.0099983215332
2017-03-29,40.29999923706055,39.29999923706055,39.470001220703125,40.25,1305300,40.25
2017-03-30,40.529998779296875,39.880001068115234,40.33000183105469,39.900001525878906,505500,39.900001525878906
2017-03-31,40.720001220703125,39.79999923706055,40.310001373291016,40.4900016784668,696600,40.4900016784668
2017-04-03,41.529998779296875,39.959999084472656,40.380001068115234,41.369998931884766,908700,41.369998931884766
2017-04-04,41.4900016784668,40.970001220703125,41.27000045776367,41.290000915527344,407400,41.290000915527344
2017-04-05,41.52000045776367,40.18000030517578,41.22999954223633,40.209999084472656,634700,40.209999084472656
2017-04-06,41.59000015258789,40.119998931884766,40.22999954223633,41.59000015258789,748000,41.59000015258789
2017-04-07,42.93000030517578,41.59000015258789,41.68000030517578,42.650001525878906,1632500,42.650001525878906
2017-04-10,44.599998474121094,42.68000030517578,42.939998626708984,44.040000915527344,1366800,44.040000915527344
2017-04-11,44.63999938964844,43.16999816894531,44.0,44.0,952500,44.0
2017-04-12,44.72999954223633,43.53799819946289,44.150001525878906,44.630001068115234,665000,44.630001068115234
2017-04-13,44.97999954223633,43.470001220703125,44.68000030517578,43.5099983215332,696600,43.5099983215332
2017-04-17,44.19499969482422,42.1609992980957,43.16999816894531,43.84000015258789,794800,43.84000015258789
2017-04-18,44.16999816894531,43.54999923706055,43.77000045776367,43.900001525878906,472800,43.900001525878906
2017-04-19,45.86000061035156,43.849998474121094,44.2400016784668,45.68000030517578,1298600,45.68000030517578
2017-04-20,46.20000076293945,44.349998474121094,45.72999954223633,45.619998931884766,1436100,45.619998931884766
2017-04-21,46.185001373291016,45.0099983215332,45.7599983215332,45.959999084472656,491200,45.959999084472656
2017-04-24,46.959999084472656,43.099998474121094,46.45000076293945,43.47999954223633,3444500,43.47999954223633
2017-04-25,44.650001525878906,42.70000076293945,43.689998626708984,44.220001220703125,1254000,44.220001220703125
2017-04-26,44.529998779296875,43.7400016784668,44.279998779296875,44.06999969482422,438900,44.06999969482422
2017-04-27,45.70000076293945,44.150001525878906,44.279998779296875,45.31999969482422,846700,45.31999969482422
2017-04-28,45.880001068115234,45.130001068115234,45.400001525878906,45.709999084472656,837400,45.709999084472656
2017-05-01,48.81999969482422,45.27000045776367,45.5,47.02000045776367,1885600,47.02000045776367
2017-05-02,49.75,47.099998474121094,47.209999084472656,49.0,3005000,49.0
2017-05-03,49.099998474121094,47.849998474121094,48.470001220703125,48.38999938964844,907800,48.38999938964844
2017-05-04,48.93000030517578,47.7400016784668,48.279998779296875,48.45000076293945,625500,48.45000076293945
2017-05-05,48.970001220703125,47.68000030517578,48.72999954223633,48.52000045776367,1097000,48.52000045776367
2017-05-08,51.13999938964844,48.0099983215332,48.86000061035156,51.130001068115234,3437200,51.130001068115234
2017-05-09,64.4800033569336,56.75,57.36000061035156,61.72999954223633,11973200,61.72999954223633
2017-05-10,64.4000015258789,60.72999954223633,61.689998626708984,64.16000366210938,4097300,64.16000366210938
2017-05-11,65.80000305175781,61.20000076293945,61.79999923706055,64.54000091552734,4567500,64.54000091552734
2017-05-12,62.79999923706055,60.02000045776367,61.13999938964844,60.68000030517578,4701600,60.68000030517578
2017-05-15,62.375,60.2599983215332,61.18000030517578,61.09000015258789,2101600,61.09000015258789
2017-05-16,61.65999984741211,60.060001373291016,61.310001373291016,61.279998779296875,1405800,61.279998779296875
2017-05-17,62.150001525878906,60.33000183105469,60.720001220703125,61.7400016784668,1829700,61.7400016784668
2017-05-18,64.4000015258789,60.400001525878906,60.84000015258789,63.61000061035156,1980100,63.61000061035156
2017-05-19,64.16000366210938,61.90999984741211,63.06999969482422,61.91999816894531,1494900,61.91999816894531
2017-05-22,64.04499816894531,61.83000183105469,62.189998626708984,63.86000061035156,1089500,63.86000061035156
2017-05-23,64.2300033569336,62.93000030517578,64.0,63.709999084472656,1066400,63.709999084472656
2017-05-24,64.91999816894531,62.84000015258789,63.849998474121094,64.75,1326900,64.75
2017-05-25,64.8499984741211,63.27000045776367,64.8499984741211,63.4900016784668,1423200,63.4900016784668
2017-05-26,65.1500015258789,63.2599983215332,63.9900016784668,65.0,727100,65.0
2017-05-30,65.23999786376953,62.698001861572266,64.47000122070312,64.08999633789062,1345300,64.08999633789062
2017-05-31,63.77000045776367,62.619998931884766,63.290000915527344,62.95000076293945,1498000,62.95000076293945
2017-06-01,67.02999877929688,62.970001220703125,63.18000030517578,66.4800033569336,1733900,66.4800033569336
2017-06-02,68.55999755859375,66.68000030517578,68.0,68.18000030517578,1863600,68.18000030517578
2017-06-05,68.91000366210938,66.68000030517578,68.44000244140625,68.58999633789062,1008100,68.58999633789062
2017-06-06,70.36000061035156,68.43000030517578,68.5999984741211,69.52999877929688,1600000,69.52999877929688
2017-06-07,70.30000305175781,67.75,69.44000244140625,68.93000030517578,1608900,68.93000030517578
2017-06-08,73.53299713134766,69.01000213623047,69.66000366210938,73.16000366210938,1837900,73.16000366210938
2017-06-09,73.16000366210938,69.55000305175781,73.05000305175781,70.06999969482422,3211500,70.06999969482422
2017-06-12,71.0,65.02999877929688,69.5,70.55000305175781,2430600,70.55000305175781
2017-06-13,72.0,69.99400329589844,70.79000091552734,70.55999755859375,934400,70.55999755859375
2017-06-14,72.94000244140625,70.23999786376953,71.56999969482422,71.77999877929688,1011400,71.77999877929688
2017-06-15,75.02999877929688,70.14099884033203,70.73999786376953,74.11000061035156,1698200,74.11000061035156
2017-06-16,76.54000091552734,73.19999694824219,73.7699966430664,76.16999816894531,3037100,76.16999816894531
2017-06-19,76.0,72.69999694824219,75.77999877929688,73.45999908447266,1899100,73.45999908447266
2017-06-20,75.44000244140625,73.45999908447266,73.45999908447266,74.5,1101700,74.5
2017-06-21,76.19999694824219,74.30000305175781,74.37000274658203,75.41000366210938,801100,75.41000366210938
2017-06-22,76.58000183105469,74.55000305175781,75.2300033569336,76.31999969482422,761400,76.31999969482422
2017-06-23,78.20999908447266,75.37000274658203,76.27999877929688,76.9800033569336,4242800,76.9800033569336
2017-06-26,77.51000213623047,75.02999877929688,77.51000213623047,75.8499984741211,1279400,75.8499984741211
2017-06-27,76.66999816894531,74.31999969482422,74.58000183105469,75.2699966430664,965900,75.2699966430664
2017-06-28,76.38999938964844,74.4000015258789,75.4000015258789,76.02999877929688,1259400,76.02999877929688
2017-06-29,76.30000305175781,72.47000122070312,76.0999984741211,74.02999877929688,1118900,74.02999877929688
2017-06-30,77.37999725341797,74.18000030517578,74.30000305175781,76.87999725341797,1144200,76.87999725341797
2017-07-03,77.08000183105469,73.56999969482422,76.69000244140625,74.45999908447266,858800,74.45999908447266
2017-07-05,76.41999816894531,74.45999908447266,74.56999969482422,75.4800033569336,911900,75.4800033569336
2017-07-06,75.86000061035156,73.55000305175781,75.16000366210938,74.23999786376953,771900,74.23999786376953
2017-07-07,76.01000213623047,73.62000274658203,74.2699966430664,74.05999755859375,750000,74.05999755859375
2017-07-10,74.44000244140625,72.66000366210938,74.08000183105469,73.72000122070312,944400,73.72000122070312
2017-07-11,75.69000244140625,73.5,73.87999725341797,75.22000122070312,603200,75.22000122070312
2017-07-12,76.36000061035156,75.1500015258789,75.73999786376953,75.58999633789062,608500,75.58999633789062
2017-07-13,79.33000183105469,76.08000183105469,76.44999694824219,78.16999816894531,1293800,78.16999816894531
2017-07-14,78.76000213623047,76.16999816894531,78.22000122070312,76.73999786376953,604700,76.73999786376953
2017-07-17,76.9800033569336,74.5999984741211,76.30000305175781,75.05000305175781,799800,75.05000305175781
2017-07-18,76.36000061035156,74.48999786376953,74.48999786376953,75.72000122070312,716300,75.72000122070312
2017-07-19,76.37999725341797,75.08999633789062,76.18000030517578,75.81999969482422,546900,75.81999969482422
2017-07-20,77.16999816894531,75.16000366210938,75.58000183105469,76.75,600800,76.75
2017-07-21,76.87000274658203,75.26000213623047,76.44000244140625,76.05999755859375,716100,76.05999755859375
2017-07-24,76.93000030517578,76.0,76.4000015258789,76.16000366210938,546200,76.16000366210938
2017-07-25,77.05000305175781,75.05999755859375,76.41000366210938,76.91000366210938,548800,76.91000366210938
2017-07-26,80.4000015258789,76.48500061035156,77.05000305175781,79.36000061035156,1323500,79.36000061035156
2017-07-27,80.27999877929688,75.0,79.63999938964844,77.05000305175781,1122500,77.05000305175781
2017-07-28,78.9800033569336,76.0,76.66999816894531,78.19999694824219,704500,78.19999694824219
2017-07-31,78.7300033569336,75.38999938964844,78.25,76.3499984741211,971700,76.3499984741211
2017-08-01,77.18000030517578,74.29100036621094,76.91999816894531,75.77999877929688,992600,75.77999877929688
2017-08-02,76.18000030517578,73.2300033569336,75.91999816894531,73.83000183105469,1155900,73.83000183105469
2017-08-03,77.80000305175781,73.58000183105469,73.83999633789062,77.33000183105469,1346300,77.33000183105469
2017-08-04,80.5199966430664,76.8499984741211,77.58000183105469,80.36000061035156,1059000,80.36000061035156
2017-08-07,82.19000244140625,78.08999633789062,80.73999786376953,80.56999969482422,2524200,80.56999969482422
2017-08-08,80.5,72.55000305175781,80.0,75.5199966430664,4644900,75.5199966430664
2017-08-09,76.6500015258789,72.2300033569336,74.20999908447266,72.81999969482422,1890200,72.81999969482422
2017-08-10,72.4800033569336,68.94000244140625,72.25,69.01000213623047,2586900,69.01000213623047
2017-08-11,70.94000244140625,68.5999984741211,68.95999908447266,69.69000244140625,1198600,69.69000244140625
2017-08-14,71.26000213623047,70.0,70.08000183105469,70.80999755859375,1255500,70.80999755859375
2017-08-15,70.95999908447266,70.0199966430664,70.79000091552734,70.8499984741211,861600,70.8499984741211
2017-08-16,71.18000030517578,70.16999816894531,70.8499984741211,70.68000030517578,939700,70.68000030517578
2017-08-17,70.36000061035156,66.43000030517578,70.36000061035156,67.06999969482422,1712100,67.06999969482422
2017-08-18,67.80000305175781,66.22100067138672,67.4800033569336,66.87000274658203,1192700,66.87000274658203
2017-08-21,67.33999633789062,65.30000305175781,66.80000305175781,66.0,1228000,66.0
2017-08-22,67.63500213623047,65.91000366210938,66.3499984741211,67.51000213623047,872800,67.51000213623047
2017-08-23,67.51000213623047,65.87999725341797,67.08999633789062,67.4000015258789,734900,67.4000015258789
2017-08-24,67.8489990234375,65.83000183105469,67.55000305175781,67.19000244140625,983700,67.19000244140625
2017-08-25,70.62000274658203,68.13999938964844,69.29000091552734,69.19999694824219,1366000,69.19999694824219
2017-08-28,69.23999786376953,67.80999755859375,69.23999786376953,68.55999755859375,611200,68.55999755859375
2017-08-29,68.5999984741211,66.0999984741211,66.94000244140625,68.29000091552734,1284500,68.29000091552734
2017-08-30,69.80999755859375,68.05000305175781,68.4000015258789,69.77999877929688,796000,69.77999877929688
2017-08-31,71.23999786376953,69.62000274658203,70.08000183105469,71.01000213623047,1458100,71.01000213623047
2017-09-01,72.93000030517578,70.54000091552734,71.05000305175781,72.45999908447266,1327100,72.45999908447266
2017-09-05,73.91999816894531,71.77999877929688,72.30999755859375,73.62999725341797,916300,73.62999725341797
2017-09-06,74.9800033569336,72.83999633789062,74.94000244140625,73.05999755859375,1166500,73.05999755859375
2017-09-07,74.36000061035156,72.76000213623047,73.37999725341797,73.80000305175781,1319900,73.80000305175781
2017-09-08,77.36000061035156,74.33000183105469,74.97000122070312,77.2300033569336,2053400,77.2300033569336
2017-09-11,78.30999755859375,76.13999938964844,76.30000305175781,77.08000183105469,2118000,77.08000183105469
2017-09-12,82.75,77.30000305175781,77.54000091552734,82.37999725341797,3727700,82.37999725341797
2017-09-13,83.36000061035156,79.8949966430664,82.26000213623047,80.97000122070312,2733800,80.97000122070312
2017-09-14,80.8499984741211,79.30999755859375,80.48999786376953,80.2300033569336,1397700,80.2300033569336
2017-09-15,80.16000366210938,78.4800033569336,80.0,79.76000213623047,1637300,79.76000213623047
2017-09-18,80.97000122070312,79.0,79.66999816894531,80.29000091552734,1024200,80.29000091552734
2017-09-19,80.78199768066406,79.12000274658203,80.33000183105469,79.91999816894531,838000,79.91999816894531
2017-09-20,84.19000244140625,79.58999633789062,79.58999633789062,83.7699966430664,2320700,83.7699966430664
2017-09-21,83.88999938964844,81.04000091552734,83.88999938964844,81.75,1305200,81.75
2017-09-22,81.41000366210938,74.0199966430664,81.41000366210938,74.58999633789062,4132000,74.58999633789062
2017-09-25,75.12999725341797,70.62999725341797,74.33000183105469,71.2300033569336,1849300,71.2300033569336
2017-09-26,72.73500061035156,68.22000122070312,71.51000213623047,68.44000244140625,2003600,68.44000244140625
2017-09-27,71.19999694824219,69.02300262451172,69.16999816894531,70.2699966430664,1640500,70.2699966430664
2017-09-28,71.37999725341797,68.5999984741211,69.16000366210938,70.47000122070312,1575600,70.47000122070312
2017-09-29,70.3499984741211,66.94000244140625,70.19999694824219,67.4000015258789,1471400,67.4000015258789
2017-10-02,69.33999633789062,67.11000061035156,67.33000183105469,68.45999908447266,1305600,68.45999908447266
2017-10-03,72.97000122070312,70.05999755859375,70.06999969482422,72.80000305175781,1969900,72.80000305175781
2017-10-04,74.5,71.58999633789062,72.0999984741211,73.02999877929688,1374300,73.02999877929688
2017-10-05,73.5,70.8499984741211,73.0,71.16999816894531,1601800,71.16999816894531
2017-10-06,71.66999816894531,68.05999755859375,70.68000030517578,68.98999786376953,1588000,68.98999786376953
2017-10-09,69.26899719238281,68.16000366210938,68.83999633789062,68.27999877929688,805000,68.27999877929688
2017-10-10,69.2699966430664,65.11000061035156,69.2699966430664,65.94999694824219,2048600,65.94999694824219
2017-10-11,66.70999908447266,65.29000091552734,66.27999877929688,66.22000122070312,1719900,66.22000122070312
2017-10-12,69.41000366210938,65.86000061035156,65.87999725341797,69.18000030517578,1587000,69.18000030517578
2017-10-13,72.2699966430664,69.4749984741211,69.63999938964844,71.41999816894531,1919500,71.41999816894531
2017-10-16,71.44999694824219,67.74800109863281,71.37000274658203,69.7300033569336,2346100,69.7300033569336
2017-10-17,69.55000305175781,67.45999908447266,69.55000305175781,67.76000213623047,1736100,67.76000213623047
2017-10-18,68.58000183105469,64.80999755859375,65.77999877929688,67.12999725341797,3130500,67.12999725341797
2017-10-19,68.5199966430664,66.62000274658203,67.3499984741211,67.1500015258789,1527700,67.1500015258789
2017-10-20,68.70999908447266,67.08000183105469,67.5199966430664,68.04000091552734,1683100,68.04000091552734
2017-10-23,67.87000274658203,65.20999908447266,67.83000183105469,67.0999984741211,3014400,67.0999984741211
2017-10-24,67.38999938964844,65.80000305175781,67.38999938964844,66.44999694824219,1068400,66.44999694824219
2017-10-25,66.822998046875,64.41000366210938,66.76000213623047,64.5199966430664,1305900,64.5199966430664
2017-10-26,64.83000183105469,63.599998474121094,64.62999725341797,63.83000183105469,1411300,63.83000183105469
2017-10-27,70.05999755859375,64.44000244140625,64.5999984741211,67.55000305175781,3117700,67.55000305175781
2017-10-30,71.76000213623047,67.52999877929688,67.55000305175781,69.66000366210938,2212100,69.66000366210938
2017-10-31,70.0,68.69000244140625,69.48999786376953,69.9000015258789,1643600,69.9000015258789
2017-11-01,74.5,70.18000030517578,70.5999984741211,74.41000366210938,4635500,74.41000366210938
2017-11-02,63.39500045776367,56.540000915527344,59.2400016784668,62.84000015258789,14186600,62.84000015258789
2017-11-03,69.44000244140625,61.689998626708984,62.505001068115234,67.5,6132900,67.5
2017-11-06,67.40499877929688,64.0199966430664,67.0,64.05000305175781,2455200,64.05000305175781
2017-11-07,64.63999938964844,59.70000076293945,64.20999908447266,60.2599983215332,3223300,60.2599983215332
2017-11-08,59.38999938964844,56.02000045776367,59.33000183105469,57.849998474121094,2845600,57.849998474121094
2017-11-09,58.25,55.33000183105469,57.560001373291016,57.970001220703125,1840600,57.970001220703125
2017-11-10,61.68000030517578,57.88999938964844,57.88999938964844,61.56999969482422,2192600,61.56999969482422
2017-11-13,62.70000076293945,60.05799865722656,61.0099983215332,62.540000915527344,1865600,62.540000915527344
2017-11-14,65.12000274658203,62.25,62.54999923706055,64.9000015258789,1754500,64.9000015258789
2017-11-15,64.56500244140625,62.584999084472656,64.41999816894531,63.45000076293945,1348600,63.45000076293945
2017-11-16,66.08999633789062,63.63999938964844,63.63999938964844,65.9000015258789,1212500,65.9000015258789
2017-11-17,67.58999633789062,64.88999938964844,65.81999969482422,66.38999938964844,1246900,66.38999938964844
2017-11-20,67.20999908447266,65.7699966430664,66.29000091552734,66.68000030517578,957400,66.68000030517578
2017-11-21,68.36000061035156,66.45999908447266,66.80999755859375,68.08999633789062,702300,68.08999633789062
2017-11-22,68.43499755859375,66.9000015258789,68.01000213623047,68.25,623100,68.25
2017-11-24,69.36000061035156,68.05999755859375,68.19000244140625,69.05000305175781,351300,69.05000305175781
2017-11-27,69.58000183105469,67.66000366210938,69.29000091552734,68.76000213623047,890600,68.76000213623047
2017-11-28,70.7699966430664,67.83999633789062,68.76000213623047,70.06999969482422,1599400,70.06999969482422
2017-11-29,72.68000030517578,67.06999969482422,71.5,67.87000274658203,2230000,67.87000274658203
2017-11-30,71.23999786376953,67.9000015258789,67.9000015258789,69.98999786376953,2217400,69.98999786376953
2017-12-01,70.79000091552734,67.38999938964844,69.70999908447266,70.2300033569336,1295500,70.2300033569336
2017-12-04,74.27999877929688,70.4800033569336,71.56999969482422,71.9000015258789,1898000,71.9000015258789
2017-12-05,73.79000091552734,70.69000244140625,71.86000061035156,72.58000183105469,728900,72.58000183105469
2017-12-06,75.73999786376953,72.44999694824219,72.44999694824219,73.7699966430664,1809400,73.7699966430664
2017-12-07,75.44000244140625,73.54100036621094,73.61000061035156,74.91999816894531,720200,74.91999816894531
2017-12-08,76.19999694824219,73.16000366210938,75.29000091552734,73.94999694824219,1225800,73.94999694824219
2017-12-11,75.0999984741211,73.91999816894531,74.43000030517578,74.58999633789062,975000,74.58999633789062
2017-12-12,74.30999755859375,72.4000015258789,73.83999633789062,72.44999694824219,935500,72.44999694824219
2017-12-13,76.11000061035156,72.5199966430664,73.04000091552734,75.83000183105469,1076100,75.83000183105469
2017-12-14,76.97000122070312,75.20099639892578,75.7699966430664,76.18000030517578,1035500,76.18000030517578
2017-12-15,79.4000015258789,75.6500015258789,76.3499984741211,79.26000213623047,2064100,79.26000213623047
2017-12-18,83.78500366210938,79.0,80.16999816894531,83.08000183105469,2091500,83.08000183105469
2017-12-19,83.0999984741211,80.91999816894531,82.75,81.69000244140625,1412600,81.69000244140625
2017-12-20,83.1500015258789,81.12000274658203,82.37000274658203,81.58000183105469,1925800,81.58000183105469
2017-12-21,81.48999786376953,77.27999877929688,81.48999786376953,78.88999938964844,2699100,78.88999938964844
2017-12-22,81.16000366210938,77.88999938964844,78.88999938964844,79.52999877929688,1429600,79.52999877929688
2017-12-26,81.68000030517578,79.02999877929688,80.08000183105469,81.27999877929688,1443100,81.27999877929688
2017-12-27,82.50499725341797,80.8499984741211,81.66000366210938,81.0999984741211,1003400,81.0999984741211
2017-12-28,81.51000213623047,80.12000274658203,80.86000061035156,80.91000366210938,596600,80.91000366210938
2017-12-29,81.45999908447266,79.80000305175781,81.0,80.2699966430664,964300,80.2699966430664
2018-01-02,81.22000122070312,79.2699966430664,80.05000305175781,81.0199966430664,2045100,81.0199966430664
2018-01-03,79.37000274658203,75.75,78.5,78.44999694824219,2693900,78.44999694824219
2018-01-04,79.51000213623047,76.26000213623047,78.51000213623047,79.30000305175781,1202300,79.30000305175781
2018-01-05,81.05999755859375,78.33999633789062,79.95999908447266,80.75,1245900,80.75
2018-01-08,83.94000244140625,81.0,81.08999633789062,83.05000305175781,1591200,83.05000305175781
2018-01-09,83.77999877929688,81.0009994506836,83.01000213623047,81.25,1231500,81.25
2018-01-10,83.02999877929688,80.66999816894531,80.97000122070312,82.95999908447266,1216500,82.95999908447266
2018-01-11,85.6500015258789,83.0,83.0,85.38999938964844,1177300,85.38999938964844
2018-01-12,88.05999755859375,84.80999755859375,85.06999969482422,85.58000183105469,1135600,85.58000183105469
2018-01-16,87.72000122070312,84.33000183105469,86.58999633789062,84.5,1115900,84.5
2018-01-17,86.3270034790039,83.77999877929688,84.69000244140625,85.55999755859375,989800,85.55999755859375
2018-01-18,86.20700073242188,84.98999786376953,85.95999908447266,85.55999755859375,680800,85.55999755859375
2018-01-19,88.61000061035156,85.72000122070312,85.95999908447266,87.83999633789062,988500,87.83999633789062
2018-01-22,91.48999786376953,87.1709976196289,87.25,90.63999938964844,2507900,90.63999938964844
2018-01-23,90.41000366210938,87.55000305175781,88.01000213623047,90.18000030517578,1259500,90.18000030517578
2018-01-24,92.5199966430664,87.83999633789062,91.36000061035156,90.83999633789062,1292300,90.83999633789062
2018-01-25,92.6449966430664,90.01000213623047,91.68000030517578,91.16000366210938,908600,91.16000366210938
2018-01-26,93.55000305175781,91.11000061035156,91.83000183105469,93.30000305175781,922300,93.30000305175781
2018-01-29,94.94999694824219,92.66000366210938,93.30000305175781,94.36000061035156,1150600,94.36000061035156
2018-01-30,94.18000030517578,90.9000015258789,90.9000015258789,92.9800033569336,849000,92.9800033569336
2018-01-31,94.0,91.3499984741211,92.5,92.01000213623047,715900,92.01000213623047
2018-02-01,93.28700256347656,90.04000091552734,90.87999725341797,91.7300033569336,869000,91.7300033569336
2018-02-02,92.11000061035156,89.88999938964844,91.0,90.77999877929688,1197000,90.77999877929688
2018-02-05,94.36000061035156,89.0199966430664,89.37000274658203,89.2699966430664,1619000,89.2699966430664
2018-02-06,92.11499786376953,87.76000213623047,87.77999877929688,91.98999786376953,1047200,91.98999786376953
2018-02-07,93.4800033569336,90.56999969482422,91.5,91.12999725341797,1186200,91.12999725341797
2018-02-08,92.47000122070312,88.8550033569336,91.51000213623047,88.9800033569336,933600,88.9800033569336
2018-02-09,91.79000091552734,85.56999969482422,90.0,90.68000030517578,1404600,90.68000030517578
2018-02-12,92.58999633789062,88.85800170898438,91.43000030517578,92.0199966430664,928700,92.0199966430664
2018-02-13,95.08000183105469,91.8499984741211,91.9000015258789,92.55000305175781,1156300,92.55000305175781
2018-02-14,98.19999694824219,91.54000091552734,92.0,97.06999969482422,1605400,97.06999969482422
2018-02-15,98.43000030517578,95.4800033569336,97.0999984741211,96.76000213623047,1412100,96.76000213623047
2018-02-16,98.7300033569336,95.94999694824219,97.25,97.5199966430664,1029400,97.5199966430664
2018-02-20,100.13999938964844,96.04000091552734,97.27999877929688,96.30000305175781,2135000,96.30000305175781
2018-02-21,98.30999755859375,94.93000030517578,96.66000366210938,95.69000244140625,3230800,95.69000244140625
2018-02-22,83.48999786376953,73.55999755859375,81.45999908447266,73.94999694824219,12900000,73.94999694824219
2018-02-23,76.4000015258789,68.5,73.7699966430664,75.25,11334100,75.25
2018-02-26,77.54000091552734,72.69000244140625,75.55000305175781,75.01000213623047,4019800,75.01000213623047
2018-02-27,76.80999755859375,74.08999633789062,74.08999633789062,76.2699966430664,2703500,76.2699966430664
2018-02-28,78.9000015258789,75.0,76.66000366210938,77.41999816894531,2669200,77.41999816894531
2018-03-01,79.37999725341797,76.0199966430664,77.20999908447266,79.27999877929688,2283900,79.27999877929688
2018-03-02,80.6500015258789,77.45999908447266,78.54000091552734,80.33999633789062,1657100,80.33999633789062
2018-03-05,81.73999786376953,79.27999877929688,80.0,81.22000122070312,1208400,81.22000122070312
2018-03-06,83.66000366210938,80.75,80.9000015258789,83.12999725341797,1301800,83.12999725341797
2018-03-07,85.30000305175781,81.12999725341797,81.66999816894531,84.63999938964844,1532200,84.63999938964844
2018-03-08,86.95999908447266,84.1500015258789,85.69999694824219,85.37000274658203,1292900,85.37000274658203
2018-03-09,86.33999633789062,84.26000213623047,85.7699966430664,86.26000213623047,1198000,86.26000213623047
2018-03-12,87.75,84.88999938964844,86.5,85.0,1271300,85.0
2018-03-13,85.5,83.66999816894531,84.94000244140625,84.36000061035156,990800,84.36000061035156
2018-03-14,86.16999816894531,83.52400207519531,84.52999877929688,84.86000061035156,991100,84.86000061035156
2018-03-15,85.0260009765625,81.11000061035156,84.83000183105469,83.95999908447266,1480000,83.95999908447266
2018-03-16,81.80000305175781,77.47000122070312,80.69000244140625,78.94999694824219,3287000,78.94999694824219
2018-03-19,79.30999755859375,75.75,78.19000244140625,76.52999877929688,2231800,76.52999877929688
2018-03-20,77.05000305175781,75.01000213623047,77.04000091552734,76.5,1818500,76.5
2018-03-21,77.30000305175781,72.0,76.0,72.44999694824219,2841600,72.44999694824219
2018-03-22,72.30999755859375,69.08000183105469,72.12999725341797,69.2699966430664,2423200,69.2699966430664
2018-03-23,70.11499786376953,66.86000061035156,69.05000305175781,67.58000183105469,2125100,67.58000183105469
2018-03-26,68.80999755859375,67.0,68.72000122070312,68.01000213623047,1905800,68.01000213623047
2018-03-27,68.69999694824219,65.80999755859375,68.11000061035156,66.54000091552734,2458100,66.54000091552734
2018-03-28,67.4800033569336,64.25,66.19999694824219,65.13999938964844,2596700,65.13999938964844
2018-03-29,68.16999816894531,65.56999969482422,65.88999938964844,67.52999877929688,1857100,67.52999877929688
2018-04-02,67.52999877929688,61.689998626708984,64.66999816894531,62.65999984741211,3461500,62.65999984741211
2018-04-03,66.12000274658203,61.79999923706055,63.189998626708984,65.79000091552734,2671500,65.79000091552734
2018-04-04,67.63999938964844,63.58000183105469,64.33999633789062,67.3499984741211,1912200,67.3499984741211
2018-04-05,68.93000030517578,67.31999969482422,67.86000061035156,68.12000274658203,1432600,68.12000274658203
2018-04-06,68.91000366210938,66.52999877929688,67.48999786376953,66.63999938964844,1122100,66.63999938964844
2018-04-09,68.55999755859375,66.66000366210938,67.5,67.1500015258789,678200,67.1500015258789
2018-04-10,68.7699966430664,66.6500015258789,68.20999908447266,68.44999694824219,895900,68.44999694824219
2018-04-11,69.94000244140625,67.44999694824219,68.0,67.66999816894531,807100,67.66999816894531
2018-04-12,68.29000091552734,67.12000274658203,68.02999877929688,67.72000122070312,719300,67.72000122070312
2018-04-13,68.30999755859375,66.1500015258789,68.30999755859375,66.80999755859375,1173700,66.80999755859375
2018-04-16,67.47000122070312,65.50499725341797,67.0999984741211,65.86000061035156,1397900,65.86000061035156
2018-04-17,69.8499984741211,65.98500061035156,66.66000366210938,68.23999786376953,1808700,68.23999786376953
2018-04-18,70.52999877929688,67.88999938964844,68.56999969482422,69.68000030517578,1496200,69.68000030517578
2018-04-19,70.0,68.0999984741211,69.63999938964844,69.12000274658203,905900,69.12000274658203
2018-04-20,71.27200317382812,68.41999816894531,68.62000274658203,69.91000366210938,2221900,69.91000366210938
2018-04-23,73.61000061035156,69.7699966430664,70.83000183105469,73.23999786376953,2694800,73.23999786376953
2018-04-24,73.70999908447266,68.31999969482422,73.43000030517578,68.7699966430664,1585500,68.7699966430664
2018-04-25,68.29000091552734,66.05999755859375,67.31999969482422,67.47000122070312,1514200,67.47000122070312
2018-04-26,68.94999694824219,67.25,68.47000122070312,67.75,1426300,67.75
2018-04-27,69.30000305175781,66.19999694824219,68.25,66.61000061035156,2703100,66.61000061035156
2018-04-30,64.25,60.529998779296875,63.310001373291016,62.29999923706055,3734200,62.29999923706055
2018-05-01,65.66000366210938,61.4900016784668,61.970001220703125,65.16999816894531,3085500,65.16999816894531
2018-05-02,77.48999786376953,68.4000015258789,71.81999969482422,74.06999969482422,7213300,74.06999969482422
2018-05-03,76.47000122070312,73.63999938964844,74.01000213623047,76.16999816894531,2331100,76.16999816894531
2018-05-04,81.43000030517578,75.02999877929688,75.12999725341797,80.12999725341797,2527800,80.12999725341797
2018-05-07,83.27999877929688,79.94000244140625,80.0,82.16000366210938,1748400,82.16000366210938
2018-05-08,85.72000122070312,81.62000274658203,82.04000091552734,84.52999877929688,1829000,84.52999877929688
2018-05-09,85.5,82.5,84.52999877929688,83.23999786376953,1697500,83.23999786376953
2018-05-10,84.37999725341797,82.7699966430664,83.88999938964844,83.6500015258789,981500,83.6500015258789
2018-05-11,85.31500244140625,83.3499984741211,83.9800033569336,84.70999908447266,812700,84.70999908447266
2018-05-14,85.55999755859375,83.44000244140625,84.94999694824219,83.7300033569336,1046200,83.7300033569336
2018-05-15,85.44999694824219,82.30999755859375,83.43000030517578,84.58999633789062,1216700,84.58999633789062
2018-05-16,85.5,83.71499633789062,84.2699966430664,85.05000305175781,849800,85.05000305175781
2018-05-17,86.5999984741211,84.80999755859375,85.22000122070312,85.76000213623047,1545600,85.76000213623047
2018-05-18,86.2699966430664,85.04399871826172,85.6500015258789,85.72000122070312,1284200,85.72000122070312
2018-05-21,87.30999755859375,85.12999725341797,86.51000213623047,85.52999877929688,1448000,85.52999877929688
2018-05-22,86.29000091552734,84.37999725341797,86.29000091552734,84.66000366210938,854800,84.66000366210938
2018-05-23,85.79000091552734,83.69000244140625,83.86000061035156,85.48999786376953,887900,85.48999786376953
2018-05-24,86.69000244140625,84.83100128173828,85.45999908447266,86.5199966430664,863600,86.5199966430664
2018-05-25,89.94000244140625,86.05999755859375,86.66999816894531,89.8499984741211,1498400,89.8499984741211
2018-05-29,91.94999694824219,88.8499984741211,88.88999938964844,90.9800033569336,1624800,90.9800033569336
2018-05-30,95.0999984741211,90.98999786376953,91.0,94.62000274658203,1495900,94.62000274658203
2018-05-31,95.79000091552734,91.81999969482422,94.5999984741211,92.3499984741211,1767100,92.3499984741211
2018-06-01,97.0,93.19999694824219,93.37999725341797,94.98999786376953,1795800,94.98999786376953
2018-06-04,98.37999725341797,94.3499984741211,95.1500015258789,98.0999984741211,1341500,98.0999984741211
2018-06-05,101.80000305175781,97.96499633789062,98.19999694824219,100.44000244140625,1632900,100.44000244140625
2018-06-06,105.25,100.52999877929688,100.52999877929688,105.20999908447266,1933200,105.20999908447266
2018-06-07,105.7300033569336,100.45999908447266,105.19000244140625,101.6500015258789,2010500,101.6500015258789
2018-06-08,106.0999984741211,100.66000366210938,101.77999877929688,105.41000366210938,2344100,105.41000366210938
2018-06-11,109.45999908447266,103.75,105.73999786376953,103.97000122070312,2859600,103.97000122070312
2018-06-12,109.73500061035156,104.16999816894531,104.16999816894531,108.13999938964844,1698400,108.13999938964844
2018-06-13,109.48999786376953,107.08000183105469,108.98999786376953,107.43000030517578,1125500,107.43000030517578
2018-06-14,110.18000030517578,107.69000244140625,108.05000305175781,109.5,1667800,109.5
2018-06-15,112.58000183105469,106.94000244140625,108.31999969482422,110.87000274658203,1888900,110.87000274658203
2018-06-18,114.0199966430664,108.88999938964844,109.93000030517578,113.81999969482422,1262000,113.81999969482422
2018-06-19,114.01499938964844,109.68000030517578,111.87999725341797,113.87000274658203,1426600,113.87000274658203
2018-06-20,116.93000030517578,113.47000122070312,114.2300033569336,116.16000366210938,2068300,116.16000366210938
2018-06-21,117.44999694824219,105.11000061035156,116.13999938964844,114.27999877929688,3703200,114.27999877929688
2018-06-22,117.02999877929688,112.55999755859375,114.23999786376953,114.83999633789062,2565300,114.83999633789062
2018-06-25,114.20999908447266,108.6500015258789,114.18000030517578,109.80999755859375,1457000,109.80999755859375
2018-06-26,112.69000244140625,108.91500091552734,110.9000015258789,112.20999908447266,1368600,112.20999908447266
2018-06-27,117.36000061035156,111.13999938964844,114.30999755859375,111.45999908447266,1517700,111.45999908447266
2018-06-28,119.83999633789062,110.81999969482422,111.41999816894531,118.63999938964844,1970200,118.63999938964844
2018-06-29,119.5,116.64299774169922,118.88999938964844,118.76000213623047,1117400,118.76000213623047
2018-07-02,117.62000274658203,115.36000061035156,117.47000122070312,115.91000366210938,1346200,115.91000366210938
2018-07-03,118.07499694824219,115.0,117.58999633789062,115.94000244140625,607500,115.94000244140625
2018-07-05,117.9000015258789,114.66000366210938,117.2699966430664,117.81999969482422,978300,117.81999969482422
2018-07-06,122.05000305175781,117.33000183105469,117.41999816894531,121.73999786376953,1344000,121.73999786376953
2018-07-09,121.41000366210938,118.37000274658203,120.5,121.12000274658203,1238200,121.12000274658203
2018-07-10,122.52999877929688,119.69999694824219,121.12000274658203,120.69999694824219,872500,120.69999694824219
2018-07-11,118.22000122070312,112.2300033569336,117.79000091552734,117.16999816894531,1752100,117.16999816894531
2018-07-12,120.0,116.16999816894531,118.43000030517578,118.05999755859375,1149800,118.05999755859375
2018-07-13,120.5,118.02999877929688,119.13999938964844,119.16999816894531,860200,119.16999816894531
2018-07-16,122.12999725341797,117.12999725341797,118.9800033569336,120.7699966430664,830400,120.7699966430664
2018-07-17,125.93000030517578,118.62000274658203,119.55999755859375,124.6500015258789,1410800,124.6500015258789
2018-07-18,125.51000213623047,122.41000366210938,124.12999725341797,124.25,1443700,124.25
2018-07-19,126.60099792480469,124.01000213623047,124.26000213623047,125.61000061035156,1297300,125.61000061035156
2018-07-20,127.08999633789062,124.76000213623047,125.87000274658203,126.5,1135100,126.5
2018-07-23,128.44000244140625,125.54100036621094,126.62000274658203,126.87999725341797,1183900,126.87999725341797
2018-07-24,127.9000015258789,120.8499984741211,127.9000015258789,122.48999786376953,1104700,122.48999786376953
2018-07-25,126.54000091552734,119.44200134277344,120.2699966430664,125.97000122070312,927000,125.97000122070312
2018-07-26,125.80999755859375,118.0,125.58999633789062,118.47000122070312,1948800,118.47000122070312
2018-07-27,120.04000091552734,114.25,119.8499984741211,115.5,1784400,115.5
2018-07-30,116.26000213623047,107.58000183105469,115.30999755859375,109.66999816894531,2681500,109.66999816894531
2018-07-31,112.44000244140625,107.0,110.58999633789062,108.81999969482422,1778200,108.81999969482422
2018-08-01,110.81999969482422,107.2300033569336,109.5199966430664,107.2300033569336,2539900,107.2300033569336
2018-08-02,120.33999633789062,110.80500030517578,116.25,115.31999969482422,5190000,115.31999969482422
2018-08-03,114.83999633789062,110.39099884033203,113.80999755859375,111.63999938964844,2084200,111.63999938964844
2018-08-06,114.81999969482422,109.75,110.43000030517578,114.5,1512600,114.5
2018-08-07,117.19000244140625,110.69999694824219,113.81999969482422,114.94999694824219,1262500,114.94999694824219
2018-08-08,116.8499984741211,114.16000366210938,114.94999694824219,115.7699966430664,803800,115.7699966430664
2018-08-09,120.80000305175781,114.65499877929688,115.87999725341797,119.72000122070312,1796000,119.72000122070312
2018-08-10,125.22000122070312,117.20999908447266,117.20999908447266,123.38999938964844,4050600,123.38999938964844
2018-08-13,125.29000091552734,121.12000274658203,123.23999786376953,122.2699966430664,1616500,122.2699966430664
2018-08-14,123.1760025024414,120.5,122.70999908447266,122.23999786376953,813100,122.23999786376953
2018-08-15,122.93900299072266,117.45999908447266,121.19000244140625,119.43000030517578,1187500,119.43000030517578
2018-08-16,121.05000305175781,117.36199951171875,120.87999725341797,118.68000030517578,724900,118.68000030517578
2018-08-17,120.12000274658203,117.2750015258789,119.05000305175781,119.30999755859375,859700,119.30999755859375
2018-08-20,122.66999816894531,118.73999786376953,119.0,121.98999786376953,673900,121.98999786376953
2018-08-21,125.4000015258789,120.83999633789062,121.61000061035156,124.94999694824219,778000,124.94999694824219
2018-08-22,129.05999755859375,124.47000122070312,125.11000061035156,127.33999633789062,1120500,127.33999633789062
2018-08-23,134.22000122070312,127.33999633789062,127.33999633789062,130.82000732421875,1709000,130.82000732421875
2018-08-24,133.2100067138672,127.6500015258789,131.24000549316406,128.52999877929688,1357200,128.52999877929688
2018-08-27,130.61000061035156,127.19000244140625,130.0,128.74000549316406,1002300,128.74000549316406
2018-08-28,130.90899658203125,127.27999877929688,128.63999938964844,130.63999938964844,1439900,130.63999938964844
2018-08-29,131.89999389648438,127.94000244140625,130.44000244140625,131.8000030517578,1085500,131.8000030517578
2018-08-30,135.82000732421875,130.94000244140625,131.3300018310547,132.9600067138672,1019200,132.9600067138672
2018-08-31,135.4199981689453,131.50999450683594,132.30999755859375,135.1699981689453,1039300,135.1699981689453
2018-09-04,139.4199981689453,133.77000427246094,134.86000061035156,138.86000061035156,1763900,138.86000061035156
2018-09-05,138.4199981689453,130.32000732421875,138.0,133.4600067138672,1393700,133.4600067138672
2018-09-06,134.52000427246094,131.67999267578125,133.4499969482422,132.9499969482422,895900,132.9499969482422
2018-09-07,140.38999938964844,132.0,132.47000122070312,133.86000061035156,2110800,133.86000061035156
2018-09-10,139.44000244140625,134.0,135.88999938964844,138.77999877929688,1277100,138.77999877929688
2018-09-11,144.35000610351562,138.02000427246094,138.58999633789062,143.9600067138672,1069700,143.9600067138672
2018-09-12,149.89999389648438,142.69000244140625,143.39999389648438,149.5,1745600,149.5
2018-09-13,149.6199951171875,145.57000732421875,147.4600067138672,148.0399932861328,1246100,148.0399932861328
2018-09-14,151.19900512695312,147.54400634765625,148.60000610351562,149.9199981689453,1148800,149.9199981689453
2018-09-17,147.80099487304688,141.6999969482422,147.58999633789062,142.22999572753906,1751400,142.22999572753906
2018-09-18,145.05499267578125,142.3000030517578,142.3000030517578,143.25999450683594,985700,143.25999450683594
2018-09-19,146.86000061035156,130.72000122070312,146.27000427246094,139.02999877929688,1946100,139.02999877929688
2018-09-20,140.22000122070312,135.92100524902344,138.64999389648438,137.61000061035156,1137100,137.61000061035156
2018-09-21,139.72000122070312,133.50999450683594,138.2899932861328,133.97999572753906,2259200,133.97999572753906
2018-09-24,138.47999572753906,131.39999389648438,133.27999877929688,137.67999267578125,1092900,137.67999267578125
2018-09-25,141.3800048828125,137.55999755859375,137.6999969482422,141.13999938964844,978600,141.13999938964844
2018-09-26,142.89999389648438,138.42999267578125,140.6999969482422,141.72000122070312,747600,141.72000122070312
2018-09-27,147.5,143.83999633789062,143.83999633789062,145.6199951171875,914500,145.6199951171875
2018-09-28,149.6999969482422,145.0500030517578,145.16000366210938,147.6699981689453,877300,147.6699981689453
2018-10-01,149.85000610351562,141.3179931640625,149.11000061035156,143.63999938964844,1357400,143.63999938964844
2018-10-02,143.72999572753906,134.3000030517578,142.6300048828125,134.77999877929688,1666500,134.77999877929688
2018-10-03,139.47000122070312,133.74400329589844,135.72000122070312,138.1300048828125,882700,138.1300048828125
2018-10-04,136.0500030517578,131.05999755859375,136.0500030517578,133.1699981689453,1143000,133.1699981689453
2018-10-05,136.0,129.5500030517578,132.89999389648438,132.89999389648438,752800,132.89999389648438
2018-10-08,132.69000244140625,125.30000305175781,131.75,129.1199951171875,1121200,129.1199951171875
2018-10-09,131.94000244140625,127.2509994506836,128.74000549316406,127.70999908447266,859800,127.70999908447266
2018-10-10,127.05000305175781,118.26000213623047,127.0,119.58999633789062,2106600,119.58999633789062
2018-10-11,119.98999786376953,114.87000274658203,118.54000091552734,116.0,1952000,116.0
2018-10-12,125.55000305175781,119.62000274658203,123.1500015258789,122.66999816894531,1792100,122.66999816894531
2018-10-15,122.76000213623047,115.41000366210938,118.0,121.05000305175781,1450300,121.05000305175781
2018-10-16,125.45500183105469,122.2699966430664,124.05999755859375,125.11000061035156,929800,125.11000061035156
2018-10-17,125.87999725341797,120.98999786376953,125.87999725341797,124.70999908447266,809300,124.70999908447266
2018-10-18,125.47000122070312,120.73999786376953,123.36000061035156,123.26000213623047,603000,123.26000213623047
2018-10-19,126.9800033569336,122.0,125.5,122.52999877929688,939900,122.52999877929688
2018-10-22,126.38999938964844,120.49500274658203,123.4800033569336,124.68000030517578,1609600,124.68000030517578
2018-10-23,121.84500122070312,116.57499694824219,120.54000091552734,119.87999725341797,1526000,119.87999725341797
2018-10-24,123.19000244140625,109.41000366210938,119.98999786376953,110.05999755859375,1916800,110.05999755859375
2018-10-25,117.41000366210938,110.55999755859375,111.01000213623047,115.66000366210938,1364000,115.66000366210938
2018-10-26,112.76000213623047,106.2699966430664,112.3949966430664,108.7300033569336,1903100,108.7300033569336
2018-10-29,112.8499984741211,99.83999633789062,111.0999984741211,102.5999984741211,2406000,102.5999984741211
2018-10-30,108.24500274658203,100.3499984741211,102.0,106.44999694824219,2170500,106.44999694824219
2018-10-31,113.63999938964844,109.05999755859375,109.0999984741211,110.29000091552734,3324200,110.29000091552734
2018-11-01,99.0,90.09200286865234,96.30999755859375,96.16000366210938,9948100,96.16000366210938
2018-11-02,99.93000030517578,91.7699966430664,95.75,92.95999908447266,4328000,92.95999908447266
2018-11-05,97.38999938964844,90.91000366210938,92.95999908447266,97.04000091552734,2989900,97.04000091552734
2018-11-06,98.62000274658203,92.13999938964844,96.4800033569336,93.5,1623300,93.5
2018-11-07,98.83000183105469,94.16400146484375,94.69999694824219,97.93000030517578,1783900,97.93000030517578
2018-11-08,99.37000274658203,96.05500030517578,97.7300033569336,98.05000305175781,1279300,98.05000305175781
2018-11-09,99.08000183105469,93.13999938964844,96.7699966430664,93.41000366210938,1830200,93.41000366210938
2018-11-12,93.80999755859375,88.19999694824219,92.5999984741211,91.58000183105469,2276000,91.58000183105469
2018-11-13,94.73999786376953,90.05000305175781,92.6500015258789,92.70999908447266,1346400,92.70999908447266
2018-11-14,93.54000091552734,87.69000244140625,91.0,87.8499984741211,4202800,87.8499984741211
2018-11-15,90.41999816894531,85.41000366210938,86.55000305175781,89.0,4136000,89.0
2018-11-16,91.0,86.08000183105469,88.20999908447266,87.79000091552734,1950200,87.79000091552734
2018-11-19,88.24500274658203,82.33999633789062,87.19999694824219,82.5999984741211,2133000,82.5999984741211
2018-11-20,87.98999786376953,76.5999984741211,77.98999786376953,84.55000305175781,2687800,84.55000305175781
2018-11-21,89.66600036621094,86.37000274658203,86.7300033569336,88.16000366210938,3002200,88.16000366210938
2018-11-23,90.36000061035156,87.45999908447266,87.45999908447266,88.44000244140625,973100,88.44000244140625
2018-11-26,93.95999908447266,88.83999633789062,90.58000183105469,91.5,2999000,91.5
2018-11-27,96.04100036621094,90.69000244140625,91.94999694824219,91.5999984741211,3769800,91.5999984741211
2018-11-28,106.91000366210938,96.0,96.0,104.88999938964844,7203300,104.88999938964844
2018-11-29,106.94999694824219,101.26000213623047,103.12000274658203,105.38999938964844,2779200,105.38999938964844
2018-11-30,108.18499755859375,105.04000091552734,105.44000244140625,106.19999694824219,4650200,106.19999694824219
2018-12-03,112.37000274658203,105.0199966430664,110.75,112.29000091552734,2812400,112.29000091552734
2018-12-04,114.69000244140625,106.50299835205078,111.79000091552734,108.23999786376953,3566600,108.23999786376953
2018-12-06,111.0199966430664,103.0,104.02999877929688,111.0199966430664,2394300,111.0199966430664
2018-12-07,111.97000122070312,103.76000213623047,110.45999908447266,104.7699966430664,1788100,104.7699966430664
2018-12-10,108.97000122070312,104.01000213623047,104.51000213623047,108.29000091552734,2224500,108.29000091552734
2018-12-11,111.11000061035156,105.91999816894531,110.97000122070312,107.87000274658203,1984100,107.87000274658203
2018-12-12,112.16999816894531,107.07499694824219,109.87999725341797,107.87000274658203,1739000,107.87000274658203
2018-12-13,108.97000122070312,102.23999786376953,108.80999755859375,103.94999694824219,2302400,103.94999694824219
2018-12-14,105.94999694824219,102.0999984741211,102.16999816894531,103.29000091552734,1748900,103.29000091552734
2018-12-17,101.62000274658203,92.29000091552734,101.62000274658203,93.44999694824219,4003500,93.44999694824219
2018-12-18,95.83000183105469,90.76000213623047,94.20999908447266,93.25,3313300,93.25
2018-12-19,96.29499816894531,89.7300033569336,94.0,90.41000366210938,2993100,90.41000366210938
2018-12-20,90.37999725341797,82.22000122070312,89.7699966430664,85.12000274658203,3796700,85.12000274658203
2018-12-21,86.54000091552734,80.62000274658203,86.05999755859375,82.13999938964844,3189200,82.13999938964844
2018-12-24,82.86000061035156,78.58999633789062,80.51000213623047,80.44000244140625,954600,80.44000244140625
2018-12-26,89.91999816894531,82.04000091552734,82.19000244140625,89.80999755859375,2280100,89.80999755859375
2018-12-27,92.16999816894531,87.25,88.47000122070312,92.16999816894531,1467800,92.16999816894531
2018-12-28,93.12999725341797,88.85099792480469,92.33000183105469,90.73999786376953,1013300,90.73999786376953
2018-12-31,93.63999938964844,88.93000030517578,91.45999908447266,90.08000183105469,1378200,90.08000183105469
2019-01-02,92.11000061035156,87.6500015258789,88.33999633789062,90.47000122070312,1286000,90.47000122070312
2019-01-03,89.91000366210938,84.2699966430664,88.9800033569336,84.58000183105469,2054000,84.58000183105469
2019-01-04,90.9000015258789,86.66000366210938,87.30999755859375,90.05999755859375,2165400,90.05999755859375
2019-01-07,98.36000061035156,90.37999725341797,90.95999908447266,95.55000305175781,1937800,95.55000305175781
2019-01-08,98.81999969482422,94.16999816894531,97.81999969482422,96.76000213623047,1447600,96.76000213623047
2019-01-09,100.37000274658203,97.19999694824219,97.6500015258789,98.31999969482422,1502500,98.31999969482422
2019-01-10,99.69000244140625,93.8499984741211,96.66999816894531,99.2300033569336,2356700,99.2300033569336
2019-01-11,100.05999755859375,95.80000305175781,98.23999786376953,96.4000015258789,1161300,96.4000015258789
2019-01-14,95.73999786376953,93.0,94.6500015258789,93.66000366210938,1278200,93.66000366210938
2019-01-15,96.19999694824219,92.52999877929688,92.88999938964844,93.87000274658203,1721700,93.87000274658203
2019-01-16,97.27999877929688,94.19999694824219,94.19999694824219,95.70999908447266,1179700,95.70999908447266
2019-01-17,97.94999694824219,95.41000366210938,95.41000366210938,96.5199966430664,1218600,96.5199966430664
2019-01-18,102.2300033569336,97.23999786376953,97.3499984741211,102.13999938964844,1574200,102.13999938964844
2019-01-22,101.44999694824219,95.45999908447266,101.23999786376953,97.23999786376953,1974700,97.23999786376953
2019-01-23,99.1449966430664,94.5999984741211,97.91000366210938,95.9800033569336,1161100,95.9800033569336
2019-01-24,100.6500015258789,95.94000244140625,95.94000244140625,99.86000061035156,1094200,99.86000061035156
2019-01-25,103.73999786376953,100.26000213623047,101.0,102.19000244140625,1266900,102.19000244140625
2019-01-28,105.5199966430664,99.0199966430664,101.19999694824219,104.47000122070312,1589200,104.47000122070312
2019-01-29,106.26000213623047,102.69999694824219,105.0,104.22000122070312,1226000,104.22000122070312
2019-01-30,109.27999877929688,105.05000305175781,106.01000213623047,107.79000091552734,1413100,107.79000091552734
2019-01-31,109.69000244140625,107.9000015258789,108.52999877929688,109.45999908447266,1014700,109.45999908447266
2019-02-01,112.61000061035156,108.47000122070312,108.83000183105469,109.98999786376953,1451700,109.98999786376953
2019-02-04,113.94000244140625,109.33000183105469,109.81999969482422,113.61000061035156,1196600,113.61000061035156
2019-02-05,118.14199829101562,114.22000122070312,114.22000122070312,117.0,2948300,117.0
2019-02-06,120.29000091552734,116.70999908447266,117.12999725341797,119.6500015258789,1828200,119.6500015258789
2019-02-07,117.98999786376953,114.30999755859375,117.98999786376953,116.61000061035156,1484200,116.61000061035156
2019-02-08,121.47000122070312,115.94000244140625,116.05999755859375,120.41999816894531,2103300,120.41999816894531
2019-02-11,121.48999786376953,118.88500213623047,121.11000061035156,119.44000244140625,1760900,119.44000244140625
2019-02-12,121.47000122070312,119.83000183105469,120.80999755859375,120.91999816894531,2063900,120.91999816894531
2019-02-13,121.36599731445312,117.51000213623047,120.5999984741211,119.7699966430664,1945000,119.7699966430664
2019-02-14,121.3499984741211,116.70999908447266,118.54000091552734,120.08000183105469,1987200,120.08000183105469
2019-02-15,122.47000122070312,120.26000213623047,121.13999938964844,122.11000061035156,1594000,122.11000061035156
2019-02-19,124.23999786376953,120.11000061035156,121.77999877929688,120.12999725341797,2245600,120.12999725341797
2019-02-20,121.44000244140625,116.98999786376953,120.33999633789062,117.98999786376953,2792200,117.98999786376953
2019-02-21,118.9800033569336,115.66500091552734,117.81999969482422,117.27999877929688,2550700,117.27999877929688
2019-02-22,156.77999877929688,141.1999969482422,141.5399932861328,149.9499969482422,12382400,149.9499969482422
2019-02-25,162.74000549316406,151.3000030517578,151.3000030517578,160.27999877929688,7815700,160.27999877929688
2019-02-26,164.25999450683594,157.0,158.10000610351562,163.50999450683594,4241500,163.50999450683594
2019-02-27,165.72000122070312,161.47999572753906,162.00999450683594,163.85000610351562,3034300,163.85000610351562
2019-02-28,166.1300048828125,161.75999450683594,162.9199981689453,165.67999267578125,2085400,165.67999267578125
2019-03-01,170.99000549316406,164.42999267578125,167.5,169.8300018310547,2807100,169.8300018310547
2019-03-04,169.39999389648438,161.33999633789062,168.7100067138672,166.49000549316406,2873400,166.49000549316406
2019-03-05,169.8000030517578,165.0399932861328,165.72999572753906,166.22999572753906,2120700,166.22999572753906
2019-03-06,167.33299255371094,163.5,165.89999389648438,164.97000122070312,1524900,164.97000122070312
2019-03-07,165.89999389648438,161.0399932861328,164.58999633789062,163.27000427246094,1907600,163.27000427246094
2019-03-08,165.25,159.00999450683594,160.52000427246094,165.10000610351562,1464100,165.10000610351562
2019-03-11,171.85000610351562,164.5,165.8000030517578,170.1699981689453,2225900,170.1699981689453
2019-03-12,172.7899932861328,168.77499389648438,170.6699981689453,171.57000732421875,1632400,171.57000732421875
2019-03-13,172.0500030517578,167.5399932861328,172.0,168.72000122070312,2549100,168.72000122070312
2019-03-14,169.75,164.5,169.00999450683594,165.32000732421875,2670100,165.32000732421875
2019-03-15,166.52000427246094,163.3800048828125,164.30999755859375,166.00999450683594,2004200,166.00999450683594
2019-03-18,169.85000610351562,164.91000366210938,165.9600067138672,169.25,1713000,169.25
2019-03-19,170.8000030517578,167.85000610351562,170.22000122070312,168.32000732421875,1275200,168.32000732421875
2019-03-20,173.0,167.6699981689453,170.0,171.13999938964844,1372100,171.13999938964844
2019-03-21,173.71800231933594,169.8800048828125,172.30999755859375,171.3699951171875,1283300,171.3699951171875
2019-03-22,171.52000427246094,158.41000366210938,170.02000427246094,158.5,2719700,158.5
2019-03-25,164.02000427246094,156.6269989013672,157.27000427246094,161.5500030517578,2907300,161.5500030517578
2019-03-26,164.07000732421875,158.0,163.6199951171875,158.5,1644300,158.5
2019-03-27,159.0500030517578,149.1999969482422,158.80999755859375,150.32000732421875,3376800,150.32000732421875
2019-03-28,153.16000366210938,148.75999450683594,151.92999267578125,149.7899932861328,2331900,149.7899932861328
2019-03-29,153.14999389648438,148.1999969482422,150.1199951171875,148.4499969482422,1851700,148.4499969482422
2019-04-01,150.14999389648438,146.75,149.6300048828125,149.0,1776400,149.0
2019-04-02,151.66000366210938,148.75399780273438,149.10000610351562,149.38999938964844,1573600,149.38999938964844
2019-04-03,157.11000061035156,149.6699981689453,150.1999969482422,156.0399932861328,2053100,156.0399932861328
2019-04-04,157.38499450683594,151.1999969482422,156.0800018310547,155.02999877929688,1355900,155.02999877929688
2019-04-05,156.8350067138672,151.61000061035156,156.38999938964844,152.5,1190700,152.5
2019-04-08,152.35000610351562,148.27000427246094,151.35000610351562,149.9199981689453,1068000,149.9199981689453
2019-04-09,149.97500610351562,145.38999938964844,148.86000061035156,145.6300048828125,1229600,145.6300048828125
2019-04-10,149.77000427246094,145.16000366210938,146.27999877929688,146.94000244140625,1697700,146.94000244140625
2019-04-11,148.94000244140625,146.14500427246094,146.85000610351562,147.52000427246094,1448100,147.52000427246094
2019-04-12,149.82000732421875,144.6300048828125,149.0,147.22999572753906,1289600,147.22999572753906
2019-04-15,149.2899932861328,143.5399932861328,146.02000427246094,148.02999877929688,1448500,148.02999877929688
2019-04-16,150.74000549316406,146.75999450683594,149.05999755859375,149.52999877929688,984900,149.52999877929688
2019-04-17,150.18499755859375,144.52000427246094,150.0,145.75,1485200,145.75
2019-04-18,146.94000244140625,143.4499969482422,146.4499969482422,145.2100067138672,1284900,145.2100067138672
2019-04-22,148.47999572753906,143.6300048828125,144.25999450683594,147.86000061035156,1103500,147.86000061035156
2019-04-23,152.1999969482422,147.2899932861328,148.60000610351562,151.08999633789062,1162600,151.08999633789062
2019-04-24,153.17999267578125,151.02000427246094,151.72000122070312,152.0500030517578,1936600,152.0500030517578
2019-04-25,153.9600067138672,150.5500030517578,151.85000610351562,153.75,1214600,153.75
2019-04-26,154.69000244140625,152.94000244140625,154.52000427246094,154.49000549316406,3025700,154.49000549316406
2019-04-29,162.3800048828125,154.0500030517578,155.0,161.5399932861328,2530200,161.5399932861328
2019-04-30,163.97000122070312,158.72999572753906,160.47000122070312,162.14999389648438,2332700,162.14999389648438
2019-05-01,165.6999969482422,161.11000061035156,162.47999572753906,163.52999877929688,2384400,163.52999877929688
2019-05-02,156.50999450683594,143.6999969482422,147.61000061035156,151.9600067138672,6642400,151.9600067138672
2019-05-03,150.8699951171875,147.0,150.50999450683594,148.82000732421875,1860000,148.82000732421875
2019-05-06,152.6999969482422,144.55999755859375,144.60000610351562,151.82000732421875,1978000,151.82000732421875
2019-05-07,151.9199981689453,143.4199981689453,150.07000732421875,145.94000244140625,2074200,145.94000244140625
2019-05-08,149.89500427246094,144.9199981689453,145.75,148.8699951171875,1061500,148.8699951171875
2019-05-09,148.97999572753906,143.52000427246094,146.27999877929688,147.88999938964844,1212400,147.88999938964844
2019-05-10,147.76600646972656,139.1999969482422,144.69000244140625,145.27000427246094,1830500,145.27000427246094
2019-05-13,142.22000122070312,135.2100067138672,139.44000244140625,137.77999877929688,1697900,137.77999877929688
2019-05-14,141.97999572753906,138.22500610351562,139.5,141.8000030517578,1759400,141.8000030517578
2019-05-15,144.52499389648438,139.89999389648438,140.6300048828125,144.22000122070312,1025700,144.22000122070312
2019-05-16,149.77999877929688,144.52000427246094,144.8699951171875,148.25999450683594,913800,148.25999450683594
2019-05-17,151.3000030517578,146.16000366210938,148.0,150.39999389648438,1492700,150.39999389648438
2019-05-20,153.44000244140625,147.35000610351562,148.36000061035156,152.74000549316406,1317200,152.74000549316406
2019-05-21,154.72999572753906,151.34500122070312,154.08999633789062,152.27999877929688,1342900,152.27999877929688
2019-05-22,154.01499938964844,150.9600067138672,151.25999450683594,151.1999969482422,761800,151.1999969482422
2019-05-23,150.4499969482422,141.44000244140625,149.02999877929688,142.89999389648438,1136700,142.89999389648438
2019-05-24,146.35000610351562,141.35000610351562,145.0,143.1999969482422,1264700,143.1999969482422
2019-05-28,145.85000610351562,143.43299865722656,144.11000061035156,144.72999572753906,1025700,144.72999572753906
2019-05-29,144.19000244140625,138.0500030517578,143.22999572753906,141.55999755859375,1097800,141.55999755859375
2019-05-30,145.4149932861328,141.49000549316406,141.49000549316406,144.5,734500,144.5
2019-05-31,144.36000061035156,140.7899932861328,142.99000549316406,144.00999450683594,692800,144.00999450683594
2019-06-03,144.00999450683594,139.92999267578125,143.3300018310547,141.52999877929688,1277300,141.52999877929688
2019-06-04,144.8699951171875,138.8699951171875,142.39999389648438,144.82000732421875,1162800,144.82000732421875
2019-06-05,154.00999450683594,145.5,145.8699951171875,153.88999938964844,1485300,153.88999938964844
2019-06-06,156.86000061035156,149.6999969482422,154.4600067138672,153.2899932861328,1233700,153.2899932861328
2019-06-07,156.9600067138672,152.8699951171875,154.02000427246094,154.27999877929688,878200,154.27999877929688
2019-06-10,159.85400390625,155.0,156.35000610351562,155.32000732421875,1021400,155.32000732421875
2019-06-11,160.35000610351562,155.60000610351562,157.22000122070312,157.3000030517578,954300,157.3000030517578
2019-06-12,159.64999389648438,155.72500610351562,157.3000030517578,158.91000366210938,744300,158.91000366210938
2019-06-13,163.39999389648438,160.35000610351562,160.35000610351562,161.7100067138672,1322400,161.7100067138672
2019-06-14,162.74000549316406,156.1300048828125,160.82000732421875,158.2100067138672,977500,158.2100067138672
2019-06-17,159.97999572753906,155.6199951171875,156.61000061035156,158.47999572753906,754100,158.47999572753906
2019-06-18,162.22999572753906,154.19000244140625,161.0,156.3300018310547,1489000,156.3300018310547
2019-06-19,162.75,153.91000366210938,156.94000244140625,162.47000122070312,1014600,162.47000122070312
2019-06-20,166.39999389648438,149.55999755859375,164.99000549316406,153.4199981689453,2465400,153.4199981689453
2019-06-21,155.6300048828125,152.27000427246094,153.24000549316406,153.77000427246094,1161100,153.77000427246094
2019-06-24,155.08999633789062,151.35000610351562,153.22999572753906,152.41000366210938,1341000,152.41000366210938
2019-06-25,153.3000030517578,143.47999572753906,153.3000030517578,144.39999389648438,1970000,144.39999389648438
2019-06-26,148.67999267578125,144.50999450683594,145.4199981689453,145.80999755859375,1125100,145.80999755859375
2019-06-27,148.11000061035156,144.3489990234375,146.85000610351562,147.64999389648438,1243400,147.64999389648438
2019-06-28,149.33999633789062,144.6300048828125,147.24000549316406,146.0,1260700,146.0
2019-07-01,149.91000366210938,143.0,149.75,143.10000610351562,1378700,143.10000610351562
2019-07-02,144.25999450683594,140.49000549316406,144.25,143.50999450683594,1328500,143.50999450683594
2019-07-03,143.9499969482422,141.17999267578125,143.5500030517578,142.9499969482422,800200,142.9499969482422
2019-07-05,146.14999389648438,141.4600067138672,142.0,145.14999389648438,1480300,145.14999389648438
2019-07-08,144.72000122070312,139.7899932861328,144.52000427246094,140.50999450683594,1185100,140.50999450683594
2019-07-09,147.77000427246094,140.3699951171875,140.3699951171875,147.30999755859375,1289700,147.30999755859375
2019-07-10,151.48500061035156,145.5500030517578,148.0,150.17999267578125,1559100,150.17999267578125
2019-07-11,153.09800720214844,149.7550048828125,150.0500030517578,150.17999267578125,1012900,150.17999267578125
2019-07-12,151.81199645996094,146.6300048828125,151.27000427246094,150.11000061035156,584700,150.11000061035156
2019-07-15,151.47999572753906,146.50999450683594,148.75,151.02000427246094,898100,151.02000427246094
2019-07-16,152.1199951171875,149.50999450683594,151.49000549316406,149.9499969482422,711800,149.9499969482422
2019-07-17,154.41000366210938,150.0399932861328,150.10000610351562,152.0,1163400,152.0
2019-07-18,150.47999572753906,138.14999389648438,149.7100067138672,143.10000610351562,3129700,143.10000610351562
2019-07-19,146.27000427246094,141.10000610351562,143.27999877929688,145.3800048828125,1910000,145.3800048828125
2019-07-22,146.97999572753906,141.5800018310547,146.0,145.0,921800,145.0
2019-07-23,147.3800048828125,141.94000244140625,146.8699951171875,144.82000732421875,1032600,144.82000732421875
2019-07-24,144.7899932861328,139.77999877929688,143.6999969482422,140.14999389648438,2283300,140.14999389648438
2019-07-25,141.64300537109375,134.11000061035156,140.0,134.58999633789062,2221000,134.58999633789062
2019-07-26,138.7899932861328,132.7100067138672,135.38999938964844,138.05999755859375,1799000,138.05999755859375
2019-07-29,138.52000427246094,132.02000427246094,138.11000061035156,134.0,1733200,134.0
2019-07-30,135.0,131.9040069580078,134.0,132.4499969482422,1598600,132.4499969482422
2019-07-31,135.3699951171875,128.0800018310547,133.1300048828125,131.16000366210938,2561000,131.16000366210938
2019-08-01,138.66000366210938,125.0,129.14999389648438,129.60000610351562,5399700,129.60000610351562
2019-08-02,128.0,123.16000366210938,127.72000122070312,127.33999633789062,2778400,127.33999633789062
2019-08-05,126.61000061035156,120.5,123.44000244140625,123.18000030517578,2629200,123.18000030517578
2019-08-06,126.60399627685547,119.56999969482422,124.33000183105469,122.58999633789062,2355100,122.58999633789062
2019-08-07,123.19999694824219,119.30000305175781,120.9000015258789,122.81999969482422,977900,122.81999969482422
2019-08-08,125.88999938964844,119.62999725341797,123.23999786376953,125.13999938964844,1990900,125.13999938964844
2019-08-09,125.98600006103516,123.0,124.22000122070312,124.91000366210938,1708400,124.91000366210938
2019-08-12,125.66999816894531,123.11000061035156,124.81999969482422,123.9000015258789,1782000,123.9000015258789
2019-08-13,125.47000122070312,121.80999755859375,124.51000213623047,125.0,1530500,125.0
2019-08-14,122.0,112.05999755859375,121.3499984741211,112.05999755859375,5132000,112.05999755859375
2019-08-15,110.69999694824219,106.04000091552734,110.30000305175781,107.33999633789062,4941200,107.33999633789062
2019-08-16,110.56999969482422,107.58000183105469,107.80999755859375,110.41999816894531,2883000,110.41999816894531
2019-08-19,112.72000122070312,108.4000015258789,112.25,112.05999755859375,2793400,112.05999755859375
2019-08-20,114.12000274658203,111.05999755859375,112.33000183105469,112.30000305175781,2116600,112.30000305175781
2019-08-21,115.75,112.58000183105469,113.83999633789062,115.08999633789062,1554800,115.08999633789062
2019-08-22,121.23999786376953,114.04000091552734,120.0199966430664,117.19999694824219,2652200,117.19999694824219
2019-08-23,115.56500244140625,108.6500015258789,115.44000244140625,110.16999816894531,1993600,110.16999816894531
2019-08-26,111.5199966430664,107.08000183105469,110.93000030517578,108.30000305175781,1688000,108.30000305175781
2019-08-27,113.08000183105469,107.7300033569336,109.5999984741211,108.2300033569336,1636600,108.2300033569336
2019-08-28,115.13999938964844,108.3499984741211,108.3499984741211,113.62999725341797,2049600,113.62999725341797
2019-08-29,117.0,113.19000244140625,114.0,113.91999816894531,1734800,113.91999816894531
2019-08-30,114.37999725341797,110.81999969482422,114.37999725341797,112.73999786376953,1604900,112.73999786376953
2019-09-03,114.0,108.01000213623047,114.0,109.27999877929688,2612300,109.27999877929688
2019-09-04,120.5199966430664,113.54000091552734,116.22000122070312,118.0999984741211,3063400,118.0999984741211
2019-09-05,120.48999786376953,117.4800033569336,118.19000244140625,119.5999984741211,1848300,119.5999984741211
2019-09-06,120.01000213623047,115.7300033569336,120.01000213623047,116.80000305175781,1236100,116.80000305175781
2019-09-09,125.5,117.5999984741211,117.5999984741211,124.0,2688600,124.0
2019-09-10,124.36000061035156,120.11499786376953,122.80000305175781,123.73999786376953,1711500,123.73999786376953
2019-09-11,131.6699981689453,122.7300033569336,123.80000305175781,131.57000732421875,2343800,131.57000732421875
2019-09-12,134.67999267578125,131.30999755859375,132.1300048828125,133.8300018310547,1657200,133.8300018310547
2019-09-13,135.3800048828125,131.25999450683594,133.5399932861328,132.7100067138672,2037700,132.7100067138672
2019-09-16,133.75999450683594,129.19000244140625,130.32000732421875,133.66000366210938,1050300,133.66000366210938
2019-09-17,134.13999938964844,130.85000610351562,133.24000549316406,134.10000610351562,1130300,134.10000610351562
2019-09-18,135.1300048828125,129.35000610351562,134.25,131.6199951171875,1698800,131.6199951171875
2019-09-19,132.09500122070312,125.80999755859375,131.60000610351562,128.6699981689453,2211700,128.6699981689453
2019-09-20,126.06999969482422,121.5999984741211,124.27999877929688,122.75,2748800,122.75
2019-09-23,123.48999786376953,117.91999816894531,123.44000244140625,118.29000091552734,2466600,118.29000091552734
2019-09-24,121.33999633789062,114.37999725341797,118.83999633789062,116.04000091552734,1917400,116.04000091552734
2019-09-25,120.16300201416016,115.58000183105469,115.58000183105469,118.47000122070312,1604600,118.47000122070312
2019-09-26,119.77999877929688,115.87999725341797,119.77999877929688,117.12000274658203,983200,117.12000274658203
2019-09-27,119.47899627685547,112.87999725341797,117.6500015258789,114.04000091552734,1631100,114.04000091552734
2019-09-30,115.58999633789062,111.87999725341797,114.87000274658203,112.12000274658203,1388400,112.12000274658203
2019-10-01,113.0,104.62999725341797,112.12000274658203,105.55000305175781,2362500,105.55000305175781
2019-10-02,106.7750015258789,101.08000183105469,103.91999816894531,103.04000091552734,2444300,103.04000091552734
2019-10-03,106.47000122070312,100.27999877929688,103.16999816894531,105.79000091552734,2208100,105.79000091552734
2019-10-04,107.87000274658203,104.33999633789062,106.18000030517578,106.7699966430664,1887800,106.7699966430664
2019-10-07,108.44000244140625,103.37000274658203,106.37000274658203,103.76000213623047,1420500,103.76000213623047
2019-10-08,105.97000122070312,101.76000213623047,102.29000091552734,104.48999786376953,1900700,104.48999786376953
2019-10-09,105.75,103.5199966430664,105.22000122070312,104.63999938964844,906400,104.63999938964844
2019-10-10,106.30000305175781,103.56999969482422,104.81999969482422,104.66000366210938,1755000,104.66000366210938
2019-10-11,110.9000015258789,106.22000122070312,106.44000244140625,107.7699966430664,1767200,107.7699966430664
2019-10-14,108.18000030517578,103.79000091552734,107.80999755859375,106.31999969482422,1170600,106.31999969482422
2019-10-15,110.17500305175781,105.13999938964844,105.37000274658203,108.9800033569336,1274500,108.9800033569336
2019-10-16,111.72000122070312,107.69000244140625,109.13999938964844,107.9000015258789,1291000,107.9000015258789
2019-10-17,115.83200073242188,109.5459976196289,109.7699966430664,114.58000183105469,2177300,114.58000183105469
2019-10-18,114.48999786376953,107.0999984741211,113.47000122070312,109.19999694824219,1867700,109.19999694824219
2019-10-21,113.67500305175781,109.91000366210938,110.5,112.79000091552734,1573800,112.79000091552734
2019-10-22,115.20999908447266,110.06999969482422,112.62999725341797,113.5999984741211,1218100,113.5999984741211
2019-10-23,115.1500015258789,112.38999938964844,113.8499984741211,114.16000366210938,555300,114.16000366210938
2019-10-24,115.1500015258789,110.7300033569336,114.70999908447266,114.41000366210938,731600,114.41000366210938
2019-10-25,120.43000030517578,112.83000183105469,113.0,118.19000244140625,1645200,118.19000244140625
2019-10-28,118.25,109.08000183105469,118.06999969482422,109.30999755859375,2827900,109.30999755859375
2019-10-29,109.8499984741211,99.16999816894531,109.8499984741211,101.51000213623047,5260200,101.51000213623047
2019-10-30,106.19000244140625,100.43000030517578,102.70999908447266,101.08000183105469,2824300,101.08000183105469
2019-10-31,88.91999816894531,81.25,85.29000091552734,82.2300033569336,12448800,82.2300033569336
2019-11-01,84.70999908447266,79.52999877929688,82.01000213623047,83.73999786376953,5770800,83.73999786376953
2019-11-04,88.29000091552734,84.1500015258789,85.19000244140625,87.43000030517578,3231200,87.43000030517578
2019-11-05,87.44999694824219,81.2699966430664,86.68000030517578,81.5,3026100,81.5
2019-11-06,83.9800033569336,79.6500015258789,81.48999786376953,83.76000213623047,2268600,83.76000213623047
2019-11-07,85.36000061035156,83.19000244140625,84.04000091552734,83.81999969482422,2020900,83.81999969482422
2019-11-08,85.37000274658203,83.37000274658203,84.3499984741211,84.22000122070312,2379000,84.22000122070312
2019-11-11,85.31999969482422,80.86000061035156,85.30000305175781,83.26000213623047,2301200,83.26000213623047
2019-11-12,87.0,82.91000366210938,83.2699966430664,84.5999984741211,3426900,84.5999984741211
2019-11-13,86.08999633789062,82.36000061035156,82.87000274658203,83.62999725341797,3056700,83.62999725341797
2019-11-14,84.12000274658203,81.31999969482422,84.0,83.1500015258789,2273200,83.1500015258789
2019-11-15,83.80999755859375,79.8499984741211,83.80999755859375,83.70999908447266,3384000,83.70999908447266
2019-11-18,87.54000091552734,83.19000244140625,83.58000183105469,86.45999908447266,2036800,86.45999908447266
2019-11-19,87.08499908447266,83.2699966430664,86.7699966430664,83.9000015258789,2763700,83.9000015258789
2019-11-20,85.5999984741211,81.12000274658203,83.70999908447266,82.5199966430664,1789400,82.5199966430664
2019-11-21,83.5199966430664,80.41999816894531,82.73999786376953,82.31999969482422,1778500,82.31999969482422
2019-11-22,85.44000244140625,81.80000305175781,82.70999908447266,84.70999908447266,1577300,84.70999908447266
2019-11-25,86.52999877929688,84.88999938964844,85.23999786376953,85.2300033569336,1428500,85.2300033569336
2019-11-26,88.08000183105469,83.56999969482422,84.91000366210938,86.41000366210938,1904600,86.41000366210938
2019-11-27,88.62000274658203,86.30999755859375,86.77999877929688,87.04000091552734,1330400,87.04000091552734
2019-11-29,87.25,84.19999694824219,86.95999908447266,84.91999816894531,736400,84.91999816894531
2019-12-02,85.38999938964844,80.4000015258789,85.12000274658203,83.0,2101700,83.0
2019-12-03,83.23999786376953,78.80000305175781,81.44999694824219,83.0,1765500,83.0
2019-12-04,83.9000015258789,78.61000061035156,83.72000122070312,80.56999969482422,3335200,80.56999969482422
2019-12-05,82.72000122070312,78.94000244140625,80.83000183105469,79.87000274658203,2378500,79.87000274658203
2019-12-06,85.19999694824219,80.26000213623047,80.2699966430664,84.97000122070312,5274500,84.97000122070312
2019-12-09,89.3499984741211,84.62999725341797,84.98999786376953,88.18000030517578,2139600,88.18000030517578
2019-12-10,89.55000305175781,86.95999908447266,88.38999938964844,87.88999938964844,1822200,87.88999938964844
2019-12-11,88.43000030517578,87.53500366210938,87.97000122070312,88.0999984741211,1250600,88.0999984741211
2019-12-12,91.06999969482422,88.11000061035156,88.43000030517578,88.75,2013100,88.75
2019-12-13,91.25,86.08999633789062,88.47000122070312,89.93000030517578,1904400,89.93000030517578
2019-12-16,87.69000244140625,85.06999969482422,87.12999725341797,86.94000244140625,2516900,86.94000244140625
2019-12-17,87.12999725341797,83.41000366210938,87.08000183105469,83.63999938964844,2496300,83.63999938964844
2019-12-18,86.5999984741211,83.77999877929688,84.08000183105469,85.9800033569336,1872900,85.9800033569336
2019-12-19,88.77999877929688,85.26499938964844,85.9800033569336,85.80999755859375,2048600,85.80999755859375
2019-12-20,86.62000274658203,83.5270004272461,86.33000183105469,84.01000213623047,1785600,84.01000213623047
2019-12-23,89.1500015258789,84.25,84.80000305175781,89.05999755859375,1740200,89.05999755859375
2019-12-24,90.65799713134766,89.16000366210938,89.16999816894531,90.61000061035156,766300,90.61000061035156
2019-12-26,92.94999694824219,90.5999984741211,90.97000122070312,91.52999877929688,1162400,91.52999877929688
2019-12-27,92.66000366210938,90.70999908447266,91.91000366210938,92.08999633789062,1540200,92.08999633789062
2019-12-30,91.93499755859375,88.45999908447266,91.77999877929688,89.51000213623047,2800000,89.51000213623047
2019-12-31,90.8949966430664,88.61000061035156,89.13999938964844,90.37000274658203,1298300,90.37000274658203
2020-01-02,94.80000305175781,91.2699966430664,91.62999725341797,93.13999938964844,1882500,93.13999938964844
2020-01-03,94.12999725341797,91.05000305175781,91.80000305175781,94.04000091552734,1003600,94.04000091552734
2020-01-06,94.83000183105469,92.30000305175781,93.0199966430664,94.66999816894531,1929500,94.66999816894531
2020-01-07,96.58000183105469,92.5,94.91000366210938,95.69999694824219,1877400,95.69999694824219
2020-01-08,97.36299896240234,94.48999786376953,95.13999938964844,95.16999816894531,2251200,95.16999816894531
2020-01-09,97.19999694824219,93.37999725341797,96.2699966430664,96.75,1441000,96.75
2020-01-10,97.68000030517578,94.51000213623047,96.91000366210938,95.22000122070312,1932800,95.22000122070312
2020-01-13,102.08000183105469,92.94999694824219,95.72000122070312,101.0,3245500,101.0
2020-01-14,104.77999877929688,100.5199966430664,101.01000213623047,103.58999633789062,2802000,103.58999633789062
2020-01-15,107.55000305175781,103.08000183105469,103.5,105.80999755859375,1797300,105.80999755859375
2020-01-16,107.47000122070312,105.1500015258789,106.77999877929688,106.37999725341797,2375000,106.37999725341797
2020-01-17,107.11000061035156,104.58999633789062,106.61000061035156,106.79000091552734,1580600,106.79000091552734
2020-01-21,108.36000061035156,105.16999816894531,106.48999786376953,107.41999816894531,1782300,107.41999816894531
2020-01-22,112.5250015258789,108.44999694824219,109.05999755859375,109.87000274658203,1901000,109.87000274658203
2020-01-23,108.77999877929688,104.13999938964844,108.16000366210938,106.91999816894531,1972000,106.91999816894531
2020-01-24,109.13999938964844,105.93000030517578,107.5,106.73999786376953,1320100,106.73999786376953
2020-01-27,105.06999969482422,101.69999694824219,103.33999633789062,104.31999969482422,1363900,104.31999969482422
2020-01-28,107.0,103.58999633789062,105.0,106.19000244140625,1157300,106.19000244140625
2020-01-29,107.3499984741211,103.9000015258789,107.23999786376953,103.91999816894531,1145400,103.91999816894531
2020-01-30,105.51000213623047,102.0999984741211,103.25,103.02999877929688,1148000,103.02999877929688
2020-01-31,103.0,93.29000091552734,103.0,93.69999694824219,3464900,93.69999694824219
2020-02-03,99.64800262451172,94.47000122070312,94.47000122070312,97.5,2028500,97.5
2020-02-04,101.59500122070312,98.41000366210938,99.58999633789062,99.61000061035156,1601200,99.61000061035156
2020-02-05,102.98999786376953,97.25,101.33999633789062,98.12999725341797,1109300,98.12999725341797
2020-02-06,103.37000274658203,97.69999694824219,98.66999816894531,100.30999755859375,2762300,100.30999755859375
2020-02-07,100.80999755859375,98.37999725341797,99.56999969482422,99.30999755859375,928200,99.30999755859375
2020-02-10,100.47000122070312,96.7699966430664,98.91999816894531,97.22000122070312,1471800,97.22000122070312
2020-02-11,99.16999816894531,95.38999938964844,97.45999908447266,96.4000015258789,1365200,96.4000015258789
2020-02-12,98.77799987792969,95.31999969482422,97.97000122070312,95.68000030517578,1284300,95.68000030517578
2020-02-13,94.73999786376953,81.94999694824219,94.25,82.16000366210938,7112300,82.16000366210938
2020-02-14,84.08999633789062,80.55999755859375,83.0199966430664,82.45999908447266,2913900,82.45999908447266
2020-02-18,83.33000183105469,80.08000183105469,82.1500015258789,81.55000305175781,2020800,81.55000305175781
2020-02-19,81.87999725341797,78.7509994506836,81.80000305175781,80.62999725341797,1947500,80.62999725341797
2020-02-20,82.38999938964844,79.63999938964844,80.61000061035156,82.33000183105469,1941000,82.33000183105469
2020-02-21,81.81999969482422,78.87000274658203,81.45999908447266,80.13999938964844,2856400,80.13999938964844
2020-02-24,76.43000030517578,72.02999877929688,74.91999816894531,75.54000091552734,3990300,75.54000091552734
2020-02-25,75.48999786376953,69.91000366210938,75.19999694824219,71.6500015258789,3065100,71.6500015258789
2020-02-26,75.36000061035156,70.80999755859375,73.13999938964844,71.1500015258789,2038800,71.1500015258789
2020-02-27,74.0,67.41000366210938,69.04000091552734,70.3499984741211,3570000,70.3499984741211
2020-02-28,63.31999969482422,52.40999984741211,53.310001373291016,63.209999084472656,10696100,63.209999084472656
2020-03-02,63.29999923706055,55.20000076293945,62.9900016784668,61.77000045776367,5417500,61.77000045776367
2020-03-03,64.88999938964844,59.84000015258789,62.2599983215332,62.20000076293945,3936700,62.20000076293945
2020-03-04,63.900001525878906,59.58000183105469,63.02000045776367,61.33000183105469,2923500,61.33000183105469
2020-03-05,61.43000030517578,58.7400016784668,59.83000183105469,60.369998931884766,3393200,60.369998931884766
2020-03-06,59.689998626708984,56.83000183105469,58.2599983215332,58.66999816894531,2483400,58.66999816894531
2020-03-09,56.04999923706055,48.5,53.029998779296875,49.81999969482422,3782700,49.81999969482422
2020-03-10,52.29999923706055,47.099998474121094,51.810001373291016,49.20000076293945,3135700,49.20000076293945
2020-03-11,50.59000015258789,44.09000015258789,48.81999969482422,45.0099983215332,3919800,45.0099983215332
2020-03-12,43.540000915527344,32.5099983215332,41.810001373291016,33.0,5759100,33.0
2020-03-13,39.02000045776367,32.709999084472656,36.099998474121094,39.0,4337900,39.0
2020-03-16,38.38999938964844,30.049999237060547,34.130001068115234,30.459999084472656,4577400,30.459999084472656
2020-03-17,31.625,24.81999969482422,31.610000610351562,30.649999618530273,6924500,30.649999618530273
2020-03-18,28.010000228881836,23.1200008392334,27.389999389648438,24.920000076293945,5690300,24.920000076293945
2020-03-19,26.229999542236328,21.700000762939453,24.520000457763672,23.520000457763672,5622100,23.520000457763672
2020-03-20,29.899999618530273,24.489999771118164,25.190000534057617,27.239999771118164,7193000,27.239999771118164
2020-03-23,30.760000228881836,26.25,27.110000610351562,30.440000534057617,4618700,30.440000534057617
2020-03-24,44.2400016784668,33.290000915527344,33.91999816894531,43.47999954223633,7121700,43.47999954223633
2020-03-25,55.95000076293945,44.560001373291016,47.83000183105469,51.33000183105469,9181300,51.33000183105469
2020-03-26,61.290000915527344,52.11000061035156,54.560001373291016,55.08000183105469,6164900,55.08000183105469
2020-03-27,51.52000045776367,45.04499816894531,51.34000015258789,46.29999923706055,5310700,46.29999923706055
2020-03-30,53.970001220703125,43.61000061035156,46.40999984741211,52.0099983215332,4150200,52.0099983215332
2020-03-31,55.38999938964844,50.58000183105469,51.369998931884766,53.439998626708984,5578800,53.439998626708984
2020-04-01,51.819000244140625,45.52000045776367,49.7599983215332,48.20000076293945,5212600,48.20000076293945
2020-04-02,51.84000015258789,45.77399826049805,47.0099983215332,47.2400016784668,3686400,47.2400016784668
2020-04-03,52.72999954223633,47.64799880981445,47.709999084472656,50.630001068115234,4818700,50.630001068115234
2020-04-06,76.47000122070312,64.18000030517578,69.30000305175781,71.5,11242700,71.5
2020-04-07,79.78500366210938,73.83999633789062,76.9000015258789,77.47000122070312,8401700,77.47000122070312
2020-04-08,83.37999725341797,72.5,73.7699966430664,77.7699966430664,5289700,77.7699966430664
2020-04-09,85.30999755859375,76.25,79.91000366210938,76.8499984741211,4575600,76.8499984741211
2020-04-13,82.47000122070312,73.0199966430664,77.62999725341797,81.51000213623047,3196400,81.51000213623047
2020-04-14,88.98999786376953,82.0,83.5199966430664,86.08000183105469,4786400,86.08000183105469
2020-04-15,85.0,79.25,80.20999908447266,81.08000183105469,3265900,81.08000183105469
2020-04-16,85.76000213623047,78.26000213623047,80.95999908447266,83.26000213623047,3398400,83.26000213623047
2020-04-17,90.16000366210938,83.41000366210938,83.41000366210938,90.08000183105469,2687800,90.08000183105469
2020-04-20,105.18800354003906,88.60900115966797,89.13999938964844,100.93000030517578,6892200,100.93000030517578
2020-04-21,104.33999633789062,94.19999694824219,100.04000091552734,95.83999633789062,4170800,95.83999633789062
2020-04-22,100.27999877929688,93.11000061035156,99.69000244140625,96.37000274658203,2382300,96.37000274658203
2020-04-23,106.52999877929688,97.70999908447266,97.70999908447266,104.62999725341797,3683000,104.62999725341797
2020-04-24,123.76000213623047,107.51000213623047,107.7699966430664,122.41000366210938,8395300,122.41000366210938
2020-04-27,134.8000030517578,117.23999786376953,118.3499984741211,128.80999755859375,6847300,128.80999755859375
2020-04-28,130.3300018310547,122.30999755859375,130.3300018310547,123.68000030517578,4776000,123.68000030517578
2020-04-29,132.63999938964844,122.30000305175781,124.05999755859375,129.94000244140625,2869000,129.94000244140625
2020-04-30,132.89999389648438,123.93000030517578,127.41999816894531,124.04000091552734,3211500,124.04000091552734
2020-05-01,127.48200225830078,119.69999694824219,120.66999816894531,122.5,3723300,122.5
2020-05-04,134.5,122.51000213623047,124.69999694824219,134.11000061035156,4926300,134.11000061035156
2020-05-05,181.38999938964844,160.3300018310547,175.07000732421875,165.8800048828125,17695300,165.8800048828125
2020-05-06,182.44000244140625,163.17999267578125,166.1999969482422,180.80999755859375,7284100,180.80999755859375
2020-05-07,182.3699951171875,170.9199981689453,178.63999938964844,176.88999938964844,5196800,176.88999938964844
2020-05-08,190.9600067138672,175.77999877929688,179.0,188.0500030517578,5521300,188.0500030517578
2020-05-11,192.72999572753906,184.0500030517578,186.47000122070312,190.27000427246094,2598400,190.27000427246094
2020-05-12,197.05999755859375,183.4600067138672,192.24000549316406,183.66000366210938,3203800,183.66000366210938
2020-05-13,189.97000122070312,175.32000732421875,185.1199951171875,183.5800018310547,3700900,183.5800018310547
2020-05-14,180.0,171.1199951171875,177.0500030517578,172.94000244140625,3931700,172.94000244140625
2020-05-15,176.0,165.0,166.9499969482422,173.10000610351562,3641800,173.10000610351562
2020-05-18,174.92999267578125,150.02000427246094,173.0,153.83999633789062,6111500,153.83999633789062
2020-05-19,166.99000549316406,154.3000030517578,156.1999969482422,161.38999938964844,3726200,161.38999938964844
2020-05-20,168.23500061035156,154.52000427246094,167.92999267578125,162.6699981689453,2976100,162.6699981689453
2020-05-21,164.94900512695312,156.4199981689453,162.6699981689453,163.5,1859200,163.5
2020-05-22,166.3800048828125,160.4199981689453,162.52999877929688,165.69000244140625,1590600,165.69000244140625
2020-05-26,168.58999633789062,157.7899932861328,167.35000610351562,158.0800018310547,2488500,158.0800018310547
2020-05-27,157.5,144.50999450683594,156.7100067138672,153.88999938964844,3084600,153.88999938964844
2020-05-28,166.4600067138672,150.57000732421875,154.13999938964844,162.3000030517578,2559900,162.3000030517578
2020-05-29,177.27999877929688,163.61500549316406,165.07000732421875,171.5500030517578,3667900,171.5500030517578
2020-06-01,176.1699981689453,165.55999755859375,172.67999267578125,167.1199951171875,1911000,167.1199951171875
2020-06-02,190.6199951171875,174.5,175.0,188.6300048828125,4495400,188.6300048828125
2020-06-03,189.99000549316406,178.68499755859375,185.44000244140625,181.61000061035156,2343700,181.61000061035156
2020-06-04,188.58999633789062,173.50999450683594,180.6999969482422,177.55999755859375,2374200,177.55999755859375
2020-06-05,181.4499969482422,167.00999450683594,175.47999572753906,170.75999450683594,2805000,170.75999450683594
2020-06-08,176.0800018310547,167.46600341796875,169.77999877929688,175.99000549316406,1741800,175.99000549316406
2020-06-09,177.30999755859375,170.63999938964844,176.7100067138672,172.42999267578125,1347700,172.42999267578125
2020-06-10,187.61000061035156,173.16000366210938,174.3300018310547,182.3800048828125,2280600,182.3800048828125
2020-06-11,187.22999572753906,175.4499969482422,177.8699951171875,178.6999969482422,2430300,178.6999969482422
2020-06-12,189.0,175.63600158691406,182.3300018310547,184.75999450683594,1716600,184.75999450683594
2020-06-15,200.27999877929688,182.53500366210938,183.50999450683594,193.19000244140625,2899700,193.19000244140625
2020-06-16,198.0399932861328,185.82000732421875,196.91000366210938,191.9600067138672,1682200,191.9600067138672
2020-06-17,207.17999267578125,193.83999633789062,194.67999267578125,202.8699951171875,2775200,202.8699951171875
2020-06-18,209.47999572753906,198.51300048828125,203.00999450683594,200.64999389648438,1641400,200.64999389648438
2020-06-19,212.0570068359375,202.26499938964844,206.49000549316406,209.99000549316406,2747200,209.99000549316406
2020-06-22,221.53500366210938,207.5,213.52000427246094,208.05999755859375,2659900,208.05999755859375
2020-06-23,215.4499969482422,205.66000366210938,209.52999877929688,207.52999877929688,2270600,207.52999877929688
2020-06-24,212.24600219726562,197.27000427246094,209.47999572753906,200.7100067138672,1920500,200.7100067138672
2020-06-25,206.16000366210938,196.47999572753906,199.9499969482422,205.1199951171875,1943800,205.1199951171875
2020-06-26,213.58999633789062,201.00999450683594,205.8000030517578,201.94000244140625,2284800,201.94000244140625
2020-06-29,202.4600067138672,193.69000244140625,200.89999389648438,200.22999572753906,1702900,200.22999572753906
2020-06-30,202.00999450683594,195.49000549316406,201.3300018310547,197.61000061035156,1339700,197.61000061035156
2020-07-01,222.2949981689453,196.3000030517578,196.99000549316406,219.19000244140625,3069400,219.19000244140625
2020-07-02,222.17999267578125,211.19000244140625,220.0,214.10000610351562,1956900,214.10000610351562
2020-07-06,230.61000061035156,218.0,218.0500030517578,221.44000244140625,1633600,221.44000244140625
2020-07-07,228.0,218.77999877929688,222.85000610351562,225.49000549316406,1252500,225.49000549316406
2020-07-08,230.9199981689453,218.07000732421875,226.25,221.47999572753906,2033400,221.47999572753906
2020-07-09,230.1699981689453,219.9499969482422,224.0,228.92999267578125,1481300,228.92999267578125
2020-07-10,229.38999938964844,219.97999572753906,227.66000366210938,223.75999450683594,1452200,223.75999450683594
2020-07-13,226.9499969482422,210.10000610351562,219.5,210.8000030517578,2570500,210.8000030517578
2020-07-14,220.5,205.8000030517578,212.38999938964844,220.2100067138672,1925400,220.2100067138672
2020-07-15,219.3000030517578,208.50999450683594,217.39999389648438,217.9199981689453,1518400,217.9199981689453
2020-07-16,223.35000610351562,213.0,214.86000061035156,219.85000610351562,1047200,219.85000610351562
2020-07-17,224.52499389648438,213.11000061035156,222.1999969482422,215.8300018310547,1036000,215.8300018310547
2020-07-20,230.63999938964844,219.02999877929688,221.0,229.8800048828125,1606900,229.8800048828125
2020-07-21,234.3699951171875,223.27999877929688,231.5,225.64999389648438,1347100,225.64999389648438
2020-07-22,231.14999389648438,223.8000030517578,228.4600067138672,226.0,812200,226.0
2020-07-23,227.64999389648438,213.30999755859375,225.4600067138672,218.0,1120100,218.0
2020-07-24,225.2899932861328,209.1199951171875,214.5500030517578,222.7899932861328,1290900,222.7899932861328
2020-07-27,231.8699951171875,220.7100067138672,225.14999389648438,231.41000366210938,1507900,231.41000366210938
2020-07-28,232.36000061035156,224.88999938964844,229.47000122070312,227.0,1203700,227.0
2020-07-29,243.11000061035156,233.2449951171875,233.6300048828125,241.85000610351562,1718700,241.85000610351562
2020-07-30,256.19000244140625,238.55999755859375,240.75,255.9199981689453,2120800,255.9199981689453
2020-07-31,267.42999267578125,259.010009765625,260.57000732421875,266.0899963378906,3042000,266.0899963378906
2020-08-03,289.3800048828125,272.1000061035156,273.1700134277344,287.2799987792969,2859100,287.2799987792969
2020-08-04,294.8800048828125,274.6409912109375,287.5,290.8500061035156,4279000,290.8500061035156
2020-08-05,304.41400146484375,280.0,284.010009765625,301.3999938964844,5131400,301.3999938964844
2020-08-06,316.6700134277344,298.3290100097656,303.0,312.70001220703125,2991000,312.70001220703125
2020-08-07,323.1499938964844,300.7699890136719,309.19000244140625,309.67999267578125,3172100,309.67999267578125
2020-08-10,313.6600036621094,290.010009765625,309.67999267578125,298.0,2403400,298.0
2020-08-11,324.80999755859375,283.510009765625,293.2449951171875,309.1300048828125,11085800,309.1300048828125
2020-08-12,312.9599914550781,293.4909973144531,309.8699951171875,301.739990234375,4381300,301.739990234375
2020-08-13,320.42999267578125,305.010009765625,307.9100036621094,314.2900085449219,2580300,314.2900085449219
2020-08-14,315.9700012207031,308.0,312.1600036621094,309.989990234375,1575600,309.989990234375
2020-08-17,318.010009765625,310.70001220703125,316.5,314.1000061035156,2621500,314.1000061035156
2020-08-18,334.21099853515625,314.072998046875,314.4700012207031,326.1000061035156,3290100,326.1000061035156
2020-08-19,339.80999755859375,325.260009765625,326.0,333.010009765625,2543500,333.010009765625
2020-08-20,334.3699951171875,326.2300109863281,331.1099853515625,328.9599914550781,2585400,328.9599914550781
2020-08-21,341.5799865722656,326.4100036621094,329.0,340.6600036621094,2205000,340.6600036621094
2020-08-24,349.0820007324219,328.0,345.92999267578125,338.0,1660800,338.0
2020-08-25,339.8970031738281,330.20001220703125,334.1499938964844,338.05999755859375,1479500,338.05999755859375
2020-08-26,346.75,337.30999755859375,339.30999755859375,342.3999938964844,1589500,342.3999938964844
2020-08-27,342.5400085449219,325.8999938964844,341.75,331.2900085449219,1905000,331.2900085449219
2020-08-28,333.9800109863281,310.45001220703125,330.0,310.94000244140625,2543700,310.94000244140625
2020-08-31,311.4599914550781,287.30999755859375,310.989990234375,296.55999755859375,4239600,296.55999755859375
2020-09-01,313.8699951171875,297.30999755859375,298.5,306.8299865722656,1707800,306.8299865722656
2020-09-02,313.0,288.010009765625,311.010009765625,300.2099914550781,1955800,300.2099914550781
2020-09-03,292.7900085449219,273.0899963378906,287.54998779296875,275.70001220703125,2800100,275.70001220703125
2020-09-04,271.9599914550781,234.64999389648438,265.70001220703125,260.94000244140625,4850200,260.94000244140625
2020-09-08,270.0249938964844,242.50999450683594,246.0,252.0800018310547,2321200,252.0800018310547
2020-09-09,266.3900146484375,251.33099365234375,258.57000732421875,258.30999755859375,1737700,258.30999755859375
2020-09-10,296.8599853515625,261.69000244140625,272.6000061035156,264.6099853515625,4921900,264.6099853515625
2020-09-11,273.44000244140625,245.9499969482422,266.45001220703125,252.27999877929688,2499700,252.27999877929688
2020-09-14,268.3190002441406,250.09500122070312,258.0,266.70001220703125,3522400,266.70001220703125
2020-09-15,275.8500061035156,258.25,270.8399963378906,270.3399963378906,3359100,270.3399963378906
2020-09-16,275.0,264.8800048828125,267.32000732421875,268.9599914550781,2024100,268.9599914550781
2020-09-17,270.489990234375,253.5,255.97000122070312,269.3399963378906,2525700,269.3399963378906
2020-09-18,293.9700012207031,270.8599853515625,272.05999755859375,290.0899963378906,4711100,290.0899963378906
2020-09-21,302.79998779296875,281.20001220703125,285.6199951171875,302.3800048828125,2718500,302.3800048828125
2020-09-22,307.9200134277344,291.0,304.5,304.1700134277344,2029900,304.1700134277344
2020-09-23,302.260009765625,281.2799987792969,300.3299865722656,286.7200012207031,2254300,286.7200012207031
2020-09-24,291.8500061035156,272.8900146484375,279.9100036621094,283.8599853515625,2095500,283.8599853515625
2020-09-25,296.45001220703125,284.44500732421875,287.8599853515625,293.739990234375,1813700,293.739990234375
2020-09-28,307.4700012207031,298.29998779296875,300.9599914550781,300.739990234375,1365900,300.739990234375
2020-09-29,304.6499938964844,293.010009765625,302.3900146484375,294.6600036621094,1241800,294.6600036621094
2020-09-30,307.6499938964844,286.6099853515625,297.44000244140625,291.010009765625,2179200,291.010009765625
2020-10-01,324.2099914550781,295.010009765625,297.0,317.3800048828125,3991700,317.3800048828125
2020-10-02,319.5320129394531,300.5400085449219,308.30999755859375,305.3599853515625,2302700,305.3599853515625
2020-10-05,314.489990234375,306.5299987792969,308.8599853515625,309.7200012207031,1375200,309.7200012207031
2020-10-06,311.70001220703125,295.0199890136719,310.8999938964844,295.760009765625,1848500,295.760009765625
2020-10-07,310.989990234375,303.0,306.7900085449219,308.4800109863281,1654400,308.4800109863281
2020-10-08,311.5899963378906,303.6400146484375,308.8999938964844,304.07000732421875,1028500,304.07000732421875
2020-10-09,313.0299987792969,291.80999755859375,312.9599914550781,296.19000244140625,2995500,296.19000244140625
2020-10-12,301.5,293.70001220703125,297.9700012207031,293.989990234375,2699000,293.989990234375
2020-10-13,310.7900085449219,293.25,293.42999267578125,306.739990234375,3119100,306.739990234375
2020-10-14,306.7200012207031,288.9649963378906,306.57000732421875,293.8800048828125,2393600,293.8800048828125
2020-10-15,298.07000732421875,283.510009765625,288.0,298.0,1405600,298.0
2020-10-16,304.2250061035156,295.6400146484375,300.0,297.0799865722656,1543200,297.0799865722656
2020-10-19,308.7699890136719,297.57000732421875,300.25,299.95001220703125,2036900,299.95001220703125
2020-10-20,304.9800109863281,293.239990234375,300.95001220703125,294.5400085449219,1732500,294.5400085449219
2020-10-21,297.8800048828125,270.2300109863281,297.80999755859375,270.2699890136719,2306400,270.2699890136719
2020-10-22,274.4599914550781,261.9200134277344,270.0,265.8699951171875,2728900,265.8699951171875
2020-10-23,270.7200012207031,260.760009765625,266.54998779296875,265.8500061035156,1874100,265.8500061035156
2020-10-26,277.9100036621094,263.1099853515625,264.68499755859375,271.3599853515625,2187300,271.3599853515625
2020-10-27,280.20001220703125,271.0,273.5199890136719,274.3399963378906,2025400,274.3399963378906
2020-10-28,284.97100830078125,269.25,271.0,282.739990234375,2591400,282.739990234375
2020-10-29,284.9599914550781,252.80999755859375,282.3900146484375,255.75999450683594,4138600,255.75999450683594
2020-10-30,260.8299865722656,241.67999267578125,253.32000732421875,248.02999877929688,3079400,248.02999877929688
2020-11-02,262.0,248.41000366210938,249.72000122070312,255.63999938964844,2808600,255.63999938964844
2020-11-03,278.5,247.07000732421875,261.260009765625,274.1099853515625,8715100,274.1099853515625
2020-11-04,286.7279968261719,265.4800109863281,279.0,270.1499938964844,3276400,270.1499938964844
2020-11-05,300.30999755859375,276.0,278.489990234375,297.2200012207031,3555500,297.2200012207031
2020-11-06,304.3399963378906,288.6099853515625,295.0,301.1300048828125,1853800,301.1300048828125
2020-11-09,266.5,235.00999450683594,264.0,235.3300018310547,6498900,235.3300018310547
2020-11-10,245.52000427246094,225.0500030517578,240.1199951171875,242.7100067138672,3765400,242.7100067138672
2020-11-11,253.8300018310547,245.0399932861328,246.17999267578125,251.74000549316406,1934400,251.74000549316406
2020-11-12,261.1300048828125,249.3350067138672,253.69000244140625,250.5399932861328,1427800,250.5399932861328
2020-11-13,253.22999572753906,233.1999969482422,250.44000244140625,235.83999633789062,2734900,235.83999633789062
2020-11-16,241.0,221.08999633789062,226.9499969482422,235.41000366210938,2311200,235.41000366210938
2020-11-17,240.6300048828125,228.1300048828125,237.61000061035156,239.05999755859375,1394900,239.05999755859375
2020-11-18,241.5399932861328,233.5,238.35000610351562,234.66000366210938,1390200,234.66000366210938
2020-11-19,249.47999572753906,234.74000549316406,237.99000549316406,248.5500030517578,1763100,248.5500030517578
2020-11-20,259.07501220703125,249.00999450683594,249.2899932861328,252.5399932861328,1857500,252.5399932861328
2020-11-23,258.2760009765625,249.14999389648438,251.9600067138672,256.3900146484375,1440800,256.3900146484375
2020-11-24,254.0500030517578,240.91000366210938,251.75999450683594,241.72999572753906,2246100,241.72999572753906
2020-11-25,251.47999572753906,242.75999450683594,244.74000549316406,250.55999755859375,1734300,250.55999755859375
2020-11-27,268.9599914550781,253.5,254.0,260.67999267578125,1547500,260.67999267578125
2020-11-30,265.60400390625,246.99000549316406,264.0,254.36000061035156,1952200,254.36000061035156
2020-12-01,257.0,242.99000549316406,257.0,248.22000122070312,1440700,248.22000122070312
2020-12-02,247.42999267578125,238.0,245.0,242.69000244140625,891200,242.69000244140625
2020-12-03,245.52999877929688,237.76199340820312,241.27999877929688,239.77000427246094,1058300,239.77000427246094
2020-12-04,241.77999877929688,236.25999450683594,240.1999969482422,239.35000610351562,1149600,239.35000610351562
2020-12-07,242.99000549316406,233.8000030517578,239.99000549316406,236.6999969482422,1109400,236.6999969482422
2020-12-08,248.14999389648438,236.0,236.60000610351562,244.3000030517578,1263800,244.3000030517578
2020-12-09,251.24000549316406,236.66000366210938,244.22000122070312,240.60000610351562,1294200,240.60000610351562
2020-12-10,245.88999938964844,236.74000549316406,239.9199981689453,244.25999450683594,977700,244.25999450683594
2020-12-11,247.4600067138672,235.9969940185547,243.85000610351562,243.60000610351562,1070000,243.60000610351562
2020-12-14,259.8699951171875,244.69000244140625,244.88999938964844,253.47999572753906,2410200,253.47999572753906
2020-12-15,274.6600036621094,253.7100067138672,255.39999389648438,272.2300109863281,2386200,272.2300109863281
2020-12-16,273.7699890136719,263.3699951171875,271.6400146484375,273.0899963378906,1749900,273.0899963378906
2020-12-17,288.67999267578125,274.5899963378906,274.5899963378906,285.05999755859375,3065600,285.05999755859375
2020-12-18,287.5199890136719,276.6199951171875,287.1099853515625,276.7300109863281,2925500,276.7300109863281
2020-12-21,283.3399963378906,270.55999755859375,278.2900085449219,283.0,1084300,283.0
2020-12-22,286.6400146484375,275.45001220703125,281.80999755859375,284.8399963378906,1131900,284.8399963378906
2020-12-23,284.69000244140625,257.2799987792969,282.010009765625,257.6400146484375,2948100,257.6400146484375
2020-12-24,262.5,251.5,260.55999755859375,252.82000732421875,864600,252.82000732421875
2020-12-28,257.8999938964844,234.69000244140625,257.8999938964844,238.22000122070312,2460400,238.22000122070312
2020-12-29,243.14999389648438,229.14999389648438,240.64999389648438,233.36000061035156,1698200,233.36000061035156
2020-12-30,236.1999969482422,227.91000366210938,236.1999969482422,230.6699981689453,1557600,230.6699981689453
2020-12-31,231.0,224.0800018310547,231.0,225.80999755859375,1226500,225.80999755859375
2021-01-04,237.30999755859375,222.2790069580078,226.05999755859375,236.4600067138672,1897500,236.4600067138672
2021-01-05,242.6199951171875,233.3699951171875,234.10000610351562,241.92999267578125,1416900,241.92999267578125
2021-01-06,246.5399932861328,234.27999877929688,234.27999877929688,241.8800048828125,1251700,241.8800048828125
2021-01-07,250.88999938964844,243.35000610351562,246.44000244140625,250.07000732421875,1323900,250.07000732421875
2021-01-08,268.6700134277344,253.19500732421875,253.55999755859375,258.3800048828125,2374900,258.3800048828125
2021-01-11,263.7699890136719,249.54100036621094,253.38999938964844,259.17999267578125,1043400,259.17999267578125
2021-01-12,283.7200012207031,259.0,261.4599914550781,279.6499938964844,2203700,279.6499938964844
2021-01-13,313.7300109863281,278.3800048828125,279.2300109863281,309.1000061035156,4029700,309.1000061035156
2021-01-14,369.0,305.67999267578125,307.0,329.8699951171875,9033900,329.8699951171875
2021-01-15,326.6000061035156,299.05999755859375,325.7699890136719,300.0,4144900,300.0
2021-01-19,309.6400146484375,290.8399963378906,305.0,299.8500061035156,2424800,299.8500061035156
2021-01-20,306.29998779296875,290.4590148925781,302.8399963378906,294.0899963378906,1605500,294.0899963378906
2021-01-21,308.6000061035156,290.6199951171875,298.0,293.5199890136719,2041400,293.5199890136719
2021-01-22,305.1789855957031,293.0,294.0,299.94000244140625,2247500,299.94000244140625
2021-01-25,314.8500061035156,293.0,302.5400085449219,294.3399963378906,2766000,294.3399963378906
2021-01-26,299.8299865722656,276.2250061035156,297.6400146484375,280.3399963378906,2674000,280.3399963378906
2021-01-27,292.6449890136719,265.0,272.1000061035156,276.2300109863281,2411500,276.2300109863281
2021-01-28,287.25,272.093994140625,277.95001220703125,278.1400146484375,1298600,278.1400146484375
2021-01-29,284.96099853515625,263.57000732421875,280.010009765625,272.32000732421875,1918900,272.32000732421875
2021-02-01,281.5199890136719,264.2019958496094,276.6700134277344,281.0299987792969,1455300,281.0299987792969
2021-02-02,285.80999755859375,274.2300109863281,282.6600036621094,284.79998779296875,1241000,284.79998779296875
2021-02-03,295.45001220703125,283.95001220703125,287.05999755859375,284.9700012207031,1730400,284.9700012207031
2021-02-04,303.3900146484375,285.5,288.3699951171875,294.2799987792969,1562400,294.2799987792969
2021-02-05,297.5,286.92999267578125,295.9599914550781,289.29998779296875,1344500,289.29998779296875
2021-02-08,296.0,279.0,290.0799865722656,289.4800109863281,1496400,289.4800109863281
2021-02-09,296.0199890136719,284.4779968261719,285.04998779296875,286.7799987792969,1492300,286.7799987792969
2021-02-10,292.0299987792969,277.42999267578125,292.0299987792969,287.0199890136719,1137900,287.0199890136719
2021-02-11,304.5,289.1099853515625,293.010009765625,291.6099853515625,1739300,291.6099853515625
2021-02-12,299.260009765625,286.0899963378906,289.2799987792969,292.9700012207031,828000,292.9700012207031
2021-02-16,294.7699890136719,277.3599853515625,294.6000061035156,277.54998779296875,1330600,277.54998779296875
2021-02-17,279.4849853515625,268.07000732421875,275.510009765625,273.260009765625,1111300,273.260009765625
2021-02-18,280.6700134277344,267.9100036621094,273.260009765625,271.8999938964844,1004700,271.8999938964844
2021-02-19,298.0,272.30999755859375,272.30999755859375,292.7300109863281,2646300,292.7300109863281
2021-02-22,285.8800048828125,263.2099914550781,285.3599853515625,266.9599914550781,3093500,266.9599914550781
2021-02-23,265.6400146484375,243.43499755859375,260.4599914550781,262.8999938964844,2380100,262.8999938964844
2021-02-24,264.3800048828125,251.24000549316406,264.0,258.1300048828125,1724100,258.1300048828125
2021-02-25,299.42401123046875,254.656005859375,266.0199890136719,258.04998779296875,5948000,258.04998779296875
2021-02-26,295.6499938964844,270.19000244140625,271.0,288.9800109863281,3928300,288.9800109863281
2021-03-01,342.989990234375,292.07000732421875,293.5,335.6499938964844,6508300,335.6499938964844
2021-03-02,332.4100036621094,315.4200134277344,329.1700134277344,320.07000732421875,2166100,320.07000732421875
2021-03-03,320.0,291.1000061035156,316.989990234375,295.5400085449219,1738000,295.5400085449219
2021-03-04,296.7799987792969,272.20001220703125,292.19000244140625,287.0,2094900,287.0
2021-03-05,307.2900085449219,263.8399963378906,289.07000732421875,295.6600036621094,3576300,295.6600036621094
2021-03-08,326.8900146484375,297.9549865722656,298.010009765625,306.55999755859375,2686800,306.55999755859375
2021-03-09,322.07000732421875,311.0899963378906,318.0,318.6000061035156,1617400,318.6000061035156
2021-03-10,326.17999267578125,307.0799865722656,325.8900146484375,310.010009765625,1380200,310.010009765625
2021-03-11,324.3500061035156,315.32501220703125,322.3399963378906,319.989990234375,1422700,319.989990234375
2021-03-12,317.2099914550781,303.46099853515625,312.0,316.260009765625,970800,316.260009765625
2021-03-15,331.20001220703125,312.010009765625,316.5799865722656,324.0299987792969,1261700,324.0299987792969
2021-03-16,329.75,309.3900146484375,327.19000244140625,314.1700134277344,1040100,314.1700134277344
2021-03-17,325.9100036621094,304.5199890136719,308.2799987792969,321.6600036621094,727100,321.6600036621094
2021-03-18,341.45001220703125,316.25,317.0799865722656,325.9200134277344,2146500,325.9200134277344
2021-03-19,348.0,325.9100036621094,325.9100036621094,335.3599853515625,1637300,335.3599853515625
2021-03-22,346.989990234375,333.0199890136719,335.3599853515625,345.4700012207031,1482800,345.4700012207031
2021-03-23,355.9599914550781,332.30999755859375,349.5299987792969,335.92999267578125,1561500,335.92999267578125
2021-03-24,340.8299865722656,323.010009765625,332.6600036621094,326.67999267578125,1340400,326.67999267578125
2021-03-25,331.55999755859375,313.0,319.0,329.0400085449219,1451100,329.0400085449219
2021-03-26,344.9200134277344,332.1199951171875,332.1199951171875,343.67999267578125,1540700,343.67999267578125
2021-03-29,354.5,332.239990234375,345.0,332.6400146484375,1369200,332.6400146484375
2021-03-30,329.5979919433594,315.1199951171875,328.0,317.0199890136719,1389000,317.0199890136719
2021-03-31,327.0799865722656,313.94000244140625,326.8800048828125,314.75,1700400,314.75
2021-04-01,340.1000061035156,322.1499938964844,322.4700012207031,338.0,2076700,338.0
2021-04-05,338.0,319.29998779296875,336.3699951171875,323.7300109863281,1557600,323.7300109863281
2021-04-06,343.8039855957031,325.1400146484375,326.3599853515625,339.1499938964844,1419600,339.1499938964844
2021-04-07,336.7099914550781,323.75,335.1000061035156,325.9200134277344,1086500,325.9200134277344
2021-04-08,337.239990234375,326.260009765625,330.2300109863281,332.2200012207031,1169000,332.2200012207031
2021-04-09,337.67999267578125,325.7900085449219,330.0,327.489990234375,770200,327.489990234375
2021-04-12,326.0400085449219,314.8500061035156,323.20001220703125,319.9700012207031,1086600,319.9700012207031
2021-04-13,327.4739990234375,315.989990234375,321.1000061035156,318.2900085449219,712100,318.2900085449219
2021-04-14,333.7699890136719,319.4100036621094,320.0,323.260009765625,1165400,323.260009765625
2021-04-15,329.260009765625,319.3900146484375,327.5,321.1199951171875,991900,321.1199951171875
2021-04-16,322.9800109863281,304.70001220703125,313.989990234375,321.6400146484375,1458500,321.6400146484375
2021-04-19,324.9800109863281,311.4200134277344,322.2200012207031,315.3299865722656,1280000,315.3299865722656
2021-04-20,317.1700134277344,305.7699890136719,315.0,314.0,912500,314.0
2021-04-21,322.6600036621094,308.1400146484375,312.2699890136719,318.5,1214900,318.5
2021-04-22,322.0,305.6400146484375,319.1000061035156,307.7699890136719,1074000,307.7699890136719
2021-04-23,311.23199462890625,299.3949890136719,310.05999755859375,308.17999267578125,1053900,308.17999267578125
2021-04-26,309.7900085449219,302.8800048828125,309.0299987792969,308.7799987792969,1004700,308.7799987792969
2021-04-27,316.22900390625,306.5799865722656,307.67999267578125,310.260009765625,847600,310.260009765625
2021-04-28,314.1700134277344,303.489990234375,307.0,311.0400085449219,870100,311.0400085449219
2021-04-29,320.94000244140625,302.06500244140625,313.6000061035156,306.79998779296875,1188600,306.79998779296875
2021-04-30,306.9800109863281,293.5,303.6000061035156,295.57000732421875,1610000,295.57000732421875
2021-05-03,293.9800109863281,277.42999267578125,293.79998779296875,280.17999267578125,2185300,280.17999267578125
2021-05-04,278.25,267.8500061035156,275.9200134277344,274.0799865722656,1938800,274.0799865722656
2021-05-05,281.4700012207031,265.0400085449219,277.30999755859375,270.9700012207031,2059500,270.9700012207031
2021-05-06,297.8500061035156,277.010009765625,288.0,286.1300048828125,4397700,286.1300048828125
2021-05-07,307.1199951171875,291.4599914550781,295.6000061035156,305.489990234375,2778600,305.489990234375
2021-05-10,331.510009765625,299.010009765625,300.1400146484375,321.1000061035156,3098300,321.1000061035156
2021-05-11,327.3399963378906,308.9599914550781,310.8599853515625,325.94000244140625,1583800,325.94000244140625
2021-05-12,324.17999267578125,298.19000244140625,319.0,299.69000244140625,2256300,299.69000244140625
2021-05-13,305.1000061035156,286.70001220703125,301.19000244140625,295.2699890136719,1633400,295.2699890136719
2021-05-14,307.8900146484375,296.0,299.5400085449219,300.0,1257100,300.0
2021-05-17,307.04998779296875,296.9949951171875,300.7799987792969,301.6300048828125,878100,301.6300048828125
2021-05-18,312.760009765625,302.5,305.0,304.4200134277344,1501700,304.4200134277344
2021-05-19,302.7179870605469,296.0350036621094,299.79998779296875,302.4700012207031,823500,302.4700012207031
2021-05-20,314.0,303.79998779296875,308.0899963378906,309.8900146484375,2044400,309.8900146484375
2021-05-21,315.5799865722656,307.3999938964844,311.3599853515625,310.6499938964844,1063400,310.6499938964844
2021-05-24,317.8500061035156,310.67999267578125,312.17999267578125,313.6600036621094,1025200,313.6600036621094
2021-05-25,320.4700012207031,309.0,315.3599853515625,311.760009765625,1211500,311.760009765625
2021-05-26,327.3800048828125,311.5899963378906,314.239990234375,324.8699951171875,1476300,324.8699951171875
2021-05-27,332.0,319.3900146484375,321.4100036621094,320.1099853515625,1726400,320.1099853515625
2021-05-28,322.2799987792969,305.6000061035156,320.7300109863281,306.5400085449219,1089700,306.5400085449219
2021-06-01,321.80999755859375,312.260009765625,314.92999267578125,318.0,1332000,318.0
2021-06-02,333.79998779296875,316.1099853515625,317.2699890136719,332.8900146484375,1615800,332.8900146484375
2021-06-03,333.57000732421875,323.0799865722656,331.3599853515625,325.5799865722656,1244100,325.5799865722656
2021-06-04,326.44000244140625,317.3299865722656,325.9100036621094,321.0299987792969,897200,321.0299987792969
2021-06-07,329.0799865722656,313.010009765625,317.3399963378906,327.95001220703125,1752000,327.95001220703125
2021-06-08,335.7300109863281,326.92999267578125,331.0,333.0,934500,333.0
2021-06-09,339.5580139160156,322.5799865722656,332.2099914550781,323.5,785800,323.5
2021-06-10,330.1000061035156,320.8500061035156,324.0400085449219,328.1499938964844,798300,328.1499938964844
2021-06-11,331.8599853515625,321.7200012207031,328.4100036621094,323.2200012207031,818900,323.2200012207031
2021-06-14,321.989990234375,313.55999755859375,321.0,317.44000244140625,1467300,317.44000244140625
2021-06-15,317.9599914550781,302.57000732421875,317.9599914550781,309.3599853515625,1257200,309.3599853515625
2021-06-16,308.42999267578125,298.739990234375,308.42999267578125,306.67999267578125,1243500,306.67999267578125
2021-06-17,312.8999938964844,303.0199890136719,305.2200012207031,309.2200012207031,931900,309.2200012207031
2021-06-18,309.489990234375,299.6700134277344,309.3399963378906,303.20001220703125,988800,303.20001220703125
2021-06-21,304.75,293.1700134277344,302.54998779296875,304.05999755859375,926200,304.05999755859375
2021-06-22,309.0,300.92498779296875,304.739990234375,307.510009765625,719300,307.510009765625
2021-06-23,312.989990234375,305.1700134277344,308.20001220703125,309.489990234375,700800,309.489990234375
2021-06-24,326.8699951171875,311.0,311.6000061035156,319.19000244140625,1156100,319.19000244140625
2021-06-25,328.2099914550781,317.9800109863281,319.1400146484375,321.5,1695300,321.5
2021-06-28,326.8399963378906,315.1499938964844,325.0,317.4200134277344,745200,317.4200134277344
2021-06-29,313.42999267578125,299.70001220703125,312.6600036621094,308.3999938964844,2310200,308.3999938964844
2021-06-30,316.42999267578125,305.04998779296875,305.04998779296875,315.7099914550781,1551300,315.7099914550781
2021-07-01,321.75,306.75,316.70001220703125,307.5,853600,307.5
2021-07-02,310.6830139160156,297.7699890136719,307.5,301.010009765625,1217700,301.010009765625
2021-07-06,306.8699951171875,299.156005859375,302.44000244140625,306.5,854600,306.5
2021-07-07,309.8999938964844,305.1700134277344,309.0400085449219,307.0899963378906,1139900,307.0899963378906
2021-07-08,304.6400146484375,296.8299865722656,301.2900085449219,302.010009765625,1119300,302.010009765625
2021-07-09,304.94000244140625,302.2300109863281,303.9200134277344,303.8999938964844,1106600,303.8999938964844
2021-07-12,308.7799987792969,296.0,306.69000244140625,301.79998779296875,1007500,301.79998779296875
2021-07-13,302.2200012207031,288.5,298.42999267578125,288.7300109863281,990400,288.7300109863281
2021-07-14,292.9599914550781,277.9750061035156,291.25,280.4800109863281,1414500,280.4800109863281
2021-07-15,290.9800109863281,276.7149963378906,282.0899963378906,286.7200012207031,1144500,286.7200012207031
2021-07-16,288.9100036621094,278.2829895019531,288.2099914550781,280.010009765625,1108700,280.010009765625
2021-07-19,295.70098876953125,274.9800109863281,275.7799987792969,289.32000732421875,1637000,289.32000732421875
2021-07-20,300.25,289.0199890136719,290.510009765625,297.7699890136719,1139000,297.7699890136719
2021-07-21,297.6099853515625,290.8299865722656,296.45001220703125,292.2099914550781,750000,292.2099914550781
2021-07-22,290.8900146484375,282.8599853515625,290.29998779296875,288.1400146484375,826600,288.1400146484375
2021-07-23,289.2850036621094,284.4800109863281,288.1400146484375,285.510009765625,781300,285.510009765625
2021-07-26,289.54998779296875,281.3869934082031,284.5299987792969,284.0400085449219,813700,284.0400085449219
2021-07-27,284.75,266.8500061035156,284.75,274.6400146484375,1204400,274.6400146484375
2021-07-28,279.4100036621094,271.45001220703125,273.8399963378906,274.4100036621094,931200,274.4100036621094
2021-07-29,269.7409973144531,257.4700012207031,268.4599914550781,261.95001220703125,2010200,261.95001220703125
2021-07-30,254.99000549316406,239.32000732421875,253.0,241.36000061035156,2969900,241.36000061035156
2021-08-02,244.88999938964844,234.17999267578125,240.6699981689453,242.3699951171875,2653300,242.3699951171875
2021-08-03,250.82000732421875,241.0749969482422,241.1999969482422,249.49000549316406,2049000,249.49000549316406
2021-08-04,252.8000030517578,239.52999877929688,250.0,251.0500030517578,2183600,251.0500030517578
2021-08-05,285.0,255.0,255.0,276.1600036621094,4526400,276.1600036621094
2021-08-06,272.3599853515625,258.7099914550781,270.0,263.82000732421875,1779800,263.82000732421875
2021-08-09,281.1700134277344,262.125,263.5,278.8299865722656,1999200,278.8299865722656
2021-08-10,294.4800109863281,280.3500061035156,280.3500061035156,285.2099914550781,2326800,285.2099914550781
2021-08-11,310.20001220703125,287.4549865722656,287.8699951171875,310.0799865722656,3086000,310.0799865722656
2021-08-12,317.0,302.5299987792969,307.3999938964844,316.57000732421875,2186000,316.57000732421875
2021-08-13,317.45001220703125,304.3550109863281,317.45001220703125,311.8800048828125,1287700,311.8800048828125
2021-08-16,309.8900146484375,294.4700012207031,309.8399963378906,299.7799987792969,1315000,299.7799987792969
2021-08-17,301.4599914550781,292.489990234375,295.1000061035156,298.3800048828125,1242900,298.3800048828125
2021-08-18,298.239990234375,280.04998779296875,296.2799987792969,280.5,1124900,280.5
2021-08-19,284.2900085449219,276.0,278.1600036621094,283.69000244140625,1118000,283.69000244140625
2021-08-20,292.7569885253906,283.04998779296875,285.30999755859375,290.5199890136719,889600,290.5199890136719
2021-08-23,294.260009765625,286.5299987792969,294.260009765625,287.0199890136719,572900,287.0199890136719
2021-08-24,289.31201171875,282.7200012207031,288.8900146484375,286.0299987792969,809000,286.0299987792969
2021-08-25,288.95001220703125,279.3599853515625,284.57000732421875,288.6300048828125,555000,288.6300048828125
2021-08-26,300.3900146484375,285.0,285.7300109863281,290.8399963378906,1085800,290.8399963378906
2021-08-27,296.85699462890625,288.739990234375,290.0,291.1199951171875,563000,291.1199951171875
2021-08-30,294.0,290.1700134277344,291.94000244140625,291.8599853515625,906600,291.8599853515625
2021-08-31,292.82000732421875,279.6000061035156,292.82000732421875,280.75,1112800,280.75
2021-09-01,286.3500061035156,278.44000244140625,284.19000244140625,279.07000732421875,627800,279.07000732421875
2021-09-02,280.54998779296875,271.8800048828125,279.010009765625,274.29998779296875,1015500,274.29998779296875
2021-09-03,279.94000244140625,269.0400085449219,272.760009765625,273.5400085449219,675300,273.5400085449219
2021-09-07,272.989990234375,264.6700134277344,270.0,269.7099914550781,875400,269.7099914550781
2021-09-08,270.7799987792969,262.510009765625,270.0,263.9800109863281,784100,263.9800109863281
2021-09-09,269.4800109863281,260.6000061035156,265.510009765625,265.8900146484375,1050000,265.8900146484375
2021-09-10,272.0,262.0899963378906,269.8900146484375,262.2300109863281,724300,262.2300109863281
2021-09-13,268.2900085449219,256.9049987792969,260.8900146484375,268.1499938964844,845500,268.1499938964844
2021-09-14,272.7449951171875,265.2099914550781,270.0,266.3699951171875,703100,266.3699951171875
2021-09-15,278.80999755859375,263.010009765625,265.1600036621094,276.3999938964844,1283400,276.3999938964844
2021-09-16,282.78900146484375,275.57000732421875,275.8900146484375,277.8699951171875,1638300,277.8699951171875
2021-09-17,287.5299987792969,278.2699890136719,279.8399963378906,286.260009765625,1537000,286.260009765625
2021-09-20,284.7200012207031,275.6700134277344,277.5,280.6099853515625,1042800,280.6099853515625
2021-09-21,287.6499938964844,278.6340026855469,281.260009765625,279.260009765625,745800,279.260009765625
2021-09-22,283.4840087890625,274.25,279.80999755859375,277.57000732421875,917000,277.57000732421875
2021-09-23,276.8800048828125,269.0,273.2799987792969,275.0,1390600,275.0
2021-09-24,277.05999755859375,270.92999267578125,272.5199890136719,274.5899963378906,960000,274.5899963378906
2021-09-27,291.6000061035156,275.0,276.1700134277344,285.3599853515625,1168700,285.3599853515625
2021-09-28,283.8599853515625,274.30999755859375,283.17999267578125,278.2200012207031,881000,278.2200012207031
2021-09-29,287.89898681640625,270.0589904785156,278.3399963378906,270.8500061035156,1064500,270.8500061035156
2021-09-30,266.2799987792969,254.0749969482422,263.54998779296875,255.50999450683594,2248400,255.50999450683594
2021-10-01,257.6400146484375,246.0399932861328,255.6300048828125,253.07000732421875,1804000,253.07000732421875
2021-10-04,251.0,238.2899932861328,245.0,239.49000549316406,2365700,239.49000549316406
2021-10-05,246.24000549316406,240.2100067138672,241.9499969482422,241.35000610351562,1929300,241.35000610351562
2021-10-06,247.03500366210938,236.7899932861328,239.7899932861328,240.67999267578125,1057400,240.67999267578125
2021-10-07,250.27999877929688,240.13999938964844,240.13999938964844,243.38999938964844,939100,243.38999938964844
2021-10-08,247.52999877929688,240.63499450683594,244.4199981689453,242.1699981689453,739700,242.1699981689453
2021-10-11,242.25999450683594,233.91000366210938,242.25999450683594,234.22000122070312,963900,234.22000122070312
2021-10-12,240.77999877929688,233.4499969482422,235.32000732421875,234.27000427246094,1300800,234.27000427246094
2021-10-13,236.0,223.0,226.69000244140625,235.4600067138672,2284900,235.4600067138672
2021-10-14,242.97999572753906,228.6999969482422,229.64999389648438,242.10000610351562,1532800,242.10000610351562
2021-10-15,247.97999572753906,239.13999938964844,245.10000610351562,239.77000427246094,780300,239.77000427246094
2021-10-18,243.77000427246094,235.11000061035156,239.64999389648438,242.3300018310547,1233400,242.3300018310547
2021-10-19,249.5,241.80999755859375,246.0,249.02999877929688,1063100,249.02999877929688
2021-10-20,252.5,247.64999389648438,248.02999877929688,247.88999938964844,839300,247.88999938964844
2021-10-21,247.70199584960938,242.99000549316406,246.36000061035156,243.8300018310547,899300,243.8300018310547
2021-10-22,243.49000549316406,233.02000427246094,243.22999572753906,236.47000122070312,1272900,236.47000122070312
2021-10-25,239.77000427246094,233.52000427246094,238.0399932861328,235.1300048828125,1376200,235.1300048828125
