Date,High,Low,Open,Close,Volume,Adj Close
2000-01-03,16.333332061767578,15.0625,16.145832061767578,15.583333015441895,2333700.0,12.13737964630127
2000-01-04,15.708333015441895,14.0,15.208333015441895,14.416666984558105,1063500.0,11.228694915771484
2000-01-05,14.333333015441895,13.625,14.25,14.041666984558105,828900.0,10.93662166595459
2000-01-06,15.041666984558105,13.791666984558105,13.916666984558105,14.583333015441895,1103100.0,11.358506202697754
2000-01-07,14.625,13.875,14.625,14.125,738600.0,11.001522064208984
2000-01-10,16.416667938232422,14.958333015441895,15.229166984558105,15.9375,2340300.0,12.413226127624512
2000-01-11,16.25,14.333333015441895,16.166667938232422,14.479166984558105,2114100.0,11.277375221252441
2000-01-12,15.625,14.291666984558105,14.625,15.0625,1530000.0,11.731718063354492
2000-01-13,15.979166984558105,15.270833015441895,15.3125,15.916666984558105,723600.0,12.396995544433594
2000-01-14,16.541667938232422,16.0,16.1875,16.270832061767578,985800.0,12.67284870147705
2000-01-18,16.458332061767578,15.645833015441895,16.041667938232422,16.166667938232422,1712700.0,12.591718673706055
2000-01-19,17.333332061767578,16.291667938232422,16.333332061767578,17.145832061767578,1823100.0,13.354358673095703
2000-01-20,17.458332061767578,16.458332061767578,17.34375,16.625,841200.0,12.948701858520508
2000-01-21,16.916667938232422,16.270832061767578,16.791667938232422,16.541667938232422,815400.0,12.883795738220215
2000-01-24,16.8125,16.0625,16.666667938232422,16.166667938232422,607500.0,12.591718673706055
2000-01-25,16.0,14.875,15.916666984558105,15.229166984558105,748800.0,11.86152458190918
2000-01-26,15.666666984558105,14.958333015441895,15.1875,15.520833015441895,525000.0,12.088696479797363
2000-01-27,16.578125,15.4375,15.625,15.520833015441895,489000.0,12.088696479797363
2000-01-28,15.4375,14.291666984558105,15.4375,14.333333015441895,538500.0,11.163790702819824
2000-01-31,14.520833015441895,13.583333015441895,14.510416984558105,14.375,901800.0,11.196243286132812
2000-02-01,14.854166984558105,13.958333015441895,14.354166984558105,14.75,470400.0,11.48831844329834
2000-02-02,16.0,14.958333015441895,15.208333015441895,15.625,592200.0,12.169830322265625
2000-02-03,16.166667938232422,15.25,16.114582061767578,16.104167938232422,537600.0,12.543041229248047
2000-02-04,16.458332061767578,15.895833015441895,16.135417938232422,16.166667938232422,561600.0,12.591718673706055
2000-02-07,16.5,15.666666984558105,16.479167938232422,15.875,570900.0,12.364547729492188
2000-02-08,16.125,15.708333015441895,16.125,15.9375,324300.0,12.413226127624512
2000-02-09,16.020832061767578,15.125,16.0,15.125,300600.0,11.7803955078125
2000-02-10,15.541666984558105,15.0,15.166666984558105,15.541666984558105,316500.0,12.104927062988281
2000-02-11,15.666666984558105,15.354166984558105,15.541666984558105,15.5,427800.0,12.072467803955078
2000-02-14,15.541666984558105,14.6875,15.458333015441895,14.8125,360300.0,11.53699779510498
2000-02-15,15.572916984558105,14.651041984558105,14.822916984558105,15.25,260400.0,11.877753257751465
2000-02-16,15.125,14.333333015441895,15.125,14.416666984558105,394800.0,11.228694915771484
2000-02-17,14.729166984558105,13.770833015441895,14.625,14.354166984558105,504000.0,11.180017471313477
2000-02-18,14.375,13.166666984558105,14.354166984558105,13.166666984558105,390900.0,10.255112648010254
2000-02-22,13.666666984558105,13.125,13.28125,13.333333015441895,1121100.0,10.384922981262207
2000-02-23,14.291666984558105,13.25,13.458333015441895,14.104166984558105,564000.0,10.98530101776123
2000-02-24,14.270833015441895,12.958333015441895,14.270833015441895,13.208333015441895,366600.0,10.287562370300293
2000-02-25,14.125,13.166666984558105,13.208333015441895,13.916666984558105,602700.0,10.839262008666992
2000-02-28,14.270833015441895,13.625,14.083333015441895,13.791666984558105,1067100.0,10.741903305053711
2000-02-29,14.020833015441895,13.0625,14.020833015441895,13.333333015441895,819000.0,10.384922981262207
2000-03-01,13.770833015441895,12.416666984558105,13.322916984558105,13.541666984558105,1668600.0,10.547188758850098
2000-03-02,13.833333015441895,12.666666984558105,13.645833015441895,12.791666984558105,827100.0,9.963033676147461
2000-03-03,13.291666984558105,12.5,12.916666984558105,13.104166984558105,1003200.0,10.206429481506348
2000-03-06,13.333333015441895,12.916666984558105,13.270833015441895,13.041666984558105,695100.0,10.15775203704834
2000-03-07,13.25,12.75,13.21875,12.8125,472500.0,9.97926139831543
2000-03-08,13.166666984558105,12.770833015441895,12.833333015441895,13.083333015441895,387900.0,10.190203666687012
2000-03-09,13.270833015441895,12.6875,13.083333015441895,13.270833015441895,1018500.0,10.336244583129883
2000-03-10,13.4375,12.6875,13.1875,12.708333015441895,1361100.0,9.8981294631958
2000-03-13,12.770833015441895,11.833333015441895,12.770833015441895,12.083333015441895,2302200.0,9.411334991455078
2000-03-14,12.4375,11.520833015441895,12.270833015441895,12.166666984558105,1299600.0,9.476243019104004
2000-03-15,12.916666984558105,12.333333015441895,12.583333015441895,12.6875,1045200.0,9.8818998336792
2000-03-16,13.5625,12.75,12.916666984558105,13.5625,879600.0,10.5634126663208
2000-03-17,13.427083015441895,13.0,13.291666984558105,13.104166984558105,249300.0,10.206429481506348
2000-03-20,13.5625,12.875,13.291666984558105,12.895833015441895,705600.0,10.044168472290039
2000-03-21,13.166666984558105,12.520833015441895,13.0,12.770833015441895,865200.0,9.94681167602539
2000-03-22,12.770833015441895,12.270833015441895,12.75,12.5,1946100.0,9.73586368560791
2000-03-23,12.729166984558105,12.125,12.3125,12.645833015441895,1341900.0,9.849447250366211
2000-03-24,12.8125,12.291666984558105,12.75,12.604166984558105,1740600.0,9.816997528076172
2000-03-27,12.9375,12.041666984558105,12.541666984558105,12.729166984558105,1173600.0,9.91435432434082
2000-03-28,12.75,12.125,12.75,12.1875,797700.0,9.492466926574707
2000-03-29,12.395833015441895,12.0,12.166666984558105,12.291666984558105,779100.0,9.573600769042969
2000-03-30,12.791666984558105,12.208333015441895,12.25,12.458333015441895,635100.0,9.703413963317871
2000-03-31,13.75,12.541666984558105,12.541666984558105,13.75,699900.0,10.709447860717773
2000-04-03,14.25,13.333333015441895,13.375,13.916666984558105,861600.0,10.839262008666992
2000-04-04,14.416666984558105,12.75,13.833333015441895,13.645833015441895,966000.0,10.62832260131836
2000-04-05,13.8125,12.958333015441895,13.25,12.979166984558105,703200.0,10.109071731567383
2000-04-06,13.270833015441895,12.708333015441895,13.145833015441895,13.072916984558105,423600.0,10.182089805603027
2000-04-07,13.229166984558105,12.875,13.125,13.104166984558105,152400.0,10.206429481506348
2000-04-10,13.104166984558105,12.583333015441895,12.854166984558105,12.583333015441895,295200.0,9.800769805908203
2000-04-11,12.666666984558105,12.0,12.635416984558105,12.041666984558105,915900.0,9.37888240814209
2000-04-12,13.4375,12.020833015441895,12.083333015441895,13.1875,1201800.0,10.27133560180664
2000-04-13,13.5,12.3125,13.1875,12.3125,348000.0,9.589828491210938
2000-04-14,12.375,11.666666984558105,12.166666984558105,11.6875,1183800.0,9.103035926818848
2000-04-17,12.145833015441895,11.166666984558105,11.75,12.145833015441895,1301700.0,9.460017204284668
2000-04-18,12.083333015441895,11.583333015441895,12.0,11.9375,1161300.0,9.297749519348145
2000-04-19,12.166666984558105,11.8125,12.041666984558105,12.041666984558105,882600.0,9.37888240814209
2000-04-20,12.166666984558105,11.541666984558105,11.958333015441895,12.104166984558105,456900.0,9.42756175994873
2000-04-24,12.666666984558105,11.583333015441895,11.9375,12.583333015441895,754200.0,9.800769805908203
2000-04-25,13.5625,12.3125,12.625,13.5,759600.0,10.514734268188477
2000-04-26,13.5625,13.020833015441895,13.354166984558105,13.104166984558105,392100.0,10.206429481506348
2000-04-27,13.4375,12.666666984558105,12.854166984558105,13.291666984558105,631200.0,10.35246467590332
2000-04-28,13.25,12.583333015441895,13.229166984558105,13.0,284100.0,10.125296592712402
2000-05-01,13.0625,12.666666984558105,13.0625,12.791666984558105,204300.0,9.963033676147461
2000-05-02,12.6875,11.875,12.625,11.916666984558105,712500.0,9.281522750854492
2000-05-03,11.833333015441895,10.75,11.833333015441895,10.979166984558105,1968000.0,8.551335334777832
2000-05-04,12.041666984558105,10.708333015441895,11.104166984558105,11.75,808200.0,9.151713371276855
2000-05-05,11.916666984558105,11.458333015441895,11.6875,11.458333015441895,1178400.0,8.924543380737305
2000-05-08,11.541666984558105,11.229166984558105,11.416666984558105,11.25,1358700.0,8.762279510498047
2000-05-09,11.375,10.833333015441895,11.34375,11.020833015441895,1941300.0,8.583786964416504
2000-05-10,10.895833015441895,10.4375,10.770833015441895,10.5,2166300.0,8.178126335144043
2000-05-11,10.833333015441895,10.4375,10.75,10.833333015441895,1006200.0,8.437748908996582
2000-05-12,11.0625,10.708333015441895,11.041666984558105,10.708333015441895,353400.0,8.340391159057617
2000-05-15,11.041666984558105,10.604166984558105,11.03125,10.875,839100.0,8.470199584960938
2000-05-16,11.041666984558105,10.854166984558105,11.0,10.958333015441895,302700.0,8.535111427307129
2000-05-17,10.875,10.208333015441895,10.875,10.333333015441895,643200.0,8.04831314086914
2000-05-18,10.666666984558105,10.166666984558105,10.333333015441895,10.208333015441895,532800.0,7.950958728790283
2000-05-19,10.1875,9.875,10.166666984558105,9.916666984558105,247200.0,7.723787307739258
2000-05-22,10.041666984558105,9.3125,10.020833015441895,9.979166984558105,876000.0,7.772462844848633
2000-05-23,10.375,9.895833015441895,9.958333015441895,10.041666984558105,491700.0,7.821145057678223
2000-05-24,10.541666984558105,9.916666984558105,10.041666984558105,10.458333015441895,369600.0,8.145671844482422
2000-05-25,11.020833015441895,10.479166984558105,10.541666984558105,10.5,517500.0,8.178126335144043
2000-05-26,10.645833015441895,10.416666984558105,10.5,10.416666984558105,105900.0,8.11322021484375
2000-05-30,11.541666984558105,11.0625,11.0625,11.375,689700.0,8.859635353088379
2000-05-31,12.8125,11.125,11.322916984558105,12.520833015441895,1110900.0,9.752090454101562
2000-06-01,12.604166984558105,12.114583015441895,12.541666984558105,12.291666984558105,431400.0,9.573600769042969
2000-06-02,13.083333015441895,12.416666984558105,12.458333015441895,12.729166984558105,288600.0,9.91435432434082
2000-06-05,13.0,12.333333015441895,12.729166984558105,12.333333015441895,269100.0,9.606053352355957
2000-06-06,12.0,11.541666984558105,11.541666984558105,11.6875,293700.0,9.103035926818848
2000-06-07,11.895833015441895,11.604166984558105,11.75,11.729166984558105,601500.0,9.135482788085938
2000-06-08,11.833333015441895,11.5,11.8125,11.5,262800.0,8.956993103027344
2000-06-09,12.0625,11.666666984558105,11.770833015441895,12.041666984558105,168900.0,9.37888240814209
2000-06-12,12.0625,11.854166984558105,11.916666984558105,11.9375,124800.0,9.297749519348145
2000-06-13,11.875,11.583333015441895,11.875,11.770833015441895,314400.0,9.167939186096191
2000-06-14,11.979166984558105,11.666666984558105,11.75,11.791666984558105,642300.0,9.18416690826416
2000-06-15,12.229166984558105,11.6875,11.916666984558105,12.1875,781500.0,9.492466926574707
2000-06-16,12.333333015441895,11.59375,11.604166984558105,11.875,330900.0,9.249070167541504
2000-06-19,12.333333015441895,11.729166984558105,11.875,12.229166984558105,215700.0,9.524922370910645
2000-06-20,12.229166984558105,11.583333015441895,12.208333015441895,11.625,591300.0,9.054351806640625
2000-06-21,12.083333015441895,11.541666984558105,11.604166984558105,11.916666984558105,543900.0,9.281522750854492
2000-06-22,12.479166984558105,11.75,12.0,12.0625,343800.0,9.39510726928711
2000-06-23,12.104166984558105,11.729166984558105,12.041666984558105,11.729166984558105,149400.0,9.135482788085938
2000-06-26,12.0625,11.666666984558105,11.833333015441895,12.0,185100.0,9.346426963806152
2000-06-27,12.541666984558105,11.791666984558105,11.875,12.375,403800.0,9.638504028320312
2000-06-28,13.145833015441895,12.3125,12.520833015441895,12.604166984558105,490200.0,9.816997528076172
2000-06-29,12.666666984558105,11.833333015441895,12.614583015441895,12.291666984558105,273300.0,9.573600769042969
2000-06-30,13.25,12.25,12.416666984558105,12.958333015441895,452100.0,10.092842102050781
2000-07-03,13.083333015441895,12.416666984558105,13.0,13.041666984558105,500100.0,10.15775203704834
2000-07-05,13.25,12.5,13.083333015441895,12.75,860700.0,9.930581092834473
2000-07-06,12.75,12.3125,12.75,12.666666984558105,434700.0,9.865679740905762
2000-07-07,12.916666984558105,12.5,12.5,12.645833015441895,112500.0,9.849447250366211
2000-07-10,12.645833015441895,11.833333015441895,12.635416984558105,11.9375,347700.0,9.297749519348145
2000-07-11,11.958333015441895,11.625,11.916666984558105,11.875,193500.0,9.249070167541504
2000-07-12,12.104166984558105,11.583333015441895,12.0625,11.625,790200.0,9.054351806640625
2000-07-13,12.291666984558105,11.770833015441895,11.770833015441895,12.229166984558105,484800.0,9.524922370910645
2000-07-14,12.291666984558105,12.0,12.1875,12.291666984558105,146100.0,9.573600769042969
2000-07-17,12.375,12.083333015441895,12.291666984558105,12.354166984558105,225600.0,9.622276306152344
2000-07-18,12.375,11.875,12.333333015441895,12.0,218100.0,9.346426963806152
2000-07-19,12.041666984558105,11.708333015441895,12.041666984558105,11.916666984558105,240300.0,9.281522750854492
2000-07-20,12.145833015441895,11.8125,11.916666984558105,12.083333015441895,160200.0,9.411334991455078
2000-07-21,12.020833015441895,11.416666984558105,11.854166984558105,11.4375,273600.0,8.908312797546387
2000-07-24,11.708333015441895,11.020833015441895,11.416666984558105,11.020833015441895,1131900.0,8.583786964416504
2000-07-25,11.4375,11.0625,11.166666984558105,11.395833015441895,650700.0,8.875863075256348
2000-07-26,11.375,11.03125,11.375,11.270833015441895,1022700.0,8.778502464294434
2000-07-27,11.4375,11.166666984558105,11.166666984558105,11.291666984558105,227100.0,8.794729232788086
2000-07-28,11.166666984558105,10.166666984558105,11.166666984558105,10.25,2588100.0,7.983407497406006
2000-07-31,11.25,10.375,10.416666984558105,11.25,602700.0,8.762279510498047
2000-08-01,11.125,10.833333015441895,11.09375,10.854166984558105,225900.0,8.453977584838867
2000-08-02,10.958333015441895,10.583333015441895,10.8125,10.833333015441895,902700.0,8.437748908996582
2000-08-03,11.354166984558105,10.583333015441895,10.666666984558105,11.270833015441895,678900.0,8.778502464294434
2000-08-04,11.375,10.9375,11.333333015441895,11.020833015441895,539100.0,8.583786964416504
2000-08-07,11.166666984558105,10.75,11.125,10.791666984558105,326400.0,8.405296325683594
2000-08-08,11.416666984558105,10.416666984558105,11.375,10.583333015441895,1418700.0,8.243032455444336
2000-08-09,11.083333015441895,10.541666984558105,10.645833015441895,10.854166984558105,846300.0,8.453977584838867
2000-08-10,11.083333015441895,10.875,10.9375,11.0,333900.0,8.567561149597168
2000-08-11,11.0625,10.75,10.895833015441895,10.916666984558105,222600.0,8.502655982971191
2000-08-14,11.041666984558105,10.708333015441895,10.958333015441895,10.979166984558105,255000.0,8.551335334777832
2000-08-15,11.770833015441895,10.9375,11.010416984558105,11.666666984558105,420900.0,9.086807250976562
2000-08-16,12.291666984558105,11.6875,11.6875,11.958333015441895,334800.0,9.313974380493164
2000-08-17,12.916666984558105,12.125,12.1875,12.729166984558105,1580700.0,9.91435432434082
2000-08-18,13.041666984558105,12.463541984558105,12.666666984558105,12.666666984558105,709500.0,9.865679740905762
2000-08-21,12.708333015441895,12.3125,12.625,12.416666984558105,219900.0,9.67095947265625
2000-08-22,12.666666984558105,12.395833015441895,12.447916984558105,12.4375,161700.0,9.687183380126953
2000-08-23,12.375,12.145833015441895,12.260416984558105,12.369791984558105,311100.0,9.634448051452637
2000-08-24,12.5,12.270833015441895,12.291666984558105,12.458333015441895,270900.0,9.703413963317871
2000-08-25,12.708333015441895,12.354166984558105,12.354166984558105,12.520833015441895,202800.0,9.752090454101562
2000-08-28,12.6875,12.291666984558105,12.458333015441895,12.291666984558105,155400.0,9.573600769042969
2000-08-29,12.390625,12.041666984558105,12.375,12.145833015441895,345900.0,9.460017204284668
2000-08-30,12.333333015441895,11.979166984558105,12.270833015441895,12.333333015441895,210900.0,9.606053352355957
2000-08-31,12.3125,12.041666984558105,12.28125,12.229166984558105,190200.0,9.524922370910645
2000-09-01,12.604166984558105,12.229166984558105,12.239583015441895,12.458333015441895,193500.0,9.703413963317871
2000-09-05,12.4375,11.791666984558105,12.375,11.854166984558105,244200.0,9.2328462600708
2000-09-06,12.333333015441895,11.8125,11.833333015441895,12.041666984558105,252000.0,9.37888240814209
2000-09-07,12.166666984558105,11.875,12.166666984558105,12.0,94200.0,9.346426963806152
2000-09-08,12.0625,11.75,12.041666984558105,11.854166984558105,181800.0,9.2328462600708
2000-09-11,12.1875,11.666666984558105,11.75,11.9375,142800.0,9.297749519348145
2000-09-12,12.25,11.916666984558105,11.958333015441895,11.958333015441895,337800.0,9.313974380493164
2000-09-13,12.645833015441895,11.916666984558105,11.9375,12.458333015441895,318900.0,9.703413963317871
2000-09-14,12.791666984558105,12.354166984558105,12.5625,12.510416984558105,284400.0,9.743979454040527
2000-09-15,12.479166984558105,11.8125,12.458333015441895,11.932291984558105,347400.0,9.293692588806152
2000-09-18,12.166666984558105,11.770833015441895,11.9375,12.104166984558105,295800.0,9.42756175994873
2000-09-19,12.395833015441895,12.020833015441895,12.270833015441895,12.041666984558105,424200.0,9.37888240814209
2000-09-20,12.0,11.25,12.0,11.520833015441895,914100.0,8.973221778869629
2000-09-21,11.958333015441895,11.479166984558105,11.541666984558105,11.666666984558105,1129800.0,9.086807250976562
2000-09-22,12.083333015441895,11.458333015441895,11.583333015441895,12.041666984558105,668400.0,9.37888240814209
2000-09-25,12.645833015441895,12.166666984558105,12.166666984558105,12.375,446700.0,9.638504028320312
2000-09-26,12.708333015441895,12.416666984558105,12.541666984558105,12.541666984558105,418200.0,9.768318176269531
2000-09-27,12.708333015441895,12.5,12.614583015441895,12.5625,305100.0,9.784542083740234
2000-09-28,13.125,12.5625,12.5625,13.041666984558105,510600.0,10.15775203704834
2000-09-29,13.666666984558105,13.041666984558105,13.125,13.5625,906300.0,10.5634126663208
2000-10-02,14.333333015441895,13.583333015441895,13.739583015441895,14.333333015441895,1629000.0,11.163790702819824
2000-10-03,14.791666984558105,13.854166984558105,14.458333015441895,14.0,1303500.0,10.904169082641602
2000-10-04,14.520833015441895,13.75,13.833333015441895,13.791666984558105,663300.0,10.741903305053711
2000-10-05,14.75,13.916666984558105,14.083333015441895,14.645833015441895,446100.0,11.40718936920166
2000-10-06,14.875,13.916666984558105,14.541666984558105,14.1875,836400.0,11.050206184387207
2000-10-09,14.229166984558105,13.6875,14.145833015441895,13.708333015441895,235800.0,10.677000045776367
2000-10-10,14.25,13.666666984558105,13.708333015441895,14.083333015441895,187800.0,10.969078063964844
2000-10-11,14.166666984558105,13.6875,13.791666984558105,13.6875,440400.0,10.660770416259766
2000-10-12,13.6875,13.083333015441895,13.6875,13.083333015441895,485700.0,10.190203666687012
2000-10-13,13.666666984558105,13.104166984558105,13.229166984558105,13.354166984558105,764100.0,10.401148796081543
2000-10-16,13.333333015441895,12.708333015441895,13.333333015441895,12.75,270000.0,9.930581092834473
2000-10-17,12.895833015441895,12.104166984558105,12.75,12.520833015441895,333300.0,9.752090454101562
2000-10-18,12.875,12.041666984558105,12.083333015441895,12.479166984558105,451500.0,9.71963882446289
2000-10-19,13.458333015441895,12.5,12.708333015441895,13.458333015441895,924900.0,10.482277870178223
2000-10-20,14.270833015441895,13.333333015441895,13.375,13.958333015441895,853200.0,10.87171459197998
2000-10-23,14.3125,13.833333015441895,13.979166984558105,14.0,587100.0,10.904169082641602
2000-10-24,14.083333015441895,13.416666984558105,14.041666984558105,13.875,505500.0,10.806807518005371
2000-10-25,14.041666984558105,13.4375,13.708333015441895,13.520833015441895,213600.0,10.530960083007812
2000-10-26,13.708333015441895,13.125,13.541666984558105,13.354166984558105,253200.0,10.401148796081543
2000-10-27,13.833333015441895,13.416666984558105,13.458333015441895,13.8125,146700.0,10.758127212524414
2000-10-30,14.0,13.416666984558105,13.708333015441895,13.604166984558105,177600.0,10.595863342285156
2000-10-31,13.666666984558105,13.270833015441895,13.604166984558105,13.375,379500.0,10.417373657226562
2000-11-01,13.479166984558105,13.208333015441895,13.479166984558105,13.458333015441895,260400.0,10.482277870178223
2000-11-02,13.5,13.041666984558105,13.5,13.125,336000.0,10.222660064697266
2000-11-03,13.166666984558105,12.916666984558105,13.083333015441895,13.041666984558105,120300.0,10.15775203704834
2000-11-06,13.083333015441895,12.625,13.020833015441895,12.666666984558105,279000.0,9.865679740905762
2000-11-07,13.083333015441895,12.125,12.635416984558105,12.958333015441895,595500.0,10.092842102050781
2000-11-08,13.1875,12.8125,13.182291984558105,12.854166984558105,160200.0,10.011714935302734
2000-11-09,12.833333015441895,12.104166984558105,12.8125,12.75,288900.0,9.930581092834473
2000-11-10,12.9375,12.375,12.708333015441895,12.4375,240600.0,9.687183380126953
2000-11-13,12.6875,12.270833015441895,12.354166984558105,12.270833015441895,168600.0,9.557374954223633
2000-11-14,12.666666984558105,12.375,12.479166984558105,12.520833015441895,110700.0,9.752090454101562
2000-11-15,12.666666984558105,12.208333015441895,12.583333015441895,12.416666984558105,79200.0,9.67095947265625
2000-11-16,12.5,12.083333015441895,12.229166984558105,12.182291984558105,85200.0,9.488414764404297
2000-11-17,12.458333015441895,12.083333015441895,12.229166984558105,12.25,138300.0,9.541149139404297
2000-11-20,12.291666984558105,11.8125,12.1875,11.8125,197400.0,9.200387954711914
2000-11-21,11.9375,11.458333015441895,11.8125,11.8125,259500.0,9.200387954711914
2000-11-22,12.479166984558105,11.625,11.625,11.958333015441895,440700.0,9.313974380493164
2000-11-24,12.5,11.916666984558105,11.916666984558105,12.208333015441895,295800.0,9.508691787719727
2000-11-27,12.5625,12.104166984558105,12.333333015441895,12.416666984558105,301200.0,9.67095947265625
2000-11-28,12.791666984558105,12.416666984558105,12.416666984558105,12.5,415200.0,9.73586368560791
2000-11-29,12.833333015441895,12.4375,12.5,12.708333015441895,191100.0,9.8981294631958
2000-11-30,12.708333015441895,12.333333015441895,12.583333015441895,12.5,1137000.0,9.73586368560791
2000-12-01,12.708333015441895,12.3125,12.541666984558105,12.416666984558105,585900.0,9.67095947265625
2000-12-04,12.458333015441895,12.104166984558105,12.3125,12.229166984558105,180600.0,9.524922370910645
2000-12-05,12.833333015441895,12.125,12.8125,12.229166984558105,841800.0,9.524922370910645
2000-12-06,12.25,11.291666984558105,12.229166984558105,11.291666984558105,1589100.0,8.794729232788086
2000-12-07,11.541666984558105,11.0,11.328125,11.4375,929100.0,8.908312797546387
2000-12-08,11.723958015441895,11.291666984558105,11.625,11.458333015441895,570600.0,8.924543380737305
2000-12-11,12.1875,11.291666984558105,11.520833015441895,12.145833015441895,558600.0,9.460017204284668
2000-12-12,12.083333015441895,11.729166984558105,11.989583015441895,11.895833015441895,354300.0,9.265297889709473
2000-12-13,12.958333015441895,12.25,12.25,12.833333015441895,737700.0,9.995485305786133
2000-12-14,12.75,12.3125,12.5625,12.520833015441895,412500.0,9.752090454101562
2000-12-15,12.75,12.375,12.395833015441895,12.479166984558105,254400.0,9.71963882446289
2000-12-18,13.0,12.458333015441895,12.979166984558105,12.5,395400.0,9.73586368560791
2000-12-19,12.875,12.5,12.666666984558105,12.625,308400.0,9.833226203918457
2000-12-20,12.458333015441895,12.0,12.458333015441895,12.0625,306300.0,9.39510726928711
2000-12-21,12.875,12.0,12.0,12.458333015441895,488400.0,9.703413963317871
2000-12-22,13.333333015441895,12.5,12.5,13.229166984558105,301200.0,10.303791046142578
2000-12-26,13.479166984558105,12.979166984558105,13.3125,13.041666984558105,133200.0,10.15775203704834
2000-12-27,13.666666984558105,13.145833015441895,13.208333015441895,13.520833015441895,312900.0,10.530960083007812
2000-12-28,13.958333015441895,13.458333015441895,13.541666984558105,13.666666984558105,173400.0,10.64454460144043
2000-12-29,14.0,13.625,13.625,13.770833015441895,292200.0,10.725677490234375
2001-01-02,13.75,13.25,13.645833015441895,13.3125,353100.0,10.368693351745605
2001-01-03,13.979166984558105,13.25,13.354166984558105,13.875,488100.0,10.806807518005371
2001-01-04,14.020833015441895,13.666666984558105,13.833333015441895,13.666666984558105,421800.0,10.64454460144043
2001-01-05,13.833333015441895,13.3125,13.697916984558105,13.5625,256500.0,10.5634126663208
2001-01-08,13.583333015441895,13.166666984558105,13.479166984558105,13.5625,327000.0,10.5634126663208
2001-01-09,14.354166984558105,13.5625,13.5625,14.0625,545400.0,10.952850341796875
2001-01-10,14.125,13.666666984558105,14.083333015441895,13.875,187200.0,10.806807518005371
2001-01-11,14.333333015441895,13.833333015441895,13.833333015441895,14.1875,233400.0,11.050206184387207
2001-01-12,14.833333015441895,14.104166984558105,14.104166984558105,14.473958015441895,328500.0,11.273321151733398
2001-01-16,14.916666984558105,14.541666984558105,14.541666984558105,14.875,654900.0,11.585678100585938
2001-01-17,15.270833015441895,14.5,14.875,14.5,351900.0,11.293601989746094
2001-01-18,14.833333015441895,14.3125,14.541666984558105,14.645833015441895,210900.0,11.40718936920166
2001-01-19,14.916666984558105,14.416666984558105,14.875,14.770833015441895,357000.0,11.504544258117676
2001-01-22,14.916666984558105,14.520833015441895,14.875,14.541666984558105,215400.0,11.326057434082031
2001-01-23,14.59375,13.958333015441895,14.59375,14.166666984558105,232500.0,11.033977508544922
2001-01-24,14.458333015441895,13.770833015441895,14.354166984558105,14.041666984558105,412500.0,10.93662166595459
2001-01-25,14.0625,13.375,14.041666984558105,13.770833015441895,747000.0,10.725677490234375
2001-01-26,13.833333015441895,13.583333015441895,13.75,13.833333015441895,189300.0,10.774353981018066
2001-01-29,14.395833015441895,13.666666984558105,13.729166984558105,14.25,461100.0,11.098883628845215
2001-01-30,14.229166984558105,13.833333015441895,14.229166984558105,13.958333015441895,185100.0,10.87171459197998
2001-01-31,14.25,13.875,13.895833015441895,14.104166984558105,687300.0,10.98530101776123
2001-02-01,14.166666984558105,13.770833015441895,14.041666984558105,14.083333015441895,134400.0,10.969078063964844
2001-02-02,14.166666984558105,13.604166984558105,14.0,13.729166984558105,231000.0,10.693224906921387
2001-02-05,14.5625,13.8125,13.8125,14.354166984558105,280800.0,11.180017471313477
2001-02-06,14.708333015441895,14.291666984558105,14.333333015441895,14.395833015441895,225000.0,11.212471961975098
2001-02-07,14.708333015441895,14.291666984558105,14.291666984558105,14.541666984558105,181500.0,11.326057434082031
2001-02-08,14.875,14.645833015441895,14.645833015441895,14.645833015441895,237900.0,11.40718936920166
2001-02-09,14.666666984558105,14.416666984558105,14.65625,14.458333015441895,231000.0,11.261149406433105
2001-02-12,14.625,14.375,14.46875,14.5,337800.0,11.293601989746094
2001-02-13,14.791666984558105,14.458333015441895,14.583333015441895,14.458333015441895,112800.0,11.261149406433105
2001-02-14,14.666666984558105,13.9375,14.666666984558105,14.104166984558105,245400.0,10.98530101776123
2001-02-15,14.333333015441895,14.0625,14.104166984558105,14.083333015441895,121500.0,10.969078063964844
2001-02-16,14.125,13.854166984558105,13.958333015441895,14.020833015441895,162000.0,10.920391082763672
2001-02-20,14.458333015441895,14.020833015441895,14.020833015441895,14.166666984558105,144600.0,11.033977508544922
2001-02-21,14.229166984558105,13.875,14.125,14.0625,116100.0,10.952850341796875
2001-02-22,14.083333015441895,13.5,14.0625,13.770833015441895,214800.0,10.725677490234375
2001-02-23,13.958333015441895,13.395833015441895,13.739583015441895,13.854166984558105,279600.0,10.790580749511719
2001-02-26,14.583333015441895,13.958333015441895,13.979166984558105,14.4375,527400.0,11.24492359161377
2001-02-27,14.666666984558105,14.416666984558105,14.5,14.458333015441895,197700.0,11.261149406433105
2001-02-28,14.583333015441895,14.083333015441895,14.5,14.1875,898500.0,11.050206184387207
2001-03-01,14.416666984558105,14.166666984558105,14.166666984558105,14.197916984558105,3120900.0,11.058321952819824
2001-03-02,14.5,14.0625,14.1875,14.270833015441895,408300.0,11.115113258361816
2001-03-05,14.875,14.291666984558105,14.291666984558105,14.8125,526500.0,11.53699779510498
2001-03-06,15.125,14.833333015441895,14.979166984558105,15.0625,710400.0,11.731718063354492
2001-03-07,15.229166984558105,15.0,15.166666984558105,15.083333015441895,237000.0,11.747942924499512
2001-03-08,15.083333015441895,14.75,15.041666984558105,14.9375,239400.0,11.634359359741211
2001-03-09,14.9375,14.666666984558105,14.895833015441895,14.875,211200.0,11.585678100585938
2001-03-12,14.958333015441895,14.125,14.708333015441895,14.208333015441895,310500.0,11.066431999206543
2001-03-13,14.270833015441895,13.666666984558105,14.25,13.979166984558105,213300.0,10.887940406799316
2001-03-14,13.854166984558105,13.541666984558105,13.708333015441895,13.604166984558105,274500.0,10.595863342285156
2001-03-15,14.125,13.75,13.791666984558105,13.9375,242700.0,10.855487823486328
2001-03-16,14.1875,13.791666984558105,13.833333015441895,14.020833015441895,352500.0,10.920391082763672
2001-03-19,14.416666984558105,14.083333015441895,14.1875,14.270833015441895,141600.0,11.115113258361816
2001-03-20,14.395833015441895,13.770833015441895,14.291666984558105,13.895833015441895,190200.0,10.823033332824707
2001-03-21,13.958333015441895,13.645833015441895,13.8125,13.708333015441895,147000.0,10.677000045776367
2001-03-22,13.854166984558105,12.895833015441895,13.854166984558105,13.25,535200.0,10.320014953613281
2001-03-23,13.354166984558105,12.5625,13.322916984558105,12.6875,283500.0,9.8818998336792
2001-03-26,13.3125,12.791666984558105,12.895833015441895,13.3125,319800.0,10.368693351745605
2001-03-27,13.854166984558105,13.208333015441895,13.260416984558105,13.6875,417300.0,10.660770416259766
2001-03-28,13.833333015441895,13.458333015441895,13.53125,13.666666984558105,273600.0,10.64454460144043
2001-03-29,13.729166984558105,13.458333015441895,13.541666984558105,13.729166984558105,117600.0,10.693224906921387
2001-03-30,13.916666984558105,13.604166984558105,13.75,13.729166984558105,119400.0,10.693224906921387
2001-04-02,14.0625,13.416666984558105,13.75,13.583333015441895,242400.0,10.579643249511719
2001-04-03,13.5625,12.791666984558105,13.5625,13.0625,332100.0,10.173980712890625
2001-04-04,13.104166984558105,12.666666984558105,12.96875,12.958333015441895,246600.0,10.092842102050781
2001-04-05,13.354166984558105,12.958333015441895,13.041666984558105,13.354166984558105,333300.0,10.401148796081543
2001-04-06,13.541666984558105,13.083333015441895,13.208333015441895,13.395833015441895,375600.0,10.433603286743164
2001-04-09,13.483332633972168,13.133333206176758,13.479999542236328,13.180000305175781,69900.0,10.265496253967285
2001-04-10,13.399999618530273,13.166666984558105,13.199999809265137,13.166666984558105,572100.0,10.255112648010254
2001-04-11,13.433333396911621,13.0,13.183333396911621,13.403332710266113,475500.0,10.439441680908203
2001-04-12,13.633333206176758,13.199999809265137,13.199999809265137,13.550000190734863,170100.0,10.553675651550293
2001-04-16,13.766667366027832,13.483332633972168,13.5,13.579999923706055,159300.0,10.577042579650879
2001-04-17,14.0,13.5,13.520000457763672,13.91333293914795,195000.0,10.836663246154785
2001-04-18,14.263333320617676,13.916666984558105,13.993332862854004,14.013333320617676,941400.0,10.91455364227295
2001-04-19,14.229999542236328,13.666666984558105,13.966667175292969,14.229999542236328,242100.0,11.083307266235352
2001-04-20,14.199999809265137,13.983332633972168,14.033332824707031,14.083333015441895,154500.0,10.969078063964844
2001-04-23,14.233332633972168,13.866666793823242,14.183333396911621,13.899999618530273,638100.0,10.82628059387207
2001-04-24,14.116666793823242,13.833333015441895,14.0,13.833333015441895,197100.0,10.774353981018066
2001-04-25,14.036666870117188,13.816666603088379,13.816666603088379,13.946666717529297,97500.0,10.862629890441895
2001-04-26,14.483332633972168,13.936667442321777,14.066666603088379,14.40999984741211,338400.0,11.223504066467285
2001-04-27,14.5,14.25333309173584,14.5,14.350000381469727,153600.0,11.176772117614746
2001-04-30,14.583333015441895,14.289999961853027,14.333333015441895,14.383333206176758,123900.0,11.202733993530273
2001-05-01,14.606666564941406,14.316666603088379,14.333333015441895,14.596667289733887,276000.0,11.368891716003418
2001-05-02,14.75,14.566666603088379,14.566666603088379,14.683333396911621,246600.0,11.436394691467285
2001-05-03,14.683333396911621,14.333333015441895,14.649999618530273,14.546667098999023,201600.0,11.329946517944336
2001-05-04,14.866666793823242,14.199999809265137,14.296667098999023,14.800000190734863,627000.0,11.527264595031738
2001-05-07,14.916666984558105,14.666666984558105,14.683333396911621,14.916666984558105,594300.0,11.618132591247559
2001-05-08,15.016667366027832,14.433333396911621,14.983332633972168,14.550000190734863,373800.0,11.332544326782227
2001-05-09,14.550000190734863,14.25,14.550000190734863,14.300000190734863,212100.0,11.13782787322998
2001-05-10,14.433333396911621,13.916666984558105,14.33666706085205,13.920000076293945,192600.0,10.841859817504883
2001-05-11,14.013333320617676,13.686667442321777,13.886667251586914,13.876667022705078,1242300.0,10.808109283447266
2001-05-14,14.199999809265137,13.75,13.783332824707031,14.123332977294922,202800.0,11.000227928161621
2001-05-15,14.516667366027832,14.116666793823242,14.116666793823242,14.186667442321777,168900.0,11.04955768585205
2001-05-16,14.396666526794434,13.916666984558105,14.313332557678223,14.383333206176758,168300.0,11.202733993530273
2001-05-17,14.533332824707031,14.220000267028809,14.233332633972168,14.373332977294922,305100.0,11.194945335388184
2001-05-18,14.6899995803833,14.346667289733887,14.399999618530273,14.603333473205566,237300.0,11.3740873336792
2001-05-21,14.800000190734863,14.316666603088379,14.646666526794434,14.433333396911621,196200.0,11.241678237915039
2001-05-22,14.49666690826416,14.016667366027832,14.483332633972168,14.119999885559082,248100.0,10.99763298034668
2001-05-23,14.116666793823242,13.683333396911621,14.116666793823242,13.8100004196167,172800.0,10.756183624267578
2001-05-24,13.833333015441895,13.516667366027832,13.766667366027832,13.649999618530273,193500.0,10.631566047668457
2001-05-25,13.850000381469727,13.536666870117188,13.613332748413086,13.573332786560059,163800.0,10.571847915649414
2001-05-29,13.726667404174805,13.449999809265137,13.566666603088379,13.670000076293945,161700.0,10.64714241027832
2001-05-30,13.883333206176758,13.5,13.5,13.760000228881836,121200.0,10.717241287231445
2001-05-31,13.850000381469727,13.449999809265137,13.850000381469727,13.486666679382324,125100.0,10.504348754882812
2001-06-01,13.616666793823242,13.266667366027832,13.616666793823242,13.356666564941406,153900.0,10.403095245361328
2001-06-04,13.479999542236328,13.34000015258789,13.416666984558105,13.463333129882812,102900.0,10.486172676086426
2001-06-05,13.833333015441895,13.513333320617676,13.516667366027832,13.766667366027832,410400.0,10.722431182861328
2001-06-06,13.833333015441895,13.350000381469727,13.833333015441895,13.353333473205566,277500.0,10.400504112243652
2001-06-07,13.489999771118164,13.239999771118164,13.390000343322754,13.30666732788086,257700.0,10.364151954650879
2001-06-08,13.489999771118164,13.166666984558105,13.3100004196167,13.333333015441895,118200.0,10.384922981262207
2001-06-11,13.5,13.316666603088379,13.359999656677246,13.423333168029785,122700.0,10.4550199508667
2001-06-12,13.49666690826416,13.25,13.396666526794434,13.399999618530273,178500.0,10.436843872070312
2001-06-13,13.779999732971191,13.33666706085205,13.350000381469727,13.456666946411133,215100.0,10.480984687805176
2001-06-14,13.616666793823242,13.350000381469727,13.423333168029785,13.426667213439941,117000.0,10.457616806030273
2001-06-15,13.74666690826416,13.216667175292969,13.383333206176758,13.600000381469727,202200.0,10.592618942260742
2001-06-18,13.743332862854004,13.303333282470703,13.553333282470703,13.303333282470703,135900.0,10.361556053161621
2001-06-19,13.696666717529297,13.333333015441895,13.40999984741211,13.466667175292969,223500.0,10.488773345947266
2001-06-20,13.933333396911621,13.513333320617676,13.513333320617676,13.766667366027832,1087500.0,10.722431182861328
2001-06-21,14.083333015441895,13.5,13.853333473205566,14.083333015441895,333600.0,10.969078063964844
2001-06-22,14.123332977294922,13.8100004196167,14.0,13.933333396911621,276300.0,10.852242469787598
2001-06-25,14.066666603088379,13.800000190734863,13.893333435058594,13.863332748413086,263700.0,10.797725677490234
2001-06-26,14.023332595825195,13.466667175292969,13.826666831970215,13.920000076293945,303900.0,10.841859817504883
2001-06-27,14.013333320617676,13.80666732788086,13.883333206176758,13.986666679382324,99300.0,10.893781661987305
2001-06-28,14.466667175292969,13.976667404174805,14.069999694824219,14.023332595825195,232200.0,10.922340393066406
2001-06-29,14.333333015441895,13.880000114440918,14.170000076293945,14.316666603088379,236100.0,11.150812149047852
2001-07-02,14.329999923706055,14.126667022705078,14.266667366027832,14.126667022705078,141900.0,11.002826690673828
2001-07-03,14.316666603088379,14.123332977294922,14.123332977294922,14.233332633972168,98700.0,11.085906028747559
2001-07-05,14.166666984558105,14.0,14.133333206176758,14.0,96300.0,10.904169082641602
2001-07-06,14.029999732971191,13.819999694824219,14.029999732971191,13.949999809265137,162300.0,10.865225791931152
2001-07-09,13.020000457763672,12.350000381469727,12.920000076293945,12.983332633972168,1755000.0,10.112318992614746
2001-07-10,13.016667366027832,12.633333206176758,13.00333309173584,12.816666603088379,1246800.0,9.982504844665527
2001-07-11,12.970000267028809,12.636667251586914,12.80666732788086,12.666666984558105,271800.0,9.865679740905762
2001-07-12,12.736666679382324,12.30666732788086,12.736666679382324,12.430000305175781,542700.0,9.681343078613281
2001-07-13,12.630000114440918,12.300000190734863,12.5,12.396666526794434,550800.0,9.655380249023438
2001-07-16,12.816666603088379,12.386667251586914,12.5,12.609999656677246,464400.0,9.821539878845215
2001-07-17,12.813332557678223,12.300000190734863,12.583333015441895,12.329999923706055,175800.0,9.603452682495117
2001-07-18,12.366666793823242,12.206666946411133,12.333333015441895,12.30666732788086,206700.0,9.585284233093262
2001-07-19,12.633333206176758,11.916666984558105,12.433333396911621,12.100000381469727,212400.0,9.42431926727295
2001-07-20,12.24666690826416,12.016667366027832,12.020000457763672,12.183333396911621,110400.0,9.489221572875977
2001-07-23,12.266667366027832,11.773332595825195,12.236666679382324,11.833333015441895,234600.0,9.216621398925781
2001-07-24,11.953332901000977,11.5,11.949999809265137,11.553333282470703,771300.0,8.998534202575684
2001-07-25,11.983332633972168,11.5,11.739999771118164,11.856666564941406,260700.0,9.234793663024902
2001-07-26,12.333333015441895,11.83666706085205,11.893333435058594,12.100000381469727,159000.0,9.42431926727295
2001-07-27,12.24666690826416,11.856666564941406,12.103333473205566,12.229999542236328,192000.0,9.525567054748535
2001-07-30,12.5,12.183333396911621,12.183333396911621,12.260000228881836,385500.0,9.54893684387207
2001-07-31,12.613332748413086,12.279999732971191,12.346667289733887,12.433333396911621,487800.0,9.683940887451172
2001-08-01,12.603333473205566,12.266667366027832,12.433333396911621,12.516667366027832,400800.0,9.748844146728516
2001-08-02,13.0,12.543333053588867,12.670000076293945,12.613332748413086,397200.0,9.824135780334473
2001-08-03,12.666666984558105,12.493332862854004,12.600000381469727,12.493332862854004,76800.0,9.730670928955078
2001-08-06,12.800000190734863,12.596667289733887,12.596667289733887,12.633333206176758,479700.0,9.839713096618652
2001-08-07,12.743332862854004,12.576666831970215,12.65999984741211,12.649999618530273,111300.0,9.852694511413574
2001-08-08,12.733332633972168,12.489999771118164,12.66333293914795,12.55666732788086,92400.0,9.78000259399414
2001-08-09,12.716667175292969,12.453332901000977,12.513333320617676,12.536666870117188,63900.0,9.764421463012695
2001-08-10,12.649999618530273,12.16333293914795,12.516667366027832,12.550000190734863,93000.0,9.774803161621094
2001-08-13,12.666666984558105,12.329999923706055,12.470000267028809,12.583333015441895,117600.0,9.800769805908203
2001-08-14,12.729999542236328,12.396666526794434,12.456666946411133,12.403332710266113,212400.0,9.660573959350586
2001-08-15,12.596667289733887,12.326666831970215,12.386667251586914,12.380000114440918,105600.0,9.642400741577148
2001-08-16,12.319999694824219,12.106666564941406,12.319999694824219,12.206666946411133,75600.0,9.507394790649414
2001-08-17,12.30666732788086,12.066666603088379,12.15999984741211,12.149999618530273,96300.0,9.4632568359375
2001-08-20,12.463333129882812,12.33666706085205,12.34000015258789,12.350000381469727,217200.0,9.619034767150879
2001-08-21,12.673333168029785,12.34333324432373,12.350000381469727,12.369999885559082,248100.0,9.634610176086426
2001-08-22,12.579999923706055,12.283332824707031,12.460000038146973,12.463333129882812,159300.0,9.707304000854492
2001-08-23,12.66333293914795,12.276666641235352,12.463333129882812,12.3100004196167,159000.0,9.587878227233887
2001-08-24,12.65999984741211,12.286666870117188,12.286666870117188,12.65999984741211,209100.0,9.86048412322998
2001-08-27,12.69333267211914,12.536666870117188,12.59333324432373,12.566666603088379,112500.0,9.787789344787598
2001-08-28,12.649999618530273,12.166666984558105,12.649999618530273,12.166666984558105,98400.0,9.476243019104004
2001-08-29,12.383333206176758,12.020000457763672,12.223333358764648,12.313332557678223,145200.0,9.590474128723145
2001-08-30,12.436667442321777,11.99666690826416,12.323332786560059,12.066666603088379,171300.0,9.398356437683105
2001-08-31,12.243332862854004,12.046667098999023,12.046667098999023,12.16333293914795,267600.0,9.473644256591797
2001-09-04,12.600000381469727,12.083333015441895,12.170000076293945,12.229999542236328,138000.0,9.525567054748535
2001-09-05,12.390000343322754,12.123332977294922,12.25,12.25333309173584,129900.0,9.543741226196289
2001-09-06,12.333333015441895,11.903332710266113,12.233332633972168,11.966667175292969,545100.0,9.320466995239258
2001-09-07,12.116666793823242,11.630000114440918,11.916666984558105,11.75,442200.0,9.151713371276855
2001-09-10,11.816666603088379,11.433333396911621,11.643333435058594,11.5600004196167,299700.0,9.003730773925781
2001-09-17,11.743332862854004,11.133333206176758,11.55666732788086,11.40666675567627,768300.0,8.88430118560791
2001-09-18,11.640000343322754,11.329999923706055,11.383333206176758,11.520000457763672,298800.0,8.972573280334473
2001-09-19,11.583333015441895,11.103333473205566,11.5,11.300000190734863,247500.0,8.80122184753418
2001-09-20,11.300000190734863,11.039999961853027,11.083333015441895,11.243332862854004,490800.0,8.757081985473633
2001-09-21,10.989999771118164,10.616666793823242,10.916666984558105,10.930000305175781,3131700.0,8.513040542602539
2001-09-24,11.203332901000977,10.816666603088379,10.816666603088379,10.986666679382324,311700.0,8.557173728942871
2001-09-25,11.633333206176758,10.94333267211914,10.973333358764648,11.633333206176758,409200.0,9.060846328735352
2001-09-26,11.850000381469727,11.399999618530273,11.646666526794434,11.399999618530273,263100.0,8.879106521606445
2001-09-27,11.683333396911621,11.41333293914795,11.41333293914795,11.683333396911621,468900.0,9.099784851074219
2001-09-28,11.923333168029785,11.516667366027832,11.696666717529297,11.850000381469727,648600.0,9.229599952697754
2001-10-01,11.930000305175781,11.603333473205566,11.766667366027832,11.716667175292969,171900.0,9.125750541687012
2001-10-02,12.113332748413086,11.75333309173584,11.946666717529297,11.993332862854004,273300.0,9.341240882873535
2001-10-03,12.533332824707031,11.916666984558105,11.916666984558105,12.396666526794434,157200.0,9.655380249023438
2001-10-04,12.733332633972168,12.416666984558105,12.543333053588867,12.5,248700.0,9.73586368560791
2001-10-05,12.583333015441895,12.333333015441895,12.399999618530273,12.5,88800.0,9.73586368560791
2001-10-08,12.566666603088379,12.223333358764648,12.526666641235352,12.266667366027832,107700.0,9.554128646850586
2001-10-09,12.399999618530273,12.233332633972168,12.359999656677246,12.283332824707031,75300.0,9.567109107971191
2001-10-10,12.399999618530273,11.983332633972168,12.279999732971191,12.123332977294922,321300.0,9.44249153137207
2001-10-11,12.319999694824219,11.933333396911621,12.15999984741211,12.149999618530273,250200.0,9.4632568359375
2001-10-12,12.166666984558105,11.733332633972168,12.116666793823242,12.116666793823242,335700.0,9.437296867370605
2001-10-15,12.133333206176758,11.883333206176758,12.126667022705078,12.116666793823242,117600.0,9.437296867370605
2001-10-16,12.300000190734863,12.036666870117188,12.133333206176758,12.226667404174805,136200.0,9.522971153259277
2001-10-17,12.449999809265137,12.063332557678223,12.449999809265137,12.063332557678223,137400.0,9.395756721496582
2001-10-18,12.25,11.926667213439941,12.05666732788086,11.933333396911621,196800.0,9.294501304626465
2001-10-19,12.016667366027832,11.383333206176758,12.016667366027832,11.766667366027832,237900.0,9.164690017700195
2001-10-22,12.146666526794434,11.729999542236328,11.766667366027832,12.140000343322754,151500.0,9.455471992492676
2001-10-23,12.40666675567627,12.066666603088379,12.126667022705078,12.273332595825195,189900.0,9.55932331085205
2001-10-24,12.283332824707031,11.90999984741211,12.276666641235352,12.013333320617676,167700.0,9.356812477111816
2001-10-25,12.043333053588867,11.696666717529297,12.043333053588867,11.956666946411133,192600.0,9.312677383422852
2001-10-26,12.276666641235352,11.953332901000977,11.953332901000977,12.260000228881836,152100.0,9.54893684387207
2001-10-29,12.229999542236328,11.899999618530273,12.173333168029785,11.966667175292969,168900.0,9.320466995239258
2001-10-30,11.94333267211914,11.616666793823242,11.9399995803833,11.74666690826416,172800.0,9.14911937713623
2001-10-31,12.09000015258789,11.800000190734863,11.916666984558105,11.890000343322754,237000.0,9.260757446289062
2001-11-01,11.933333396911621,11.600000381469727,11.91333293914795,11.720000267028809,254400.0,9.128347396850586
2001-11-02,12.216667175292969,11.683333396911621,11.763333320617676,12.119999885559082,180000.0,9.439894676208496
2001-11-05,12.366666793823242,12.0,12.153332710266113,12.0,152100.0,9.346426963806152
2001-11-06,12.366666793823242,12.013333320617676,12.023332595825195,12.366666793823242,180300.0,9.63201904296875
2001-11-07,12.600000381469727,12.333333015441895,12.366666793823242,12.466667175292969,140700.0,9.70989990234375
2001-11-08,12.583333015441895,12.199999809265137,12.476667404174805,12.233332633972168,226200.0,9.528165817260742
2001-11-09,12.25,12.053333282470703,12.233332633972168,12.116666793823242,67800.0,9.437296867370605
2001-11-12,12.270000457763672,11.953332901000977,12.166666984558105,12.15999984741211,118200.0,9.471052169799805
2001-11-13,12.463333129882812,12.233332633972168,12.233332633972168,12.359999656677246,149400.0,9.626824378967285
2001-11-14,12.633333206176758,12.350000381469727,12.433333396911621,12.569999694824219,205800.0,9.790383338928223
2001-11-15,12.796667098999023,12.546667098999023,12.633333206176758,12.783332824707031,132300.0,9.956542015075684
2001-11-16,12.9399995803833,12.566666603088379,12.766667366027832,12.686667442321777,804000.0,9.881254196166992
2001-11-19,12.956666946411133,12.756667137145996,12.813332557678223,12.896666526794434,355200.0,10.044814109802246
2001-11-20,12.989999771118164,12.846667289733887,12.873332977294922,12.933333396911621,173100.0,10.073376655578613
2001-11-21,12.9399995803833,12.686667442321777,12.866666793823242,12.933333396911621,129300.0,10.073376655578613
2001-11-23,12.949999809265137,12.733332633972168,12.949999809265137,12.869999885559082,108900.0,10.024045944213867
2001-11-26,13.133333206176758,12.819999694824219,12.866666793823242,12.979999542236328,402600.0,10.109720230102539
2001-11-27,13.096667289733887,12.83666706085205,13.020000457763672,13.006667137145996,254700.0,10.130492210388184
2001-11-28,13.0,12.783332824707031,12.960000038146973,12.823332786560059,305100.0,9.98769760131836
2001-11-29,12.893333435058594,12.55666732788086,12.819999694824219,12.883333206176758,1229700.0,10.034433364868164
2001-11-30,12.883333206176758,12.563332557678223,12.816666603088379,12.616666793823242,279300.0,9.826732635498047
2001-12-03,12.816666603088379,12.426667213439941,12.619999885559082,12.75333309173584,204900.0,9.933176040649414
2001-12-04,13.00333309173584,12.643333435058594,12.789999961853027,12.949999809265137,291900.0,10.086358070373535
2001-12-05,13.366666793823242,12.989999771118164,13.0,13.30666732788086,477900.0,10.364151954650879
2001-12-06,13.460000038146973,13.19333267211914,13.34333324432373,13.353333473205566,180600.0,10.400504112243652
2001-12-07,13.520000457763672,13.233332633972168,13.326666831970215,13.316666603088379,340500.0,10.371938705444336
2001-12-10,13.453332901000977,13.286666870117188,13.286666870117188,13.350000381469727,201600.0,10.397904396057129
2001-12-11,13.479999542236328,13.266667366027832,13.436667442321777,13.289999961853027,128100.0,10.351171493530273
2001-12-12,13.366666793823242,13.199999809265137,13.346667289733887,13.293333053588867,157200.0,10.35376262664795
2001-12-13,13.329999923706055,13.199999809265137,13.270000457763672,13.199999809265137,220800.0,10.281072616577148
2001-12-14,13.483332633972168,12.859999656677246,13.279999732971191,12.91333293914795,361800.0,10.0577974319458
2001-12-17,13.016667366027832,12.666666984558105,12.993332862854004,13.016667366027832,377100.0,10.13827896118164
2001-12-18,13.166666984558105,12.880000114440918,12.99666690826416,13.010000228881836,172200.0,10.133086204528809
2001-12-19,13.043333053588867,12.600000381469727,12.99666690826416,12.696666717529297,438600.0,9.889044761657715
2001-12-20,12.0,11.583333015441895,11.813332557678223,11.883333206176758,1665900.0,9.255563735961914
2001-12-21,11.933333396911621,11.550000190734863,11.883333206176758,11.649999618530273,825900.0,9.07382583618164
2001-12-24,11.786666870117188,11.633333206176758,11.646666526794434,11.739999771118164,831300.0,9.143926620483398
2001-12-26,11.930000305175781,11.733332633972168,11.793333053588867,11.869999885559082,263700.0,9.245177268981934
2001-12-27,11.953332901000977,11.800000190734863,11.863332748413086,11.953332901000977,390600.0,9.310080528259277
2001-12-28,12.183333396911621,11.886667251586914,11.933333396911621,12.103333473205566,480900.0,9.42691707611084
2001-12-31,12.183333396911621,11.923333168029785,12.16333293914795,12.0,575400.0,9.346426963806152
2002-01-02,12.013333320617676,11.796667098999023,12.010000228881836,11.970000267028809,970200.0,9.3230619430542
2002-01-03,12.063332557678223,11.733332633972168,11.966667175292969,11.869999885559082,471300.0,9.245177268981934
2002-01-04,11.926667213439941,11.603333473205566,11.873332977294922,11.633333206176758,887100.0,9.060846328735352
2002-01-07,11.833333015441895,11.613332748413086,11.630000114440918,11.789999961853027,418200.0,9.182867050170898
2002-01-08,12.25,11.733332633972168,11.853333473205566,12.25,742200.0,9.541149139404297
2002-01-09,12.300000190734863,12.153332710266113,12.263333320617676,12.186667442321777,367800.0,9.491816520690918
2002-01-10,12.346667289733887,12.066666603088379,12.213333129882812,12.329999923706055,338700.0,9.603452682495117
2002-01-11,12.516667366027832,12.333333015441895,12.333333015441895,12.376667022705078,297000.0,9.639802932739258
2002-01-14,12.41333293914795,12.170000076293945,12.41333293914795,12.223333358764648,746400.0,9.520380973815918
2002-01-15,12.356666564941406,12.133333206176758,12.229999542236328,12.216667175292969,242400.0,9.515183448791504
2002-01-16,12.226667404174805,12.0,12.15999984741211,12.126667022705078,724200.0,9.445087432861328
2002-01-17,12.16333293914795,12.006667137145996,12.146666526794434,12.073332786560059,281400.0,9.403547286987305
2002-01-18,12.183333396911621,11.916666984558105,12.08666706085205,12.149999618530273,552300.0,9.4632568359375
2002-01-22,12.199999809265137,11.833333015441895,12.183333396911621,11.869999885559082,840300.0,9.245177268981934
2002-01-23,12.0,11.736666679382324,11.916666984558105,11.866666793823242,563400.0,9.242579460144043
2002-01-24,12.183333396911621,11.899999618530273,11.899999618530273,12.0,348000.0,9.346426963806152
2002-01-25,12.069999694824219,11.920000076293945,11.986666679382324,11.949999809265137,277500.0,9.30748462677002
2002-01-28,12.083333015441895,11.920000076293945,12.00333309173584,12.083333015441895,532800.0,9.411334991455078
2002-01-29,12.130000114440918,11.90999984741211,12.109999656677246,11.956666946411133,525300.0,9.312677383422852
2002-01-30,11.936667442321777,11.170000076293945,11.930000305175781,11.903332710266113,894900.0,9.271140098571777
2002-01-31,12.149999618530273,11.75,11.930000305175781,11.933333396911621,546600.0,9.294501304626465
2002-02-01,12.116666793823242,11.729999542236328,11.966667175292969,11.75,637800.0,9.151713371276855
2002-02-04,11.789999961853027,11.300000190734863,11.729999542236328,11.326666831970215,510000.0,8.821990966796875
2002-02-05,11.65666675567627,11.236666679382324,11.3100004196167,11.616666793823242,540000.0,9.047863960266113
2002-02-06,11.603333473205566,10.726667404174805,11.59333324432373,10.779999732971191,969000.0,8.396209716796875
2002-02-07,11.170000076293945,10.779999732971191,10.800000190734863,11.113332748413086,484500.0,8.655832290649414
2002-02-08,11.346667289733887,11.083333015441895,11.133333206176758,11.276666641235352,337200.0,8.78304672241211
2002-02-11,11.40999984741211,11.123332977294922,11.333333015441895,11.176667213439941,438000.0,8.705161094665527
2002-02-12,11.143333435058594,11.006667137145996,11.106666564941406,11.020000457763672,306000.0,8.583138465881348
2002-02-13,11.449999809265137,11.069999694824219,11.079999923706055,11.366666793823242,325500.0,8.8531494140625
2002-02-14,11.423333168029785,10.9399995803833,11.393333435058594,10.963333129882812,474600.0,8.538999557495117
2002-02-15,11.0,10.25,10.966667175292969,10.59000015258789,682500.0,8.2482271194458
2002-02-19,10.569999694824219,9.916666984558105,10.569999694824219,10.033332824707031,853200.0,7.814652442932129
2002-02-20,10.279999732971191,9.883333206176758,10.073332786560059,10.180000305175781,397200.0,7.92888879776001
2002-02-21,10.739999771118164,10.176667213439941,10.176667213439941,10.369999885559082,336600.0,8.076872825622559
2002-02-22,10.850000381469727,10.446666717529297,10.513333320617676,10.850000381469727,1620300.0,8.450727462768555
2002-02-25,11.5,10.899999618530273,10.90999984741211,11.489999771118164,587100.0,8.94920825958252
2002-02-26,11.516667366027832,10.983332633972168,11.456666946411133,11.08666706085205,2387100.0,8.635062217712402
2002-02-27,11.516667366027832,10.989999771118164,11.123332977294922,11.333333015441895,2400300.0,8.82718276977539
2002-02-28,11.686667442321777,11.329999923706055,11.329999923706055,11.579999923706055,530700.0,9.019304275512695
2002-03-01,11.979999542236328,11.619999885559082,11.646666526794434,11.800000190734863,778800.0,9.190655708312988
2002-03-04,11.9399995803833,11.58666706085205,11.896666526794434,11.703332901000977,334800.0,9.115365982055664
2002-03-05,12.166666984558105,11.583333015441895,11.636667251586914,12.033332824707031,941100.0,9.372392654418945
2002-03-06,12.106666564941406,11.763333320617676,11.956666946411133,12.106666564941406,315300.0,9.429510116577148
2002-03-07,12.183333396911621,11.596667289733887,12.113332748413086,11.716667175292969,778200.0,9.125750541687012
2002-03-08,12.016667366027832,11.793333053588867,11.813332557678223,11.926667213439941,815100.0,9.289313316345215
2002-03-11,11.926667213439941,11.520000457763672,11.91333293914795,11.59333324432373,878400.0,9.029688835144043
2002-03-12,11.626667022705078,11.263333320617676,11.529999732971191,11.619999885559082,521100.0,9.050459861755371
2002-03-13,11.616666793823242,11.369999885559082,11.583333015441895,11.5,219300.0,8.956993103027344
2002-03-14,11.533332824707031,11.260000228881836,11.460000038146973,11.380000114440918,373500.0,8.863532066345215
2002-03-15,11.800000190734863,11.366666793823242,11.380000114440918,11.44333267211914,566100.0,8.912858963012695
2002-03-18,11.733332633972168,11.430000305175781,11.489999771118164,11.630000114440918,387600.0,9.058249473571777
2002-03-19,11.6899995803833,11.4399995803833,11.626667022705078,11.486666679382324,695100.0,8.94660758972168
2002-03-20,11.433333396911621,10.989999771118164,11.333333015441895,11.130000114440918,768300.0,8.668813705444336
2002-03-21,11.390000343322754,10.916666984558105,11.15999984741211,11.366666793823242,340800.0,8.8531494140625
2002-03-22,11.396666526794434,11.19333267211914,11.396666526794434,11.266667366027832,553800.0,8.775259017944336
2002-03-25,11.426667213439941,11.073332786560059,11.296667098999023,11.100000381469727,982800.0,8.6454439163208
2002-03-26,11.166666984558105,10.833333015441895,11.09333324432373,10.933333396911621,783900.0,8.515636444091797
2002-03-27,11.199999809265137,10.899999618530273,10.899999618530273,11.066666603088379,1124400.0,8.619483947753906
2002-03-28,11.276666641235352,11.033332824707031,11.033332824707031,11.149999618530273,727200.0,8.684392929077148
2002-04-01,11.25,11.016667366027832,11.140000343322754,11.223333358764648,611400.0,8.741506576538086
2002-04-02,11.24666690826416,10.816666603088379,11.223333358764648,10.816666603088379,485400.0,8.424769401550293
2002-04-03,10.893333435058594,10.483332633972168,10.83666706085205,10.666666984558105,550200.0,8.307936668395996
2002-04-04,10.760000228881836,10.553333282470703,10.670000076293945,10.583333015441895,505500.0,8.243032455444336
2002-04-05,10.756667137145996,10.183333396911621,10.58666706085205,10.666666984558105,740400.0,8.307936668395996
2002-04-08,10.699999809265137,10.473333358764648,10.653332710266113,10.696666717529297,406200.0,8.331304550170898
2002-04-09,10.90666675567627,10.616666793823242,10.683333396911621,10.683333396911621,342600.0,8.320919036865234
2002-04-10,10.726667404174805,10.279999732971191,10.726667404174805,10.313332557678223,570000.0,8.032737731933594
2002-04-11,10.300000190734863,9.600000381469727,10.293333053588867,9.649999618530273,1477200.0,7.516082763671875
2002-04-12,10.146666526794434,9.74666690826416,9.75,9.979999542236328,1734300.0,7.773113250732422
2002-04-15,10.113332748413086,9.846667289733887,10.013333320617676,9.933333396911621,571800.0,7.7367682456970215
2002-04-16,10.463333129882812,9.936667442321777,9.936667442321777,10.4399995803833,1952400.0,8.131389617919922
2002-04-17,10.520000457763672,10.183333396911621,10.466667175292969,10.283332824707031,1362900.0,8.009368896484375
2002-04-18,10.506667137145996,10.239999771118164,10.260000228881836,10.40666675567627,810000.0,8.105432510375977
2002-04-19,10.4399995803833,10.239999771118164,10.420000076293945,10.3100004196167,545100.0,8.030143737792969
2002-04-22,10.233332633972168,9.736666679382324,10.173333168029785,10.0,1140300.0,7.788690090179443
2002-04-23,10.233332633972168,9.83666706085205,10.016667366027832,9.863332748413086,2355600.0,7.682247161865234
2002-04-24,10.100000381469727,9.8100004196167,9.873332977294922,9.876667022705078,1013100.0,7.692633152008057
2002-04-25,9.903332710266113,9.41333293914795,9.866666793823242,9.533332824707031,526200.0,7.425217628479004
2002-04-26,9.583333015441895,9.186667442321777,9.5600004196167,9.466667175292969,654300.0,7.373293876647949
2002-04-29,9.563332557678223,9.100000381469727,9.466667175292969,9.133333206176758,417600.0,7.113672256469727
2002-04-30,9.5,9.046667098999023,9.16333293914795,9.396666526794434,960900.0,7.318770408630371
2002-05-01,10.4399995803833,9.283332824707031,9.40666675567627,10.383333206176758,2256000.0,8.087259292602539
2002-05-02,10.4399995803833,10.083333015441895,10.350000381469727,10.100000381469727,1845900.0,7.866579055786133
2002-05-03,10.366666793823242,9.859999656677246,10.08666706085205,10.263333320617676,798000.0,7.99379301071167
2002-05-06,10.476667404174805,10.083333015441895,10.266667366027832,10.083333015441895,271800.0,7.853596210479736
2002-05-07,10.300000190734863,10.033332824707031,10.266667366027832,10.033332824707031,609300.0,7.814652442932129
2002-05-08,10.473333358764648,10.063332557678223,10.076666831970215,10.449999809265137,1043100.0,8.139183044433594
2002-05-09,10.453332901000977,10.239999771118164,10.399999618530273,10.266667366027832,399000.0,7.996390342712402
2002-05-10,10.289999961853027,9.966667175292969,10.266667366027832,10.069999694824219,242100.0,7.843210697174072
2002-05-13,10.353333473205566,10.100000381469727,10.116666793823242,10.34333324432373,394500.0,8.05610179901123
2002-05-14,10.506667137145996,10.383333206176758,10.403332710266113,10.453332901000977,340500.0,8.141778945922852
2002-05-15,10.816666603088379,10.34333324432373,10.44333267211914,10.683333396911621,1598400.0,8.320919036865234
2002-05-16,10.683333396911621,10.25,10.649999618530273,10.300000190734863,1383900.0,8.022351264953613
2002-05-17,10.50333309173584,10.289999961853027,10.329999923706055,10.50333309173584,366900.0,8.1807222366333
2002-05-20,10.833333015441895,10.399999618530273,10.5,10.763333320617676,678300.0,8.383228302001953
2002-05-21,11.013333320617676,10.533332824707031,10.823332786560059,10.670000076293945,749100.0,8.310535430908203
2002-05-22,10.680000305175781,10.416666984558105,10.483332633972168,10.5,959700.0,8.178126335144043
2002-05-23,10.680000305175781,10.390000343322754,10.5,10.676667213439941,926400.0,8.315728187561035
2002-05-24,10.666666984558105,10.453332901000977,10.66333293914795,10.520000457763672,417000.0,8.193702697753906
2002-05-28,10.463333129882812,10.083333015441895,10.463333129882812,10.233332633972168,597900.0,7.970428466796875
2002-05-29,10.243332862854004,9.869999885559082,10.203332901000977,9.933333396911621,543900.0,7.7367682456970215
2002-05-30,10.106666564941406,9.876667022705078,9.899999618530273,9.960000038146973,660600.0,7.7575364112854
2002-05-31,9.989999771118164,9.80666732788086,9.899999618530273,9.886667251586914,1097700.0,7.700419902801514
2002-06-03,9.893333435058594,9.543333053588867,9.826666831970215,9.616666793823242,1345800.0,7.490123271942139
2002-06-04,9.733332633972168,9.283332824707031,9.5600004196167,9.333333015441895,1324200.0,7.269445896148682
2002-06-05,9.396666526794434,9.020000457763672,9.34333324432373,9.033332824707031,1173900.0,7.0357842445373535
2002-06-06,9.149999618530273,8.873332977294922,9.043333053588867,9.013333320617676,978900.0,7.02020788192749
2002-06-07,9.133333206176758,8.829999923706055,8.936667442321777,8.883333206176758,793500.0,6.918954849243164
2002-06-10,8.899999618530273,8.396666526794434,8.876667022705078,8.449999809265137,1333500.0,6.58144474029541
2002-06-11,8.683333396911621,8.1899995803833,8.483332633972168,8.270000457763672,907800.0,6.441247463226318
2002-06-12,8.463333129882812,8.09333324432373,8.313332557678223,8.399999618530273,1147200.0,6.542501449584961
2002-06-13,8.90666675567627,8.356666564941406,8.373332977294922,8.75,834000.0,6.815104961395264
2002-06-14,8.966667175292969,8.4399995803833,8.733332633972168,8.963333129882812,727800.0,6.981264114379883
2002-06-17,9.300000190734863,8.933333396911621,8.949999809265137,9.243332862854004,411000.0,7.199347972869873
2002-06-18,9.433333396911621,9.213333129882812,9.243332862854004,9.350000381469727,932400.0,7.2824296951293945
2002-06-19,9.300000190734863,9.053333282470703,9.300000190734863,9.079999923706055,727800.0,7.072132110595703
2002-06-20,9.096667289733887,8.15666675567627,9.033332824707031,8.493332862854004,1689300.0,6.615194797515869
2002-06-21,8.600000381469727,8.25,8.44333267211914,8.303333282470703,480300.0,6.46721076965332
2002-06-24,8.84000015258789,8.140000343322754,8.416666984558105,8.59333324432373,1056900.0,6.693081855773926
2002-06-25,8.826666831970215,8.350000381469727,8.609999656677246,8.363332748413086,650700.0,6.513941764831543
2002-06-26,8.276666641235352,7.673333168029785,8.116666793823242,7.926667213439941,1236900.0,6.173838138580322
2002-06-27,8.063332557678223,7.170000076293945,8.039999961853027,7.783332824707031,1128600.0,6.062196254730225
2002-06-28,8.369999885559082,7.699999809265137,7.72333288192749,8.066666603088379,733500.0,6.282876968383789
2002-07-01,8.433333396911621,7.889999866485596,8.199999809265137,7.936666965484619,714600.0,6.1816253662109375
2002-07-02,7.949999809265137,7.616666793823242,7.946667194366455,7.6533331871032715,454500.0,5.960944175720215
2002-07-03,7.716667175292969,7.3933329582214355,7.623332977294922,7.553332805633545,360600.0,5.883059501647949
2002-07-05,8.043333053588867,7.616666793823242,7.616666793823242,8.043333053588867,134400.0,6.26470422744751
2002-07-08,8.149999618530273,7.783332824707031,7.983333110809326,7.909999847412109,544200.0,6.1608567237854
2002-07-09,8.05666732788086,7.72333288192749,7.853332996368408,7.730000019073486,602400.0,6.020659923553467
2002-07-10,7.913332939147949,7.433332920074463,7.829999923706055,7.4766669273376465,1488900.0,5.8233442306518555
2002-07-11,7.796667098999023,7.266666889190674,7.513332843780518,7.756667137145996,521700.0,6.041427135467529
2002-07-12,8.149999618530273,7.743332862854004,7.789999961853027,8.083333015441895,583500.0,6.295858860015869
2002-07-15,8.233332633972168,7.769999980926514,8.116666793823242,8.233332633972168,1037100.0,6.412688732147217
2002-07-16,8.399999618530273,7.633333206176758,8.229999542236328,7.783332824707031,591900.0,6.062196254730225
2002-07-17,8.116666793823242,7.769999980926514,7.7866668701171875,8.026666641235352,624300.0,6.251723766326904
2002-07-18,8.033332824707031,7.736667156219482,8.029999732971191,7.873332977294922,284100.0,6.132296085357666
2002-07-19,7.96999979019165,7.449999809265137,7.96999979019165,7.5,354900.0,5.841518878936768
2002-07-22,7.626667022705078,7.136666774749756,7.4766669273376465,7.309999942779541,983700.0,5.693533897399902
2002-07-23,7.4766669273376465,6.373332977294922,7.2866668701171875,6.373332977294922,762900.0,4.963992595672607
2002-07-24,6.506667137145996,5.7133331298828125,6.373332977294922,6.493332862854004,1204800.0,5.0574564933776855
2002-07-25,6.623332977294922,5.889999866485596,6.506667137145996,6.2866668701171875,1274100.0,4.896491527557373
2002-07-26,6.4766669273376465,6.25,6.406667232513428,6.3933329582214355,674700.0,4.979569911956787
2002-07-29,7.156667232513428,6.420000076293945,6.443333148956299,7.033332824707031,1021500.0,5.478044509887695
2002-07-30,7.373332977294922,6.77666711807251,7.033332824707031,7.283332824707031,1030200.0,5.672763347625732
2002-07-31,7.313333034515381,6.953332901000977,7.256667137145996,7.239999771118164,267600.0,5.639011383056641
2002-08-01,7.316667079925537,6.579999923706055,7.25,6.619999885559082,792000.0,5.156114101409912
2002-08-02,6.760000228881836,6.260000228881836,6.623332977294922,6.72333288192749,500700.0,5.236597061157227
2002-08-05,6.75,5.75,6.7133331298828125,5.8566670417785645,848400.0,4.5615763664245605
2002-08-06,6.516666889190674,5.920000076293945,5.920000076293945,6.366666793823242,586800.0,4.958800792694092
2002-08-07,6.5833330154418945,6.116666793823242,6.436666965484619,6.376667022705078,573600.0,4.966588497161865
2002-08-08,6.733333110809326,6.156667232513428,6.309999942779541,6.733333110809326,499500.0,5.244386196136475
2002-08-09,6.769999980926514,6.4633331298828125,6.736667156219482,6.650000095367432,411300.0,5.17948055267334
2002-08-12,6.699999809265137,6.429999828338623,6.686666965484619,6.656667232513428,655800.0,5.1846747398376465
2002-08-13,6.760000228881836,6.383333206176758,6.6666669845581055,6.429999828338623,378300.0,5.008127689361572
2002-08-14,6.6533331871032715,5.9633331298828125,6.539999961853027,6.559999942779541,1020900.0,5.109380722045898
2002-08-15,7.00333309173584,6.50333309173584,6.563333034515381,7.00333309173584,582000.0,5.4546799659729
2002-08-16,7.086667060852051,6.703332901000977,6.943333148956299,6.926667213439941,939000.0,5.3949666023254395
2002-08-19,7.2866668701171875,6.949999809265137,6.960000038146973,7.173333168029785,362700.0,5.587087631225586
2002-08-20,7.486667156219482,7.183332920074463,7.203332901000977,7.25333309173584,543900.0,5.649397850036621
2002-08-21,8.40666675567627,7.373332977294922,7.376667022705078,8.359999656677246,1029600.0,6.511344909667969
2002-08-22,8.65666675567627,8.416666984558105,8.433333396911621,8.600000381469727,566700.0,6.698276519775391
2002-08-23,8.600000381469727,8.076666831970215,8.533332824707031,8.283332824707031,729300.0,6.451631546020508
2002-08-26,8.716667175292969,8.220000267028809,8.289999961853027,8.623332977294922,363900.0,6.716447353363037
2002-08-27,8.816666603088379,7.99666690826416,8.640000343322754,8.103333473205566,731100.0,6.311435222625732
2002-08-28,8.180000305175781,7.876667022705078,8.039999961853027,8.063332557678223,370800.0,6.2802815437316895
2002-08-29,8.510000228881836,7.986667156219482,7.986667156219482,8.420000076293945,367500.0,6.558078289031982
2002-08-30,8.513333320617676,8.113332748413086,8.386667251586914,8.186667442321777,422400.0,6.376341342926025
2002-09-03,8.146666526794434,7.363333225250244,8.146666526794434,7.400000095367432,752100.0,5.763632297515869
2002-09-04,7.7866668701171875,7.4033331871032715,7.4033331871032715,7.7866668701171875,343200.0,6.064795017242432
2002-09-05,7.823332786560059,7.366666793823242,7.656667232513428,7.599999904632568,482100.0,5.919405460357666
2002-09-06,8.180000305175781,7.613333225250244,7.613333225250244,8.149999618530273,844200.0,6.347784996032715
2002-09-09,8.346667289733887,7.766666889190674,8.09000015258789,8.223333358764648,417300.0,6.404902458190918
2002-09-10,8.40666675567627,8.020000457763672,8.24666690826416,8.40666675567627,366900.0,6.547694683074951
2002-09-11,8.523332595825195,8.266667366027832,8.40999984741211,8.319999694824219,289800.0,6.480189323425293
2002-09-12,8.303333282470703,8.069999694824219,8.303333282470703,8.126667022705078,256800.0,6.32960844039917
2002-09-13,8.199999809265137,7.826666831970215,8.09333324432373,8.149999618530273,434700.0,6.347784996032715
2002-09-16,8.173333168029785,7.793333053588867,8.173333168029785,7.940000057220459,201000.0,6.184221267700195
2002-09-17,8.24666690826416,7.97333288192749,7.980000019073486,8.100000381469727,915300.0,6.308840274810791
2002-09-18,8.149999618530273,7.8933329582214355,8.083333015441895,8.079999923706055,1099800.0,6.293262004852295
2002-09-19,8.050000190734863,7.533332824707031,8.013333320617676,7.566667079925537,1353900.0,5.893442153930664
2002-09-20,7.8933329582214355,7.4766669273376465,7.676667213439941,7.836667060852051,636000.0,6.1037397384643555
2002-09-23,7.820000171661377,7.443333148956299,7.820000171661377,7.506667137145996,601800.0,5.846710205078125
2002-09-24,7.53000020980835,7.066667079925537,7.480000019073486,7.099999904632568,680700.0,5.529970645904541
2002-09-25,7.3333330154418945,6.906667232513428,7.203332901000977,7.210000038146973,1038900.0,5.61564826965332
2002-09-26,7.866666793823242,7.156667232513428,7.206666946411133,7.74666690826416,1192500.0,6.0336408615112305
2002-09-27,7.763332843780518,7.480000019073486,7.679999828338623,7.6666669845581055,1424400.0,5.971330165863037
2002-09-30,7.5833330154418945,7.0833330154418945,7.5833330154418945,7.110000133514404,1546800.0,5.537759780883789
2002-10-01,7.690000057220459,7.216667175292969,7.25,7.593332767486572,1195800.0,5.914212226867676
2002-10-02,7.570000171661377,6.986667156219482,7.570000171661377,7.066667079925537,911100.0,5.504009246826172
2002-10-03,7.066667079925537,6.2733330726623535,7.056666851043701,6.483333110809326,1376700.0,5.0496673583984375
2002-10-04,6.77666711807251,6.4166669845581055,6.706666946411133,6.650000095367432,1111500.0,5.17948055267334
2002-10-07,6.710000038146973,6.1666669845581055,6.650000095367432,6.179999828338623,629100.0,4.813412189483643
2002-10-08,6.296667098999023,5.763332843780518,6.193333148956299,5.953332901000977,1233600.0,4.636868953704834
2002-10-09,6.079999923706055,5.75,5.953332901000977,5.800000190734863,1409400.0,4.517441272735596
2002-10-10,6.349999904632568,5.683332920074463,5.836667060852051,6.316667079925537,842400.0,4.919857025146484
2002-10-11,6.966667175292969,6.383333206176758,6.389999866485596,6.840000152587891,1313100.0,5.327462673187256
2002-10-14,6.816667079925537,6.6066670417785645,6.800000190734863,6.766666889190674,723000.0,5.27034854888916
2002-10-15,7.323332786560059,6.823332786560059,6.823332786560059,7.323332786560059,832500.0,5.703918933868408
2002-10-16,7.303332805633545,6.866666793823242,7.303332805633545,7.0,1258200.0,5.452084541320801
2002-10-17,7.519999980926514,7.02666711807251,7.02666711807251,7.25333309173584,653100.0,5.649397850036621
2002-10-18,7.380000114440918,7.0233330726623535,7.146667003631592,7.269999980926514,818100.0,5.662379741668701
2002-10-21,7.400000095367432,7.056666851043701,7.199999809265137,7.353332996368408,655200.0,5.727283954620361
2002-10-22,7.9166669845581055,7.183332920074463,7.256667137145996,7.869999885559082,1594800.0,6.129701137542725
2002-10-23,8.25,7.766666889190674,7.986667156219482,8.173333168029785,2400600.0,6.365955829620361
2002-10-24,8.333333015441895,7.849999904632568,8.333333015441895,7.900000095367432,765600.0,6.1530656814575195
2002-10-25,8.130000114440918,7.869999885559082,7.8933329582214355,8.116666793823242,1131300.0,6.3218207359313965
2002-10-28,8.516667366027832,7.966667175292969,8.266667366027832,8.226667404174805,2530200.0,6.407498836517334
2002-10-29,8.333333015441895,7.7866668701171875,8.25,8.033332824707031,2856300.0,6.256917476654053
2002-10-30,8.149999618530273,7.876667022705078,8.016667366027832,7.946667194366455,2217600.0,6.189413547515869
2002-10-31,8.116666793823242,7.703332901000977,8.013333320617676,7.813333034515381,2175300.0,6.085565567016602
2002-11-01,8.149999618530273,7.633333206176758,7.800000190734863,8.066666603088379,2706900.0,6.282876968383789
2002-11-04,8.609999656677246,8.183333396911621,8.19333267211914,8.550000190734863,4022700.0,6.65933084487915
2002-11-05,8.933333396911621,8.393333435058594,8.396666526794434,8.926667213439941,5666400.0,6.952703475952148
2002-11-06,9.050000190734863,8.516667366027832,8.953332901000977,8.736666679382324,5682600.0,6.804720878601074
2002-11-07,8.710000038146973,8.19333267211914,8.710000038146973,8.233332633972168,4465800.0,6.412688732147217
2002-11-08,8.40999984741211,8.05666732788086,8.25333309173584,8.186667442321777,2618100.0,6.376341342926025
2002-11-11,8.183333396911621,7.716667175292969,8.183333396911621,7.906667232513428,1576800.0,6.158258438110352
2002-11-12,8.25,7.9033331871032715,7.9166669845581055,8.140000343322754,3788400.0,6.339996814727783
2002-11-13,8.130000114440918,7.703332901000977,8.066666603088379,7.866666793823242,2845800.0,6.127103328704834
2002-11-14,8.316666603088379,7.866666793823242,7.946667194366455,8.25333309173584,6324900.0,6.4282660484313965
2002-11-15,8.619999885559082,8.146666526794434,8.196666717529297,8.539999961853027,12110100.0,6.6515421867370605
2002-11-18,9.046667098999023,8.116666793823242,8.696666717529297,8.743332862854004,115453800.0,6.809913158416748
2002-11-19,8.583333015441895,8.226667404174805,8.533332824707031,8.333333015441895,151511400.0,6.490575790405273
2002-11-20,8.166666984558105,7.820000171661377,8.133333206176758,7.980000019073486,89973600.0,6.215375900268555
2002-11-21,8.239999771118164,7.873332977294922,7.986667156219482,8.15666675567627,65409600.0,6.3529767990112305
2002-11-22,8.823332786560059,8.116666793823242,8.130000114440918,8.666666984558105,53556900.0,6.750200271606445
2002-11-25,8.686667442321777,8.386667251586914,8.65666675567627,8.609999656677246,53027100.0,6.706061840057373
2002-11-26,8.666666984558105,7.953332901000977,8.5,8.029999732971191,62253900.0,6.254319667816162
2002-11-27,8.260000228881836,7.946667194366455,8.133333206176758,8.140000343322754,54711600.0,6.339996814727783
2002-11-29,8.173333168029785,7.783332824707031,8.126667022705078,7.813333034515381,23539500.0,6.085565567016602
2002-12-02,8.096667289733887,7.849999904632568,7.876667022705078,8.066666603088379,35978400.0,6.282876968383789
2002-12-03,8.029999732971191,7.686666965484619,8.029999732971191,7.836667060852051,36306600.0,6.1037397384643555
2002-12-04,7.853332996368408,7.673333168029785,7.760000228881836,7.763332843780518,26621700.0,6.046620845794678
2002-12-05,8.066666603088379,7.796667098999023,7.883333206176758,7.920000076293945,31895100.0,6.168643474578857
2002-12-06,8.243332862854004,7.686666965484619,7.75,8.216667175292969,26607900.0,6.399709701538086
2002-12-09,8.063332557678223,7.756667137145996,8.010000228881836,7.769999980926514,26354700.0,6.051813125610352
2002-12-10,7.906667232513428,7.559999942779541,7.816667079925537,7.75333309173584,44002500.0,6.03883171081543
2002-12-11,7.926667213439941,7.506667137145996,7.516666889190674,7.800000190734863,32800500.0,6.075180530548096
2002-12-12,7.920000076293945,7.6533331871032715,7.75,7.866666793823242,33789600.0,6.127103328704834
2002-12-13,7.9033331871032715,7.590000152587891,7.760000228881836,7.613333225250244,31671900.0,5.929790496826172
2002-12-16,8.203332901000977,7.513332843780518,7.52666711807251,8.133333206176758,30660300.0,6.334802627563477
2002-12-17,8.3100004196167,8.0,8.013333320617676,8.073332786560059,40481100.0,6.2880706787109375
2002-12-18,8.103333473205566,7.5966668128967285,8.0600004196167,7.876667022705078,29853000.0,6.134893894195557
2002-12-19,8.186667442321777,7.783332824707031,7.7866668701171875,7.933332920074463,30623700.0,6.1790289878845215
2002-12-20,8.333333015441895,7.283332824707031,8.116666793823242,7.74666690826416,67311000.0,6.0336408615112305
2002-12-23,8.09000015258789,7.7266669273376465,7.74666690826416,8.069999694824219,26602800.0,6.28547477722168
2002-12-24,8.050000190734863,7.920000076293945,8.0,7.989999771118164,5997000.0,6.223165035247803
2002-12-26,8.260000228881836,7.896667003631592,7.896667003631592,8.033332824707031,12633900.0,6.256917476654053
2002-12-27,8.036666870117188,7.706666946411133,7.983333110809326,7.7733330726623535,14639100.0,6.054409503936768
2002-12-30,7.923333168029785,7.699999809265137,7.7733330726623535,7.906667232513428,16536300.0,6.158258438110352
2002-12-31,7.960000038146973,7.766666889190674,7.7866668701171875,7.8566670417785645,22039800.0,6.119317531585693
2003-01-02,8.376667022705078,7.806666851043701,7.809999942779541,8.266667366027832,28982400.0,6.4386515617370605
2003-01-03,8.25,8.033332824707031,8.210000038146973,8.166666984558105,23007900.0,6.360764503479004
2003-01-06,8.763333320617676,8.186667442321777,8.236666679382324,8.65666675567627,33302700.0,6.742409706115723
2003-01-07,8.743332862854004,8.449999809265137,8.5,8.630000114440918,28080900.0,6.721640586853027
2003-01-08,8.683333396911621,8.383333206176758,8.573332786560059,8.463333129882812,28153500.0,6.591829299926758
2003-01-09,9.0,8.486666679382324,8.49666690826416,8.896666526794434,24083400.0,6.929340362548828
2003-01-10,9.289999961853027,8.683333396911621,8.733332633972168,9.15999984741211,25983900.0,7.134441375732422
2003-01-13,9.34333324432373,8.983332633972168,9.206666946411133,9.180000305175781,30106200.0,7.150018215179443
2003-01-14,9.476667404174805,9.116666793823242,9.170000076293945,9.460000038146973,29385000.0,7.368103981018066
2003-01-15,9.470000267028809,9.283332824707031,9.393333435058594,9.463333129882812,41669400.0,7.370699405670166
2003-01-16,9.516667366027832,9.226667404174805,9.430000305175781,9.30666732788086,28207200.0,7.248678207397461
2003-01-17,9.220000267028809,8.953332901000977,9.166666984558105,8.979999542236328,24560700.0,6.9942450523376465
2003-01-21,9.066666603088379,8.66333293914795,8.946666717529297,8.676667213439941,23865300.0,6.757988452911377
2003-01-22,8.90999984741211,8.483332633972168,8.49666690826416,8.686667442321777,20688000.0,6.76577615737915
2003-01-23,9.206666946411133,8.646666526794434,8.65666675567627,9.09000015258789,21993300.0,7.079922199249268
2003-01-24,9.096667289733887,8.623332977294922,9.09333324432373,8.699999809265137,22333500.0,6.776159286499023
2003-01-27,8.916666984558105,8.493332862854004,8.619999885559082,8.613332748413086,20661300.0,6.708657264709473
2003-01-28,8.953332901000977,8.600000381469727,8.680000305175781,8.816666603088379,24278700.0,6.867029666900635
2003-01-29,9.3100004196167,8.5600004196167,8.680000305175781,9.170000076293945,37730400.0,7.142230033874512
2003-01-30,9.033332824707031,8.69333267211914,9.029999732971191,8.716667175292969,36637800.0,6.78914213180542
2003-01-31,9.066666603088379,8.58666706085205,8.59000015258789,8.876667022705078,25255800.0,6.913760662078857
2003-02-03,8.91333293914795,8.643333435058594,8.883333206176758,8.683333396911621,29117100.0,6.76317834854126
2003-02-04,8.65999984741211,8.25,8.640000343322754,8.329999923706055,25943700.0,6.487979888916016
2003-02-05,8.773332595825195,8.256667137145996,8.41333293914795,8.470000267028809,23066100.0,6.597021579742432
2003-02-06,8.826666831970215,8.329999923706055,8.383333206176758,8.800000190734863,26405700.0,6.854048252105713
2003-02-07,8.923333168029785,8.40999984741211,8.823332786560059,8.44333267211914,20067300.0,6.57625150680542
2003-02-10,8.666666984558105,8.353333473205566,8.49666690826416,8.479999542236328,21188700.0,6.60481071472168
2003-02-11,8.91333293914795,8.380000114440918,8.533332824707031,8.430000305175781,25502100.0,6.565866947174072
2003-02-12,8.446666717529297,8.149999618530273,8.380000114440918,8.15666675567627,26681100.0,6.3529767990112305
2003-02-13,8.420000076293945,8.109999656677246,8.1899995803833,8.276666641235352,22837500.0,6.446439743041992
2003-02-14,8.686667442321777,8.133333206176758,8.303333282470703,8.686667442321777,25210500.0,6.76577615737915
2003-02-18,9.013333320617676,8.699999809265137,8.733332633972168,8.99666690826416,19641900.0,7.007226467132568
2003-02-19,8.933333396911621,8.59000015258789,8.930000305175781,8.743332862854004,17550000.0,6.809913158416748
2003-02-20,8.966667175292969,8.623332977294922,8.8100004196167,8.66333293914795,20186700.0,6.747603416442871
2003-02-21,9.020000457763672,8.563332557678223,8.773332595825195,8.926667213439941,22690500.0,6.952703475952148
2003-02-24,9.113332748413086,8.479999542236328,8.983332633972168,8.489999771118164,33023100.0,6.612600326538086
2003-02-25,9.15999984741211,8.286666870117188,8.366666793823242,9.039999961853027,38476500.0,7.0409770011901855
2003-02-26,9.053333282470703,8.706666946411133,9.046667098999023,8.833333015441895,26092800.0,6.880010604858398
2003-02-27,9.566666603088379,8.883333206176758,8.956666946411133,9.456666946411133,42825300.0,7.365505218505859
2003-02-28,9.793333053588867,9.40666675567627,9.420000076293945,9.739999771118164,35600100.0,7.586184978485107
2003-03-03,9.733332633972168,9.373332977294922,9.65666675567627,9.479999542236328,28290900.0,7.383678436279297
2003-03-04,9.579999923706055,9.329999923706055,9.4399995803833,9.346667289733887,20717100.0,7.27983283996582
2003-03-05,9.583333015441895,9.316666603088379,9.383333206176758,9.533332824707031,34621500.0,7.425217628479004
2003-03-06,9.476667404174805,9.166666984558105,9.390000343322754,9.199999809265137,23012400.0,7.1655964851379395
2003-03-07,9.473333358764648,8.989999771118164,9.0,9.380000114440918,24233700.0,7.305793285369873
2003-03-10,9.399999618530273,9.083333015441895,9.333333015441895,9.106666564941406,23421300.0,7.092903137207031
2003-03-11,9.293333053588867,8.933333396911621,9.023332595825195,8.963333129882812,32878500.0,6.981264114379883
2003-03-12,9.043333053588867,8.739999771118164,8.863332748413086,8.91333293914795,42238500.0,6.942317485809326
2003-03-13,9.449999809265137,8.930000305175781,9.069999694824219,9.416666984558105,33164700.0,7.334348678588867
2003-03-14,9.536666870117188,9.300000190734863,9.40999984741211,9.50333309173584,30716700.0,7.401852607727051
2003-03-17,9.993332862854004,9.353333473205566,9.513333320617676,9.793333053588867,56440800.0,7.6277241706848145
2003-03-18,9.873332977294922,9.5,9.84333324432373,9.739999771118164,38975400.0,7.586184978485107
2003-03-19,10.006667137145996,9.763333320617676,9.779999732971191,9.970000267028809,39495000.0,7.76532506942749
2003-03-20,10.023332595825195,9.633333206176758,9.813332557678223,9.953332901000977,25017900.0,7.752346515655518
2003-03-21,10.296667098999023,9.890000343322754,10.170000076293945,10.266667366027832,35201700.0,7.996390342712402
2003-03-24,10.043333053588867,9.516667366027832,10.0,9.539999961853027,29151300.0,7.430411338806152
2003-03-25,10.0600004196167,9.566666603088379,9.58666706085205,9.770000457763672,29008200.0,7.609549522399902
2003-03-26,9.933333396911621,9.600000381469727,9.8100004196167,9.696666717529297,25586400.0,7.55243444442749
2003-03-27,9.949999809265137,9.550000190734863,9.616666793823242,9.856666564941406,22444200.0,7.677056312561035
2003-03-28,9.899999618530273,9.696666717529297,9.776666641235352,9.756667137145996,20086500.0,7.59916877746582
2003-03-31,9.770000457763672,9.393333435058594,9.59000015258789,9.529999732971191,28764600.0,7.422624588012695
2003-04-01,9.80666732788086,9.533332824707031,9.626667022705078,9.75,23672700.0,7.59397554397583
2003-04-02,9.94333267211914,9.716667175292969,9.873332977294922,9.876667022705078,35703600.0,7.692633152008057
2003-04-03,9.993332862854004,9.643333435058594,9.94333267211914,9.74666690826416,18724800.0,7.5913801193237305
2003-04-04,9.99666690826416,9.536666870117188,9.756667137145996,9.960000038146973,29600400.0,7.7575364112854
2003-04-07,10.326666831970215,9.833333015441895,10.243332862854004,9.853333473205566,27727500.0,7.674455642700195
2003-04-08,9.976667404174805,9.763333320617676,9.846667289733887,9.883333206176758,19337100.0,7.6978230476379395
2003-04-09,10.029999732971191,9.686667442321777,9.966667175292969,9.69333267211914,20475900.0,7.549839019775391
2003-04-10,9.926667213439941,9.653332710266113,9.703332901000977,9.91333293914795,19408800.0,7.721187114715576
2003-04-11,10.166666984558105,9.539999961853027,10.069999694824219,9.550000190734863,27936900.0,7.438199043273926
2003-04-14,9.90666675567627,9.550000190734863,9.576666831970215,9.863332748413086,25657800.0,7.682247161865234
2003-04-15,10.053333282470703,9.826666831970215,9.833333015441895,10.026666641235352,24512400.0,7.809459209442139
2003-04-16,10.149999618530273,9.866666793823242,10.053333282470703,9.920000076293945,24784800.0,7.726379871368408
2003-04-17,10.166666984558105,9.886667251586914,9.886667251586914,10.15666675567627,23912700.0,7.910715579986572
2003-04-21,10.220000267028809,9.963333129882812,10.113332748413086,10.166666984558105,16164900.0,7.918500900268555
2003-04-22,10.666666984558105,10.08666706085205,10.149999618530273,10.583333015441895,36067800.0,8.243032455444336
2003-04-23,10.723333358764648,10.470000267028809,10.596667289733887,10.706666946411133,26413500.0,8.339093208312988
2003-04-24,10.763333320617676,10.476667404174805,10.523332595825195,10.65999984741211,23950200.0,8.302746772766113
2003-04-25,10.723333358764648,10.506667137145996,10.670000076293945,10.576666831970215,23028600.0,8.237835884094238
2003-04-28,10.583333015441895,10.453332901000977,10.486666679382324,10.563332557678223,24436800.0,8.227456092834473
2003-04-29,10.666666984558105,10.41333293914795,10.600000381469727,10.483332633972168,29073600.0,8.165144920349121
2003-04-30,10.703332901000977,10.449999809265137,10.533332824707031,10.633333206176758,33635400.0,8.281977653503418
2003-05-01,10.683333396911621,10.430000305175781,10.543333053588867,10.616666793823242,25262700.0,8.268993377685547
2003-05-02,10.520000457763672,10.106666564941406,10.486666679382324,10.16333293914795,52714200.0,7.915907382965088
2003-05-05,10.8100004196167,9.653332710266113,10.186667442321777,9.84000015258789,51574500.0,7.664072036743164
2003-05-06,10.08666706085205,9.823332786560059,9.823332786560059,10.0,25462200.0,7.788690090179443
2003-05-07,10.346667289733887,9.846667289733887,9.856666564941406,10.140000343322754,23169300.0,7.897731781005859
2003-05-08,10.25,9.933333396911621,9.960000038146973,10.073332786560059,28631400.0,7.845807075500488
2003-05-09,10.40999984741211,10.123332977294922,10.206666946411133,10.369999885559082,24340500.0,8.076872825622559
2003-05-12,10.430000305175781,10.069999694824219,10.276666641235352,10.286666870117188,23818200.0,8.011966705322266
2003-05-13,10.369999885559082,9.956666946411133,10.353333473205566,10.103333473205566,20788800.0,7.869172096252441
2003-05-14,10.173333168029785,9.813332557678223,10.116666793823242,9.960000038146973,29992800.0,7.7575364112854
2003-05-15,10.286666870117188,9.966667175292969,9.99666690826416,10.283332824707031,20143800.0,8.009368896484375
2003-05-16,10.666666984558105,10.216667175292969,10.223333358764648,10.420000076293945,30941100.0,8.115817070007324
2003-05-19,10.5600004196167,10.08666706085205,10.399999618530273,10.08666706085205,30402000.0,7.8561906814575195
2003-05-20,10.25,9.936667442321777,10.119999885559082,10.09000015258789,21572700.0,7.858792304992676
2003-05-21,10.279999732971191,10.016667366027832,10.033332824707031,10.266667366027832,16815300.0,7.996390342712402
2003-05-22,10.433333396911621,10.183333396911621,10.220000267028809,10.313332557678223,25245600.0,8.032737731933594
2003-05-23,10.263333320617676,9.993332862854004,10.25,10.010000228881836,21095100.0,7.796478748321533
2003-05-27,10.183333396911621,9.75,9.91333293914795,10.050000190734863,30006000.0,7.827634811401367
2003-05-28,10.146666526794434,9.833333015441895,9.993332862854004,9.936667442321777,28851300.0,7.739362716674805
2003-05-29,10.279999732971191,9.966667175292969,9.979999542236328,10.133333206176758,24584700.0,7.892543792724609
2003-05-30,10.1899995803833,9.90999984741211,10.16333293914795,10.00333309173584,25992600.0,7.791286945343018
2003-06-02,10.380000114440918,10.00333309173584,10.083333015441895,10.1899995803833,23529600.0,7.936678409576416
2003-06-03,10.350000381469727,10.029999732971191,10.270000457763672,10.149999618530273,18080400.0,7.905521869659424
2003-06-04,10.550000190734863,10.053333282470703,10.143333435058594,10.483332633972168,23382300.0,8.165144920349121
2003-06-05,10.710000038146973,10.326666831970215,10.523332595825195,10.683333396911621,23349000.0,8.320919036865234
2003-06-06,10.853333473205566,10.316666603088379,10.756667137145996,10.353333473205566,31282500.0,8.063892364501953
2003-06-09,10.446666717529297,10.16333293914795,10.256667137145996,10.373332977294922,16839300.0,8.07947063446045
2003-06-10,10.613332748413086,10.266667366027832,10.573332786560059,10.523332595825195,16989600.0,8.196298599243164
2003-06-11,10.953332901000977,10.393333435058594,10.483332633972168,10.949999809265137,26202900.0,8.52861499786377
2003-06-12,11.403332710266113,10.930000305175781,10.960000038146973,11.296667098999023,36162600.0,8.798624038696289
2003-06-13,11.4399995803833,11.15666675567627,11.276666641235352,11.210000038146973,24440100.0,8.731122970581055
2003-06-16,11.616666793823242,11.109999656677246,11.173333168029785,11.513333320617676,23235300.0,8.967379570007324
2003-06-17,11.436667442321777,11.146666526794434,11.399999618530273,11.196666717529297,28190700.0,8.720741271972656
2003-06-18,11.133333206176758,10.859999656677246,11.100000381469727,10.936667442321777,27606900.0,8.51823616027832
2003-06-19,10.90666675567627,10.399999618530273,10.899999618530273,10.4399995803833,39762000.0,8.131389617919922
2003-06-20,10.75,10.30666732788086,10.366666793823242,10.489999771118164,62853600.0,8.17033863067627
2003-06-23,10.489999771118164,10.176667213439941,10.449999809265137,10.313332557678223,22544400.0,8.032737731933594
2003-06-24,10.40999984741211,10.116666793823242,10.350000381469727,10.15999984741211,19674900.0,7.9133100509643555
2003-06-25,10.416666984558105,10.073332786560059,10.16333293914795,10.140000343322754,23854200.0,7.897731781005859
2003-06-26,10.366666793823242,10.143333435058594,10.143333435058594,10.34333324432373,29991900.0,8.05610179901123
2003-06-27,10.470000267028809,9.989999771118164,10.356666564941406,10.16333293914795,27378900.0,7.915907382965088
2003-06-30,10.350000381469727,10.036666870117188,10.186667442321777,10.0600004196167,68813100.0,7.835427284240723
2003-07-01,10.170000076293945,9.953332901000977,10.00333309173584,10.15999984741211,29597100.0,7.9133100509643555
2003-07-02,10.263333320617676,9.986666679382324,10.146666526794434,10.1899995803833,28046100.0,7.936678409576416
2003-07-03,10.4399995803833,10.123332977294922,10.123332977294922,10.34000015258789,19617300.0,8.053505897521973
2003-07-07,11.09000015258789,10.616666793823242,10.733332633972168,10.983332633972168,44197200.0,8.554574966430664
2003-07-08,11.006667137145996,10.80666732788086,10.973333358764648,10.979999542236328,29318400.0,8.551981925964355
2003-07-09,10.963333129882812,10.713333129882812,10.933333396911621,10.803333282470703,19600500.0,8.414381980895996
2003-07-10,10.779999732971191,10.489999771118164,10.65666675567627,10.573332786560059,25769700.0,8.23524284362793
2003-07-11,10.69333267211914,10.543333053588867,10.613332748413086,10.65666675567627,15405300.0,8.300148963928223
2003-07-14,11.213333129882812,10.710000038146973,10.8100004196167,10.896666526794434,22678500.0,8.487076759338379
2003-07-15,11.1899995803833,10.706666946411133,10.976667404174805,10.789999961853027,19268700.0,8.403999328613281
2003-07-16,10.90666675567627,10.50333309173584,10.903332710266113,10.569999694824219,19663800.0,8.232646942138672
2003-07-17,10.550000190734863,10.213333129882812,10.449999809265137,10.256667137145996,19111800.0,7.988600254058838
2003-07-18,10.489999771118164,10.036666870117188,10.366666793823242,10.380000114440918,24188700.0,8.084659576416016
2003-07-21,10.369999885559082,9.986666679382324,10.363332748413086,10.106666564941406,30840900.0,7.871772289276123
2003-07-22,10.303333282470703,9.983332633972168,10.08666706085205,10.153332710266113,21156300.0,7.908116340637207
2003-07-23,10.203332901000977,9.723333358764648,10.09333324432373,10.109999656677246,38474100.0,7.874368667602539
2003-07-24,10.15666675567627,9.793333053588867,10.143333435058594,9.816666603088379,28281000.0,7.64589786529541
2003-07-25,10.186667442321777,9.573332786560059,9.800000190734863,10.136667251586914,32719800.0,7.895135402679443
2003-07-28,10.226667404174805,9.9399995803833,10.173333168029785,10.066666603088379,17887500.0,7.840615272521973
2003-07-29,10.433333396911621,10.170000076293945,10.356666564941406,10.313332557678223,31547400.0,8.032737731933594
2003-07-30,10.516667366027832,10.24666690826416,10.399999618530273,10.273332595825195,26678700.0,8.001583099365234
2003-07-31,10.483332633972168,10.069999694824219,10.223333358764648,10.15999984741211,40943100.0,7.9133100509643555
2003-08-01,10.24666690826416,10.026666641235352,10.15666675567627,10.133333206176758,19033500.0,7.892543792724609
2003-08-04,10.263333320617676,9.91333293914795,10.013333320617676,10.069999694824219,18990300.0,7.843210697174072
2003-08-05,10.050000190734863,9.69333267211914,9.99666690826416,9.729999542236328,19437000.0,7.578397274017334
2003-08-06,9.866666793823242,9.65999984741211,9.696666717529297,9.670000076293945,19819500.0,7.531667232513428
2003-08-07,9.856666564941406,9.600000381469727,9.673333168029785,9.756667137145996,15741000.0,7.59916877746582
2003-08-08,9.9399995803833,9.710000038146973,9.80666732788086,9.760000228881836,11126400.0,7.60176420211792
2003-08-11,10.006667137145996,9.733332633972168,9.75,9.883333206176758,12959400.0,7.6978230476379395
2003-08-12,10.069999694824219,9.783332824707031,9.903332710266113,10.039999961853027,15150900.0,7.819847583770752
2003-08-13,10.196666717529297,9.833333015441895,10.126667022705078,9.91333293914795,15449100.0,7.721187114715576
2003-08-14,10.203332901000977,9.80666732788086,9.976667404174805,9.920000076293945,25980900.0,7.726379871368408
2003-08-15,9.973333358764648,9.729999542236328,9.960000038146973,9.826666831970215,12718800.0,7.653687477111816
2003-08-18,9.920000076293945,9.716667175292969,9.899999618530273,9.803333282470703,16595700.0,7.635514736175537
2003-08-19,9.859999656677246,9.66333293914795,9.8100004196167,9.770000457763672,18977700.0,7.609549522399902
2003-08-20,9.803333282470703,9.680000305175781,9.729999542236328,9.716667175292969,16797300.0,7.568012237548828
2003-08-21,9.813332557678223,9.649999618530273,9.736666679382324,9.766667366027832,21551700.0,7.606956481933594
2003-08-22,9.883333206176758,9.470000267028809,9.80666732788086,9.506667137145996,23772600.0,7.404448986053467
2003-08-25,9.646666526794434,9.393333435058594,9.433333396911621,9.633333206176758,19917600.0,7.5031046867370605
2003-08-26,9.75,9.466667175292969,9.633333206176758,9.710000038146973,22431900.0,7.5628204345703125
2003-08-27,9.816666603088379,9.630000114440918,9.666666984558105,9.770000457763672,18100800.0,7.609549522399902
2003-08-28,9.823332786560059,9.616666793823242,9.616666793823242,9.779999732971191,21867000.0,7.617341041564941
2003-08-29,9.973333358764648,9.723333358764648,9.793333053588867,9.920000076293945,15918600.0,7.726379871368408
2003-09-02,9.933333396911621,9.720000267028809,9.863332748413086,9.846667289733887,24559500.0,7.66926383972168
2003-09-03,9.983332633972168,9.826666831970215,9.890000343322754,9.893333435058594,21175500.0,7.705613613128662
2003-09-04,10.236666679382324,9.770000457763672,9.783332824707031,10.220000267028809,25463100.0,7.960042476654053
2003-09-05,10.239999771118164,9.926667213439941,10.226667404174805,10.010000228881836,27091200.0,7.796478748321533
2003-09-08,10.24666690826416,10.063332557678223,10.069999694824219,10.196666717529297,22800900.0,7.941869258880615
2003-09-09,10.383333206176758,10.133333206176758,10.140000343322754,10.313332557678223,24002100.0,8.032737731933594
2003-09-10,10.3100004196167,10.096667289733887,10.236666679382324,10.119999885559082,21022500.0,7.882156848907471
2003-09-11,10.216667175292969,9.973333358764648,10.149999618530273,10.176667213439941,20696100.0,7.9262919425964355
2003-09-12,10.180000305175781,9.94333267211914,10.133333206176758,10.146666526794434,17730900.0,7.902924537658691
2003-09-15,10.153332710266113,9.966667175292969,10.109999656677246,9.989999771118164,16189200.0,7.78090238571167
2003-09-16,10.416666984558105,10.010000228881836,10.013333320617676,10.396666526794434,20844600.0,8.09764289855957
2003-09-17,10.576666831970215,10.293333053588867,10.359999656677246,10.476667404174805,25541700.0,8.159955024719238
2003-09-18,10.633333206176758,10.416666984558105,10.539999961853027,10.489999771118164,21033000.0,8.17033863067627
2003-09-19,10.703332901000977,10.276666641235352,10.446666717529297,10.399999618530273,20210400.0,8.100239753723145
2003-09-22,10.300000190734863,9.99666690826416,10.216667175292969,10.186667442321777,33869100.0,7.934081554412842
2003-09-23,10.569999694824219,10.233332633972168,10.25333309173584,10.533332824707031,21759900.0,8.204089164733887
2003-09-24,10.539999961853027,10.166666984558105,10.493332862854004,10.1899995803833,26314500.0,7.936678409576416
2003-09-25,10.399999618530273,10.05666732788086,10.33666706085205,10.119999885559082,16739400.0,7.882156848907471
2003-09-26,10.126667022705078,9.933333396911621,10.043333053588867,9.953332901000977,27555600.0,7.752346515655518
2003-09-29,10.30666732788086,9.90666675567627,9.989999771118164,10.286666870117188,17464500.0,8.011966705322266
2003-09-30,10.300000190734863,10.079999923706055,10.210000038146973,10.273332595825195,36757200.0,8.001583099365234
2003-10-01,10.619999885559082,10.25,10.289999961853027,10.596667289733887,26819100.0,8.253413200378418
2003-10-02,10.653332710266113,10.433333396911621,10.569999694824219,10.643333435058594,23307900.0,8.289764404296875
2003-10-03,10.946666717529297,10.666666984558105,10.733332633972168,10.8100004196167,24304500.0,8.419573783874512
2003-10-06,10.983332633972168,10.706666946411133,10.756667137145996,10.8100004196167,18779100.0,8.419573783874512
2003-10-07,10.813332557678223,10.506667137145996,10.569999694824219,10.743332862854004,29876400.0,8.36764907836914
2003-10-08,10.829999923706055,10.41333293914795,10.80666732788086,10.426667213439941,21097500.0,8.121011734008789
2003-10-09,10.713333129882812,10.416666984558105,10.59333324432373,10.476667404174805,21408300.0,8.159955024719238
2003-10-10,10.75333309173584,10.399999618530273,10.436667442321777,10.6899995803833,10866600.0,8.326109886169434
2003-10-13,10.853333473205566,10.626667022705078,10.760000228881836,10.683333396911621,12977700.0,8.320919036865234
2003-10-14,10.826666831970215,10.636667251586914,10.683333396911621,10.8100004196167,10840200.0,8.419573783874512
2003-10-15,10.863332748413086,10.723333358764648,10.84333324432373,10.816666603088379,19388100.0,8.424769401550293
2003-10-16,11.109999656677246,10.766667366027832,10.789999961853027,11.046667098999023,18050700.0,8.603906631469727
2003-10-17,11.203332901000977,10.710000038146973,11.026666641235352,10.743332862854004,27152100.0,8.36764907836914
2003-10-20,10.819999694824219,10.616666793823242,10.786666870117188,10.736666679382324,18320100.0,8.36246109008789
2003-10-21,10.916666984558105,10.680000305175781,10.739999771118164,10.856666564941406,13170300.0,8.455924034118652
2003-10-22,10.846667289733887,10.553333282470703,10.829999923706055,10.630000114440918,11849100.0,8.27938175201416
2003-10-23,10.699999809265137,10.466667175292969,10.633333206176758,10.683333396911621,16279800.0,8.320919036865234
2003-10-24,10.739999771118164,10.44333267211914,10.543333053588867,10.716667175292969,14975100.0,8.346882820129395
2003-10-27,10.899999618530273,10.713333129882812,10.803333282470703,10.803333282470703,11454600.0,8.414381980895996
2003-10-28,11.24666690826416,10.883333206176758,10.926667213439941,11.206666946411133,19580700.0,8.728527069091797
2003-10-29,11.373332977294922,11.076666831970215,11.203332901000977,11.206666946411133,18943200.0,8.728527069091797
2003-10-30,11.263333320617676,10.726667404174805,11.180000305175781,11.133333206176758,32367000.0,8.67141056060791
2003-10-31,11.366666793823242,11.09000015258789,11.183333396911621,11.289999961853027,20354100.0,8.793431282043457
2003-11-03,11.346667289733887,11.079999923706055,11.296667098999023,11.143333435058594,14702400.0,8.679198265075684
2003-11-04,11.069999694824219,10.863332748413086,11.046667098999023,10.916666984558105,19306500.0,8.502655982971191
2003-11-05,11.016667366027832,10.819999694824219,10.883333206176758,10.90666675567627,20798100.0,8.494865417480469
2003-11-06,11.039999961853027,10.756667137145996,10.979999542236328,10.949999809265137,17324700.0,8.52861499786377
2003-11-07,11.183333396911621,11.023332595825195,11.0600004196167,11.106666564941406,36112800.0,8.65063762664795
2003-11-10,11.106666564941406,10.883333206176758,11.100000381469727,10.899999618530273,14295000.0,8.48967170715332
2003-11-11,10.869999885559082,10.59000015258789,10.84000015258789,10.609999656677246,16318200.0,8.263803482055664
2003-11-12,10.670000076293945,10.436667442321777,10.583333015441895,10.630000114440918,20001300.0,8.27938175201416
2003-11-13,10.673333168029785,10.483332633972168,10.583333015441895,10.606666564941406,17884500.0,8.261204719543457
2003-11-14,10.779999732971191,10.533332824707031,10.583333015441895,10.573332786560059,18909300.0,8.23524284362793
2003-11-17,10.609999656677246,10.446666717529297,10.453332901000977,10.566666603088379,15087300.0,8.23005199432373
2003-11-18,10.630000114440918,10.226667404174805,10.58666706085205,10.25333309173584,26719500.0,7.986005783081055
2003-11-19,10.449999809265137,10.140000343322754,10.166666984558105,10.430000305175781,17590200.0,8.123604774475098
2003-11-20,10.479999542236328,10.233332633972168,10.33666706085205,10.283332824707031,16313100.0,8.009368896484375
2003-11-21,10.566666603088379,10.25333309173584,10.386667251586914,10.526666641235352,20763900.0,8.198895454406738
2003-11-24,10.773332595825195,10.550000190734863,10.643333435058594,10.729999542236328,22319400.0,8.357263565063477
2003-11-25,10.75,10.566666603088379,10.703332901000977,10.600000381469727,19136700.0,8.256012916564941
2003-11-26,10.666666984558105,10.416666984558105,10.603333473205566,10.579999923706055,17850900.0,8.240434646606445
2003-11-28,10.59000015258789,10.449999809265137,10.566666603088379,10.533332824707031,6297300.0,8.204089164733887
2003-12-01,10.566666603088379,10.376667022705078,10.466667175292969,10.543333053588867,21210900.0,8.21187973022461
2003-12-02,10.526666641235352,10.369999885559082,10.420000076293945,10.520000457763672,26916000.0,8.193702697753906
2003-12-03,10.710000038146973,10.536666870117188,10.666666984558105,10.539999961853027,24492600.0,8.20927906036377
2003-12-04,10.680000305175781,10.483332633972168,10.5,10.633333206176758,19373700.0,8.281977653503418
2003-12-05,10.653332710266113,10.430000305175781,10.529999732971191,10.523332595825195,16635000.0,8.196298599243164
2003-12-08,10.583333015441895,10.4399995803833,10.460000038146973,10.563332557678223,15292800.0,8.227456092834473
2003-12-09,10.630000114440918,10.390000343322754,10.606666564941406,10.486666679382324,19748100.0,8.167741775512695
2003-12-10,10.58666706085205,10.33666706085205,10.476667404174805,10.426667213439941,15696600.0,8.121011734008789
2003-12-11,10.539999961853027,10.356666564941406,10.433333396911621,10.526666641235352,20722200.0,8.198895454406738
2003-12-12,10.59000015258789,10.420000076293945,10.550000190734863,10.583333015441895,14678700.0,8.243032455444336
2003-12-15,10.75,10.506667137145996,10.59333324432373,10.573332786560059,24637200.0,8.23524284362793
2003-12-16,10.65666675567627,10.483332633972168,10.5,10.65666675567627,28782600.0,8.300148963928223
2003-12-17,10.666666984558105,10.416666984558105,10.576666831970215,10.516667366027832,19223400.0,8.191105842590332
2003-12-18,10.666666984558105,10.313332557678223,10.416666984558105,10.640000343322754,37721400.0,8.28717041015625
2003-12-19,10.726667404174805,10.479999542236328,10.716667175292969,10.640000343322754,33132300.0,8.28717041015625
2003-12-22,10.75333309173584,10.579999923706055,10.640000343322754,10.743332862854004,18411000.0,8.36764907836914
2003-12-23,10.760000228881836,10.59333324432373,10.75333309173584,10.649999618530273,18846600.0,8.294954299926758
2003-12-24,10.680000305175781,10.533332824707031,10.573332786560059,10.616666793823242,6137100.0,8.268993377685547
2003-12-26,10.75,10.640000343322754,10.676667213439941,10.676667213439941,3482100.0,8.315728187561035
2003-12-29,10.819999694824219,10.606666564941406,10.666666984558105,10.816666603088379,16062000.0,8.424769401550293
2003-12-30,10.800000190734863,10.66333293914795,10.776666641235352,10.75,12462000.0,8.372843742370605
2003-12-31,10.960000038146973,10.786666870117188,10.796667098999023,10.930000305175781,13854600.0,8.513040542602539
2004-01-02,11.140000343322754,10.880000114440918,10.970000267028809,10.986666679382324,17215800.0,8.557173728942871
2004-01-05,11.133333206176758,10.899999618530273,11.033332824707031,11.08666706085205,22867800.0,8.635062217712402
2004-01-06,11.16333293914795,10.899999618530273,10.91333293914795,11.100000381469727,20053500.0,8.6454439163208
2004-01-07,11.430000305175781,11.006667137145996,11.066666603088379,11.396666526794434,24715800.0,8.876508712768555
2004-01-08,11.66333293914795,11.300000190734863,11.376667022705078,11.66333293914795,23189400.0,9.084208488464355
2004-01-09,11.873332977294922,11.513333320617676,11.550000190734863,11.720000267028809,24809400.0,9.128347396850586
2004-01-12,11.829999923706055,11.550000190734863,11.766667366027832,11.786666870117188,17377800.0,9.180270195007324
2004-01-13,11.949999809265137,11.710000038146973,11.8100004196167,11.84000015258789,23891700.0,9.221809387207031
2004-01-14,11.983332633972168,11.776666641235352,11.91333293914795,11.946666717529297,17119500.0,9.304891586303711
2004-01-15,12.126667022705078,11.833333015441895,11.979999542236328,11.91333293914795,22385100.0,9.278925895690918
2004-01-16,12.166666984558105,11.866666793823242,12.16333293914795,11.960000038146973,19139700.0,9.31527328491211
2004-01-20,12.006667137145996,11.75,11.989999771118164,11.876667022705078,17764800.0,9.250367164611816
2004-01-21,12.149999618530273,11.756667137145996,11.933333396911621,12.043333053588867,19566600.0,9.380182266235352
2004-01-22,12.116666793823242,11.859999656677246,11.989999771118164,11.966667175292969,25884900.0,9.320466995239258
2004-01-23,12.123332977294922,11.716667175292969,12.020000457763672,11.819999694824219,26857500.0,9.206235885620117
2004-01-26,12.039999961853027,11.720000267028809,11.75333309173584,12.016667366027832,21025500.0,9.359413146972656
2004-01-27,12.043333053588867,11.680000305175781,11.949999809265137,11.736666679382324,19249800.0,9.141326904296875
2004-01-28,11.826666831970215,11.273332595825195,11.706666946411133,11.316666603088379,27839400.0,8.814201354980469
2004-01-29,11.553333282470703,11.199999809265137,11.376667022705078,11.533332824707031,23442900.0,8.982954025268555
2004-01-30,11.729999542236328,11.323332786560059,11.416666984558105,11.366666793823242,23749500.0,8.8531494140625
2004-02-02,11.573332786560059,11.239999771118164,11.40666675567627,11.363332748413086,27461400.0,8.85054874420166
2004-02-03,11.5,11.233332633972168,11.416666984558105,11.263333320617676,19735500.0,8.772664070129395
2004-02-04,11.396666526794434,11.153332710266113,11.229999542236328,11.173333168029785,18790800.0,8.702569007873535
2004-02-05,11.236666679382324,11.006667137145996,11.170000076293945,11.103333473205566,15669600.0,8.64804458618164
2004-02-06,11.170000076293945,11.029999732971191,11.15999984741211,11.126667022705078,17338800.0,8.666217803955078
2004-02-09,11.210000038146973,11.036666870117188,11.166666984558105,11.083333015441895,16670400.0,8.632466316223145
2004-02-10,11.420000076293945,11.066666603088379,11.133333206176758,11.3100004196167,18972600.0,8.809012413024902
2004-02-11,10.653332710266113,10.16333293914795,10.456666946411133,10.40999984741211,221536500.0,8.108027458190918
2004-02-12,10.523332595825195,9.989999771118164,10.483332633972168,10.020000457763672,128834700.0,7.804269313812256
2004-02-13,10.08666706085205,9.916666984558105,10.066666603088379,9.966667175292969,70832700.0,7.762731075286865
2004-02-17,10.303333282470703,9.966667175292969,10.073332786560059,10.25,73687800.0,7.983407497406006
2004-02-18,10.286666870117188,10.149999618530273,10.283332824707031,10.266667366027832,30753000.0,7.996390342712402
2004-02-19,10.333333015441895,10.073332786560059,10.316666603088379,10.083333015441895,34815000.0,7.853596210479736
2004-02-20,10.316666603088379,9.979999542236328,10.30666732788086,10.0600004196167,33266700.0,7.835427284240723
2004-02-23,10.073332786560059,9.789999961853027,10.0600004196167,9.83666706085205,46143900.0,7.661478519439697
2004-02-24,10.039999961853027,9.786666870117188,9.899999618530273,9.9399995803833,45549000.0,7.741959571838379
2004-02-25,10.036666870117188,9.94333267211914,10.0,9.976667404174805,30519300.0,7.770519256591797
2004-02-26,10.153332710266113,9.883333206176758,9.933333396911621,9.983332633972168,25530000.0,7.775706768035889
2004-02-27,10.050000190734863,9.90666675567627,9.989999771118164,9.983332633972168,23400000.0,7.775706768035889
2004-03-01,10.143333435058594,9.976667404174805,10.09333324432373,10.100000381469727,22806900.0,7.866579055786133
2004-03-02,10.199999809265137,9.966667175292969,10.170000076293945,9.976667404174805,23668500.0,7.770519256591797
2004-03-03,10.1899995803833,9.986666679382324,10.00333309173584,10.133333206176758,26118600.0,7.892543792724609
2004-03-04,10.256667137145996,10.153332710266113,10.196666717529297,10.236666679382324,18918000.0,7.973025798797607
2004-03-05,10.300000190734863,10.083333015441895,10.103333473205566,10.146666526794434,25073700.0,7.902924537658691
2004-03-08,10.25,9.946666717529297,10.126667022705078,10.0,20139300.0,7.788690090179443
2004-03-09,10.073332786560059,9.916666984558105,9.970000267028809,9.960000038146973,21941700.0,7.7575364112854
2004-03-10,10.119999885559082,9.923333168029785,9.970000267028809,9.933333396911621,30907500.0,7.7367682456970215
2004-03-11,9.946666717529297,9.666666984558105,9.90666675567627,9.683333396911621,29648400.0,7.542052268981934
2004-03-12,9.833333015441895,9.670000076293945,9.729999542236328,9.829999923706055,22489200.0,7.656282424926758
2004-03-15,9.869999885559082,9.640000343322754,9.793333053588867,9.65999984741211,22270200.0,7.523876190185547
2004-03-16,9.796667098999023,9.643333435058594,9.75,9.666666984558105,19382100.0,7.529069423675537
2004-03-17,9.853333473205566,9.516667366027832,9.850000381469727,9.676667213439941,16636500.0,7.53685998916626
2004-03-18,9.766667366027832,9.616666793823242,9.633333206176758,9.643333435058594,17585400.0,7.510894298553467
2004-03-19,9.710000038146973,9.516667366027832,9.633333206176758,9.553333282470703,27759900.0,7.440793991088867
2004-03-22,9.59000015258789,9.41333293914795,9.516667366027832,9.516667366027832,22764000.0,7.412240028381348
2004-03-23,9.636667251586914,9.366666793823242,9.569999694824219,9.386667251586914,19704600.0,7.3109846115112305
2004-03-24,9.489999771118164,9.25333309173584,9.390000343322754,9.333333015441895,20501400.0,7.269445896148682
2004-03-25,9.523332595825195,9.34333324432373,9.356666564941406,9.489999771118164,30901200.0,7.391470909118652
2004-03-26,9.946666717529297,9.399999618530273,9.463333129882812,9.74666690826416,26351400.0,7.5913801193237305
2004-03-29,9.783332824707031,9.603333473205566,9.75,9.66333293914795,23207700.0,7.52647066116333
2004-03-30,9.673333168029785,9.59000015258789,9.626667022705078,9.653332710266113,15964800.0,7.518682956695557
2004-03-31,9.716667175292969,9.546667098999023,9.6899995803833,9.58666706085205,21537300.0,7.466758728027344
2004-04-01,9.829999923706055,9.486666679382324,9.569999694824219,9.723333358764648,24056700.0,7.573203086853027
2004-04-02,9.890000343322754,9.65999984741211,9.873332977294922,9.696666717529297,20356200.0,7.55243444442749
2004-04-05,9.9399995803833,9.65999984741211,9.696666717529297,9.923333168029785,18490800.0,7.72898006439209
2004-04-06,9.99666690826416,9.80666732788086,9.813332557678223,9.936667442321777,15862500.0,7.739362716674805
2004-04-07,9.963333129882812,9.720000267028809,9.883333206176758,9.766667366027832,21335700.0,7.606956481933594
2004-04-08,9.893333435058594,9.69333267211914,9.863332748413086,9.74666690826416,15009900.0,7.5913801193237305
2004-04-12,10.176667213439941,9.856666564941406,9.920000076293945,10.113332748413086,27536700.0,7.876960754394531
2004-04-13,10.183333396911621,9.923333168029785,10.183333396911621,9.99666690826416,21580800.0,7.786097526550293
2004-04-14,10.263333320617676,9.916666984558105,9.930000305175781,10.216667175292969,27648600.0,7.957449436187744
2004-04-15,10.279999732971191,9.993332862854004,10.273332595825195,10.066666603088379,26725800.0,7.840615272521973
2004-04-16,10.233332633972168,9.983332633972168,10.210000038146973,10.079999923706055,18439200.0,7.851001262664795
2004-04-19,10.270000457763672,9.99666690826416,10.036666870117188,10.220000267028809,16480800.0,7.960042476654053
2004-04-20,10.216667175292969,9.966667175292969,10.140000343322754,9.993332862854004,18245400.0,7.783496856689453
2004-04-21,10.026666641235352,9.773332595825195,9.960000038146973,9.8100004196167,24936000.0,7.640706539154053
2004-04-22,9.890000343322754,9.686667442321777,9.816666603088379,9.699999809265137,30048300.0,7.555030822753906
2004-04-23,9.706666946411133,9.563332557678223,9.65666675567627,9.640000343322754,28071000.0,7.508301258087158
2004-04-26,9.960000038146973,9.733332633972168,9.779999732971191,9.949999809265137,28443600.0,7.749751091003418
2004-04-27,10.223333358764648,9.916666984558105,9.979999542236328,9.989999771118164,32088000.0,7.78090238571167
2004-04-28,10.55666732788086,9.956666946411133,10.550000190734863,10.066666603088379,90155100.0,7.840615272521973
2004-04-29,10.356666564941406,10.103333473205566,10.133333206176758,10.1899995803833,45852300.0,7.936678409576416
2004-04-30,10.303333282470703,10.016667366027832,10.25,10.053333282470703,23940600.0,7.830233573913574
2004-05-03,10.116666793823242,9.953332901000977,10.046667098999023,9.976667404174805,25838700.0,7.770519256591797
2004-05-04,10.010000228881836,9.80666732788086,9.953332901000977,9.890000343322754,26766600.0,7.703014373779297
2004-05-05,9.916666984558105,9.733332633972168,9.903332710266113,9.75333309173584,24022500.0,7.596566677093506
2004-05-06,9.723333358764648,9.453332901000977,9.699999809265137,9.5,29675700.0,7.399256229400635
2004-05-07,9.623332977294922,9.373332977294922,9.433333396911621,9.59000015258789,29850000.0,7.469355583190918
2004-05-10,9.533332824707031,9.300000190734863,9.470000267028809,9.350000381469727,37241700.0,7.2824296951293945
2004-05-11,9.609999656677246,9.363332748413086,9.366666793823242,9.493332862854004,22642500.0,7.394065856933594
2004-05-12,9.55666732788086,9.286666870117188,9.463333129882812,9.423333168029785,25870500.0,7.339543342590332
2004-05-13,9.453332901000977,9.273332595825195,9.386667251586914,9.3100004196167,34364400.0,7.2512712478637695
2004-05-14,9.5,9.25333309173584,9.303333282470703,9.449999809265137,26361900.0,7.360313415527344
2004-05-17,9.333333015441895,9.166666984558105,9.293333053588867,9.210000038146973,24645900.0,7.1733832359313965
2004-05-18,9.416666984558105,9.236666679382324,9.319999694824219,9.376667022705078,28463100.0,7.303196907043457
2004-05-19,9.573332786560059,9.333333015441895,9.506667137145996,9.373332977294922,21759900.0,7.300601005554199
2004-05-20,9.526666641235352,9.363332748413086,9.420000076293945,9.489999771118164,16086900.0,7.391470909118652
2004-05-21,9.646666526794434,9.476667404174805,9.626667022705078,9.533332824707031,16377300.0,7.425217628479004
2004-05-24,9.75,9.526666641235352,9.706666946411133,9.59333324432373,15614100.0,7.471948623657227
2004-05-25,9.90999984741211,9.553333282470703,9.649999618530273,9.856666564941406,19757700.0,7.677056312561035
2004-05-26,9.963333129882812,9.789999961853027,9.916666984558105,9.896666526794434,27660000.0,7.7082061767578125
2004-05-27,9.983332633972168,9.733332633972168,9.979999542236328,9.793333053588867,25624200.0,7.6277241706848145
2004-05-28,9.859999656677246,9.633333206176758,9.826666831970215,9.649999618530273,15436800.0,7.516082763671875
2004-06-01,9.716667175292969,9.553333282470703,9.649999618530273,9.643333435058594,21435000.0,7.510894298553467
2004-06-02,9.723333358764648,9.483332633972168,9.699999809265137,9.59333324432373,19671600.0,7.471948623657227
2004-06-03,9.613332748413086,9.433333396911621,9.529999732971191,9.466667175292969,21142500.0,7.373293876647949
2004-06-04,9.680000305175781,9.453332901000977,9.456666946411133,9.600000381469727,30668400.0,7.477146148681641
2004-06-07,9.80666732788086,9.613332748413086,9.673333168029785,9.789999961853027,23360100.0,7.625129222869873
2004-06-08,9.90999984741211,9.710000038146973,9.723333358764648,9.90999984741211,21665700.0,7.718589782714844
2004-06-09,9.920000076293945,9.783332824707031,9.8100004196167,9.829999923706055,15450600.0,7.656282424926758
2004-06-10,9.880000114440918,9.786666870117188,9.876667022705078,9.869999885559082,9658200.0,7.687435150146484
2004-06-14,9.823332786560059,9.573332786560059,9.783332824707031,9.606666564941406,18843300.0,7.482336521148682
2004-06-15,9.91333293914795,9.646666526794434,9.670000076293945,9.819999694824219,21847200.0,7.648496150970459
2004-06-16,9.90666675567627,9.75333309173584,9.813332557678223,9.866666793823242,13209300.0,7.684843063354492
2004-06-17,9.869999885559082,9.696666717529297,9.819999694824219,9.803333282470703,14470200.0,7.635514736175537
2004-06-18,10.0,9.579999923706055,9.686667442321777,9.893333435058594,23631300.0,7.705613613128662
2004-06-21,9.863332748413086,9.363332748413086,9.84000015258789,9.566666603088379,19017300.0,7.45118522644043
2004-06-22,9.58666706085205,9.273332595825195,9.563332557678223,9.426667213439941,28565100.0,7.3421406745910645
2004-06-23,9.460000038146973,9.296667098999023,9.420000076293945,9.40666675567627,18843000.0,7.326564311981201
2004-06-24,9.460000038146973,9.293333053588867,9.353333473205566,9.303333282470703,24396600.0,7.2460784912109375
2004-06-25,9.456666946411133,8.90999984741211,9.393333435058594,9.34000015258789,33384900.0,7.274636745452881
2004-06-28,9.523332595825195,9.216667175292969,9.34000015258789,9.223333358764648,23454900.0,7.183770656585693
2004-06-29,9.376667022705078,9.1899995803833,9.24666690826416,9.283332824707031,17160000.0,7.230500221252441
2004-06-30,9.426667213439941,9.276666641235352,9.286666870117188,9.366666793823242,23270700.0,7.295404434204102
2004-07-01,9.40666675567627,9.226667404174805,9.390000343322754,9.276666641235352,23154900.0,7.225308418273926
2004-07-02,9.386667251586914,9.223333358764648,9.279999732971191,9.319999694824219,16055700.0,7.259057998657227
2004-07-06,9.3100004196167,9.076666831970215,9.296667098999023,9.08666706085205,33718500.0,7.077327251434326
2004-07-07,9.173333168029785,9.069999694824219,9.133333206176758,9.096667289733887,20097900.0,7.0851149559021
2004-07-08,9.316666603088379,9.096667289733887,9.170000076293945,9.206666946411133,23597700.0,7.170790195465088
2004-07-09,9.34000015258789,9.15666675567627,9.286666870117188,9.196666717529297,17040300.0,7.163001537322998
2004-07-12,9.293333053588867,9.119999885559082,9.176667213439941,9.289999961853027,15484200.0,7.2356953620910645
2004-07-13,9.326666831970215,9.210000038146973,9.283332824707031,9.266667366027832,14993100.0,7.2175211906433105
2004-07-14,9.373332977294922,9.16333293914795,9.1899995803833,9.333333015441895,15837900.0,7.269445896148682
2004-07-15,9.456666946411133,9.276666641235352,9.296667098999023,9.399999618530273,17906100.0,7.321369647979736
2004-07-16,9.55666732788086,9.239999771118164,9.550000190734863,9.300000190734863,26025300.0,7.243481159210205
2004-07-19,9.383333206176758,9.25,9.34000015258789,9.33666706085205,18629700.0,7.2720441818237305
2004-07-20,9.466667175292969,9.283332824707031,9.300000190734863,9.449999809265137,17894100.0,7.360313415527344
2004-07-21,9.5,9.293333053588867,9.433333396911621,9.296667098999023,17015100.0,7.240886688232422
2004-07-22,9.420000076293945,9.25333309173584,9.289999961853027,9.40666675567627,18093300.0,7.326564311981201
2004-07-23,9.366666793823242,9.276666641235352,9.316666603088379,9.329999923706055,13326600.0,7.266850471496582
2004-07-26,9.380000114440918,9.199999809265137,9.350000381469727,9.369999885559082,17312700.0,7.298004627227783
2004-07-27,9.583333015441895,9.399999618530273,9.493332862854004,9.579999923706055,27174900.0,7.4615678787231445
2004-07-28,9.466667175292969,9.020000457763672,9.369999885559082,9.186667442321777,49655100.0,7.155211448669434
2004-07-29,9.353333473205566,9.153332710266113,9.33666706085205,9.180000305175781,26356200.0,7.150018215179443
2004-07-30,9.19333267211914,8.963333129882812,9.100000381469727,9.133333206176758,29393400.0,7.113672256469727
2004-08-02,9.633333206176758,9.383333206176758,9.460000038146973,9.583333015441895,41019600.0,7.464162826538086
2004-08-03,9.640000343322754,9.506667137145996,9.516667366027832,9.523332595825195,19894500.0,7.4174323081970215
2004-08-04,9.523332595825195,9.303333282470703,9.489999771118164,9.346667289733887,21187800.0,7.27983283996582
2004-08-05,9.41333293914795,9.170000076293945,9.326666831970215,9.1899995803833,28049400.0,7.157806873321533
2004-08-06,9.34333324432373,9.020000457763672,9.133333206176758,9.036666870117188,20595900.0,7.038379669189453
2004-08-09,9.166666984558105,8.960000038146973,9.020000457763672,9.006667137145996,17084100.0,7.015013694763184
2004-08-10,9.126667022705078,8.94333267211914,9.010000228881836,9.063332557678223,30983100.0,7.059148788452148
2004-08-11,9.143333435058594,8.966667175292969,8.99666690826416,9.029999732971191,19482000.0,7.033190727233887
2004-08-12,9.006667137145996,8.813332557678223,8.91333293914795,8.83666706085205,20673600.0,6.882606029510498
2004-08-13,8.956666946411133,8.779999732971191,8.84333324432373,8.826666831970215,25836000.0,6.874818801879883
2004-08-16,9.033332824707031,8.75,8.816666603088379,8.953332901000977,20161200.0,6.973475456237793
2004-08-17,9.243332862854004,8.890000343322754,8.899999618530273,9.140000343322754,49815000.0,7.118863582611084
2004-08-18,9.329999923706055,9.033332824707031,9.133333206176758,9.286666870117188,17599800.0,7.233100414276123
2004-08-19,9.359999656677246,9.176667213439941,9.229999542236328,9.229999542236328,17762400.0,7.188961505889893
2004-08-20,9.333333015441895,9.16333293914795,9.19333267211914,9.279999732971191,13200600.0,7.227904319763184
2004-08-23,9.326666831970215,9.213333129882812,9.25333309173584,9.273332595825195,10837800.0,7.222713470458984
2004-08-24,9.329999923706055,9.216667175292969,9.329999923706055,9.283332824707031,11887200.0,7.230500221252441
2004-08-25,9.436667442321777,9.266667366027832,9.286666870117188,9.430000305175781,16413900.0,7.344736099243164
2004-08-26,9.479999542236328,9.34000015258789,9.359999656677246,9.44333267211914,13098600.0,7.355120658874512
2004-08-27,9.5,9.350000381469727,9.463333129882812,9.390000343322754,16100400.0,7.313580513000488
2004-08-30,9.403332710266113,9.286666870117188,9.376667022705078,9.30666732788086,9980100.0,7.248678207397461
2004-08-31,9.396666526794434,9.286666870117188,9.333333015441895,9.390000343322754,15982500.0,7.313580513000488
2004-09-01,9.403332710266113,9.206666946411133,9.373332977294922,9.300000190734863,19451100.0,7.243481159210205
2004-09-02,9.333333015441895,9.183333396911621,9.263333320617676,9.293333053588867,14662200.0,7.238288402557373
2004-09-03,9.353333473205566,9.220000267028809,9.323332786560059,9.223333358764648,9173100.0,7.183770656585693
2004-09-07,9.390000343322754,9.25,9.296667098999023,9.34333324432373,15858600.0,7.277233600616455
2004-09-08,9.466667175292969,9.283332824707031,9.300000190734863,9.41333293914795,15493500.0,7.331754207611084
2004-09-09,9.449999809265137,9.283332824707031,9.423333168029785,9.319999694824219,15124500.0,7.259057998657227
2004-09-10,9.33666706085205,9.223333358764648,9.303333282470703,9.333333015441895,15272700.0,7.269445896148682
2004-09-13,9.393333435058594,9.15999984741211,9.346667289733887,9.373332977294922,16958100.0,7.300601005554199
2004-09-14,9.403332710266113,9.313332557678223,9.376667022705078,9.356666564941406,13172100.0,7.287618637084961
2004-09-15,9.393333435058594,9.216667175292969,9.329999923706055,9.346667289733887,15780300.0,7.27983283996582
2004-09-16,9.493332862854004,9.323332786560059,9.34000015258789,9.479999542236328,13186200.0,7.383678436279297
2004-09-17,9.576666831970215,9.44333267211914,9.516667366027832,9.453332901000977,21870600.0,7.362910747528076
2004-09-20,9.50333309173584,9.359999656677246,9.453332901000977,9.473333358764648,20826600.0,7.378487586975098
2004-09-21,9.483332633972168,9.266667366027832,9.44333267211914,9.420000076293945,14787600.0,7.336948871612549
2004-09-22,9.363332748413086,9.283332824707031,9.333333015441895,9.3100004196167,21555000.0,7.2512712478637695
2004-09-23,9.403332710266113,9.296667098999023,9.303333282470703,9.3100004196167,14394300.0,7.2512712478637695
2004-09-24,9.423333168029785,9.303333282470703,9.34333324432373,9.380000114440918,13203300.0,7.305793285369873
2004-09-27,9.366666793823242,9.270000457763672,9.350000381469727,9.289999961853027,14324100.0,7.2356953620910645
2004-09-28,9.346667289733887,9.226667404174805,9.276666641235352,9.226667404174805,16714200.0,7.186367511749268
2004-09-29,9.396666526794434,9.15666675567627,9.203332901000977,9.396666526794434,17647200.0,7.318770408630371
2004-09-30,9.476667404174805,9.3100004196167,9.313332557678223,9.41333293914795,21775500.0,7.331754207611084
2004-10-01,9.723333358764648,9.40666675567627,9.453332901000977,9.703332901000977,29511300.0,7.5576276779174805
2004-10-04,9.8100004196167,9.65999984741211,9.65999984741211,9.720000267028809,27891000.0,7.570606231689453
2004-10-05,9.83666706085205,9.65999984741211,9.666666984558105,9.803333282470703,19671300.0,7.635514736175537
2004-10-06,9.953332901000977,9.696666717529297,9.696666717529297,9.923333168029785,19452300.0,7.72898006439209
2004-10-07,9.989999771118164,9.8100004196167,9.90999984741211,9.823332786560059,19277700.0,7.651089668273926
2004-10-08,9.970000267028809,9.653332710266113,9.80666732788086,9.713333129882812,19048500.0,7.56541633605957
2004-10-11,9.776666641235352,9.649999618530273,9.75333309173584,9.75,9115800.0,7.59397554397583
2004-10-12,9.819999694824219,9.646666526794434,9.69333267211914,9.75333309173584,15078600.0,7.596566677093506
2004-10-13,9.850000381469727,9.733332633972168,9.8100004196167,9.789999961853027,15971400.0,7.625129222869873
2004-10-14,9.8100004196167,9.566666603088379,9.776666641235352,9.583333015441895,20800200.0,7.464162826538086
2004-10-15,9.66333293914795,9.550000190734863,9.640000343322754,9.566666603088379,19292400.0,7.45118522644043
2004-10-18,9.606666564941406,9.446666717529297,9.546667098999023,9.59000015258789,18555000.0,7.469355583190918
2004-10-19,9.603333473205566,9.416666984558105,9.5600004196167,9.479999542236328,23501100.0,7.383678436279297
2004-10-20,9.526666641235352,9.353333473205566,9.526666641235352,9.453332901000977,17479500.0,7.362910747528076
2004-10-21,9.420000076293945,9.24666690826416,9.373332977294922,9.353333473205566,20482800.0,7.285022258758545
2004-10-22,9.433333396911621,9.276666641235352,9.369999885559082,9.279999732971191,17582100.0,7.227904319763184
2004-10-25,9.40999984741211,9.220000267028809,9.229999542236328,9.346667289733887,15689400.0,7.27983283996582
2004-10-26,9.640000343322754,9.346667289733887,9.383333206176758,9.640000343322754,29613000.0,7.508301258087158
2004-10-27,9.866666793823242,9.526666641235352,9.733332633972168,9.823332786560059,55841100.0,7.651089668273926
2004-10-28,9.933333396911621,9.739999771118164,9.829999923706055,9.846667289733887,22542900.0,7.66926383972168
2004-10-29,9.893333435058594,9.770000457763672,9.880000114440918,9.833333015441895,18120300.0,7.658881187438965
2004-11-01,9.890000343322754,9.69333267211914,9.890000343322754,9.779999732971191,20721900.0,7.617341041564941
2004-11-02,9.90999984741211,9.75,9.826666831970215,9.763333320617676,16491300.0,7.6043596267700195
2004-11-03,9.91333293914795,9.609999656677246,9.856666564941406,9.683333396911621,24593100.0,7.542052268981934
2004-11-04,9.966667175292969,9.6899995803833,9.716667175292969,9.869999885559082,25427100.0,7.687435150146484
2004-11-05,9.973333358764648,9.826666831970215,9.883333206176758,9.886667251586914,21165900.0,7.700419902801514
2004-11-08,9.94333267211914,9.8100004196167,9.846667289733887,9.866666793823242,15538800.0,7.684843063354492
2004-11-09,9.933333396911621,9.83666706085205,9.893333435058594,9.866666793823242,16172400.0,7.684843063354492
2004-11-10,9.94333267211914,9.763333320617676,9.923333168029785,9.766667366027832,21795000.0,7.606956481933594
2004-11-11,9.953332901000977,9.786666870117188,9.819999694824219,9.869999885559082,25188600.0,7.687435150146484
2004-11-12,10.036666870117188,9.813332557678223,9.846667289733887,9.94333267211914,31377900.0,7.7445573806762695
2004-11-15,9.989999771118164,9.83666706085205,9.923333168029785,9.989999771118164,19626300.0,7.78090238571167
2004-11-16,10.016667366027832,9.856666564941406,9.986666679382324,9.90666675567627,20689500.0,7.7159953117370605
2004-11-17,9.970000267028809,9.84333324432373,9.90999984741211,9.90666675567627,19249200.0,7.7159953117370605
2004-11-18,10.213333129882812,9.94333267211914,9.970000267028809,10.173333168029785,50502300.0,7.923695087432861
2004-11-19,10.210000038146973,10.106666564941406,10.210000038146973,10.116666793823242,23610300.0,7.879560947418213
2004-11-22,10.333333015441895,10.136667251586914,10.173333168029785,10.239999771118164,25715700.0,7.975621223449707
2004-11-23,10.326666831970215,10.109999656677246,10.270000457763672,10.263333320617676,27313200.0,7.99379301071167
2004-11-24,10.356666564941406,10.166666984558105,10.296667098999023,10.19333267211914,18428400.0,7.939273357391357
2004-11-26,10.313332557678223,10.176667213439941,10.256667137145996,10.183333396911621,5203800.0,7.931481838226318
2004-11-29,10.270000457763672,10.010000228881836,10.210000038146973,10.076666831970215,19579200.0,7.848405838012695
2004-11-30,10.166666984558105,10.013333320617676,10.043333053588867,10.013333320617676,20522100.0,7.799077033996582
2004-12-01,10.153332710266113,10.033332824707031,10.039999961853027,10.08666706085205,22296300.0,7.8561906814575195
2004-12-02,10.05666732788086,9.903332710266113,10.039999961853027,9.960000038146973,24889800.0,7.7575364112854
2004-12-03,9.99666690826416,9.833333015441895,9.953332901000977,9.859999656677246,22053300.0,7.679651737213135
2004-12-06,9.876667022705078,9.763333320617676,9.856666564941406,9.800000190734863,16350300.0,7.632918357849121
2004-12-07,9.973333358764648,9.800000190734863,9.819999694824219,9.833333015441895,21072300.0,7.658881187438965
2004-12-08,10.0,9.803333282470703,9.816666603088379,9.966667175292969,25819500.0,7.762731075286865
2004-12-09,10.283332824707031,9.833333015441895,9.899999618530273,10.206666946411133,31228500.0,7.949661731719971
2004-12-10,10.313332557678223,10.096667289733887,10.109999656677246,10.25,17709600.0,7.983407497406006
2004-12-13,10.333333015441895,10.176667213439941,10.24666690826416,10.233332633972168,18935700.0,7.970428466796875
2004-12-14,10.333333015441895,10.140000343322754,10.166666984558105,10.323332786560059,15048000.0,8.04052734375
2004-12-15,10.44333267211914,10.300000190734863,10.33666706085205,10.383333206176758,25204800.0,8.087259292602539
2004-12-16,10.433333396911621,10.319999694824219,10.366666793823242,10.373332977294922,18169800.0,8.07947063446045
2004-12-17,10.486666679382324,10.216667175292969,10.233332633972168,10.216667175292969,40866000.0,7.957449436187744
2004-12-20,10.446666717529297,10.233332633972168,10.256667137145996,10.376667022705078,18563400.0,8.082064628601074
2004-12-21,10.543333053588867,10.353333473205566,10.376667022705078,10.460000038146973,19598100.0,8.14696979522705
2004-12-22,10.583333015441895,10.416666984558105,10.526666641235352,10.553333282470703,19672800.0,8.219663619995117
2004-12-23,10.616666793823242,10.5,10.55666732788086,10.516667366027832,13070700.0,8.191105842590332
2004-12-27,10.833333015441895,10.666666984558105,10.75333309173584,10.796667098999023,29661300.0,8.409189224243164
2004-12-28,11.050000190734863,10.763333320617676,10.80666732788086,11.0,24103200.0,8.567561149597168
2004-12-29,11.0,10.84000015258789,10.946666717529297,10.94333267211914,14782200.0,8.523426055908203
2004-12-30,11.109999656677246,10.886667251586914,10.976667404174805,11.020000457763672,13991700.0,8.583138465881348
2004-12-31,11.109999656677246,11.010000228881836,11.010000228881836,11.09333324432373,11898900.0,8.640253067016602
2005-01-03,11.149999618530273,10.873332977294922,11.09000015258789,10.956666946411133,27797100.0,8.533808708190918
2005-01-04,11.016667366027832,10.65999984741211,11.010000228881836,10.676667213439941,29807100.0,8.315728187561035
2005-01-05,10.903332710266113,10.603333473205566,10.710000038146973,10.776666641235352,30863400.0,8.39361572265625
2005-01-06,10.933333396911621,10.703332901000977,10.726667404174805,10.760000228881836,22386000.0,8.380631446838379
2005-01-07,10.886667251586914,10.743332862854004,10.766667366027832,10.856666564941406,20868900.0,8.455924034118652
2005-01-10,11.133333206176758,10.856666564941406,10.856666564941406,11.076666831970215,33701400.0,8.627277374267578
2005-01-11,11.166666984558105,10.90666675567627,11.109999656677246,11.073332786560059,30153600.0,8.624677658081055
2005-01-12,11.133333206176758,10.956666946411133,11.08666706085205,11.066666603088379,25532100.0,8.619483947753906
2005-01-13,11.149999618530273,11.0,11.066666603088379,11.053333282470703,29403300.0,8.60909652709961
2005-01-14,11.216667175292969,11.053333282470703,11.069999694824219,11.1899995803833,28153800.0,8.715543746948242
2005-01-18,11.220000267028809,11.036666870117188,11.143333435058594,11.186667442321777,20910000.0,8.7129487991333
2005-01-19,11.15999984741211,11.0,11.119999885559082,11.006667137145996,17381400.0,8.57275390625
2005-01-20,11.083333015441895,10.883333206176758,11.053333282470703,10.91333293914795,23052000.0,8.5000581741333
2005-01-21,11.119999885559082,10.903332710266113,10.9399995803833,10.983332633972168,28421400.0,8.554574966430664
2005-01-24,11.146666526794434,10.953332901000977,10.989999771118164,11.0,23723700.0,8.567561149597168
2005-01-25,11.149999618530273,11.033332824707031,11.043333053588867,11.050000190734863,23372400.0,8.6065034866333
2005-01-26,11.130000114440918,10.883333206176758,11.046667098999023,11.039999961853027,19527300.0,8.59871768951416
2005-01-27,11.069999694824219,10.856666564941406,11.0600004196167,10.896666526794434,26741100.0,8.487076759338379
2005-01-28,10.989999771118164,10.673333168029785,10.970000267028809,10.75333309173584,27354300.0,8.37543773651123
2005-01-31,10.923333168029785,10.630000114440918,10.84000015258789,10.729999542236328,24266400.0,8.357263565063477
2005-02-01,10.703332901000977,10.529999732971191,10.65666675567627,10.533332824707031,28087500.0,8.204089164733887
2005-02-02,10.786666870117188,10.533332824707031,10.546667098999023,10.653332710266113,24893100.0,8.297551155090332
2005-02-03,10.716667175292969,10.420000076293945,10.449999809265137,10.703332901000977,36625800.0,8.336493492126465
2005-02-04,10.726667404174805,10.630000114440918,10.686667442321777,10.710000038146973,21493200.0,8.341689109802246
2005-02-07,10.729999542236328,10.55666732788086,10.696666717529297,10.600000381469727,15770700.0,8.256012916564941
2005-02-08,10.680000305175781,10.513333320617676,10.553333282470703,10.553333282470703,16629300.0,8.219663619995117
2005-02-09,10.583333015441895,10.430000305175781,10.533332824707031,10.473333358764648,17391900.0,8.157358169555664
2005-02-10,10.733332633972168,10.49666690826416,10.543333053588867,10.563332557678223,19346100.0,8.227456092834473
2005-02-11,10.636667251586914,10.460000038146973,10.58666706085205,10.510000228881836,23373900.0,8.18591594696045
2005-02-14,10.520000457763672,10.346667289733887,10.5,10.436667442321777,25358100.0,8.12879753112793
2005-02-15,10.876667022705078,10.619999885559082,10.670000076293945,10.786666870117188,40959000.0,8.401400566101074
2005-02-16,11.0,10.816666603088379,10.846667289733887,10.979999542236328,32556600.0,8.551981925964355
2005-02-17,11.0600004196167,10.869999885559082,10.979999542236328,10.880000114440918,23187900.0,8.474096298217773
2005-02-18,10.979999542236328,10.796667098999023,10.896666526794434,10.923333168029785,21101400.0,8.507847785949707
2005-02-22,10.933333396911621,10.776666641235352,10.903332710266113,10.783332824707031,23376000.0,8.3988037109375
2005-02-23,11.010000228881836,10.83666706085205,10.83666706085205,10.94333267211914,18435000.0,8.523426055908203
2005-02-24,11.053333282470703,10.920000076293945,11.010000228881836,10.963333129882812,24647400.0,8.538999557495117
2005-02-25,10.956666946411133,10.83666706085205,10.946666717529297,10.873332977294922,17588700.0,8.468902587890625
2005-02-28,10.99666690826416,10.789999961853027,10.923333168029785,10.819999694824219,19958100.0,8.427364349365234
2005-03-01,10.976667404174805,10.8100004196167,10.819999694824219,10.960000038146973,19422300.0,8.536404609680176
2005-03-02,11.036666870117188,10.893333435058594,10.903332710266113,10.956666946411133,17647500.0,8.533808708190918
2005-03-03,10.973333358764648,10.8100004196167,10.9399995803833,10.84000015258789,22627800.0,8.442940711975098
2005-03-04,11.00333309173584,10.890000343322754,10.946666717529297,10.930000305175781,19982100.0,8.513040542602539
2005-03-07,11.186667442321777,10.9399995803833,10.963333129882812,11.143333435058594,25507500.0,8.679198265075684
2005-03-08,11.296667098999023,11.123332977294922,11.133333206176758,11.216667175292969,28812600.0,8.736313819885254
2005-03-09,11.333333015441895,11.15666675567627,11.176667213439941,11.223333358764648,30524700.0,8.741506576538086
2005-03-10,11.363332748413086,11.133333206176758,11.223333358764648,11.210000038146973,25811400.0,8.731122970581055
2005-03-11,11.260000228881836,11.063332557678223,11.19333267211914,11.09000015258789,21807900.0,8.637657165527344
2005-03-14,11.333333015441895,11.083333015441895,11.109999656677246,11.329999923706055,22032000.0,8.8245849609375
2005-03-15,11.416666984558105,11.270000457763672,11.333333015441895,11.303333282470703,25285200.0,8.803816795349121
2005-03-16,11.313332557678223,11.15666675567627,11.199999809265137,11.203332901000977,24078600.0,8.72592830657959
2005-03-17,11.286666870117188,11.08666706085205,11.196666717529297,11.16333293914795,19131900.0,8.694772720336914
2005-03-18,11.313332557678223,11.16333293914795,11.166666984558105,11.276666641235352,43046700.0,8.78304672241211
2005-03-21,11.436667442321777,11.166666984558105,11.243332862854004,11.326666831970215,25790100.0,8.821990966796875
2005-03-22,11.453332901000977,11.210000038146973,11.350000381469727,11.239999771118164,27207000.0,8.754490852355957
2005-03-23,11.316666603088379,11.136667251586914,11.24666690826416,11.183333396911621,22810800.0,8.710354804992676
2005-03-24,11.25333309173584,11.033332824707031,11.176667213439941,11.046667098999023,21006600.0,8.603906631469727
2005-03-28,11.423333168029785,11.096667289733887,11.100000381469727,11.289999961853027,25139100.0,8.793431282043457
2005-03-29,11.433333396911621,11.25,11.296667098999023,11.433333396911621,40348500.0,8.905069351196289
2005-03-30,11.5,11.333333015441895,11.4399995803833,11.433333396911621,36075000.0,8.905069351196289
2005-03-31,11.49666690826416,11.226667404174805,11.476667404174805,11.260000228881836,34170600.0,8.770065307617188
2005-04-01,11.34333324432373,11.119999885559082,11.300000190734863,11.130000114440918,42888000.0,8.668813705444336
2005-04-04,11.180000305175781,10.99666690826416,11.143333435058594,11.079999923706055,33658800.0,8.629871368408203
2005-04-05,11.126667022705078,11.013333320617676,11.123332977294922,11.09000015258789,23062500.0,8.637657165527344
2005-04-06,11.170000076293945,10.933333396911621,11.15999984741211,11.0,24874200.0,8.567561149597168
2005-04-07,11.176667213439941,10.936667442321777,10.99666690826416,11.09333324432373,26851800.0,8.640253067016602
2005-04-08,11.25333309173584,11.0,11.149999618530273,11.023332595825195,29362500.0,8.585737228393555
2005-04-11,11.136667251586914,10.989999771118164,11.016667366027832,11.039999961853027,19516200.0,8.59871768951416
2005-04-12,11.270000457763672,10.926667213439941,10.970000267028809,11.176667213439941,28836300.0,8.705161094665527
2005-04-13,11.266667366027832,11.133333206176758,11.173333168029785,11.15666675567627,18583800.0,8.689583778381348
2005-04-14,11.223333358764648,10.983332633972168,11.173333168029785,11.016667366027832,23477400.0,8.580543518066406
2005-04-15,11.050000190734863,10.789999961853027,11.0,10.816666603088379,34137000.0,8.424769401550293
2005-04-18,10.903332710266113,10.646666526794434,10.756667137145996,10.710000038146973,30436500.0,8.341689109802246
2005-04-19,10.739999771118164,10.563332557678223,10.703332901000977,10.619999885559082,26331600.0,8.271588325500488
2005-04-20,10.619999885559082,10.449999809265137,10.55666732788086,10.49666690826416,30614100.0,8.175530433654785
2005-04-21,10.8100004196167,10.623332977294922,10.666666984558105,10.75,28376100.0,8.372843742370605
2005-04-22,10.800000190734863,10.516667366027832,10.69333267211914,10.603333473205566,25931100.0,8.258611679077148
2005-04-25,10.829999923706055,10.563332557678223,10.696666717529297,10.796667098999023,26917500.0,8.409189224243164
2005-04-26,10.800000190734863,10.516667366027832,10.733332633972168,10.536666870117188,27244200.0,8.206686019897461
2005-04-27,10.676667213439941,10.423333168029785,10.5,10.640000343322754,25552200.0,8.28717041015625
2005-04-28,10.720000267028809,10.5600004196167,10.710000038146973,10.626667022705078,37432500.0,8.276782989501953
2005-04-29,10.766667366027832,10.536666870117188,10.766667366027832,10.699999809265137,26885700.0,8.333897590637207
2005-05-02,10.83666706085205,10.630000114440918,10.720000267028809,10.716667175292969,30377400.0,8.346882820129395
2005-05-03,10.776666641235352,10.649999618530273,10.666666984558105,10.723333358764648,57627600.0,8.352072715759277
2005-05-04,10.896666526794434,10.699999809265137,10.713333129882812,10.869999885559082,34684800.0,8.466303825378418
2005-05-05,10.886667251586914,10.683333396911621,10.873332977294922,10.75,25941300.0,8.372843742370605
2005-05-06,10.853333473205566,10.670000076293945,10.823332786560059,10.710000038146973,17393100.0,8.341689109802246
2005-05-09,10.793333053588867,10.666666984558105,10.666666984558105,10.773332595825195,23522400.0,8.39101791381836
2005-05-10,10.763333320617676,10.646666526794434,10.710000038146973,10.696666717529297,23516700.0,8.331304550170898
2005-05-11,10.736666679382324,10.539999961853027,10.706666946411133,10.65666675567627,21649200.0,8.300148963928223
2005-05-12,10.706666946411133,10.576666831970215,10.649999618530273,10.630000114440918,18855300.0,8.27938175201416
2005-05-13,10.713333129882812,10.579999923706055,10.666666984558105,10.626667022705078,27958500.0,8.276782989501953
2005-05-16,10.706666946411133,10.486666679382324,10.613332748413086,10.569999694824219,30792300.0,8.232646942138672
2005-05-17,10.66333293914795,10.489999771118164,10.5,10.569999694824219,25251900.0,8.232646942138672
2005-05-18,10.649999618530273,10.476667404174805,10.640000343322754,10.479999542236328,27299400.0,8.162548065185547
2005-05-19,10.670000076293945,10.520000457763672,10.539999961853027,10.666666984558105,35071500.0,8.307936668395996
2005-05-20,10.699999809265137,10.603333473205566,10.696666717529297,10.630000114440918,21448800.0,8.27938175201416
2005-05-23,10.763333320617676,10.576666831970215,10.596667289733887,10.69333267211914,25815600.0,8.328707695007324
2005-05-24,10.783332824707031,10.640000343322754,10.69333267211914,10.75,24774900.0,8.372843742370605
2005-05-25,10.8100004196167,10.6899995803833,10.710000038146973,10.736666679382324,25644900.0,8.36246109008789
2005-05-26,10.816666603088379,10.640000343322754,10.770000457763672,10.680000305175781,21407700.0,8.318323135375977
2005-05-27,10.710000038146973,10.566666603088379,10.643333435058594,10.676667213439941,10189200.0,8.315728187561035
2005-05-31,10.773332595825195,10.613332748413086,10.676667213439941,10.733332633972168,24196200.0,8.359861373901367
2005-06-01,10.75,10.510000228881836,10.666666984558105,10.523332595825195,36848400.0,8.196298599243164
2005-06-02,10.649999618530273,10.553333282470703,10.616666793823242,10.640000343322754,20158800.0,8.28717041015625
2005-06-03,10.680000305175781,10.563332557678223,10.66333293914795,10.59000015258789,12624300.0,8.2482271194458
2005-06-06,10.683333396911621,10.543333053588867,10.55666732788086,10.609999656677246,16848600.0,8.263803482055664
2005-06-07,10.729999542236328,10.536666870117188,10.583333015441895,10.579999923706055,26872800.0,8.240434646606445
2005-06-08,10.626667022705078,10.516667366027832,10.606666564941406,10.546667098999023,21282300.0,8.214471817016602
2005-06-09,10.683333396911621,10.533332824707031,10.533332824707031,10.616666793823242,37458900.0,8.268993377685547
2005-06-10,10.65666675567627,10.529999732971191,10.606666564941406,10.576666831970215,19185000.0,8.237835884094238
2005-06-13,10.683333396911621,10.550000190734863,10.596667289733887,10.55666732788086,17783100.0,8.222264289855957
2005-06-14,10.670000076293945,10.543333053588867,10.553333282470703,10.606666564941406,17982900.0,8.261204719543457
2005-06-15,10.65666675567627,10.520000457763672,10.616666793823242,10.573332786560059,19195500.0,8.23524284362793
2005-06-16,10.603333473205566,10.44333267211914,10.579999923706055,10.50333309173584,21228300.0,8.1807222366333
2005-06-17,10.713333129882812,10.486666679382324,10.59000015258789,10.523332595825195,36127200.0,8.196298599243164
2005-06-20,10.783332824707031,10.583333015441895,10.600000381469727,10.686667442321777,29884500.0,8.323514938354492
2005-06-21,10.833333015441895,10.613332748413086,10.626667022705078,10.74666690826416,22470900.0,8.370248794555664
2005-06-22,10.823332786560059,10.643333435058594,10.796667098999023,10.649999618530273,22343700.0,8.294954299926758
2005-06-23,10.713333129882812,10.446666717529297,10.703332901000977,10.446666717529297,25594500.0,8.136589050292969
2005-06-24,10.510000228881836,10.293333053588867,10.449999809265137,10.333333015441895,39162300.0,8.04831314086914
2005-06-27,10.49666690826416,10.333333015441895,10.350000381469727,10.383333206176758,30401700.0,8.087259292602539
2005-06-28,10.466667175292969,10.393333435058594,10.446666717529297,10.399999618530273,17053500.0,8.100239753723145
2005-06-29,10.40999984741211,10.24666690826416,10.380000114440918,10.256667137145996,25611900.0,7.988600254058838
2005-06-30,10.363332748413086,10.186667442321777,10.243332862854004,10.223333358764648,30917700.0,7.962635517120361
2005-07-01,10.383333206176758,10.09000015258789,10.383333206176758,10.149999618530273,29070600.0,7.905521869659424
2005-07-05,10.256667137145996,10.130000114440918,10.15666675567627,10.153332710266113,23263200.0,7.908116340637207
2005-07-06,10.153332710266113,10.013333320617676,10.109999656677246,10.026666641235352,27696600.0,7.809459209442139
2005-07-07,10.109999656677246,9.90999984741211,9.979999542236328,10.029999732971191,24835200.0,7.81205415725708
2005-07-08,10.273332595825195,9.993332862854004,10.026666641235352,10.223333358764648,26322600.0,7.962635517120361
2005-07-11,10.319999694824219,10.09333324432373,10.143333435058594,10.276666641235352,17159700.0,8.00417709350586
2005-07-12,10.333333015441895,10.233332633972168,10.260000228881836,10.286666870117188,21205500.0,8.011966705322266
2005-07-13,10.296667098999023,10.206666946411133,10.216667175292969,10.25,18972000.0,7.983407497406006
2005-07-14,10.376667022705078,10.173333168029785,10.3100004196167,10.203332901000977,25909500.0,7.947061061859131
2005-07-15,10.283332824707031,10.096667289733887,10.236666679382324,10.143333435058594,23390700.0,7.900329113006592
2005-07-18,10.199999809265137,10.09333324432373,10.153332710266113,10.116666793823242,14423400.0,7.879560947418213
2005-07-19,10.153332710266113,10.033332824707031,10.133333206176758,10.053333282470703,20648400.0,7.830233573913574
2005-07-20,10.153332710266113,9.90999984741211,10.0,10.053333282470703,42878700.0,7.830233573913574
2005-07-21,10.0600004196167,9.963333129882812,10.050000190734863,10.026666641235352,31980300.0,7.809459209442139
2005-07-22,10.15999984741211,10.00333309173584,10.006667137145996,10.146666526794434,28137000.0,7.902924537658691
2005-07-25,10.239999771118164,10.096667289733887,10.096667289733887,10.170000076293945,20797800.0,7.921103000640869
2005-07-26,10.316666603088379,10.166666984558105,10.173333168029785,10.283332824707031,24873900.0,8.009368896484375
2005-07-27,10.373332977294922,10.199999809265137,10.286666870117188,10.34333324432373,21448200.0,8.05610179901123
2005-07-28,10.453332901000977,10.3100004196167,10.359999656677246,10.426667213439941,19414800.0,8.121011734008789
2005-07-29,10.423333168029785,10.233332633972168,10.390000343322754,10.243332862854004,25615200.0,7.978216648101807
2005-08-01,10.263333320617676,10.1899995803833,10.199999809265137,10.203332901000977,30805800.0,7.947061061859131
2005-08-02,10.40666675567627,10.273332595825195,10.383333206176758,10.333333015441895,36630600.0,8.04831314086914
2005-08-03,10.356666564941406,10.286666870117188,10.333333015441895,10.329999923706055,23149200.0,8.045719146728516
2005-08-04,10.516667366027832,10.260000228881836,10.260000228881836,10.44333267211914,25560300.0,8.133992195129395
2005-08-05,10.523332595825195,10.420000076293945,10.446666717529297,10.449999809265137,25869900.0,8.139183044433594
2005-08-08,10.573332786560059,10.449999809265137,10.49666690826416,10.510000228881836,24049800.0,8.18591594696045
2005-08-09,10.616666793823242,10.536666870117188,10.583333015441895,10.600000381469727,21941700.0,8.256012916564941
2005-08-10,10.69333267211914,10.59333324432373,10.616666793823242,10.643333435058594,31353000.0,8.289764404296875
2005-08-11,10.716667175292969,10.606666564941406,10.616666793823242,10.653332710266113,21615000.0,8.297551155090332
2005-08-12,10.670000076293945,10.600000381469727,10.609999656677246,10.66333293914795,18802800.0,8.305342674255371
2005-08-15,10.770000457763672,10.626667022705078,10.640000343322754,10.699999809265137,14333400.0,8.333897590637207
2005-08-16,10.723333358764648,10.5,10.670000076293945,10.506667137145996,25241100.0,8.183316230773926
2005-08-17,10.603333473205566,10.49666690826416,10.543333053588867,10.529999732971191,25134600.0,8.201495170593262
2005-08-18,10.579999923706055,10.463333129882812,10.516667366027832,10.483332633972168,17225100.0,8.165144920349121
2005-08-19,10.49666690826416,10.390000343322754,10.483332633972168,10.456666946411133,23601300.0,8.144376754760742
2005-08-22,10.579999923706055,10.40999984741211,10.49666690826416,10.5,17260500.0,8.178126335144043
2005-08-23,10.55666732788086,10.333333015441895,10.363332748413086,10.430000305175781,18132900.0,8.123604774475098
2005-08-24,10.526666641235352,10.34000015258789,10.433333396911621,10.346667289733887,19287900.0,8.058701515197754
2005-08-25,10.393333435058594,10.279999732971191,10.380000114440918,10.356666564941406,15789900.0,8.066484451293945
2005-08-26,10.399999618530273,10.24666690826416,10.303333282470703,10.313332557678223,14680200.0,8.032737731933594
2005-08-29,10.356666564941406,10.260000228881836,10.289999961853027,10.300000190734863,13378500.0,8.022351264953613
2005-08-30,10.329999923706055,10.239999771118164,10.260000228881836,10.260000228881836,18958800.0,7.991199493408203
2005-08-31,10.289999961853027,10.153332710266113,10.229999542236328,10.24666690826416,22004700.0,7.980810165405273
2005-09-01,10.25,10.103333473205566,10.229999542236328,10.119999885559082,27624600.0,7.882156848907471
2005-09-02,10.19333267211914,10.09333324432373,10.133333206176758,10.116666793823242,14689500.0,7.879560947418213
2005-09-06,10.24666690826416,10.123332977294922,10.130000114440918,10.229999542236328,18513000.0,7.967833518981934
2005-09-07,10.229999542236328,10.133333206176758,10.183333396911621,10.166666984558105,24592800.0,7.918500900268555
2005-09-08,10.25333309173584,10.053333282470703,10.24666690826416,10.0600004196167,25741800.0,7.835427284240723
2005-09-09,10.136667251586914,10.010000228881836,10.073332786560059,10.09000015258789,24235500.0,7.858792304992676
2005-09-12,10.109999656677246,9.979999542236328,10.05666732788086,9.99666690826416,25418100.0,7.786097526550293
2005-09-13,10.00333309173584,9.916666984558105,9.936667442321777,9.960000038146973,30284700.0,7.7575364112854
2005-09-14,9.986666679382324,9.903332710266113,9.933333396911621,9.933333396911621,24845700.0,7.7367682456970215
2005-09-15,9.986666679382324,9.899999618530273,9.920000076293945,9.916666984558105,20405100.0,7.723787307739258
2005-09-16,10.083333015441895,9.916666984558105,9.956666946411133,10.083333015441895,52929900.0,7.853596210479736
2005-09-19,10.079999923706055,9.880000114440918,10.013333320617676,9.926667213439941,25332900.0,7.73157262802124
2005-09-20,9.963333129882812,9.770000457763672,9.9399995803833,9.770000457763672,30215700.0,7.609549522399902
2005-09-21,9.783332824707031,9.670000076293945,9.733332633972168,9.683333396911621,33943800.0,7.542052268981934
2005-09-22,9.726667404174805,9.59000015258789,9.666666984558105,9.609999656677246,32685300.0,7.4849348068237305
2005-09-23,9.699999809265137,9.579999923706055,9.600000381469727,9.66333293914795,28546200.0,7.52647066116333
2005-09-26,9.800000190734863,9.636667251586914,9.670000076293945,9.6899995803833,30305700.0,7.547245502471924
2005-09-27,9.779999732971191,9.670000076293945,9.6899995803833,9.670000076293945,25884900.0,7.531667232513428
2005-09-28,9.75333309173584,9.633333206176758,9.726667404174805,9.676667213439941,21655200.0,7.53685998916626
2005-09-29,9.819999694824219,9.640000343322754,9.65999984741211,9.763333320617676,31761600.0,7.6043596267700195
2005-09-30,9.833333015441895,9.646666526794434,9.766667366027832,9.793333053588867,22629900.0,7.6277241706848145
2005-10-03,9.779999732971191,9.646666526794434,9.74666690826416,9.646666526794434,25623900.0,7.513490676879883
2005-10-04,9.703332901000977,9.543333053588867,9.643333435058594,9.553333282470703,26185200.0,7.440793991088867
2005-10-05,9.5600004196167,9.396666526794434,9.539999961853027,9.396666526794434,31276200.0,7.318770408630371
2005-10-06,9.583333015441895,9.383333206176758,9.403332710266113,9.479999542236328,39095100.0,7.383678436279297
2005-10-07,9.529999732971191,9.40999984741211,9.476667404174805,9.433333396911621,28560300.0,7.34733247756958
2005-10-10,9.563332557678223,9.40666675567627,9.420000076293945,9.466667175292969,21325500.0,7.373293876647949
2005-10-11,9.550000190734863,9.40666675567627,9.456666946411133,9.4399995803833,27350400.0,7.352524280548096
2005-10-12,9.573332786560059,9.296667098999023,9.399999618530273,9.30666732788086,32767800.0,7.248678207397461
2005-10-13,9.30666732788086,9.063332557678223,9.270000457763672,9.066666603088379,47890800.0,7.061745643615723
2005-10-14,9.210000038146973,9.069999694824219,9.100000381469727,9.100000381469727,36017700.0,7.087707996368408
2005-10-17,9.133333206176758,9.006667137145996,9.066666603088379,9.050000190734863,25506600.0,7.048766613006592
2005-10-18,9.08666706085205,8.930000305175781,9.046667098999023,8.930000305175781,24974100.0,6.9553022384643555
2005-10-19,9.229999542236328,8.936667442321777,8.99666690826416,9.229999542236328,46701300.0,7.188961505889893
2005-10-20,9.386667251586914,9.116666793823242,9.226667404174805,9.153332710266113,34716000.0,7.129247665405273
2005-10-21,9.266667366027832,9.020000457763672,9.256667137145996,9.023332595825195,42556500.0,7.027994632720947
2005-10-24,9.25,9.039999961853027,9.043333053588867,9.233332633972168,26475000.0,7.191559791564941
2005-10-25,9.363332748413086,9.183333396911621,9.19333267211914,9.279999732971191,32283900.0,7.227904319763184
2005-10-26,9.30666732788086,9.1899995803833,9.266667366027832,9.210000038146973,30069900.0,7.1733832359313965
2005-10-27,9.256667137145996,9.0,9.166666984558105,9.0,20351100.0,7.009822845458984
2005-10-28,9.220000267028809,9.046667098999023,9.100000381469727,9.1899995803833,26582700.0,7.157806873321533
2005-10-31,9.366666793823242,9.173333168029785,9.173333168029785,9.270000457763672,28284900.0,7.220117568969727
2005-11-01,9.430000305175781,9.24666690826416,9.24666690826416,9.366666793823242,30151200.0,7.295404434204102
2005-11-02,9.666666984558105,9.399999618530273,9.40999984741211,9.600000381469727,47994000.0,7.477146148681641
2005-11-03,9.286666870117188,9.039999961853027,9.196666717529297,9.119999885559082,98138400.0,7.10329008102417
2005-11-04,9.15999984741211,9.0,9.116666793823242,9.046667098999023,45230700.0,7.046169281005859
2005-11-07,9.046667098999023,8.793333053588867,9.016667366027832,8.819999694824219,47879700.0,6.869626045227051
2005-11-08,8.846667289733887,8.733332633972168,8.75333309173584,8.786666870117188,43066800.0,6.843664646148682
2005-11-09,8.923333168029785,8.736666679382324,8.75,8.869999885559082,28518900.0,6.908571720123291
2005-11-10,9.130000114440918,8.866666793823242,8.869999885559082,9.116666793823242,44008500.0,7.1006903648376465
2005-11-11,9.243332862854004,8.960000038146973,9.133333206176758,8.976667404174805,28907100.0,6.991652965545654
2005-11-14,8.979999542236328,8.826666831970215,8.960000038146973,8.863332748413086,30836400.0,6.903377532958984
2005-11-15,8.90666675567627,8.793333053588867,8.846667289733887,8.823332786560059,35093700.0,6.872220993041992
2005-11-16,8.84333324432373,8.683333396911621,8.796667098999023,8.699999809265137,41259000.0,6.776159286499023
2005-11-17,8.793333053588867,8.683333396911621,8.6899995803833,8.786666870117188,41949900.0,6.843664646148682
2005-11-18,9.010000228881836,8.726667404174805,8.880000114440918,8.973333358764648,53234400.0,6.989052772521973
2005-11-21,9.143333435058594,8.90666675567627,8.90666675567627,9.043333053588867,43507800.0,7.043574333190918
2005-11-22,9.106666564941406,8.983332633972168,9.033332824707031,9.033332824707031,24805800.0,7.0357842445373535
2005-11-23,9.119999885559082,8.946666717529297,8.979999542236328,9.073332786560059,18866400.0,7.066939353942871
2005-11-25,9.166666984558105,9.073332786560059,9.083333015441895,9.130000114440918,8255100.0,7.1110734939575195
2005-11-28,9.149999618530273,9.020000457763672,9.103333473205566,9.026666641235352,30322800.0,7.030592918395996
2005-11-29,9.140000343322754,8.903332710266113,8.986666679382324,8.916666984558105,52291500.0,6.944915771484375
2005-11-30,8.90666675567627,8.729999542236328,8.886667251586914,8.800000190734863,53104200.0,6.854048252105713
2005-12-01,9.006667137145996,8.833333015441895,8.84333324432373,8.979999542236328,42148500.0,6.9942450523376465
2005-12-02,9.05666732788086,8.933333396911621,8.966667175292969,9.053333282470703,31760400.0,7.05136251449585
2005-12-05,9.0600004196167,8.986666679382324,9.05666732788086,9.016667366027832,32144100.0,7.022806167602539
2005-12-06,9.109999656677246,8.899999618530273,9.013333320617676,9.046667098999023,46355700.0,7.046169281005859
2005-12-07,9.09333324432373,8.973333358764648,9.020000457763672,9.033332824707031,30855900.0,7.0357842445373535
2005-12-08,9.073332786560059,8.883333206176758,9.066666603088379,8.973333358764648,42648000.0,6.989052772521973
2005-12-09,8.99666690826416,8.856666564941406,8.983332633972168,8.9399995803833,27316500.0,6.963089466094971
2005-12-12,8.966667175292969,8.850000381469727,8.953332901000977,8.863332748413086,22239000.0,6.903377532958984
2005-12-13,8.923333168029785,8.789999961853027,8.823332786560059,8.873332977294922,30959100.0,6.911166191101074
2005-12-14,8.94333267211914,8.783332824707031,8.826666831970215,8.869999885559082,27321000.0,6.908571720123291
2005-12-15,9.0,8.779999732971191,8.886667251586914,8.963333129882812,32373000.0,6.981264114379883
2005-12-16,9.00333309173584,8.903332710266113,8.94333267211914,8.94333267211914,52275300.0,6.965686798095703
2005-12-19,8.993332862854004,8.866666793823242,8.920000076293945,8.876667022705078,32754300.0,6.913760662078857
2005-12-20,8.90999984741211,8.8100004196167,8.866666793823242,8.853333473205566,24105300.0,6.8955888748168945
2005-12-21,8.90999984741211,8.670000076293945,8.856666564941406,8.763333320617676,39483300.0,6.825490951538086
2005-12-22,8.83666706085205,8.710000038146973,8.760000228881836,8.819999694824219,31580700.0,6.869626045227051
2005-12-23,8.9399995803833,8.80666732788086,8.856666564941406,8.846667289733887,16344000.0,6.89039421081543
2005-12-27,8.920000076293945,8.729999542236328,8.893333435058594,8.74666690826416,30449100.0,6.8125104904174805
2005-12-28,8.773332595825195,8.713333129882812,8.733332633972168,8.723333358764648,21321600.0,6.794334888458252
2005-12-29,8.773332595825195,8.696666717529297,8.713333129882812,8.699999809265137,17781900.0,6.776159286499023
2005-12-30,8.720000267028809,8.600000381469727,8.673333168029785,8.640000343322754,29178300.0,6.729430675506592
2006-01-03,8.773332595825195,8.449999809265137,8.683333396911621,8.743332862854004,32763600.0,6.809913158416748
2006-01-04,8.91333293914795,8.633333206176758,8.710000038146973,8.793333053588867,33494700.0,6.848857402801514
2006-01-05,8.880000114440918,8.763333320617676,8.793333053588867,8.80666732788086,22311300.0,6.85923957824707
2006-01-06,9.126667022705078,8.80666732788086,8.880000114440918,9.09333324432373,29469300.0,7.082516193389893
2006-01-09,9.16333293914795,8.949999809265137,9.039999961853027,9.149999618530273,32989200.0,7.126652717590332
2006-01-10,9.140000343322754,9.036666870117188,9.08666706085205,9.136667251586914,30759300.0,7.116269588470459
2006-01-11,9.199999809265137,9.079999923706055,9.143333435058594,9.166666984558105,24051300.0,7.139636516571045
2006-01-12,9.3100004196167,9.123332977294922,9.126667022705078,9.276666641235352,29442900.0,7.225308418273926
2006-01-13,9.333333015441895,9.1899995803833,9.286666870117188,9.316666603088379,30769200.0,7.25646448135376
2006-01-17,9.396666526794434,9.216667175292969,9.24666690826416,9.366666793823242,28467000.0,7.295404434204102
2006-01-18,9.430000305175781,9.289999961853027,9.363332748413086,9.396666526794434,31561500.0,7.318770408630371
2006-01-19,9.460000038146973,9.300000190734863,9.396666526794434,9.396666526794434,31998600.0,7.318770408630371
2006-01-20,9.376667022705078,9.216667175292969,9.319999694824219,9.25333309173584,45856500.0,7.207133769989014
2006-01-23,9.300000190734863,9.149999618530273,9.25,9.16333293914795,31915800.0,7.137038230895996
2006-01-24,9.196666717529297,9.036666870117188,9.15666675567627,9.170000076293945,29800200.0,7.142230033874512
2006-01-25,9.176667213439941,9.036666870117188,9.143333435058594,9.096667289733887,26236800.0,7.0851149559021
2006-01-26,9.346667289733887,9.109999656677246,9.16333293914795,9.316666603088379,28005300.0,7.25646448135376
2006-01-27,9.483332633972168,9.239999771118164,9.300000190734863,9.416666984558105,24447300.0,7.334348678588867
2006-01-30,9.449999809265137,9.25333309173584,9.449999809265137,9.270000457763672,25618200.0,7.220117568969727
2006-01-31,9.346667289733887,9.239999771118164,9.293333053588867,9.273332595825195,30471600.0,7.222713470458984
2006-02-01,9.386667251586914,9.170000076293945,9.196666717529297,9.329999923706055,42087600.0,7.266850471496582
2006-02-02,9.199999809265137,8.970000267028809,9.166666984558105,9.006667137145996,63884400.0,7.015013694763184
2006-02-03,9.096667289733887,8.920000076293945,8.936667442321777,9.026666641235352,50522400.0,7.030592918395996
2006-02-06,9.34000015258789,8.956666946411133,9.05666732788086,8.979999542236328,45744000.0,6.9942450523376465
2006-02-07,9.013333320617676,8.90666675567627,8.963333129882812,8.946666717529297,31453500.0,6.968283176422119
2006-02-08,9.023332595825195,8.90666675567627,8.956666946411133,9.006667137145996,23436600.0,7.015013694763184
2006-02-09,9.050000190734863,8.856666564941406,9.020000457763672,8.869999885559082,30050700.0,6.908571720123291
2006-02-10,8.899999618530273,8.716667175292969,8.783332824707031,8.850000381469727,35419200.0,6.892992973327637
2006-02-13,8.83666706085205,8.706666946411133,8.83666706085205,8.733332633972168,35677800.0,6.8021240234375
2006-02-14,8.890000343322754,8.733332633972168,8.773332595825195,8.850000381469727,28893000.0,6.892992973327637
2006-02-15,8.903332710266113,8.796667098999023,8.83666706085205,8.846667289733887,17378100.0,6.89039421081543
2006-02-16,8.866666793823242,8.789999961853027,8.846667289733887,8.83666706085205,17752200.0,6.882606029510498
2006-02-17,8.859999656677246,8.766667366027832,8.83666706085205,8.770000457763672,19647900.0,6.830680847167969
2006-02-21,8.793333053588867,8.666666984558105,8.770000457763672,8.75,28128000.0,6.815104961395264
2006-02-22,8.963333129882812,8.766667366027832,8.776666641235352,8.84000015258789,25798500.0,6.885204792022705
2006-02-23,8.930000305175781,8.756667137145996,8.800000190734863,8.850000381469727,19874400.0,6.892992973327637
2006-02-24,8.856666564941406,8.75,8.816666603088379,8.829999923706055,18864300.0,6.877414703369141
2006-02-27,9.0,8.853333473205566,8.869999885559082,8.946666717529297,22500600.0,6.968283176422119
2006-02-28,9.0,8.863332748413086,8.90999984741211,8.94333267211914,32170800.0,6.965686798095703
2006-03-01,9.176667213439941,8.883333206176758,8.916666984558105,9.123332977294922,36748200.0,7.105881690979004
2006-03-02,9.136667251586914,9.006667137145996,9.073332786560059,9.126667022705078,36613200.0,7.108479022979736
2006-03-03,9.173333168029785,8.989999771118164,9.026666641235352,9.05666732788086,43126200.0,7.053956985473633
2006-03-06,9.106666564941406,8.970000267028809,9.036666870117188,9.020000457763672,35764500.0,7.025400638580322
2006-03-07,9.020000457763672,8.829999923706055,9.010000228881836,8.920000076293945,37648800.0,6.947512626647949
2006-03-08,8.99666690826416,8.83666706085205,8.9399995803833,8.90666675567627,24432300.0,6.937127590179443
2006-03-09,8.899999618530273,8.756667137145996,8.890000343322754,8.779999732971191,33849300.0,6.83847188949585
2006-03-10,8.833333015441895,8.696666717529297,8.8100004196167,8.75,37067400.0,6.815104961395264
2006-03-13,8.8100004196167,8.666666984558105,8.763333320617676,8.699999809265137,25710000.0,6.776159286499023
2006-03-14,8.920000076293945,8.673333168029785,8.686667442321777,8.890000343322754,30097500.0,6.924147129058838
2006-03-15,9.026666641235352,8.800000190734863,8.859999656677246,9.026666641235352,27245400.0,7.030592918395996
2006-03-16,9.08666706085205,9.006667137145996,9.053333282470703,9.05666732788086,26426100.0,7.053956985473633
2006-03-17,9.126667022705078,8.94333267211914,9.123332977294922,8.966667175292969,45106200.0,6.983860492706299
2006-03-20,9.033332824707031,8.923333168029785,8.946666717529297,8.966667175292969,29307900.0,6.983860492706299
2006-03-21,9.0600004196167,8.890000343322754,8.90666675567627,8.90666675567627,30067500.0,6.937127590179443
2006-03-22,8.90666675567627,8.800000190734863,8.896666526794434,8.863332748413086,20886900.0,6.903377532958984
2006-03-23,8.846667289733887,8.756667137145996,8.846667289733887,8.829999923706055,19678800.0,6.877414703369141
2006-03-24,8.896666526794434,8.796667098999023,8.83666706085205,8.853333473205566,14152500.0,6.8955888748168945
2006-03-27,8.923333168029785,8.800000190734863,8.84333324432373,8.90666675567627,15404100.0,6.937127590179443
2006-03-28,8.956666946411133,8.696666717529297,8.90666675567627,8.710000038146973,33776700.0,6.783950328826904
2006-03-29,8.90999984741211,8.6899995803833,8.726667404174805,8.833333015441895,29396400.0,6.880010604858398
2006-03-30,8.893333435058594,8.779999732971191,8.833333015441895,8.84333324432373,34000800.0,6.88779878616333
2006-03-31,9.053333282470703,8.716667175292969,8.84333324432373,8.720000267028809,33950700.0,6.791741371154785
2006-04-03,8.899999618530273,8.726667404174805,8.75,8.793333053588867,23275200.0,6.848857402801514
2006-04-04,8.863332748413086,8.736666679382324,8.766667366027832,8.829999923706055,22726500.0,6.877414703369141
2006-04-05,9.023332595825195,8.75333309173584,8.789999961853027,9.013333320617676,29200200.0,7.02020788192749
2006-04-06,9.15999984741211,8.949999809265137,8.976667404174805,9.133333206176758,28307700.0,7.113672256469727
2006-04-07,9.300000190734863,9.083333015441895,9.133333206176758,9.173333168029785,33858000.0,7.1448259353637695
2006-04-10,9.239999771118164,9.109999656677246,9.166666984558105,9.223333358764648,69798000.0,7.183770656585693
2006-04-11,9.303333282470703,9.153332710266113,9.236666679382324,9.19333267211914,26775900.0,7.160406112670898
2006-04-12,9.19333267211914,9.020000457763672,9.176667213439941,9.100000381469727,26724600.0,7.087707996368408
2006-04-13,9.33666706085205,9.073332786560059,9.079999923706055,9.3100004196167,36747600.0,7.2512712478637695
2006-04-17,9.403332710266113,9.216667175292969,9.283332824707031,9.359999656677246,36063300.0,7.290213584899902
2006-04-18,9.683333396911621,9.383333206176758,9.393333435058594,9.609999656677246,64070700.0,7.4849348068237305
2006-04-19,9.75,9.516667366027832,9.680000305175781,9.579999923706055,26327700.0,7.4615678787231445
2006-04-20,9.670000076293945,9.513333320617676,9.566666603088379,9.526666641235352,25391700.0,7.420027256011963
2006-04-21,9.609999656677246,9.49666690826416,9.609999656677246,9.573332786560059,23555700.0,7.4563751220703125
2006-04-24,9.566666603088379,9.446666717529297,9.546667098999023,9.476667404174805,19082100.0,7.3810811042785645
2006-04-25,9.670000076293945,9.493332862854004,9.516667366027832,9.609999656677246,31006800.0,7.4849348068237305
2006-04-26,9.733332633972168,9.529999732971191,9.66333293914795,9.733332633972168,30183900.0,7.580991268157959
2006-04-27,10.33666706085205,9.946666717529297,9.953332901000977,10.149999618530273,175543500.0,7.905521869659424
2006-04-28,10.353333473205566,10.16333293914795,10.260000228881836,10.316666603088379,76672200.0,8.0353364944458
2006-05-01,10.403332710266113,10.0,10.316666603088379,10.046667098999023,47267400.0,7.825038433074951
2006-05-02,10.24666690826416,9.979999542236328,10.073332786560059,10.053333282470703,45375300.0,7.830233573913574
2006-05-03,10.126667022705078,9.90999984741211,10.026666641235352,9.989999771118164,36423000.0,7.78090238571167
2006-05-04,10.180000305175781,10.00333309173584,10.026666641235352,10.133333206176758,23962500.0,7.892543792724609
2006-05-05,10.273332595825195,10.116666793823242,10.196666717529297,10.260000228881836,23810400.0,7.991199493408203
2006-05-08,10.430000305175781,10.210000038146973,10.216667175292969,10.353333473205566,24978900.0,8.063892364501953
2006-05-09,10.596667289733887,10.316666603088379,10.353333473205566,10.523332595825195,31998000.0,8.196298599243164
2006-05-10,10.770000457763672,10.456666946411133,10.516667366027832,10.756667137145996,50904900.0,8.378035545349121
2006-05-11,10.713333129882812,10.603333473205566,10.673333168029785,10.640000343322754,37785300.0,8.28717041015625
2006-05-12,10.756667137145996,10.5,10.613332748413086,10.6899995803833,37463100.0,8.326109886169434
2006-05-15,10.773332595825195,10.596667289733887,10.703332901000977,10.736666679382324,34134600.0,8.36246109008789
2006-05-16,10.763333320617676,10.619999885559082,10.619999885559082,10.739999771118164,32359200.0,8.365055084228516
2006-05-17,10.733332633972168,10.563332557678223,10.6899995803833,10.59000015258789,40960500.0,8.2482271194458
2006-05-18,10.649999618530273,10.493332862854004,10.600000381469727,10.49666690826416,35085300.0,8.175530433654785
2006-05-19,10.563332557678223,10.393333435058594,10.489999771118164,10.520000457763672,42442200.0,8.193702697753906
2006-05-22,10.630000114440918,10.303333282470703,10.563332557678223,10.44333267211914,45882000.0,8.133992195129395
2006-05-23,10.59333324432373,10.346667289733887,10.44333267211914,10.369999885559082,31734300.0,8.076872825622559
2006-05-24,10.426667213439941,10.233332633972168,10.34333324432373,10.376667022705078,38507400.0,8.082064628601074
2006-05-25,10.633333206176758,10.396666526794434,10.489999771118164,10.619999885559082,23379000.0,8.271588325500488
2006-05-26,10.800000190734863,10.640000343322754,10.696666717529297,10.760000228881836,34699200.0,8.380631446838379
2006-05-30,10.8100004196167,10.596667289733887,10.776666641235352,10.649999618530273,28282500.0,8.294954299926758
2006-05-31,10.733332633972168,10.606666564941406,10.643333435058594,10.710000038146973,36612600.0,8.341689109802246
2006-06-01,11.116666793823242,10.69333267211914,10.75333309173584,11.109999656677246,44530200.0,8.653237342834473
2006-06-02,11.183333396911621,10.890000343322754,11.100000381469727,11.173333168029785,62430900.0,8.702569007873535
2006-06-05,11.176667213439941,10.853333473205566,11.106666564941406,10.869999885559082,46204200.0,8.466303825378418
2006-06-06,11.076666831970215,10.846667289733887,10.920000076293945,11.05666732788086,42547200.0,8.611693382263184
2006-06-07,11.119999885559082,10.979999542236328,11.09000015258789,11.050000190734863,38894400.0,8.6065034866333
2006-06-08,11.103333473205566,10.829999923706055,10.866666793823242,10.960000038146973,62536500.0,8.536404609680176
2006-06-09,10.976667404174805,10.863332748413086,10.960000038146973,10.893333435058594,26385000.0,8.484479904174805
2006-06-12,10.9399995803833,10.823332786560059,10.936667442321777,10.823332786560059,34890000.0,8.429962158203125
2006-06-13,10.930000305175781,10.74666690826416,10.833333015441895,10.800000190734863,43174200.0,8.411788940429688
2006-06-14,10.84333324432373,10.673333168029785,10.770000457763672,10.766667366027832,38091000.0,8.38582706451416
2006-06-15,10.880000114440918,10.69333267211914,10.789999961853027,10.856666564941406,52176600.0,8.455924034118652
2006-06-16,10.993332862854004,10.69333267211914,10.776666641235352,10.930000305175781,60250500.0,8.513040542602539
2006-06-19,11.036666870117188,10.74666690826416,10.979999542236328,10.773332595825195,32994300.0,8.39101791381836
2006-06-20,10.829999923706055,10.726667404174805,10.729999542236328,10.75333309173584,26257500.0,8.37543773651123
2006-06-21,10.876667022705078,10.743332862854004,10.793333053588867,10.800000190734863,25413300.0,8.411788940429688
2006-06-22,10.883333206176758,10.576666831970215,10.823332786560059,10.640000343322754,28158000.0,8.28717041015625
2006-06-23,10.653332710266113,10.493332862854004,10.603333473205566,10.520000457763672,19997100.0,8.193702697753906
2006-06-26,10.59000015258789,10.453332901000977,10.520000457763672,10.526666641235352,17987700.0,8.198895454406738
2006-06-27,10.5600004196167,10.3100004196167,10.506667137145996,10.316666603088379,22524000.0,8.0353364944458
2006-06-28,10.600000381469727,10.260000228881836,10.303333282470703,10.59333324432373,37854600.0,8.250818252563477
2006-06-29,10.949999809265137,10.510000228881836,10.609999656677246,10.876667022705078,46216800.0,8.471501350402832
2006-06-30,11.010000228881836,10.893333435058594,10.960000038146973,10.91333293914795,55771800.0,8.5000581741333
2006-07-03,11.029999732971191,10.896666526794434,10.966667175292969,10.916666984558105,8670300.0,8.502655982971191
2006-07-05,10.856666564941406,10.683333396911621,10.823332786560059,10.773332595825195,22929600.0,8.39101791381836
2006-07-06,10.893333435058594,10.6899995803833,10.793333053588867,10.760000228881836,19112700.0,8.380631446838379
2006-07-07,10.859999656677246,10.69333267211914,10.713333129882812,10.720000267028809,21151500.0,8.34947681427002
2006-07-10,10.803333282470703,10.576666831970215,10.720000267028809,10.619999885559082,19913100.0,8.271588325500488
2006-07-11,10.819999694824219,10.59333324432373,10.59333324432373,10.800000190734863,24586200.0,8.411788940429688
2006-07-12,10.873332977294922,10.633333206176758,10.770000457763672,10.686667442321777,22097100.0,8.323514938354492
2006-07-13,10.833333015441895,10.479999542236328,10.6899995803833,10.5,25131000.0,8.178126335144043
2006-07-14,10.543333053588867,10.333333015441895,10.466667175292969,10.350000381469727,21634800.0,8.061298370361328
2006-07-17,10.66333293914795,10.333333015441895,10.333333015441895,10.613332748413086,27321300.0,8.26639461517334
2006-07-18,10.686667442321777,10.539999961853027,10.563332557678223,10.65666675567627,25688400.0,8.300148963928223
2006-07-19,10.90999984741211,10.653332710266113,10.683333396911621,10.876667022705078,45691200.0,8.471501350402832
2006-07-20,10.9399995803833,10.699999809265137,10.800000190734863,10.829999923706055,31011300.0,8.435153007507324
2006-07-21,10.926667213439941,10.723333358764648,10.80666732788086,10.733332633972168,26329800.0,8.359861373901367
2006-07-24,10.920000076293945,10.733332633972168,10.75,10.916666984558105,18709200.0,8.502655982971191
2006-07-25,10.966667175292969,10.760000228881836,10.890000343322754,10.863332748413086,27690900.0,8.461112976074219
2006-07-26,10.94333267211914,10.756667137145996,10.813332557678223,10.84000015258789,27438600.0,8.442940711975098
2006-07-27,11.44333267211914,11.153332710266113,11.1899995803833,11.34000015258789,101062500.0,8.832377433776855
2006-07-28,11.5,11.34333324432373,11.416666984558105,11.486666679382324,37947300.0,8.94660758972168
2006-07-31,11.569999694824219,11.396666526794434,11.40999984741211,11.460000038146973,33716700.0,8.925838470458984
2006-08-01,11.40999984741211,11.300000190734863,11.350000381469727,11.396666526794434,28000800.0,8.876508712768555
2006-08-02,11.643333435058594,11.416666984558105,11.456666946411133,11.613332748413086,47022600.0,9.045267105102539
2006-08-03,11.699999809265137,11.566666603088379,11.603333473205566,11.613332748413086,33499500.0,9.045267105102539
2006-08-04,11.770000457763672,11.513333320617676,11.756667137145996,11.613332748413086,28408800.0,9.045267105102539
2006-08-07,11.633333206176758,11.383333206176758,11.600000381469727,11.546667098999023,22948200.0,8.993343353271484
2006-08-08,11.66333293914795,11.3100004196167,11.600000381469727,11.416666984558105,35091300.0,8.89208984375
2006-08-09,11.649999618530273,11.449999809265137,11.470000267028809,11.453332901000977,31777500.0,8.920649528503418
2006-08-10,11.58666706085205,11.270000457763672,11.479999542236328,11.286666870117188,34507200.0,8.790836334228516
2006-08-11,11.473333358764648,11.25333309173584,11.273332595825195,11.453332901000977,20279400.0,8.920649528503418
2006-08-14,11.626667022705078,11.449999809265137,11.533332824707031,11.460000038146973,19675200.0,8.925838470458984
2006-08-15,11.583333015441895,11.456666946411133,11.583333015441895,11.563332557678223,19322700.0,9.006324768066406
2006-08-16,11.600000381469727,11.353333473205566,11.583333015441895,11.380000114440918,37912500.0,8.863532066345215
2006-08-17,11.553333282470703,11.3100004196167,11.359999656677246,11.513333320617676,33360900.0,8.967379570007324
2006-08-18,11.543333053588867,11.416666984558105,11.489999771118164,11.520000457763672,27925800.0,8.972573280334473
2006-08-21,11.609999656677246,11.44333267211914,11.44333267211914,11.583333015441895,19808400.0,9.021903038024902
2006-08-22,11.673333168029785,11.55666732788086,11.55666732788086,11.673333168029785,24621900.0,9.092002868652344
2006-08-23,11.756667137145996,11.536666870117188,11.683333396911621,11.619999885559082,21116100.0,9.050459861755371
2006-08-24,11.793333053588867,11.619999885559082,11.680000305175781,11.653332710266113,22172700.0,9.076421737670898
2006-08-25,11.886667251586914,11.609999656677246,11.609999656677246,11.816666603088379,20427600.0,9.20363998413086
2006-08-28,11.893333435058594,11.770000457763672,11.786666870117188,11.823332786560059,23277600.0,9.208831787109375
2006-08-29,11.866666793823242,11.596667289733887,11.853333473205566,11.739999771118164,30535800.0,9.143926620483398
2006-08-30,11.783332824707031,11.623332977294922,11.706666946411133,11.630000114440918,20984400.0,9.058249473571777
2006-08-31,11.729999542236328,11.603333473205566,11.666666984558105,11.680000305175781,16296900.0,9.097193717956543
2006-09-01,11.816666603088379,11.563332557678223,11.776666641235352,11.75333309173584,15376500.0,9.154305458068848
2006-09-05,11.829999923706055,11.643333435058594,11.710000038146973,11.680000305175781,22116300.0,9.097193717956543
2006-09-06,11.65999984741211,11.49666690826416,11.649999618530273,11.563332557678223,21635700.0,9.006324768066406
2006-09-07,11.80666732788086,11.526666641235352,11.526666641235352,11.653332710266113,26235000.0,9.076421737670898
2006-09-08,11.676667213439941,11.576666831970215,11.640000343322754,11.633333206176758,13498500.0,9.060846328735352
2006-09-11,11.630000114440918,11.426667213439941,11.59000015258789,11.573332786560059,26134800.0,9.014108657836914
2006-09-12,11.683333396911621,11.466667175292969,11.576666831970215,11.670000076293945,26019300.0,9.08940315246582
2006-09-13,11.653332710266113,11.516667366027832,11.59333324432373,11.553333282470703,26367300.0,8.998534202575684
2006-09-14,11.573332786560059,11.353333473205566,11.506667137145996,11.456666946411133,22626600.0,8.92324161529541
2006-09-15,11.563332557678223,11.383333206176758,11.50333309173584,11.486666679382324,48268500.0,8.94660758972168
2006-09-18,11.473333358764648,11.350000381469727,11.4399995803833,11.393333435058594,15846300.0,8.873917579650879
2006-09-19,11.516667366027832,11.376667022705078,11.453332901000977,11.50333309173584,14967600.0,8.95959186553955
2006-09-20,11.729999542236328,11.510000228881836,11.536666870117188,11.683333396911621,37622100.0,9.099784851074219
2006-09-21,11.813332557678223,11.65999984741211,11.666666984558105,11.733332633972168,32531100.0,9.1387300491333
2006-09-22,11.800000190734863,11.59333324432373,11.770000457763672,11.706666946411133,25980600.0,9.117961883544922
2006-09-25,12.260000228881836,11.756667137145996,11.800000190734863,12.196666717529297,54759300.0,9.49960708618164
2006-09-26,12.146666526794434,12.036666870117188,12.083333015441895,12.09000015258789,42412500.0,9.416528701782227
2006-09-27,12.220000267028809,12.00333309173584,12.029999732971191,12.173333168029785,30579600.0,9.48143482208252
2006-09-28,12.233332633972168,12.083333015441895,12.15666675567627,12.196666717529297,24832500.0,9.49960708618164
2006-09-29,12.383333206176758,12.149999618530273,12.16333293914795,12.300000190734863,28521000.0,9.580089569091797
2006-10-02,12.41333293914795,12.09333324432373,12.353333473205566,12.096667289733887,26953800.0,9.421721458435059
2006-10-03,12.40999984741211,12.119999885559082,12.16333293914795,12.34333324432373,29732400.0,9.61384105682373
2006-10-04,12.476667404174805,12.239999771118164,12.283332824707031,12.456666946411133,42497100.0,9.702116012573242
2006-10-05,12.416666984558105,12.186667442321777,12.403332710266113,12.236666679382324,34458600.0,9.530765533447266
2006-10-06,12.433333396911621,12.08666706085205,12.233332633972168,12.376667022705078,22614000.0,9.639802932739258
2006-10-09,12.563332557678223,12.326666831970215,12.350000381469727,12.553333282470703,20778600.0,9.7774019241333
2006-10-10,12.583333015441895,12.369999885559082,12.529999732971191,12.546667098999023,33352500.0,9.77221393585205
2006-10-11,12.686667442321777,12.479999542236328,12.5600004196167,12.563332557678223,35921400.0,9.785191535949707
2006-10-12,12.903332710266113,12.526666641235352,12.616666793823242,12.793333053588867,48920400.0,9.964330673217773
2006-10-13,12.880000114440918,12.706666946411133,12.739999771118164,12.846667289733887,29761800.0,10.005871772766113
2006-10-16,12.846667289733887,12.680000305175781,12.789999961853027,12.736666679382324,20052300.0,9.920194625854492
2006-10-17,12.776666641235352,12.613332748413086,12.666666984558105,12.720000267028809,19257600.0,9.90721321105957
2006-10-18,12.833333015441895,12.673333168029785,12.773332595825195,12.733332633972168,24082800.0,9.917600631713867
2006-10-19,12.770000457763672,12.563332557678223,12.65999984741211,12.666666984558105,23956800.0,9.865679740905762
2006-10-20,12.726667404174805,12.526666641235352,12.710000038146973,12.65999984741211,27484500.0,9.86048412322998
2006-10-23,12.99666690826416,12.636667251586914,12.696666717529297,12.819999694824219,38932500.0,9.985100746154785
2006-10-24,13.039999961853027,12.723333358764648,12.823332786560059,13.00333309173584,32212800.0,10.127894401550293
2006-10-25,13.039999961853027,12.866666793823242,12.960000038146973,12.920000076293945,25679400.0,10.06298828125
2006-10-26,13.50333309173584,13.119999885559082,13.4399995803833,13.333333015441895,76773600.0,10.384922981262207
2006-10-27,13.356666564941406,13.186667442321777,13.30666732788086,13.34000015258789,40424100.0,10.390117645263672
2006-10-30,13.44333267211914,13.233332633972168,13.350000381469727,13.430000305175781,30850500.0,10.460212707519531
2006-10-31,13.583333015441895,13.369999885559082,13.516667366027832,13.55666732788086,35169000.0,10.558870315551758
2006-11-01,13.666666984558105,13.260000228881836,13.603333473205566,13.283332824707031,44375400.0,10.345977783203125
2006-11-02,13.386667251586914,13.1899995803833,13.260000228881836,13.376667022705078,26571000.0,10.418673515319824
2006-11-03,13.436667442321777,13.126667022705078,13.393333435058594,13.34000015258789,20265900.0,10.390117645263672
2006-11-06,13.630000114440918,13.376667022705078,13.423333168029785,13.616666793823242,30604200.0,10.605594635009766
2006-11-07,13.733332633972168,13.5,13.533332824707031,13.546667098999023,53253600.0,10.5510835647583
2006-11-08,13.670000076293945,13.453332901000977,13.546667098999023,13.616666793823242,40825800.0,10.605594635009766
2006-11-09,13.636667251586914,13.523332595825195,13.59333324432373,13.55666732788086,35004000.0,10.558870315551758
2006-11-10,13.666666984558105,13.399999618530273,13.596667289733887,13.436667442321777,20264100.0,10.465405464172363
2006-11-13,13.626667022705078,13.373332977294922,13.4399995803833,13.483332633972168,24075000.0,10.501749038696289
2006-11-14,13.543333053588867,13.243332862854004,13.40666675567627,13.520000457763672,33426300.0,10.530313491821289
2006-11-15,13.563332557678223,13.40999984741211,13.483332633972168,13.423333168029785,20701500.0,10.4550199508667
2006-11-16,13.59333324432373,13.4399995803833,13.493332862854004,13.456666946411133,17259600.0,10.480984687805176
2006-11-17,13.50333309173584,13.396666526794434,13.433333396911621,13.430000305175781,33563400.0,10.460212707519531
2006-11-20,13.619999885559082,13.363332748413086,13.390000343322754,13.596667289733887,27318600.0,10.590024948120117
2006-11-21,13.65999984741211,13.529999732971191,13.616666793823242,13.5600004196167,17832600.0,10.561467170715332
2006-11-22,13.566666603088379,13.103333473205566,13.520000457763672,13.216667175292969,30302400.0,10.29405403137207
2006-11-24,13.34000015258789,13.043333053588867,13.106666564941406,13.25,11675700.0,10.320014953613281
2006-11-27,13.236666679382324,13.069999694824219,13.19333267211914,13.149999618530273,28406400.0,10.242127418518066
2006-11-28,13.376667022705078,13.053333282470703,13.09000015258789,13.303333282470703,24222600.0,10.361556053161621
2006-11-29,13.479999542236328,13.173333168029785,13.276666641235352,13.423333168029785,24137100.0,10.4550199508667
2006-11-30,13.59333324432373,13.273332595825195,13.34000015258789,13.486666679382324,36468600.0,10.504348754882812
2006-12-01,13.59000015258789,13.416666984558105,13.49666690826416,13.536666870117188,31097700.0,10.543290138244629
2006-12-04,13.653332710266113,13.546667098999023,13.579999923706055,13.609999656677246,22433400.0,10.600411415100098
2006-12-05,14.09000015258789,13.66333293914795,13.683333396911621,13.94333267211914,43614600.0,10.860031127929688
2006-12-06,14.033332824707031,13.903332710266113,13.953332901000977,13.963333129882812,24656700.0,10.875609397888184
2006-12-07,14.119999885559082,13.90666675567627,14.026666641235352,13.91333293914795,22345200.0,10.836663246154785
2006-12-08,14.100000381469727,13.866666793823242,13.880000114440918,14.036666870117188,22623300.0,10.932726860046387
2006-12-11,14.350000381469727,13.989999771118164,13.989999771118164,14.229999542236328,28569600.0,11.083307266235352
2006-12-12,14.40999984741211,14.276666641235352,14.283332824707031,14.359999656677246,31969500.0,11.18455696105957
2006-12-13,14.470000267028809,14.213333129882812,14.456666946411133,14.286666870117188,27962700.0,11.127442359924316
2006-12-14,14.34333324432373,14.263333320617676,14.296667098999023,14.293333053588867,28362000.0,11.132633209228516
2006-12-15,14.41333293914795,14.263333320617676,14.333333015441895,14.316666603088379,49887300.0,11.150812149047852
2006-12-18,14.403332710266113,14.266667366027832,14.346667289733887,14.373332977294922,36526200.0,11.194945335388184
2006-12-19,14.369999885559082,14.276666641235352,14.34000015258789,14.276666641235352,31002600.0,11.119658470153809
2006-12-20,14.353333473205566,14.210000038146973,14.270000457763672,14.213333129882812,23564100.0,11.07032585144043
2006-12-21,14.329999923706055,14.106666564941406,14.229999542236328,14.243332862854004,23398500.0,11.093689918518066
2006-12-22,14.239999771118164,14.079999923706055,14.19333267211914,14.143333435058594,14708400.0,11.015807151794434
2006-12-26,14.316666603088379,14.073332786560059,14.116666793823242,14.296667098999023,14079900.0,11.135232925415039
2006-12-27,14.380000114440918,14.233332633972168,14.356666564941406,14.276666641235352,11566800.0,11.119658470153809
2006-12-28,14.326666831970215,14.196666717529297,14.243332862854004,14.233332633972168,9513900.0,11.085906028747559
2006-12-29,14.329999923706055,14.083333015441895,14.199999809265137,14.109999656677246,14785500.0,10.98984146118164
2007-01-03,14.300000190734863,13.946666717529297,14.126667022705078,14.220000267028809,39543600.0,11.075519561767578
2007-01-04,14.376667022705078,14.199999809265137,14.233332633972168,14.350000381469727,38122500.0,11.176772117614746
2007-01-05,14.353333473205566,14.106666564941406,14.316666603088379,14.183333396911621,25701300.0,11.04695987701416
2007-01-08,14.266667366027832,14.016667366027832,14.126667022705078,14.15666675567627,30999600.0,11.026189804077148
2007-01-09,14.279999732971191,14.020000457763672,14.213333129882812,14.24666690826416,32279100.0,11.096290588378906
2007-01-10,14.313332557678223,14.083333015441895,14.109999656677246,14.303333282470703,27816300.0,11.140426635742188
2007-01-11,14.353333473205566,14.236666679382324,14.300000190734863,14.316666603088379,30469800.0,11.150812149047852
2007-01-12,14.706666946411133,14.366666793823242,14.383333206176758,14.696666717529297,50815200.0,11.446779251098633
2007-01-16,14.963333129882812,14.676667213439941,14.743332862854004,14.823332786560059,42156300.0,11.54543685913086
2007-01-17,15.020000457763672,14.75333309173584,14.75333309173584,14.920000076293945,41208900.0,11.620728492736816
2007-01-18,15.09000015258789,14.893333435058594,15.013333320617676,15.033332824707031,27522300.0,11.70899772644043
2007-01-19,15.033332824707031,14.813332557678223,14.966667175292969,14.869999885559082,30267900.0,11.58178424835205
2007-01-22,15.043333053588867,14.819999694824219,14.853333473205566,14.930000305175781,28059000.0,11.628518104553223
2007-01-23,14.976667404174805,14.763333320617676,14.883333206176758,14.84333324432373,21506400.0,11.561017036437988
2007-01-24,15.026666641235352,14.853333473205566,14.890000343322754,15.0,36800400.0,11.683037757873535
2007-01-25,14.970000267028809,14.456666946411133,14.953332901000977,14.49666690826416,44605200.0,11.291006088256836
2007-01-26,14.65666675567627,14.366666793823242,14.513333320617676,14.433333396911621,31433100.0,11.241678237915039
2007-01-29,14.74666690826416,14.373332977294922,14.380000114440918,14.609999656677246,29335200.0,11.379280090332031
2007-01-30,14.683333396911621,14.479999542236328,14.683333396911621,14.566666603088379,20929500.0,11.345526695251465
2007-01-31,14.880000114440918,14.446666717529297,14.489999771118164,14.783332824707031,35816700.0,11.514284133911133
2007-02-01,14.729999542236328,14.026666641235352,14.619999885559082,14.30666732788086,78768600.0,11.143022537231445
2007-02-02,14.416666984558105,14.289999961853027,14.34000015258789,14.356666564941406,38118900.0,11.181964874267578
2007-02-05,14.34000015258789,14.15666675567627,14.326666831970215,14.210000038146973,31687800.0,11.067729949951172
2007-02-06,14.276666641235352,14.020000457763672,14.263333320617676,14.149999618530273,31856100.0,11.020998001098633
2007-02-07,14.333333015441895,14.0600004196167,14.15666675567627,14.183333396911621,30716700.0,11.04695987701416
2007-02-08,14.199999809265137,13.739999771118164,14.196666717529297,13.80666732788086,49590000.0,10.75358772277832
2007-02-09,13.90666675567627,13.479999542236328,13.876667022705078,13.606666564941406,49965900.0,10.597813606262207
2007-02-12,13.670000076293945,13.226667404174805,13.616666793823242,13.326666831970215,51078000.0,10.379728317260742
2007-02-13,13.736666679382324,13.300000190734863,13.356666564941406,13.666666984558105,43491000.0,10.64454460144043
2007-02-14,13.880000114440918,13.670000076293945,13.676667213439941,13.786666870117188,30984600.0,10.738011360168457
2007-02-15,13.800000190734863,13.626667022705078,13.756667137145996,13.779999732971191,21133800.0,10.732820510864258
2007-02-16,13.896666526794434,13.643333435058594,13.710000038146973,13.876667022705078,31209900.0,10.808109283447266
2007-02-20,13.853333473205566,13.686667442321777,13.796667098999023,13.816666603088379,31989000.0,10.76137638092041
2007-02-21,13.94333267211914,13.716667175292969,13.729999542236328,13.896666526794434,25667700.0,10.823684692382812
2007-02-22,13.960000038146973,13.5600004196167,13.930000305175781,13.725000381469727,29304400.0,10.689977645874023
2007-02-23,13.699999809265137,13.404999732971191,13.635000228881836,13.5649995803833,36836800.0,10.565362930297852
2007-02-26,13.649999618530273,13.114999771118164,13.595000267028809,13.234999656677246,42509200.0,10.308333396911621
2007-02-27,13.145000457763672,12.460000038146973,13.145000457763672,12.649999618530273,64151000.0,9.852694511413574
2007-02-28,12.930000305175781,12.520000457763672,12.579999923706055,12.859999656677246,50095800.0,10.016255378723145
2007-03-01,12.970000267028809,12.364999771118164,12.555000305175781,12.770000457763672,50005400.0,9.946161270141602
2007-03-02,12.859999656677246,12.579999923706055,12.625,12.720000267028809,40386200.0,9.90721321105957
2007-03-05,12.805000305175781,12.5649995803833,12.675000190734863,12.649999618530273,52247600.0,9.852694511413574
2007-03-06,13.109999656677246,12.604999542236328,12.755000114440918,12.9399995803833,49512400.0,10.078566551208496
2007-03-07,13.045000076293945,12.779999732971191,12.795000076293945,12.890000343322754,37418000.0,10.039623260498047
2007-03-08,13.079999923706055,12.90999984741211,13.005000114440918,13.015000343322754,26668800.0,10.136983871459961
2007-03-09,13.210000038146973,13.0,13.210000038146973,13.0600004196167,25038800.0,10.172035217285156
2007-03-12,13.135000228881836,12.904999732971191,12.930000305175781,13.085000038146973,20777600.0,10.19150161743164
2007-03-13,13.024999618530273,12.75,12.9399995803833,12.755000114440918,40112600.0,9.93447494506836
2007-03-14,12.9350004196167,12.630000114440918,12.84000015258789,12.914999961853027,34758000.0,10.05909538269043
2007-03-15,12.96500015258789,12.78499984741211,12.960000038146973,12.859999656677246,26594000.0,10.016255378723145
2007-03-16,12.880000114440918,12.6899995803833,12.859999656677246,12.720000267028809,39747400.0,9.90721321105957
2007-03-19,12.954999923706055,12.75,12.75,12.949999809265137,23387600.0,10.086358070373535
2007-03-20,13.194999694824219,12.84000015258789,12.949999809265137,13.140000343322754,27187000.0,10.234341621398926
2007-03-21,13.425000190734863,13.005000114440918,13.140000343322754,13.425000190734863,29670600.0,10.456315994262695
2007-03-22,13.5,13.300000190734863,13.454999923706055,13.364999771118164,20046800.0,10.409585952758789
2007-03-23,13.5,13.239999771118164,13.399999618530273,13.255000114440918,22964200.0,10.32391357421875
2007-03-26,13.25,13.03499984741211,13.220000267028809,13.149999618530273,27167000.0,10.242127418518066
2007-03-27,13.170000076293945,12.975000381469727,13.145000457763672,13.039999961853027,21173800.0,10.156453132629395
2007-03-28,13.010000228881836,12.84000015258789,12.899999618530273,12.880000114440918,32432000.0,10.03183364868164
2007-03-29,13.039999961853027,12.760000228881836,13.015000343322754,12.930000305175781,29767000.0,10.070775985717773
2007-03-30,13.0,12.84000015258789,12.949999809265137,12.975000381469727,25892600.0,10.105826377868652
2007-04-02,13.005000114440918,12.800000190734863,12.975000381469727,12.869999885559082,20800000.0,10.024045944213867
2007-04-03,13.194999694824219,12.875,12.979999542236328,13.119999885559082,34733600.0,10.218761444091797
2007-04-04,13.199999809265137,13.03499984741211,13.154999732971191,13.180000305175781,28747200.0,10.265496253967285
2007-04-05,13.329999923706055,13.095000267028809,13.104999542236328,13.305000305175781,18804400.0,10.362853050231934
2007-04-09,13.385000228881836,13.170000076293945,13.300000190734863,13.229999542236328,15225400.0,10.304437637329102
2007-04-10,13.395000457763672,13.145000457763672,13.149999618530273,13.354999542236328,24839000.0,10.4017972946167
2007-04-11,13.920000076293945,13.46500015258789,13.5,13.710000038146973,54114400.0,10.678296089172363
2007-04-12,13.960000038146973,13.595000267028809,13.800000190734863,13.9350004196167,28393600.0,10.853541374206543
2007-04-13,14.170000076293945,13.949999809265137,13.984999656677246,14.09000015258789,29550800.0,10.97426986694336
2007-04-16,14.170000076293945,13.880000114440918,14.15999984741211,13.944999694824219,30430600.0,10.861330032348633
2007-04-17,14.079999923706055,13.890000343322754,13.904999732971191,14.0,20846200.0,10.904169082641602
2007-04-18,13.989999771118164,13.779999732971191,13.899999618530273,13.914999961853027,18349800.0,10.83796501159668
2007-04-19,13.84000015258789,13.699999809265137,13.760000228881836,13.779999732971191,17966800.0,10.732820510864258
2007-04-20,14.055000305175781,13.744999885559082,14.0,13.954999923706055,34704600.0,10.869117736816406
2007-04-23,14.0649995803833,13.739999771118164,13.944999694824219,13.824999809265137,22935200.0,10.767862319946289
2007-04-24,13.904999732971191,13.630000114440918,13.795000076293945,13.765000343322754,25639600.0,10.721137046813965
2007-04-25,14.100000381469727,13.725000381469727,13.779999732971191,14.045000076293945,40558600.0,10.939217567443848
2007-04-26,14.225000381469727,13.545000076293945,14.220000267028809,13.550000190734863,67171800.0,10.553675651550293
2007-04-27,13.625,13.305000305175781,13.574999809265137,13.46500015258789,49181800.0,10.487471580505371
2007-04-30,13.579999923706055,13.324999809265137,13.515000343322754,13.329999923706055,50633600.0,10.382325172424316
2007-05-01,13.600000381469727,13.125,13.470000267028809,13.350000381469727,43938600.0,10.397904396057129
2007-05-02,13.78499984741211,13.5,13.505000114440918,13.569999694824219,51444200.0,10.569257736206055
2007-05-03,13.739999771118164,13.550000190734863,13.649999618530273,13.619999885559082,36024200.0,10.608195304870605
2007-05-04,13.725000381469727,13.364999771118164,13.649999618530273,13.444999694824219,35512400.0,10.471896171569824
2007-05-07,13.5600004196167,13.350000381469727,13.550000190734863,13.364999771118164,26539400.0,10.409585952758789
2007-05-08,13.375,13.170000076293945,13.369999885559082,13.225000381469727,45425200.0,10.300545692443848
2007-05-09,13.1899995803833,13.0600004196167,13.100000381469727,13.140000343322754,48122800.0,10.234341621398926
2007-05-10,13.130000114440918,13.0,13.045000076293945,13.0,28684800.0,10.125296592712402
2007-05-11,13.270000457763672,12.984999656677246,13.045000076293945,13.204999923706055,28532600.0,10.28496265411377
2007-05-14,13.425000190734863,13.1899995803833,13.234999656677246,13.289999961853027,28690400.0,10.351171493530273
2007-05-15,13.574999809265137,13.279999732971191,13.369999885559082,13.295000076293945,41866000.0,10.355067253112793
2007-05-16,13.604999542236328,13.359999656677246,13.359999656677246,13.600000381469727,33489200.0,10.592618942260742
2007-05-17,13.555000305175781,13.444999694824219,13.505000114440918,13.449999809265137,24461800.0,10.475791931152344
2007-05-18,13.819999694824219,13.399999618530273,13.494999885559082,13.765000343322754,39735400.0,10.721137046813965
2007-05-21,13.989999771118164,13.729999542236328,13.890000343322754,13.770000457763672,30677000.0,10.725027084350586
2007-05-22,13.770000457763672,13.619999885559082,13.770000457763672,13.680000305175781,28606000.0,10.654925346374512
2007-05-23,13.880000114440918,13.595000267028809,13.710000038146973,13.664999961853027,23298200.0,10.643245697021484
2007-05-24,13.75,13.404999732971191,13.734999656677246,13.430000305175781,38194200.0,10.460212707519531
2007-05-25,13.680000305175781,13.4350004196167,13.510000228881836,13.619999885559082,24783600.0,10.608195304870605
2007-05-29,13.619999885559082,13.395000457763672,13.585000038146973,13.539999961853027,27595600.0,10.545888900756836
2007-05-30,13.75,13.414999961853027,13.515000343322754,13.734999656677246,30724200.0,10.697768211364746
2007-05-31,13.880000114440918,13.614999771118164,13.824999809265137,13.704999923706055,36525200.0,10.674400329589844
2007-06-01,13.75,13.609999656677246,13.739999771118164,13.675000190734863,23136000.0,10.651039123535156
2007-06-04,13.645000457763672,13.46500015258789,13.595000267028809,13.520000457763672,26484000.0,10.530313491821289
2007-06-05,13.579999923706055,13.28499984741211,13.46500015258789,13.555000305175781,32970600.0,10.55756950378418
2007-06-06,13.539999961853027,13.380000114440918,13.520000457763672,13.395000457763672,30166800.0,10.43294906616211
2007-06-07,13.395000457763672,12.914999961853027,13.234999656677246,13.09000015258789,63158400.0,10.195395469665527
2007-06-08,13.225000381469727,12.949999809265137,12.984999656677246,13.164999961853027,44034400.0,10.253814697265625
2007-06-11,13.244999885559082,13.0649995803833,13.164999961853027,13.1850004196167,26775600.0,10.269392013549805
2007-06-12,13.3149995803833,13.069999694824219,13.114999771118164,13.074999809265137,44914600.0,10.1837158203125
2007-06-13,13.4350004196167,13.03499984741211,13.100000381469727,13.4350004196167,42261600.0,10.464106559753418
2007-06-14,13.774999618530273,13.345000267028809,13.404999732971191,13.760000228881836,59776800.0,10.717241287231445
2007-06-15,14.164999961853027,13.899999618530273,13.9399995803833,13.994999885559082,74626000.0,10.900277137756348
2007-06-18,14.0649995803833,13.944999694824219,13.96500015258789,13.989999771118164,32126200.0,10.896381378173828
2007-06-19,14.074999809265137,13.869999885559082,13.890000343322754,14.050000190734863,49424800.0,10.943111419677734
2007-06-20,14.420000076293945,14.050000190734863,14.130000114440918,14.09000015258789,51388200.0,10.97426986694336
2007-06-21,14.244999885559082,13.880000114440918,14.069999694824219,14.194999694824219,36311200.0,11.056049346923828
2007-06-22,14.194999694824219,13.880000114440918,14.175000190734863,13.880000114440918,44519400.0,10.81070613861084
2007-06-25,14.055000305175781,13.770000457763672,13.885000228881836,13.850000381469727,25233800.0,10.787338256835938
2007-06-26,14.135000228881836,13.795000076293945,13.944999694824219,13.90999984741211,33242800.0,10.834066390991211
2007-06-27,13.979999542236328,13.755000114440918,13.755000114440918,13.960000038146973,34630400.0,10.873014450073242
2007-06-28,14.135000228881836,13.859999656677246,13.914999961853027,14.029999732971191,28523000.0,10.927536010742188
2007-06-29,14.234999656677246,13.944999694824219,14.09000015258789,14.0600004196167,29799800.0,10.95090103149414
2007-07-02,14.25,14.119999885559082,14.119999885559082,14.220000267028809,23950800.0,11.075519561767578
2007-07-03,14.3100004196167,14.114999771118164,14.21500015258789,14.295000076293945,13773200.0,11.133936882019043
2007-07-05,14.265000343322754,14.135000228881836,14.225000381469727,14.234999656677246,28066600.0,11.087200164794922
2007-07-06,14.345000267028809,14.234999656677246,14.25,14.289999961853027,22935200.0,11.130041122436523
2007-07-09,14.260000228881836,14.074999809265137,14.25,14.145000457763672,28719600.0,11.017105102539062
2007-07-10,14.039999961853027,13.795000076293945,14.010000228881836,13.800000190734863,45758400.0,10.748393058776855
2007-07-11,13.875,13.734999656677246,13.75,13.875,36192400.0,10.806807518005371
2007-07-12,13.954999923706055,13.770000457763672,13.949999809265137,13.859999656677246,36314800.0,10.795124053955078
2007-07-13,14.050000190734863,13.800000190734863,13.895000457763672,13.984999656677246,41895200.0,10.892484664916992
2007-07-16,14.055000305175781,13.805000305175781,13.90999984741211,13.819999694824219,29223800.0,10.763971328735352
2007-07-17,14.109999656677246,13.835000038146973,13.869999885559082,14.09000015258789,32443800.0,10.97426986694336
2007-07-18,14.545000076293945,14.015000343322754,14.015000343322754,14.510000228881836,59023200.0,11.30138874053955
2007-07-19,14.704999923706055,14.305000305175781,14.510000228881836,14.484999656677246,38431400.0,11.281920433044434
2007-07-20,14.520000457763672,14.255000114440918,14.520000457763672,14.295000076293945,40897200.0,11.133936882019043
2007-07-23,14.555000305175781,14.345000267028809,14.4399995803833,14.425000190734863,38395400.0,11.235188484191895
2007-07-24,14.5,14.095000267028809,14.265000343322754,14.154999732971191,44519200.0,11.024890899658203
2007-07-25,14.390000343322754,14.079999923706055,14.25,14.270000457763672,46733400.0,11.114461898803711
2007-07-26,13.805000305175781,13.199999809265137,13.770000457763672,13.604999542236328,108746800.0,10.596518516540527
2007-07-27,13.75,13.324999809265137,13.680000305175781,13.329999923706055,50572000.0,10.382325172424316
2007-07-30,13.619999885559082,13.0649995803833,13.180000305175781,13.604999542236328,42539200.0,10.596518516540527
2007-07-31,13.744999885559082,13.125,13.619999885559082,13.135000228881836,51628000.0,10.230445861816406
2007-08-01,13.085000038146973,12.760000228881836,12.994999885559082,13.045000076293945,80156400.0,10.160346031188965
2007-08-02,13.145000457763672,12.725000381469727,13.079999923706055,12.904999732971191,51817000.0,10.051304817199707
2007-08-03,13.024999618530273,12.774999618530273,12.979999542236328,12.78499984741211,48703400.0,9.957841873168945
2007-08-06,12.975000381469727,12.574999809265137,12.904999732971191,12.960000038146973,46195000.0,10.094144821166992
2007-08-07,13.170000076293945,12.680000305175781,12.729999542236328,12.9399995803833,39778600.0,10.078566551208496
2007-08-08,13.100000381469727,12.550000190734863,13.050000190734863,12.859999656677246,77802400.0,10.016255378723145
2007-08-09,12.805000305175781,12.324999809265137,12.664999961853027,12.524999618530273,61675200.0,9.755335807800293
2007-08-10,12.819999694824219,12.095000267028809,12.449999809265137,12.720000267028809,58322400.0,9.90721321105957
2007-08-13,12.944999694824219,12.680000305175781,12.899999618530273,12.880000114440918,37963400.0,10.03183364868164
2007-08-14,12.9399995803833,12.53499984741211,12.9350004196167,12.75,45964800.0,9.930581092834473
2007-08-15,12.9350004196167,12.529999732971191,12.725000381469727,12.545000076293945,50117800.0,9.770914077758789
2007-08-16,12.744999885559082,12.125,12.53499984741211,12.489999771118164,60556400.0,9.728074073791504
2007-08-17,12.914999961853027,12.390000343322754,12.885000228881836,12.625,72093600.0,9.833226203918457
2007-08-20,12.699999809265137,12.274999618530273,12.579999923706055,12.3149995803833,46895200.0,9.591774940490723
2007-08-21,12.489999771118164,12.175000190734863,12.1850004196167,12.260000228881836,47364000.0,9.54893684387207
2007-08-22,12.5,12.260000228881836,12.444999694824219,12.5,62737000.0,9.73586368560791
2007-08-23,12.739999771118164,12.545000076293945,12.614999771118164,12.734999656677246,40476000.0,9.918900489807129
2007-08-24,12.819999694824219,12.600000381469727,12.680000305175781,12.739999771118164,23670600.0,9.922792434692383
2007-08-27,13.03499984741211,12.84000015258789,12.975000381469727,12.920000076293945,28595200.0,10.06298828125
2007-08-28,12.920000076293945,12.449999809265137,12.8100004196167,12.460000038146973,36122400.0,9.704710960388184
2007-08-29,12.90999984741211,12.444999694824219,12.515000343322754,12.864999771118164,39138400.0,10.020153045654297
2007-08-30,12.970000267028809,12.670000076293945,12.704999923706055,12.770000457763672,29957600.0,9.946161270141602
2007-08-31,13.135000228881836,12.869999885559082,12.925000190734863,13.045000076293945,28732800.0,10.160346031188965
2007-09-04,13.140000343322754,12.90999984741211,13.074999809265137,12.970000267028809,33843000.0,10.10193157196045
2007-09-05,12.960000038146973,12.760000228881836,12.875,12.885000228881836,26114000.0,10.035730361938477
2007-09-06,12.975000381469727,12.770000457763672,12.899999618530273,12.835000038146973,25232000.0,9.996786117553711
2007-09-07,12.6899995803833,12.425000190734863,12.619999885559082,12.5,41766400.0,9.73586368560791
2007-09-10,12.649999618530273,12.354999542236328,12.520000457763672,12.555000305175781,27315600.0,9.77869987487793
2007-09-11,12.770000457763672,12.545000076293945,12.630000114440918,12.744999885559082,33212200.0,9.926687240600586
2007-09-12,12.8100004196167,12.600000381469727,12.774999618530273,12.609999656677246,42144600.0,9.821539878845215
2007-09-13,12.774999618530273,12.574999809265137,12.734999656677246,12.619999885559082,32740600.0,9.829330444335938
2007-09-14,12.619999885559082,12.454999923706055,12.579999923706055,12.585000038146973,33422400.0,9.802068710327148
2007-09-17,12.529999732971191,12.28499984741211,12.505000114440918,12.444999694824219,36648200.0,9.693026542663574
2007-09-18,12.539999961853027,12.3149995803833,12.529999732971191,12.5,63145200.0,9.73586368560791
2007-09-19,12.619999885559082,12.03499984741211,12.545000076293945,12.15999984741211,116776600.0,9.471052169799805
2007-09-20,12.095000267028809,11.8100004196167,12.079999923706055,11.859999656677246,82993200.0,9.23738956451416
2007-09-21,12.085000038146973,11.8149995803833,11.970000267028809,11.9350004196167,84708600.0,9.295804977416992
2007-09-24,12.079999923706055,11.800000190734863,11.949999809265137,11.835000038146973,74207000.0,9.217917442321777
2007-09-25,12.055000305175781,11.539999961853027,11.869999885559082,12.045000076293945,75537400.0,9.381479263305664
2007-09-26,12.244999885559082,12.074999809265137,12.130000114440918,12.164999961853027,51300600.0,9.474946022033691
2007-09-27,12.289999961853027,12.100000381469727,12.289999961853027,12.125,42353600.0,9.443787574768066
2007-09-28,12.180000305175781,12.0,12.085000038146973,12.09000015258789,72282400.0,9.416528701782227
2007-10-01,12.199999809265137,12.055000305175781,12.095000267028809,12.175000190734863,33406800.0,9.482732772827148
2007-10-02,12.225000381469727,11.975000381469727,12.225000381469727,12.0,34941400.0,9.346426963806152
2007-10-03,12.050000190734863,11.8100004196167,11.925000190734863,11.890000343322754,48805000.0,9.260757446289062
2007-10-04,12.020000457763672,11.850000381469727,11.949999809265137,11.970000267028809,34644400.0,9.3230619430542
2007-10-05,12.170000076293945,11.875,12.020000457763672,12.109999656677246,38042400.0,9.432106018066406
2007-10-08,12.100000381469727,11.880000114440918,12.095000267028809,11.899999618530273,31622600.0,9.268540382385254
2007-10-09,12.015000343322754,11.859999656677246,11.920000076293945,11.949999809265137,37023600.0,9.30748462677002
2007-10-10,11.944999694824219,11.739999771118164,11.90999984741211,11.850000381469727,42384400.0,9.229599952697754
2007-10-11,12.005000114440918,11.75,11.850000381469727,11.84000015258789,41267200.0,9.221809387207031
2007-10-12,12.020000457763672,11.859999656677246,11.885000228881836,12.005000114440918,34315800.0,9.350322723388672
2007-10-15,12.024999618530273,11.850000381469727,12.015000343322754,11.949999809265137,29065600.0,9.30748462677002
2007-10-16,12.145000457763672,11.925000190734863,11.970000267028809,12.100000381469727,57285400.0,9.42431926727295
2007-10-17,12.175000190734863,11.914999961853027,12.170000076293945,12.0649995803833,42529200.0,9.397052764892578
2007-10-18,12.154999732971191,11.904999732971191,12.0649995803833,12.03499984741211,40245200.0,9.37369155883789
2007-10-19,12.09000015258789,11.725000381469727,12.015000343322754,11.729999542236328,56875800.0,9.136136054992676
2007-10-22,11.890000343322754,11.645000457763672,11.645000457763672,11.845000267028809,29383200.0,9.225704193115234
2007-10-23,11.930000305175781,11.704999923706055,11.869999885559082,11.800000190734863,33013000.0,9.190655708312988
2007-10-24,11.954999923706055,11.574999809265137,11.71500015258789,11.925000190734863,46634000.0,9.288015365600586
2007-10-25,11.335000038146973,10.40999984741211,11.324999809265137,10.640000343322754,259314800.0,8.28717041015625
2007-10-26,10.795000076293945,10.470000267028809,10.770000457763672,10.614999771118164,185168400.0,8.26769733428955
2007-10-29,10.609999656677246,10.359999656677246,10.59000015258789,10.460000038146973,79344400.0,8.14696979522705
2007-10-30,10.734999656677246,10.380000114440918,10.380000114440918,10.449999809265137,73349600.0,8.139183044433594
2007-10-31,10.550000190734863,10.420000076293945,10.505000114440918,10.524999618530273,77039400.0,8.197598457336426
2007-11-01,10.510000228881836,10.295000076293945,10.494999885559082,10.300000190734863,79628600.0,8.022351264953613
2007-11-02,10.385000228881836,10.21500015258789,10.359999656677246,10.274999618530273,78723000.0,8.002880096435547
2007-11-05,10.295000076293945,10.170000076293945,10.225000381469727,10.210000038146973,48183600.0,7.95225191116333
2007-11-06,10.385000228881836,10.199999809265137,10.239999771118164,10.345000267028809,50189000.0,8.057404518127441
2007-11-07,10.329999923706055,10.024999618530273,10.229999542236328,10.045000076293945,65157800.0,7.823742389678955
2007-11-08,10.069999694824219,9.760000228881836,10.0649995803833,9.90999984741211,71350200.0,7.718589782714844
2007-11-09,9.824999809265137,9.645000457763672,9.75,9.6899995803833,64741800.0,7.547245502471924
2007-11-12,9.75,9.470000267028809,9.6850004196167,9.470000267028809,60502400.0,7.375888824462891
2007-11-13,9.975000381469727,9.414999961853027,9.53499984741211,9.960000038146973,76644200.0,7.7575364112854
2007-11-14,10.104999542236328,9.78499984741211,10.029999732971191,9.824999809265137,58666000.0,7.652392387390137
2007-11-15,10.140000343322754,9.789999961853027,9.84000015258789,9.829999923706055,55461600.0,7.656282424926758
2007-11-16,9.979999542236328,9.75,9.864999771118164,9.944999694824219,45212600.0,7.745850563049316
2007-11-19,9.890000343322754,9.619999885559082,9.890000343322754,9.675000190734863,53908400.0,7.535560607910156
2007-11-20,9.84000015258789,9.494999885559082,9.755000114440918,9.6850004196167,51206200.0,7.543346881866455
2007-11-21,9.725000381469727,9.529999732971191,9.625,9.595000267028809,41443200.0,7.473251819610596
2007-11-23,9.770000457763672,9.579999923706055,9.6850004196167,9.770000457763672,20149600.0,7.609549522399902
2007-11-26,9.720000267028809,9.550000190734863,9.704999923706055,9.550000190734863,54563200.0,7.438199043273926
2007-11-27,9.770000457763672,9.505000114440918,9.569999694824219,9.734999656677246,51246000.0,7.582290172576904
2007-11-28,10.020000457763672,9.819999694824219,9.875,9.984999656677246,68269000.0,7.777007102966309
2007-11-29,10.21500015258789,9.875,9.9399995803833,10.154999732971191,43249200.0,7.909416675567627
2007-11-30,10.630000114440918,9.989999771118164,10.265000343322754,10.270000457763672,53139600.0,7.998982906341553
2007-12-03,10.8100004196167,10.170000076293945,10.175000190734863,10.524999618530273,52846400.0,8.197598457336426
2007-12-04,10.524999618530273,10.324999809265137,10.420000076293945,10.364999771118164,46881200.0,8.072977066040039
2007-12-05,9.555000305175781,9.039999961853027,9.470000267028809,9.09000015258789,234348400.0,7.079922199249268
2007-12-06,9.274999618530273,9.020000457763672,9.109999656677246,9.149999618530273,109772800.0,7.126652717590332
2007-12-07,9.319999694824219,9.100000381469727,9.119999885559082,9.140000343322754,89259600.0,7.118863582611084
2007-12-10,9.225000381469727,9.095000267028809,9.104999542236328,9.175000190734863,73020800.0,7.146123886108398
2007-12-11,9.194999694824219,8.890000343322754,9.130000114440918,8.890000343322754,88498200.0,6.924147129058838
2007-12-12,9.055000305175781,8.6850004196167,9.050000190734863,8.8149995803833,158674400.0,6.865731239318848
2007-12-13,9.045000076293945,8.744999885559082,8.774999618530273,9.020000457763672,52715200.0,7.025400638580322
2007-12-14,9.125,8.914999961853027,8.914999961853027,9.069999694824219,60758000.0,7.064340591430664
2007-12-17,9.074999809265137,9.0,9.005000114440918,9.050000190734863,62010400.0,7.048766613006592
2007-12-18,9.0649995803833,8.984999656677246,9.045000076293945,9.039999961853027,70893400.0,7.0409770011901855
2007-12-19,9.050000190734863,8.970000267028809,9.0,9.015000343322754,47587600.0,7.021504878997803
2007-12-20,9.069999694824219,8.970000267028809,9.024999618530273,9.0600004196167,43346600.0,7.05655574798584
2007-12-21,9.260000228881836,8.975000381469727,9.085000038146973,9.204999923706055,68582400.0,7.169490337371826
2007-12-24,9.239999771118164,9.119999885559082,9.204999923706055,9.149999618530273,17335600.0,7.126652717590332
2007-12-26,9.279999732971191,9.0649995803833,9.0649995803833,9.265000343322754,26586000.0,7.216226100921631
2007-12-27,9.414999961853027,9.204999923706055,9.289999961853027,9.21500015258789,34159200.0,7.177279949188232
2007-12-28,9.345000267028809,9.175000190734863,9.345000267028809,9.199999809265137,37987800.0,7.1655964851379395
2007-12-31,9.204999923706055,9.100000381469727,9.104999542236328,9.130000114440918,39486600.0,7.1110734939575195
2008-01-02,9.210000038146973,8.850000381469727,9.149999618530273,8.850000381469727,51415000.0,6.892992973327637
2008-01-03,8.904999732971191,8.5649995803833,8.854999542236328,8.670000076293945,48363800.0,6.752795219421387
2008-01-04,8.84000015258789,8.399999618530273,8.795000076293945,8.420000076293945,46003400.0,6.558078289031982
2008-01-07,8.654999732971191,8.414999961853027,8.545000076293945,8.5,40541400.0,6.620386600494385
2008-01-08,8.65999984741211,8.305000305175781,8.520000457763672,8.3100004196167,49078800.0,6.4724016189575195
2008-01-09,8.529999732971191,8.25,8.395000457763672,8.529999732971191,54377600.0,6.643754005432129
2008-01-10,8.675000190734863,8.319999694824219,8.505000114440918,8.609999656677246,47580600.0,6.706061840057373
2008-01-11,8.640000343322754,8.4399995803833,8.489999771118164,8.5600004196167,45222200.0,6.667120456695557
2008-01-14,8.90999984741211,8.569999694824219,8.614999771118164,8.835000038146973,48508200.0,6.881308078765869
2008-01-15,8.9399995803833,8.720000267028809,8.725000381469727,8.835000038146973,64232200.0,6.881308078765869
2008-01-16,9.319999694824219,8.835000038146973,8.989999771118164,9.09000015258789,70256800.0,7.079922199249268
2008-01-17,9.119999885559082,8.699999809265137,9.024999618530273,8.704999923706055,59395600.0,6.780055999755859
2008-01-18,8.890000343322754,8.430000305175781,8.670000076293945,8.515000343322754,83826800.0,6.632070064544678
2008-01-22,8.515000343322754,8.164999961853027,8.170000076293945,8.324999809265137,70462200.0,6.484086990356445
2008-01-23,8.675000190734863,8.055000305175781,8.104999542236328,8.630000114440918,72496200.0,6.721640586853027
2008-01-24,8.789999961853027,8.520000457763672,8.585000038146973,8.720000267028809,62865600.0,6.791741371154785
2008-01-25,8.78499984741211,8.585000038146973,8.710000038146973,8.609999656677246,42968000.0,6.706061840057373
2008-01-28,8.854999542236328,8.539999961853027,8.625,8.845000267028809,38214400.0,6.889099597930908
2008-01-29,9.020000457763672,8.779999732971191,8.890000343322754,8.979999542236328,33453400.0,6.9942450523376465
2008-01-30,9.024999618530273,8.779999732971191,8.954999923706055,8.824999809265137,43875600.0,6.873518466949463
2008-01-31,9.100000381469727,8.6899995803833,8.699999809265137,9.079999923706055,48568800.0,7.072132110595703
2008-02-01,9.289999961853027,9.024999618530273,9.140000343322754,9.274999618530273,36768000.0,7.2240095138549805
2008-02-04,9.324999809265137,9.069999694824219,9.324999809265137,9.079999923706055,25660000.0,7.072132110595703
2008-02-05,8.960000038146973,8.710000038146973,8.760000228881836,8.720000267028809,48069400.0,6.791741371154785
2008-02-06,9.0600004196167,8.625,8.885000228881836,8.760000228881836,43074000.0,6.822892665863037
2008-02-07,8.805000305175781,8.5649995803833,8.795000076293945,8.6899995803833,43651200.0,6.768370628356934
2008-02-08,8.720000267028809,8.404999732971191,8.699999809265137,8.529999732971191,53423000.0,6.643754005432129
2008-02-11,8.609999656677246,8.364999771118164,8.460000038146973,8.515000343322754,28272800.0,6.632070064544678
2008-02-12,8.734999656677246,8.494999885559082,8.494999885559082,8.614999771118164,34995600.0,6.709957599639893
2008-02-13,8.944999694824219,8.649999618530273,8.770000457763672,8.904999732971191,69289800.0,6.935828685760498
2008-02-14,9.654999732971191,9.255000114440918,9.539999961853027,9.619999885559082,123496000.0,7.4927215576171875
2008-02-15,10.109999656677246,9.5,9.600000381469727,10.095000267028809,79976200.0,7.862682342529297
2008-02-19,10.350000381469727,10.145000457763672,10.175000190734863,10.234999656677246,56267600.0,7.971725940704346
2008-02-20,10.1850004196167,9.975000381469727,10.0600004196167,10.074999809265137,59320000.0,7.847104549407959
2008-02-21,10.125,9.774999618530273,10.024999618530273,9.795000076293945,41791200.0,7.629024505615234
2008-02-22,10.074999809265137,9.734999656677246,9.9350004196167,10.074999809265137,34889000.0,7.847104549407959
2008-02-25,10.164999961853027,9.90999984741211,10.069999694824219,10.154999732971191,38072000.0,7.909416675567627
2008-02-26,10.194999694824219,10.024999618530273,10.085000038146973,10.085000038146973,38168400.0,7.8548970222473145
2008-02-27,10.164999961853027,10.029999732971191,10.085000038146973,10.130000114440918,41747400.0,7.889949321746826
2008-02-28,10.164999961853027,10.039999961853027,10.069999694824219,10.0600004196167,34386000.0,7.835427284240723
2008-02-29,10.039999961853027,9.704999923706055,9.960000038146973,9.770000457763672,58974200.0,7.609549522399902
2008-03-03,10.010000228881836,9.770000457763672,9.78499984741211,10.0,39748000.0,7.788690090179443
2008-03-04,10.045000076293945,9.84000015258789,9.960000038146973,9.989999771118164,53893800.0,7.78090238571167
2008-03-05,10.15999984741211,9.869999885559082,9.96500015258789,9.9399995803833,51658400.0,7.741959571838379
2008-03-06,10.015000343322754,9.845000267028809,9.875,9.854999542236328,48078400.0,7.675754070281982
2008-03-07,9.90999984741211,9.755000114440918,9.824999809265137,9.835000038146973,43010800.0,7.6601786613464355
2008-03-10,9.864999771118164,9.625,9.8149995803833,9.694999694824219,43551800.0,7.551135063171387
2008-03-11,9.819999694824219,9.640000343322754,9.805000305175781,9.805000305175781,48255800.0,7.636810779571533
2008-03-12,9.864999771118164,9.699999809265137,9.854999542236328,9.725000381469727,32051200.0,7.574501991271973
2008-03-13,9.789999961853027,9.619999885559082,9.694999694824219,9.699999809265137,55574000.0,7.555030822753906
2008-03-14,9.734999656677246,9.324999809265137,9.649999618530273,9.460000038146973,63360400.0,7.368103981018066
2008-03-17,9.649999618530273,9.229999542236328,9.510000228881836,9.425000190734863,47999400.0,7.340842247009277
2008-03-18,9.755000114440918,9.270000457763672,9.614999771118164,9.6899995803833,60485800.0,7.547245502471924
2008-03-19,9.949999809265137,9.645000457763672,9.8100004196167,9.65999984741211,48934400.0,7.523876190185547
2008-03-20,9.739999771118164,9.515000343322754,9.739999771118164,9.680000305175781,62505200.0,7.539453029632568
2008-03-24,10.180000305175781,9.649999618530273,9.704999923706055,10.104999542236328,43135200.0,7.870471000671387
2008-03-25,10.3149995803833,10.045000076293945,10.100000381469727,10.270000457763672,38700600.0,7.998982906341553
2008-03-26,10.069999694824219,9.649999618530273,10.03499984741211,9.854999542236328,46754400.0,7.675754070281982
2008-03-27,10.039999961853027,9.770000457763672,9.960000038146973,9.789999961853027,26286200.0,7.625129222869873
2008-03-28,9.875,9.46500015258789,9.859999656677246,9.489999771118164,40710800.0,7.391470909118652
2008-03-31,9.71500015258789,9.470000267028809,9.539999961853027,9.670000076293945,52868200.0,7.556748867034912
2008-04-01,10.104999542236328,9.789999961853027,9.885000228881836,10.069999694824219,43680400.0,7.869330883026123
2008-04-02,10.324999809265137,10.0600004196167,10.145000457763672,10.239999771118164,38094800.0,8.002181053161621
2008-04-03,10.34000015258789,10.055000305175781,10.3100004196167,10.220000267028809,54476000.0,7.986550807952881
2008-04-04,10.295000076293945,10.055000305175781,10.244999885559082,10.145000457763672,30861200.0,7.927942752838135
2008-04-07,10.385000228881836,10.194999694824219,10.244999885559082,10.380000114440918,32082600.0,8.11158561706543
2008-04-08,10.34000015258789,10.15999984741211,10.279999732971191,10.255000114440918,22371800.0,8.013901710510254
2008-04-09,10.295000076293945,9.984999656677246,10.244999885559082,10.050000190734863,26580800.0,7.853702545166016
2008-04-10,10.109999656677246,9.914999961853027,9.96500015258789,9.979999542236328,31073200.0,7.7990007400512695
2008-04-11,10.024999618530273,9.8100004196167,9.989999771118164,9.824999809265137,35132200.0,7.6778764724731445
2008-04-14,9.949999809265137,9.755000114440918,9.755000114440918,9.885000228881836,22987600.0,7.724761486053467
2008-04-15,9.954999923706055,9.805000305175781,9.824999809265137,9.854999542236328,22007000.0,7.7013163566589355
2008-04-16,9.970000267028809,9.845000267028809,9.864999771118164,9.96500015258789,35425200.0,7.7872796058654785
2008-04-17,10.180000305175781,9.989999771118164,10.0649995803833,10.079999923706055,32513400.0,7.877148151397705
2008-04-18,10.28499984741211,10.119999885559082,10.234999656677246,10.140000343322754,35521000.0,7.924036502838135
2008-04-21,10.154999732971191,10.005000114440918,10.069999694824219,10.109999656677246,23944200.0,7.90059232711792
2008-04-22,10.074999809265137,9.885000228881836,10.015000343322754,9.954999923706055,24581400.0,7.779460906982422
2008-04-23,10.03499984741211,9.765000343322754,10.010000228881836,9.880000114440918,26150600.0,7.720856666564941
2008-04-24,10.015000343322754,9.75,9.885000228881836,9.890000343322754,28584000.0,7.728667736053467
2008-04-25,9.949999809265137,9.640000343322754,9.9399995803833,9.765000343322754,27962000.0,7.630985260009766
2008-04-28,9.960000038146973,9.725000381469727,9.725000381469727,9.925000190734863,30889600.0,7.7560200691223145
2008-04-29,10.154999732971191,9.859999656677246,9.859999656677246,10.130000114440918,24941400.0,7.916224479675293
2008-04-30,10.510000228881836,10.204999923706055,10.25,10.274999618530273,58550400.0,8.029532432556152
2008-05-01,11.180000305175781,10.579999923706055,10.654999732971191,11.154999732971191,93126000.0,8.7172212600708
2008-05-02,11.234999656677246,10.829999923706055,11.170000076293945,10.984999656677246,39528400.0,8.584372520446777
2008-05-05,11.0,10.760000228881836,10.890000343322754,10.8149995803833,32972000.0,8.451525688171387
2008-05-06,10.9350004196167,10.704999923706055,10.704999923706055,10.925000190734863,37808200.0,8.537479400634766
2008-05-07,11.140000343322754,10.774999618530273,11.130000114440918,10.78499984741211,40729800.0,8.428078651428223
2008-05-08,11.085000038146973,10.795000076293945,10.880000114440918,11.024999618530273,43064800.0,8.615628242492676
2008-05-09,11.0,10.8100004196167,10.8100004196167,10.84000015258789,26339200.0,8.471060752868652
2008-05-12,11.050000190734863,10.8100004196167,10.84000015258789,11.020000457763672,30287600.0,8.611723899841309
2008-05-13,11.119999885559082,10.954999923706055,11.085000038146973,11.045000076293945,28421000.0,8.631260871887207
2008-05-14,11.345000267028809,11.045000076293945,11.130000114440918,11.1850004196167,30745000.0,8.740665435791016
2008-05-15,11.289999961853027,10.979999542236328,11.119999885559082,11.270000457763672,41424600.0,8.807089805603027
2008-05-16,11.28499984741211,10.989999771118164,11.274999618530273,11.039999961853027,52628000.0,8.627352714538574
2008-05-19,11.170000076293945,10.954999923706055,11.039999961853027,11.03499984741211,29189800.0,8.623443603515625
2008-05-20,11.074999809265137,10.9399995803833,10.96500015258789,10.949999809265137,30462400.0,8.557019233703613
2008-05-21,11.024999618530273,10.850000381469727,10.9350004196167,10.880000114440918,31430000.0,8.502318382263184
2008-05-22,11.145000457763672,10.859999656677246,10.914999961853027,11.100000381469727,29194000.0,8.674237251281738
2008-05-23,11.050000190734863,10.789999961853027,10.944999694824219,10.8100004196167,32897800.0,8.447615623474121
2008-05-27,10.960000038146973,10.75,10.875,10.944999694824219,24619600.0,8.553112983703613
2008-05-28,10.994999885559082,10.755000114440918,10.979999542236328,10.869999885559082,29193200.0,8.494500160217285
2008-05-29,11.125,10.829999923706055,10.829999923706055,11.074999809265137,38124000.0,8.654698371887207
2008-05-30,11.359999656677246,11.074999809265137,11.140000343322754,11.25,40646400.0,8.791459083557129
2008-06-02,11.28499984741211,11.100000381469727,11.225000381469727,11.260000228881836,47855000.0,8.799271583557129
2008-06-03,11.324999809265137,11.015000343322754,11.300000190734863,11.135000228881836,42329400.0,8.701591491699219
2008-06-04,11.359999656677246,11.050000190734863,11.050000190734863,11.3149995803833,38234800.0,8.842252731323242
2008-06-05,11.430000305175781,11.239999771118164,11.260000228881836,11.359999656677246,26811600.0,8.877422332763672
2008-06-06,11.319999694824219,10.970000267028809,11.3149995803833,10.970000267028809,43111200.0,8.572649002075195
2008-06-09,11.069999694824219,10.895000457763672,10.989999771118164,10.979999542236328,37618000.0,8.580462455749512
2008-06-10,11.005000114440918,10.795000076293945,10.9350004196167,10.869999885559082,42510000.0,8.494500160217285
2008-06-11,10.895000457763672,10.710000038146973,10.800000190734863,10.75,48844400.0,8.400727272033691
2008-06-12,10.845000267028809,10.604999542236328,10.819999694824219,10.675000190734863,35199200.0,8.342118263244629
2008-06-13,10.90999984741211,10.704999923706055,10.765000343322754,10.869999885559082,40028800.0,8.494500160217285
2008-06-16,10.800000190734863,10.515000343322754,10.770000457763672,10.640000343322754,45825400.0,8.31476879119873
2008-06-17,10.6850004196167,10.515000343322754,10.614999771118164,10.555000305175781,32373200.0,8.248343467712402
2008-06-18,10.515000343322754,10.194999694824219,10.484999656677246,10.229999542236328,45633400.0,7.994366645812988
2008-06-19,10.364999771118164,10.03499984741211,10.1899995803833,10.274999618530273,46724200.0,8.029532432556152
2008-06-20,10.260000228881836,9.760000228881836,10.25,9.850000381469727,76848600.0,7.697413444519043
2008-06-23,10.0,9.555000305175781,9.864999771118164,9.574999809265137,52649800.0,7.482508182525635
2008-06-24,9.569999694824219,9.414999961853027,9.510000228881836,9.489999771118164,66545600.0,7.4160871505737305
2008-06-25,9.744999885559082,9.5,9.510000228881836,9.630000114440918,41793000.0,7.52548885345459
2008-06-26,9.524999618530273,9.300000190734863,9.515000343322754,9.305000305175781,45310000.0,7.271515369415283
2008-06-27,9.420000076293945,9.239999771118164,9.300000190734863,9.3149995803833,79575200.0,7.2793288230896
2008-06-30,9.53499984741211,9.274999618530273,9.289999961853027,9.484999656677246,40835000.0,7.412173748016357
2008-07-01,9.484999656677246,9.289999961853027,9.399999618530273,9.395000457763672,46248800.0,7.3418498039245605
2008-07-02,9.494999885559082,9.1899995803833,9.425000190734863,9.220000267028809,53455000.0,7.205087661743164
2008-07-03,9.380000114440918,9.135000228881836,9.279999732971191,9.164999961853027,23440200.0,7.162109375
2008-07-07,9.329999923706055,9.055000305175781,9.164999961853027,9.229999542236328,50467800.0,7.2377800941467285
2008-07-08,9.470000267028809,9.25,9.289999961853027,9.470000267028809,45539400.0,7.4259796142578125
2008-07-09,9.515000343322754,9.234999656677246,9.46500015258789,9.239999771118164,42883200.0,7.2456231117248535
2008-07-10,9.399999618530273,9.085000038146973,9.300000190734863,9.329999923706055,42326800.0,7.316196918487549
2008-07-11,9.404999732971191,9.074999809265137,9.229999542236328,9.244999885559082,39368800.0,7.249544143676758
2008-07-14,9.375,9.09000015258789,9.229999542236328,9.145000457763672,37692800.0,7.171128273010254
2008-07-15,9.345000267028809,8.984999656677246,9.119999885559082,9.204999923706055,41864000.0,7.218174934387207
2008-07-16,9.529999732971191,9.104999542236328,9.154999732971191,9.515000343322754,42772600.0,7.46126651763916
2008-07-17,9.96500015258789,9.6850004196167,9.800000190734863,9.854999542236328,52778000.0,7.727876663208008
2008-07-18,10.154999732971191,9.755000114440918,9.895000457763672,10.119999885559082,54601600.0,7.935681343078613
2008-07-21,10.149999618530273,9.859999656677246,10.09000015258789,9.880000114440918,31958600.0,7.747483253479004
2008-07-22,10.024999618530273,9.744999885559082,9.9399995803833,9.914999961853027,39245400.0,7.774926662445068
2008-07-23,10.140000343322754,9.734999656677246,9.944999694824219,10.024999618530273,41589200.0,7.861186981201172
2008-07-24,10.0649995803833,9.774999618530273,9.869999885559082,9.9350004196167,46362800.0,7.790610313415527
2008-07-25,9.989999771118164,9.744999885559082,9.989999771118164,9.8100004196167,43748200.0,7.692591667175293
2008-07-28,9.8149995803833,9.425000190734863,9.8149995803833,9.449999809265137,36683200.0,7.410294055938721
2008-07-29,9.800000190734863,9.414999961853027,9.489999771118164,9.59000015258789,70287800.0,7.520077228546143
2008-07-30,10.295000076293945,9.84000015258789,9.850000381469727,10.03499984741211,75031000.0,7.869025230407715
2008-07-31,10.569999694824219,10.015000343322754,10.020000457763672,10.3100004196167,63989000.0,8.084671020507812
2008-08-01,10.475000381469727,10.114999771118164,10.430000305175781,10.175000190734863,42353400.0,7.978808879852295
2008-08-04,10.335000038146973,10.100000381469727,10.180000305175781,10.274999618530273,26401400.0,8.057226181030273
2008-08-05,10.779999732971191,10.369999885559082,10.395000457763672,10.765000343322754,47882000.0,8.441460609436035
2008-08-06,10.779999732971191,10.475000381469727,10.770000457763672,10.619999885559082,35276200.0,8.327760696411133
2008-08-07,10.625,10.420000076293945,10.545000076293945,10.505000114440918,38655200.0,8.237578392028809
2008-08-08,10.875,10.524999618530273,10.574999809265137,10.859999656677246,38398200.0,8.515960693359375
2008-08-11,11.0,10.725000381469727,10.774999618530273,10.90999984741211,43074600.0,8.555163383483887
2008-08-12,11.039999961853027,10.725000381469727,10.880000114440918,10.914999961853027,42008400.0,8.559086799621582
2008-08-13,11.005000114440918,10.774999618530273,10.880000114440918,10.930000305175781,31827000.0,8.57085132598877
2008-08-14,11.109999656677246,10.829999923706055,10.829999923706055,11.0,35230400.0,8.625741958618164
2008-08-15,11.270000457763672,10.970000267028809,11.005000114440918,11.140000343322754,36635400.0,8.73552131652832
2008-08-18,11.199999809265137,10.850000381469727,11.1899995803833,10.90999984741211,30412600.0,8.555163383483887
2008-08-19,10.869999885559082,10.680000305175781,10.770000457763672,10.744999885559082,31463800.0,8.425777435302734
2008-08-20,10.875,10.550000190734863,10.829999923706055,10.640000343322754,34087800.0,8.34344482421875
2008-08-21,10.774999618530273,10.475000381469727,10.59000015258789,10.734999656677246,26587800.0,8.417937278747559
2008-08-22,10.90999984741211,10.635000228881836,10.779999732971191,10.854999542236328,27879000.0,8.512035369873047
2008-08-25,10.805000305175781,10.385000228881836,10.805000305175781,10.399999618530273,36520000.0,8.155243873596191
2008-08-26,10.614999771118164,10.345000267028809,10.399999618530273,10.545000076293945,21771600.0,8.268949508666992
2008-08-27,10.805000305175781,10.505000114440918,10.59000015258789,10.640000343322754,24866200.0,8.34344482421875
2008-08-28,10.869999885559082,10.654999732971191,10.6899995803833,10.829999923706055,27185600.0,8.492433547973633
2008-08-29,10.75,10.5649995803833,10.710000038146973,10.59000015258789,29020400.0,8.304235458374023
2008-09-02,10.975000381469727,10.5,10.75,10.579999923706055,37898200.0,8.296392440795898
2008-09-03,10.8149995803833,10.53499984741211,10.574999809265137,10.774999618530273,40941000.0,8.449304580688477
2008-09-04,10.8100004196167,10.425000190734863,10.670000076293945,10.425000190734863,33412600.0,8.174851417541504
2008-09-05,10.524999618530273,10.204999923706055,10.444999694824219,10.305000305175781,42500000.0,8.080750465393066
2008-09-08,10.670000076293945,10.395000457763672,10.494999885559082,10.65999984741211,57557200.0,8.359126091003418
2008-09-09,10.869999885559082,10.345000267028809,10.699999809265137,10.354999542236328,54083600.0,8.119956016540527
2008-09-10,10.675000190734863,10.28499984741211,10.46500015258789,10.5600004196167,49431400.0,8.280710220336914
2008-09-11,10.779999732971191,10.454999923706055,10.46500015258789,10.765000343322754,44152400.0,8.441460609436035
2008-09-12,10.9399995803833,10.569999694824219,10.760000228881836,10.854999542236328,48418000.0,8.512035369873047
2008-09-15,10.739999771118164,10.399999618530273,10.664999961853027,10.430000305175781,58842200.0,8.178767204284668
2008-09-16,10.595000267028809,10.045000076293945,10.234999656677246,10.270000457763672,68553200.0,8.053303718566895
2008-09-17,10.1899995803833,9.729999542236328,10.020000457763672,9.734999656677246,83160200.0,7.633779525756836
2008-09-18,10.324999809265137,9.739999771118164,9.925000190734863,10.220000267028809,77411200.0,8.014098167419434
2008-09-19,10.654999732971191,10.354999542236328,10.460000038146973,10.354999542236328,775400.0,8.119956016540527
2008-09-22,10.350000381469727,9.925000190734863,10.239999771118164,9.9399995803833,36427800.0,7.79453182220459
2008-09-23,10.125,9.569999694824219,9.975000381469727,9.630000114440918,42856800.0,7.551444053649902
2008-09-24,9.800000190734863,9.494999885559082,9.800000190734863,9.59000015258789,33909400.0,7.520077228546143
2008-09-25,10.050000190734863,9.6899995803833,9.694999694824219,9.949999809265137,46420800.0,7.802372932434082
2008-09-26,10.385000228881836,9.829999923706055,9.864999771118164,10.350000381469727,55980000.0,8.11603832244873
2008-09-29,10.255000114440918,8.9399995803833,10.010000228881836,9.005000114440918,93972400.0,7.061344623565674
2008-09-30,9.819999694824219,9.194999694824219,9.21500015258789,9.8149995803833,67721800.0,7.696511268615723
2008-10-01,9.8100004196167,9.524999618530273,9.8100004196167,9.675000190734863,58610200.0,7.586729049682617
2008-10-02,9.779999732971191,9.149999618530273,9.675000190734863,9.175000190734863,57423200.0,7.194650650024414
2008-10-03,9.635000228881836,9.1899995803833,9.329999923706055,9.210000038146973,66828800.0,7.222097396850586
2008-10-06,9.204999923706055,8.425000190734863,8.930000305175781,9.069999694824219,83920600.0,7.136721134185791
2008-10-07,9.539999961853027,8.574999809265137,9.09000015258789,8.574999809265137,73504600.0,6.74723482131958
2008-10-08,8.960000038146973,8.125,8.194999694824219,8.494999885559082,97118000.0,6.684286117553711
2008-10-09,8.835000038146973,8.039999961853027,8.46500015258789,8.154999732971191,103166600.0,6.416757106781006
2008-10-10,8.130000114440918,7.005000114440918,7.965000152587891,7.679999828338623,141225200.0,6.043004035949707
2008-10-13,8.515000343322754,7.724999904632568,7.815000057220459,8.484999656677246,72900400.0,6.676416873931885
2008-10-14,9.229999542236328,8.149999618530273,8.96500015258789,8.319999694824219,60602400.0,6.546585559844971
2008-10-15,8.270000457763672,7.079999923706055,8.194999694824219,7.114999771118164,67755800.0,5.5984320640563965
2008-10-16,7.704999923706055,6.920000076293945,7.144999980926514,7.679999828338623,85759400.0,6.043004035949707
2008-10-17,8.9399995803833,7.295000076293945,7.474999904632568,7.614999771118164,73227200.0,5.991857528686523
2008-10-20,7.985000133514404,7.610000133514404,7.639999866485596,7.985000133514404,44990200.0,6.282993793487549
2008-10-21,8.074999809265137,7.650000095367432,7.869999885559082,7.679999828338623,40629800.0,6.043004035949707
2008-10-22,7.554999828338623,6.900000095367432,7.514999866485596,7.099999904632568,65237800.0,5.586630344390869
2008-10-23,7.190000057220459,6.605000019073486,7.125,7.110000133514404,68725800.0,5.594499111175537
2008-10-24,8.125,6.25,6.505000114440918,6.534999847412109,68741200.0,5.142059326171875
2008-10-27,7.074999809265137,6.380000114440918,6.434999942779541,6.809999942779541,58969000.0,5.358442783355713
2008-10-28,8.869999885559082,6.820000171661377,6.889999866485596,8.479999542236328,71947200.0,6.672482967376709
2008-10-29,8.175000190734863,7.539999961853027,8.175000190734863,7.639999866485596,80690800.0,6.01153039932251
2008-10-30,8.40999984741211,7.275000095367432,7.960000038146973,7.550000190734863,58701200.0,5.940712928771973
2008-10-31,8.149999618530273,7.340000152587891,7.505000114440918,7.880000114440918,56844200.0,6.200372219085693
2008-11-03,8.6850004196167,7.875,7.885000228881836,8.545000076293945,46920000.0,6.723626613616943
2008-11-04,9.015000343322754,8.5600004196167,8.760000228881836,8.885000228881836,67983200.0,6.9911580085754395
2008-11-05,8.869999885559082,8.449999809265137,8.850000381469727,8.449999809265137,64793200.0,6.6488776206970215
2008-11-06,8.579999923706055,8.194999694824219,8.324999809265137,8.350000381469727,54855600.0,6.570192813873291
2008-11-07,8.720000267028809,8.324999809265137,8.524999618530273,8.704999923706055,37221800.0,6.849523544311523
2008-11-10,9.0,8.074999809265137,8.930000305175781,8.270000457763672,38855200.0,6.507244110107422
2008-11-11,8.21500015258789,7.630000114440918,8.204999923706055,7.869999885559082,48159400.0,6.192505359649658
2008-11-12,7.809999942779541,7.46999979019165,7.789999961853027,7.485000133514404,60503000.0,5.88956880569458
2008-11-13,8.180000305175781,7.159999847412109,7.434999942779541,8.130000114440918,66768600.0,6.397084712982178
2008-11-14,8.380000114440918,7.739999771118164,8.050000190734863,7.764999866485596,55350000.0,6.109882831573486
2008-11-17,7.925000190734863,7.460000038146973,7.75,7.59499979019165,47249400.0,5.976120948791504
2008-11-18,7.724999904632568,7.309999942779541,7.684999942779541,7.710000038146973,50305600.0,6.066608905792236
2008-11-19,7.989999771118164,6.860000133514404,7.764999866485596,6.885000228881836,56294400.0,5.4174580574035645
2008-11-20,7.28000020980835,6.400000095367432,6.985000133514404,6.650000095367432,82067000.0,5.232548713684082
2008-11-21,7.034999847412109,6.364999771118164,6.744999885559082,7.034999847412109,110962000.0,5.535485744476318
2008-11-24,7.670000076293945,7.019999980926514,7.074999809265137,7.639999866485596,103277200.0,6.01153039932251
2008-11-25,7.994999885559082,7.519999980926514,7.840000152587891,7.849999904632568,66154800.0,6.176767826080322
2008-11-26,8.324999809265137,7.710000038146973,7.724999904632568,8.324999809265137,38935800.0,6.550520896911621
2008-11-28,8.699999809265137,8.149999618530273,8.324999809265137,8.670000076293945,18303200.0,6.821983337402344
2008-12-01,8.475000381469727,7.71999979019165,8.375,7.724999904632568,49050400.0,6.07841157913208
2008-12-02,8.079999923706055,7.739999771118164,7.875,8.0,54033600.0,6.29479455947876
2008-12-03,8.050000190734863,7.554999828338623,7.775000095367432,8.029999732971191,72359200.0,6.318399906158447
2008-12-04,8.145000457763672,7.664999961853027,7.860000133514404,7.889999866485596,58000600.0,6.208241939544678
2008-12-05,8.135000228881836,7.440000057220459,7.699999809265137,8.079999923706055,60067600.0,6.357741832733154
2008-12-08,8.319999694824219,8.0600004196167,8.114999771118164,8.274999618530273,63273000.0,6.511178493499756
2008-12-09,8.395000457763672,8.135000228881836,8.15999984741211,8.204999923706055,46969600.0,6.456098556518555
2008-12-10,8.425000190734863,7.965000152587891,8.204999923706055,8.225000381469727,47539200.0,6.471835136413574
2008-12-11,8.3100004196167,7.949999809265137,8.109999656677246,7.985000133514404,42487400.0,6.282993793487549
2008-12-12,8.039999961853027,7.590000152587891,7.860000133514404,7.824999809265137,63760200.0,6.157095432281494
2008-12-15,8.010000228881836,7.599999904632568,7.804999828338623,7.800000190734863,43595000.0,6.137426376342773
2008-12-16,8.25,7.715000152587891,7.724999904632568,8.225000381469727,63713200.0,6.471835136413574
2008-12-17,8.335000038146973,8.050000190734863,8.135000228881836,8.170000076293945,48772800.0,6.428560256958008
2008-12-18,8.335000038146973,7.769999980926514,8.25,7.90500020980835,41251200.0,6.22004508972168
2008-12-19,8.28499984741211,7.815000057220459,8.0,7.880000114440918,68648600.0,6.200372219085693
2008-12-22,7.949999809265137,7.690000057220459,7.885000228881836,7.84499979019165,38795800.0,6.172832489013672
2008-12-23,8.005000114440918,7.704999923706055,7.920000076293945,7.764999866485596,32412200.0,6.109882831573486
2008-12-24,7.864999771118164,7.650000095367432,7.835000038146973,7.695000171661377,9808800.0,6.054806232452393
2008-12-26,7.84499979019165,7.639999866485596,7.760000228881836,7.800000190734863,14343400.0,6.137426376342773
2008-12-29,7.824999809265137,7.53000020980835,7.800000190734863,7.764999866485596,26787400.0,6.109882831573486
2008-12-30,8.239999771118164,7.639999866485596,7.639999866485596,8.229999542236328,29259200.0,6.47576904296875
2008-12-31,8.470000267028809,8.140000343322754,8.145000457763672,8.4399995803833,40961000.0,6.641007423400879
2009-01-02,9.050000190734863,8.335000038146973,8.359999656677246,8.994999885559082,36023000.0,7.077709674835205
2009-01-05,8.930000305175781,8.454999923706055,8.899999618530273,8.515000343322754,69931600.0,6.723569393157959
2009-01-06,8.805000305175781,8.489999771118164,8.569999694824219,8.614999771118164,34914200.0,6.802528381347656
2009-01-07,8.494999885559082,8.15999984741211,8.479999542236328,8.319999694824219,40129600.0,6.569591999053955
2009-01-08,8.524999618530273,8.234999656677246,8.265000343322754,8.454999923706055,33865600.0,6.676192283630371
2009-01-09,8.520000457763672,8.135000228881836,8.510000228881836,8.164999961853027,39527000.0,6.447203159332275
2009-01-12,8.194999694824219,7.75,8.140000343322754,7.849999904632568,41786800.0,6.198474407196045
2009-01-13,7.900000095367432,7.59499979019165,7.84499979019165,7.664999961853027,47847000.0,6.052395820617676
2009-01-14,7.639999866485596,7.320000171661377,7.565000057220459,7.40500020980835,38743600.0,5.847095489501953
2009-01-15,7.639999866485596,7.125,7.349999904632568,7.505000114440918,43094600.0,5.9260573387146
2009-01-16,7.769999980926514,7.380000114440918,7.579999923706055,7.664999961853027,47707200.0,6.052395820617676
2009-01-20,7.690000057220459,7.005000114440918,7.644999980926514,7.010000228881836,47119800.0,5.535197734832764
2009-01-21,7.534999847412109,7.025000095367432,7.074999809265137,7.534999847412109,44091000.0,5.949744701385498
2009-01-22,7.539999961853027,7.114999771118164,7.34499979019165,7.394999980926514,45277400.0,5.839198589324951
2009-01-23,7.574999809265137,7.0,7.195000171661377,7.494999885559082,48113600.0,5.918160438537598
2009-01-26,7.75,7.375,7.485000133514404,7.525000095367432,33289400.0,5.941849708557129
2009-01-27,7.679999828338623,7.400000095367432,7.534999847412109,7.460000038146973,34616800.0,5.890524387359619
2009-01-28,7.989999771118164,7.574999809265137,7.574999809265137,7.980000019073486,45051000.0,6.301123142242432
2009-01-29,8.055000305175781,7.635000228881836,7.860000133514404,7.664999961853027,40650400.0,6.052395820617676
2009-01-30,7.815000057220459,7.284999847412109,7.675000190734863,7.324999809265137,40911600.0,5.783927917480469
2009-02-02,7.425000190734863,7.204999923706055,7.275000095367432,7.349999904632568,28948000.0,5.803666591644287
2009-02-03,7.409999847412109,7.15500020980835,7.349999904632568,7.340000152587891,41022000.0,5.795769214630127
2009-02-04,7.445000171661377,6.795000076293945,6.920000076293945,7.079999923706055,61011200.0,5.590470314025879
2009-02-05,7.079999923706055,6.784999847412109,7.0,6.914999961853027,71813800.0,5.4601826667785645
2009-02-06,7.25,6.869999885559082,6.885000228881836,7.085000038146973,51664600.0,5.594418525695801
2009-02-09,7.25,6.940000057220459,7.170000076293945,7.204999923706055,45446600.0,5.689173221588135
2009-02-10,7.284999847412109,6.715000152587891,7.099999904632568,6.769999980926514,61985200.0,5.345691204071045
2009-02-11,6.934999942779541,6.644999980926514,6.829999923706055,6.784999847412109,32913800.0,5.357536315917969
2009-02-12,6.914999961853027,6.590000152587891,6.675000190734863,6.889999866485596,48229000.0,5.4404449462890625
2009-02-13,6.974999904632568,6.675000190734863,6.889999866485596,6.829999923706055,37916000.0,5.393067359924316
2009-02-17,6.590000152587891,6.289999961853027,6.474999904632568,6.445000171661377,60552400.0,5.089065074920654
2009-02-18,6.494999885559082,5.974999904632568,6.489999771118164,6.179999828338623,88902800.0,4.879817485809326
2009-02-19,6.695000171661377,6.289999961853027,6.340000152587891,6.494999885559082,80461400.0,5.128547191619873
2009-02-20,6.574999809265137,6.289999961853027,6.465000152587891,6.420000076293945,60677000.0,5.069326877593994
2009-02-23,6.699999809265137,6.320000171661377,6.434999942779541,6.34499979019165,51067600.0,5.010104179382324
2009-02-24,6.965000152587891,6.309999942779541,6.324999809265137,6.940000057220459,57832600.0,5.479925632476807
2009-02-25,7.215000152587891,6.78000020980835,6.875,7.025000095367432,67857200.0,5.547041893005371
2009-02-26,7.099999904632568,6.670000076293945,7.014999866485596,6.670000076293945,91900000.0,5.266729354858398
2009-02-27,6.775000095367432,6.494999885559082,6.644999980926514,6.53000020980835,51406400.0,5.156184196472168
2009-03-02,6.434999942779541,6.159999847412109,6.40500020980835,6.295000076293945,57219600.0,4.9706244468688965
2009-03-03,6.559999942779541,6.195000171661377,6.400000095367432,6.25,62024200.0,4.935089111328125
2009-03-04,6.46999979019165,6.184999942779541,6.309999942779541,6.369999885559082,57268800.0,5.029843807220459
2009-03-05,6.28000020980835,5.949999809265137,6.204999923706055,6.0,52003200.0,4.737687587738037
2009-03-06,6.15500020980835,5.635000228881836,5.954999923706055,5.815000057220459,69040200.0,4.591607570648193
2009-03-09,5.980000019073486,5.550000190734863,5.735000133514404,5.610000133514404,45101200.0,4.429736614227295
2009-03-10,6.125,5.670000076293945,5.75,6.105000019073486,56960600.0,4.820596694946289
2009-03-11,6.340000152587891,6.105000019073486,6.114999771118164,6.184999942779541,34690400.0,4.88376522064209
2009-03-12,6.489999771118164,6.059999942779541,6.110000133514404,6.460000038146973,29570400.0,5.10090970993042
2009-03-13,6.704999923706055,6.300000190734863,6.619999885559082,6.514999866485596,40304200.0,5.144339084625244
2009-03-16,6.75,6.269999980926514,6.565000057220459,6.284999847412109,41116400.0,4.962727069854736
2009-03-17,6.650000095367432,6.289999961853027,6.340000152587891,6.635000228881836,34527400.0,5.2390923500061035
2009-03-18,6.925000190734863,6.53000020980835,6.565000057220459,6.784999847412109,39044600.0,5.357536315917969
2009-03-19,6.824999809265137,6.440000057220459,6.815000057220459,6.525000095367432,44926600.0,5.15223503112793
2009-03-20,6.675000190734863,6.244999885559082,6.59499979019165,6.360000133514404,66275800.0,5.021948337554932
2009-03-23,7.059999942779541,6.5,6.574999809265137,7.039999961853027,44886600.0,5.55888557434082
2009-03-24,7.235000133514404,6.889999866485596,6.954999923706055,6.994999885559082,42720000.0,5.52335262298584
2009-03-25,7.190000057220459,6.764999866485596,6.965000152587891,6.96999979019165,47405800.0,5.503612995147705
2009-03-26,7.295000076293945,6.96999979019165,7.0,7.275000095367432,49054800.0,5.744446754455566
2009-03-27,7.315000057220459,7.045000076293945,7.175000190734863,7.269999980926514,54313600.0,5.740498065948486
2009-03-30,7.164999961853027,6.764999866485596,7.135000228881836,6.824999809265137,46203000.0,5.389120101928711
2009-03-31,6.929999828338623,6.755000114440918,6.90500020980835,6.820000171661377,59283600.0,5.385171413421631
2009-04-01,6.989999771118164,6.635000228881836,6.715000152587891,6.960000038146973,50577000.0,5.495716094970703
2009-04-02,7.369999885559082,7.014999866485596,7.065000057220459,7.284999847412109,60191000.0,5.752342224121094
2009-04-03,7.375,7.099999904632568,7.324999809265137,7.25,47139200.0,5.724704265594482
2009-04-06,7.235000133514404,7.090000152587891,7.164999961853027,7.179999828338623,37413200.0,5.696146011352539
2009-04-07,7.125,6.994999885559082,7.050000190734863,7.019999980926514,50601400.0,5.5692138671875
2009-04-08,7.130000114440918,6.914999961853027,7.079999923706055,7.130000114440918,44544200.0,5.656478404998779
2009-04-09,7.340000152587891,7.159999847412109,7.204999923706055,7.309999942779541,43122800.0,5.799278259277344
2009-04-13,7.260000228881836,7.039999961853027,7.164999961853027,7.175000190734863,27129200.0,5.692178726196289
2009-04-14,7.114999771118164,6.875,7.085000038146973,6.929999828338623,46975000.0,5.497811794281006
2009-04-15,7.210000038146973,6.849999904632568,6.860000133514404,7.190000057220459,46507200.0,5.704078674316406
2009-04-16,7.425000190734863,7.105000019073486,7.195000171661377,7.380000114440918,50992200.0,5.854811191558838
2009-04-17,7.460000038146973,7.125,7.460000038146973,7.239999771118164,53095400.0,5.743743896484375
2009-04-20,7.139999866485596,6.894999980926514,7.059999942779541,6.965000152587891,40456400.0,5.525577545166016
2009-04-21,7.15500020980835,6.90500020980835,6.960000038146973,7.135000228881836,41026400.0,5.660445690155029
2009-04-22,7.175000190734863,7.0,7.005000114440918,7.025000095367432,39258600.0,5.573178291320801
2009-04-23,6.985000133514404,6.659999847412109,6.929999828338623,6.804999828338623,54215200.0,5.398645877838135
2009-04-24,7.019999980926514,6.710000038146973,6.824999809265137,6.945000171661377,38026000.0,5.509711265563965
2009-04-27,6.925000190734863,6.625,6.775000095367432,6.880000114440918,47976400.0,5.45814323425293
2009-04-28,7.190000057220459,6.795000076293945,6.804999828338623,7.09499979019165,39024000.0,5.6287126541137695
2009-04-29,7.670000076293945,7.175000190734863,7.175000190734863,7.619999885559082,63364200.0,6.0452117919921875
2009-04-30,8.149999618530273,7.684999942779541,8.100000381469727,7.730000019073486,69526600.0,6.132480144500732
2009-05-01,8.244999885559082,7.869999885559082,8.039999961853027,8.180000305175781,51974600.0,6.489481449127197
2009-05-04,8.529999732971191,8.104999542236328,8.180000305175781,8.324999809265137,51540200.0,6.604514122009277
2009-05-05,8.5,7.954999923706055,8.319999694824219,8.125,47393400.0,6.445845127105713
2009-05-06,8.199999809265137,7.815000057220459,8.140000343322754,8.0,45925400.0,6.3466796875
2009-05-07,8.140000343322754,7.760000228881836,7.960000038146973,7.84499979019165,74932600.0,6.2237114906311035
2009-05-08,8.0,7.755000114440918,8.0,7.875,49369200.0,6.247513294219971
2009-05-11,7.804999828338623,7.639999866485596,7.730000019073486,7.704999923706055,29726000.0,6.112644672393799
2009-05-12,7.775000095367432,7.434999942779541,7.769999980926514,7.599999904632568,42579200.0,6.029345989227295
2009-05-13,7.635000228881836,7.375,7.449999809265137,7.480000019073486,45095600.0,5.934145450592041
2009-05-14,7.574999809265137,7.394999980926514,7.539999961853027,7.429999828338623,45787000.0,5.894477844238281
2009-05-15,7.449999809265137,7.164999961853027,7.389999866485596,7.210000038146973,46107800.0,5.71994686126709
2009-05-18,7.585000038146973,7.244999885559082,7.244999885559082,7.579999923706055,39309800.0,6.013478755950928
2009-05-19,7.690000057220459,7.474999904632568,7.590000152587891,7.5,39586200.0,5.95001220703125
2009-05-20,7.619999885559082,7.389999866485596,7.519999980926514,7.434999942779541,31392200.0,5.898446083068848
2009-05-21,7.369999885559082,7.114999771118164,7.340000152587891,7.224999904632568,42079600.0,5.731845855712891
2009-05-22,7.244999885559082,7.054999828338623,7.210000038146973,7.110000133514404,22154400.0,5.640611171722412
2009-05-26,7.434999942779541,6.989999771118164,7.010000228881836,7.340000152587891,42009600.0,5.8230791091918945
2009-05-27,7.385000228881836,7.090000152587891,7.309999942779541,7.150000095367432,48288200.0,5.6723456382751465
2009-05-28,7.414999961853027,6.989999771118164,7.170000076293945,7.09499979019165,37172600.0,5.6287126541137695
2009-05-29,7.085000038146973,6.585000038146973,7.070000171661377,6.885000228881836,82658200.0,5.46211051940918
2009-06-01,7.039999961853027,6.920000076293945,6.965000152587891,6.960000038146973,49319400.0,5.521611213684082
2009-06-02,7.309999942779541,6.925000190734863,6.934999942779541,7.230000019073486,56406400.0,5.73581075668335
2009-06-03,7.224999904632568,6.974999904632568,7.199999809265137,7.09499979019165,35270000.0,5.6287126541137695
2009-06-04,7.25,7.010000228881836,7.114999771118164,7.235000133514404,37603800.0,5.739778995513916
2009-06-05,7.320000171661377,6.965000152587891,7.300000190734863,7.054999828338623,35236800.0,5.596978187561035
2009-06-08,7.28000020980835,6.914999961853027,7.010000228881836,7.175000190734863,32561400.0,5.692178726196289
2009-06-09,7.28000020980835,7.079999923706055,7.190000057220459,7.199999809265137,34489000.0,5.712012767791748
2009-06-10,7.315000057220459,6.974999904632568,7.295000076293945,7.144999980926514,37693400.0,5.668376922607422
2009-06-11,7.40500020980835,7.110000133514404,7.114999771118164,7.255000114440918,40927800.0,5.755645275115967
2009-06-12,7.199999809265137,7.019999980926514,7.175000190734863,7.175000190734863,34136200.0,5.692178726196289
2009-06-15,7.099999904632568,6.849999904632568,7.09499979019165,6.909999847412109,47217600.0,5.481944561004639
2009-06-16,6.989999771118164,6.71999979019165,6.920000076293945,6.764999866485596,55725000.0,5.366910934448242
2009-06-17,6.985000133514404,6.760000228881836,6.809999942779541,6.929999828338623,51475600.0,5.497811794281006
2009-06-18,7.050000190734863,6.864999771118164,6.934999942779541,6.934999942779541,32590400.0,5.5017781257629395
2009-06-19,7.039999961853027,6.869999885559082,7.0,6.934999942779541,45194800.0,5.5017781257629395
2009-06-22,6.914999961853027,6.690000057220459,6.824999809265137,6.809999942779541,46634800.0,5.4026103019714355
2009-06-23,6.985000133514404,6.809999942779541,6.809999942779541,6.894999980926514,42101400.0,5.4700446128845215
2009-06-24,7.019999980926514,6.860000133514404,6.885000228881836,6.914999961853027,54389800.0,5.4859113693237305
2009-06-25,7.239999771118164,6.849999904632568,6.885000228881836,7.179999828338623,39739200.0,5.696146011352539
2009-06-26,7.204999923706055,7.010000228881836,7.110000133514404,7.110000133514404,64195400.0,5.640611171722412
2009-06-29,7.210000038146973,7.050000190734863,7.114999771118164,7.179999828338623,26470800.0,5.696146011352539
2009-06-30,7.25,7.070000171661377,7.179999828338623,7.230000019073486,36965200.0,5.73581075668335
2009-07-01,7.400000095367432,7.210000038146973,7.215000152587891,7.235000133514404,30621000.0,5.739778995513916
2009-07-02,7.235000133514404,6.900000095367432,7.15500020980835,6.945000171661377,37080000.0,5.509711265563965
2009-07-06,7.005000114440918,6.864999771118164,6.889999866485596,6.949999809265137,29736600.0,5.540805339813232
2009-07-07,6.925000190734863,6.630000114440918,6.914999961853027,6.650000095367432,52161200.0,5.301632404327393
2009-07-08,6.820000171661377,6.659999847412109,6.679999828338623,6.75,52212600.0,5.381355285644531
2009-07-09,6.835000038146973,6.650000095367432,6.78000020980835,6.695000171661377,32283200.0,5.337508678436279
2009-07-10,6.744999885559082,6.539999961853027,6.664999961853027,6.630000114440918,28426800.0,5.285688877105713
2009-07-13,6.769999980926514,6.519999980926514,6.605000019073486,6.760000228881836,33840200.0,5.389328956604004
2009-07-14,6.84499979019165,6.724999904632568,6.755000114440918,6.78000020980835,25313600.0,5.405273914337158
2009-07-15,7.059999942779541,6.775000095367432,6.835000038146973,7.050000190734863,31448000.0,5.620527267456055
2009-07-16,7.105000019073486,6.960000038146973,7.059999942779541,7.079999923706055,22822200.0,5.64444637298584
2009-07-17,7.105000019073486,6.949999809265137,7.105000019073486,7.074999809265137,24960400.0,5.640458106994629
2009-07-20,7.260000228881836,7.045000076293945,7.045000076293945,7.25,26238400.0,5.779974937438965
2009-07-21,7.320000171661377,7.034999847412109,7.275000095367432,7.15500020980835,32110800.0,5.704237937927246
2009-07-22,7.159999847412109,7.03000020980835,7.139999866485596,7.074999809265137,28319400.0,5.640458106994629
2009-07-23,7.269999980926514,7.005000114440918,7.085000038146973,7.244999885559082,38533600.0,5.775989532470703
2009-07-24,7.264999866485596,7.119999885559082,7.215000152587891,7.25,23429800.0,5.779974937438965
2009-07-27,7.454999923706055,7.159999847412109,7.244999885559082,7.445000171661377,37685400.0,5.9354376792907715
2009-07-28,7.480000019073486,7.360000133514404,7.429999828338623,7.445000171661377,37501000.0,5.9354376792907715
2009-07-29,7.5,7.230000019073486,7.429999828338623,7.295000076293945,33000400.0,5.815850257873535
2009-07-30,7.605000019073486,7.375,7.409999847412109,7.510000228881836,45864200.0,5.987258434295654
2009-07-31,7.545000076293945,7.364999771118164,7.494999885559082,7.429999828338623,34188000.0,5.923477649688721
2009-08-03,7.579999923706055,7.385000228881836,7.449999809265137,7.565000057220459,34634800.0,6.0311055183410645
2009-08-04,7.840000152587891,7.510000228881836,7.510000228881836,7.699999809265137,67015400.0,6.138731002807617
2009-08-05,7.65500020980835,7.445000171661377,7.610000133514404,7.53000020980835,44662800.0,6.00320291519165
2009-08-06,7.800000190734863,7.46999979019165,7.715000152587891,7.525000095367432,49758000.0,5.999215126037598
2009-08-07,7.650000095367432,7.434999942779541,7.510000228881836,7.480000019073486,62809200.0,5.963339805603027
2009-08-10,7.579999923706055,7.394999980926514,7.460000038146973,7.5,42780800.0,5.979284763336182
2009-08-11,7.525000095367432,7.34499979019165,7.525000095367432,7.380000114440918,35749600.0,5.883615016937256
2009-08-12,7.505000114440918,7.380000114440918,7.380000114440918,7.425000190734863,44518200.0,5.919492721557617
2009-08-13,7.514999866485596,7.320000171661377,7.414999961853027,7.474999904632568,46305200.0,5.959353446960449
2009-08-14,7.525000095367432,7.21999979019165,7.449999809265137,7.40500020980835,33197000.0,5.903547286987305
2009-08-17,7.335000038146973,7.21999979019165,7.295000076293945,7.28000020980835,34381800.0,5.803891658782959
2009-08-18,7.304999828338623,7.150000095367432,7.269999980926514,7.170000076293945,44039600.0,5.716195583343506
2009-08-19,7.340000152587891,7.065000057220459,7.085000038146973,7.304999828338623,50003600.0,5.823822498321533
2009-08-20,7.355000019073486,7.235000133514404,7.28000020980835,7.275000095367432,50111000.0,5.799907684326172
2009-08-21,7.585000038146973,7.244999885559082,7.414999961853027,7.534999847412109,52465000.0,6.0071868896484375
2009-08-24,7.635000228881836,7.505000114440918,7.525000095367432,7.550000190734863,37459000.0,6.019145965576172
2009-08-25,7.760000228881836,7.550000190734863,7.559999942779541,7.605000019073486,52972600.0,6.062995433807373
2009-08-26,7.675000190734863,7.53000020980835,7.599999904632568,7.570000171661377,47751400.0,6.035091400146484
2009-08-27,7.815000057220459,7.485000133514404,7.550000190734863,7.775000095367432,52472200.0,6.198526382446289
2009-08-28,7.929999828338623,7.730000019073486,7.795000076293945,7.855000019073486,40889800.0,6.262303829193115
2009-08-31,7.869999885559082,7.614999771118164,7.78000020980835,7.659999847412109,42316000.0,6.106842994689941
2009-09-01,7.804999828338623,7.525000095367432,7.610000133514404,7.574999809265137,72559000.0,6.039078235626221
2009-09-02,7.764999866485596,7.525000095367432,7.565000057220459,7.710000038146973,44266800.0,6.146703720092773
2009-09-03,7.775000095367432,7.650000095367432,7.704999923706055,7.739999771118164,41637800.0,6.1706223487854
2009-09-04,8.204999923706055,7.690000057220459,7.75,8.164999961853027,57704400.0,6.509448528289795
2009-09-08,8.28499984741211,8.125,8.175000190734863,8.234999656677246,40248000.0,6.565253734588623
2009-09-09,8.4399995803833,8.170000076293945,8.239999771118164,8.425000190734863,53193600.0,6.71673059463501
2009-09-10,8.574999809265137,8.364999771118164,8.375,8.574999809265137,50753600.0,6.836314678192139
2009-09-11,8.625,8.494999885559082,8.555000305175781,8.604999542236328,39064800.0,6.860234260559082
2009-09-14,8.720000267028809,8.460000038146973,8.520000457763672,8.720000267028809,43129400.0,6.9519147872924805
2009-09-15,8.770000457763672,8.625,8.6899995803833,8.710000038146973,49642400.0,6.943941116333008
2009-09-16,8.84000015258789,8.574999809265137,8.694999694824219,8.774999618530273,47118000.0,6.995760917663574
2009-09-17,8.744999885559082,8.494999885559082,8.739999771118164,8.524999618530273,49920000.0,6.79645299911499
2009-09-18,8.704999923706055,8.46500015258789,8.574999809265137,8.645000457763672,64200200.0,6.892124176025391
2009-09-21,8.65999984741211,8.545000076293945,8.614999771118164,8.630000114440918,28892600.0,6.880163192749023
2009-09-22,8.720000267028809,8.569999694824219,8.635000228881836,8.604999542236328,33415800.0,6.860234260559082
2009-09-23,8.640000343322754,8.404999732971191,8.635000228881836,8.420000076293945,74252000.0,6.712743282318115
2009-09-24,8.489999771118164,8.279999732971191,8.46500015258789,8.359999656677246,46590000.0,6.6649088859558105
2009-09-25,8.40999984741211,8.260000228881836,8.345000267028809,8.345000267028809,35483000.0,6.652950286865234
2009-09-28,8.524999618530273,8.369999885559082,8.40999984741211,8.520000457763672,32275400.0,6.792468547821045
2009-09-29,8.71500015258789,8.505000114440918,8.520000457763672,8.6899995803833,59366000.0,6.927999496459961
2009-09-30,8.694999694824219,8.380000114440918,8.6850004196167,8.4399995803833,54510200.0,6.7286882400512695
2009-10-01,8.399999618530273,7.795000076293945,8.194999694824219,7.835000038146973,137958600.0,6.246359825134277
2009-10-02,7.894999980926514,7.570000171661377,7.889999866485596,7.619999885559082,90732600.0,6.074953079223633
2009-10-05,7.795000076293945,7.574999809265137,7.679999828338623,7.670000076293945,59240000.0,6.142220497131348
2009-10-06,7.869999885559082,7.650000095367432,7.710000038146973,7.730000019073486,52429600.0,6.19027042388916
2009-10-07,7.78000020980835,7.619999885559082,7.664999961853027,7.764999866485596,36920200.0,6.218297481536865
2009-10-08,7.90500020980835,7.755000114440918,7.789999961853027,7.824999809265137,45218000.0,6.266345977783203
2009-10-09,7.829999923706055,7.684999942779541,7.800000190734863,7.775000095367432,35604000.0,6.226307392120361
2009-10-12,7.795000076293945,7.579999923706055,7.730000019073486,7.639999866485596,30178800.0,6.118196964263916
2009-10-13,7.820000171661377,7.614999771118164,7.679999828338623,7.679999828338623,51793200.0,6.150230407714844
2009-10-14,7.769999980926514,7.630000114440918,7.744999885559082,7.679999828338623,50562400.0,6.150230407714844
2009-10-15,7.855000019073486,7.630000114440918,7.755000114440918,7.635000228881836,61310800.0,6.114193916320801
2009-10-16,7.695000171661377,7.514999866485596,7.675000190734863,7.630000114440918,53043400.0,6.1101884841918945
2009-10-19,7.75,7.539999961853027,7.664999961853027,7.71999979019165,47252800.0,6.182260990142822
2009-10-20,7.784999847412109,7.574999809265137,7.715000152587891,7.679999828338623,51814000.0,6.150230407714844
2009-10-21,7.84499979019165,7.554999828338623,7.625,7.554999828338623,38428200.0,6.05012845993042
2009-10-22,7.795000076293945,7.519999980926514,7.599999904632568,7.760000228881836,42326400.0,6.21429443359375
2009-10-23,7.755000114440918,7.489999771118164,7.724999904632568,7.53000020980835,47737000.0,6.030107498168945
2009-10-26,7.659999847412109,7.349999904632568,7.480000019073486,7.420000076293945,39577000.0,5.942018985748291
2009-10-27,7.565000057220459,7.304999828338623,7.454999923706055,7.355000019073486,36409400.0,5.889965057373047
2009-10-28,7.394999980926514,7.199999809265137,7.349999904632568,7.324999809265137,46589600.0,5.865942001342773
2009-10-29,7.550000190734863,7.304999828338623,7.349999904632568,7.505000114440918,38677000.0,6.010087966918945
2009-10-30,7.525000095367432,7.230000019073486,7.445000171661377,7.25,49544800.0,5.805881977081299
2009-11-02,7.375,7.130000114440918,7.204999923706055,7.255000114440918,48154800.0,5.809884548187256
2009-11-03,7.364999771118164,7.119999885559082,7.304999828338623,7.255000114440918,52815600.0,5.809884548187256
2009-11-04,7.380000114440918,7.0,7.349999904632568,7.03000020980835,89462600.0,5.629703044891357
2009-11-05,7.175000190734863,6.974999904632568,7.125,7.099999904632568,65011800.0,5.685760021209717
2009-11-06,7.385000228881836,7.010000228881836,7.114999771118164,7.295000076293945,56534600.0,5.841917514801025
2009-11-09,7.579999923706055,7.320000171661377,7.364999771118164,7.574999809265137,59523000.0,6.066145420074463
2009-11-10,7.605000019073486,7.385000228881836,7.585000038146973,7.425000190734863,46059400.0,5.946023464202881
2009-11-11,7.554999828338623,7.425000190734863,7.5,7.550000190734863,44119600.0,6.046123027801514
2009-11-12,7.71999979019165,7.550000190734863,7.574999809265137,7.664999961853027,63746400.0,6.138217449188232
2009-11-13,7.75,7.590000152587891,7.675000190734863,7.715000152587891,52600600.0,6.178257942199707
2009-11-16,7.929999828338623,7.724999904632568,7.755000114440918,7.925000190734863,71188600.0,6.346428394317627
2009-11-17,7.90500020980835,7.659999847412109,7.900000095367432,7.755000114440918,38847000.0,6.210291385650635
2009-11-18,7.755000114440918,7.545000076293945,7.710000038146973,7.565000057220459,46493200.0,6.058135509490967
2009-11-19,7.545000076293945,7.329999923706055,7.539999961853027,7.519999980926514,55227200.0,6.022099494934082
2009-11-20,7.545000076293945,7.46999979019165,7.514999866485596,7.505000114440918,67270400.0,6.010087966918945
2009-11-23,7.675000190734863,7.400000095367432,7.579999923706055,7.545000076293945,74270000.0,6.042119026184082
2009-11-24,7.585000038146973,7.449999809265137,7.525000095367432,7.559999942779541,53232400.0,6.054131984710693
2009-11-25,7.570000171661377,7.485000133514404,7.554999828338623,7.534999847412109,21854200.0,6.03411340713501
2009-11-27,7.494999885559082,7.260000228881836,7.329999923706055,7.440000057220459,15112200.0,5.958034515380859
2009-11-30,7.420000076293945,7.275000095367432,7.400000095367432,7.329999923706055,33023600.0,5.869945526123047
2009-12-01,7.550000190734863,7.389999866485596,7.449999809265137,7.480000019073486,57573600.0,5.9900665283203125
2009-12-02,7.525000095367432,7.380000114440918,7.465000152587891,7.46999979019165,36378800.0,5.982058525085449
2009-12-03,8.029999732971191,7.755000114440918,7.795000076293945,7.954999923706055,167946000.0,6.37045431137085
2009-12-04,8.1899995803833,7.855000019073486,8.095000267028809,8.0649995803833,105559200.0,6.458540916442871
2009-12-07,8.645000457763672,8.100000381469727,8.100000381469727,8.635000228881836,155151400.0,6.915004253387451
2009-12-08,8.704999923706055,8.454999923706055,8.5600004196167,8.680000305175781,111815000.0,6.951042175292969
2009-12-09,8.8100004196167,8.600000381469727,8.635000228881836,8.770000457763672,71765200.0,7.023115634918213
2009-12-10,8.9399995803833,8.699999809265137,8.774999618530273,8.789999961853027,66515400.0,7.039130210876465
2009-12-11,8.890000343322754,8.739999771118164,8.8149995803833,8.819999694824219,40136800.0,7.063154220581055
2009-12-14,8.890000343322754,8.694999694824219,8.890000343322754,8.78499984741211,34559600.0,7.035125732421875
2009-12-15,8.835000038146973,8.645000457763672,8.680000305175781,8.78499984741211,36652400.0,7.035125732421875
2009-12-16,8.875,8.725000381469727,8.805000305175781,8.755000114440918,34271200.0,7.0111002922058105
2009-12-17,8.664999961853027,8.460000038146973,8.664999961853027,8.555000305175781,43978000.0,6.8509392738342285
2009-12-18,8.640000343322754,7.090000152587891,8.524999618530273,8.619999885559082,64462400.0,6.902991771697998
2009-12-21,8.789999961853027,8.649999618530273,8.649999618530273,8.6850004196167,23882000.0,6.955045223236084
2009-12-22,8.729999542236328,8.5649995803833,8.720000267028809,8.600000381469727,25862800.0,6.886975288391113
2009-12-23,8.619999885559082,8.484999656677246,8.555000305175781,8.555000305175781,23029000.0,6.8509392738342285
2009-12-24,8.600000381469727,8.479999542236328,8.489999771118164,8.585000038146973,6273800.0,6.874965190887451
2009-12-28,8.600000381469727,8.475000381469727,8.600000381469727,8.53499984741211,16212600.0,6.8349223136901855
2009-12-29,8.600000381469727,8.5,8.5,8.539999961853027,17347600.0,6.838926792144775
2009-12-30,8.600000381469727,8.479999542236328,8.5600004196167,8.53499984741211,17683800.0,6.8349223136901855
2009-12-31,8.574999809265137,8.430000305175781,8.529999732971191,8.430000305175781,16245600.0,6.750837802886963
2010-01-04,8.5649995803833,8.375,8.375,8.484999656677246,27146800.0,6.833384990692139
2010-01-05,8.489999771118164,8.274999618530273,8.46500015258789,8.369999885559082,35493000.0,6.740771293640137
2010-01-06,8.399999618530273,8.265000343322754,8.390000343322754,8.3100004196167,27741400.0,6.692448616027832
2010-01-07,8.529999732971191,8.274999618530273,8.354999542236328,8.484999656677246,30214800.0,6.833384990692139
2010-01-08,8.53499984741211,8.404999732971191,8.46500015258789,8.460000038146973,25454000.0,6.8132500648498535
2010-01-11,8.5,8.364999771118164,8.4350004196167,8.404999732971191,38109200.0,6.768959999084473
2010-01-12,8.375,8.204999923706055,8.375,8.255000114440918,36282000.0,6.648154258728027
2010-01-13,8.425000190734863,8.3100004196167,8.34000015258789,8.385000228881836,31533800.0,6.7528510093688965
2010-01-14,8.414999961853027,8.305000305175781,8.40999984741211,8.335000038146973,34823600.0,6.712584972381592
2010-01-15,8.40999984741211,8.194999694824219,8.369999885559082,8.3149995803833,43236000.0,6.696476936340332
2010-01-19,8.430000305175781,8.3100004196167,8.364999771118164,8.404999732971191,25319000.0,6.768959999084473
2010-01-20,8.329999923706055,8.100000381469727,8.289999961853027,8.260000228881836,43376400.0,6.6521830558776855
2010-01-21,8.289999961853027,7.920000076293945,8.260000228881836,8.0,65772600.0,6.4427924156188965
2010-01-22,8.1899995803833,7.90500020980835,8.005000114440918,7.925000190734863,56665000.0,6.382391452789307
2010-01-25,8.085000038146973,7.880000114440918,7.934999942779541,8.005000114440918,30493200.0,6.446819305419922
2010-01-26,8.024999618530273,7.789999961853027,7.954999923706055,7.849999904632568,42569400.0,6.3219895362854
2010-01-27,8.045000076293945,7.789999961853027,7.815000057220459,7.925000190734863,40780000.0,6.382391452789307
2010-01-28,8.0600004196167,7.775000095367432,7.985000133514404,7.809999942779541,38618800.0,6.28977632522583
2010-01-29,8.0649995803833,7.755000114440918,7.875,7.914999961853027,54386600.0,6.374338150024414
2010-02-01,8.050000190734863,7.929999828338623,8.039999961853027,7.96999979019165,32681400.0,6.4186320304870605
2010-02-02,8.175000190734863,7.920000076293945,7.925000190734863,8.145000457763672,38526400.0,6.559568881988525
2010-02-03,8.300000190734863,7.925000190734863,8.270000457763672,7.985000133514404,58379600.0,6.430712699890137
2010-02-04,7.974999904632568,7.760000228881836,7.900000095367432,7.760000228881836,45437200.0,6.249508380889893
2010-02-05,7.864999771118164,7.574999809265137,7.755000114440918,7.710000038146973,53431200.0,6.209240436553955
2010-02-08,7.735000133514404,7.599999904632568,7.724999904632568,7.605000019073486,31328000.0,6.124678611755371
2010-02-09,7.849999904632568,7.635000228881836,7.690000057220459,7.695000171661377,48789400.0,6.197160720825195
2010-02-10,7.71999979019165,7.590000152587891,7.71999979019165,7.65500020980835,43407200.0,6.16494607925415
2010-02-11,7.715000152587891,7.554999828338623,7.630000114440918,7.664999961853027,36472000.0,6.173000335693359
2010-02-12,7.684999942779541,7.550000190734863,7.574999809265137,7.670000076293945,55095600.0,6.17702579498291
2010-02-16,7.855000019073486,7.724999904632568,7.795000076293945,7.835000038146973,40474600.0,6.309909820556641
2010-02-17,7.885000228881836,7.800000190734863,7.885000228881836,7.829999923706055,26798200.0,6.305882453918457
2010-02-18,7.900000095367432,7.800000190734863,7.849999904632568,7.864999771118164,25432600.0,6.334068775177002
2010-02-19,8.020000457763672,7.775000095367432,7.820000171661377,8.0,51955000.0,6.4427924156188965
2010-02-22,8.145000457763672,8.005000114440918,8.050000190734863,8.095000267028809,39578000.0,6.519299030303955
2010-02-23,8.154999732971191,8.015000343322754,8.050000190734863,8.069999694824219,34481600.0,6.499168395996094
2010-02-24,8.234999656677246,8.050000190734863,8.135000228881836,8.210000038146973,53823600.0,6.6119160652160645
2010-02-25,8.130000114440918,7.974999904632568,8.079999923706055,8.069999694824219,46155800.0,6.499168395996094
2010-02-26,8.234999656677246,8.03499984741211,8.114999771118164,8.220000267028809,43478000.0,6.619967937469482
2010-03-01,8.444999694824219,8.25,8.25,8.414999961853027,46009200.0,6.777011394500732
2010-03-02,8.484999656677246,8.350000381469727,8.414999961853027,8.399999618530273,44590800.0,6.764932155609131
2010-03-03,8.494999885559082,8.390000343322754,8.444999694824219,8.479999542236328,46038400.0,6.829360485076904
2010-03-04,8.600000381469727,8.470000267028809,8.5,8.585000038146973,31287600.0,6.9139227867126465
2010-03-05,8.725000381469727,8.585000038146973,8.59000015258789,8.71500015258789,32694800.0,7.01861572265625
2010-03-08,8.835000038146973,8.619999885559082,8.65999984741211,8.779999732971191,33416400.0,7.070962905883789
2010-03-09,8.824999809265137,8.704999923706055,8.789999961853027,8.755000114440918,34396600.0,7.0508294105529785
2010-03-10,8.84000015258789,8.6850004196167,8.710000038146973,8.765000343322754,37625400.0,7.0588836669921875
2010-03-11,8.78499984741211,8.645000457763672,8.710000038146973,8.78499984741211,21028000.0,7.074990749359131
2010-03-12,8.829999923706055,8.649999618530273,8.744999885559082,8.710000038146973,28875200.0,7.014587879180908
2010-03-15,8.779999732971191,8.65999984741211,8.765000343322754,8.765000343322754,25120200.0,7.0588836669921875
2010-03-16,8.869999885559082,8.6899995803833,8.859999656677246,8.744999885559082,39739600.0,7.042777061462402
2010-03-17,8.869999885559082,8.699999809265137,8.699999809265137,8.789999961853027,27608000.0,7.0790181159973145
2010-03-18,8.864999771118164,8.734999656677246,8.84000015258789,8.835000038146973,30982200.0,7.115259647369385
2010-03-19,8.9350004196167,8.675000190734863,8.925000190734863,8.765000343322754,48341400.0,7.0588836669921875
2010-03-22,8.9399995803833,8.699999809265137,8.704999923706055,8.890000343322754,31109800.0,7.159552097320557
2010-03-23,9.0649995803833,8.854999542236328,8.90999984741211,9.045000076293945,41655800.0,7.284381866455078
2010-03-24,9.114999771118164,8.975000381469727,8.975000381469727,9.09000015258789,35448800.0,7.320623397827148
2010-03-25,9.335000038146973,9.079999923706055,9.119999885559082,9.220000267028809,50792000.0,7.425319671630859
2010-03-26,9.375,9.130000114440918,9.255000114440918,9.170000076293945,26237000.0,7.385049343109131
2010-03-29,9.289999961853027,9.125,9.135000228881836,9.25,29427600.0,7.449477195739746
2010-03-30,9.420000076293945,9.204999923706055,9.204999923706055,9.369999885559082,56302000.0,7.54611873626709
2010-03-31,9.470000267028809,9.28499984741211,9.300000190734863,9.414999961853027,54720600.0,7.582360744476318
2010-04-01,9.520000457763672,9.3100004196167,9.40999984741211,9.430000305175781,38877200.0,7.594443321228027
2010-04-05,9.489999771118164,9.34000015258789,9.404999732971191,9.40999984741211,26500200.0,7.616696357727051
2010-04-06,9.460000038146973,9.289999961853027,9.34000015258789,9.380000114440918,22708600.0,7.592419624328613
2010-04-07,9.404999732971191,9.010000228881836,9.34000015258789,9.145000457763672,61457200.0,7.402200222015381
2010-04-08,9.260000228881836,9.085000038146973,9.09000015258789,9.21500015258789,32317400.0,7.458863258361816
2010-04-09,9.28499984741211,9.204999923706055,9.244999885559082,9.25,28661400.0,7.487192630767822
2010-04-12,9.359999656677246,9.225000381469727,9.255000114440918,9.3149995803833,25058000.0,7.539805889129639
2010-04-13,9.354999542236328,9.244999885559082,9.305000305175781,9.335000038146973,46489200.0,7.555993556976318
2010-04-14,9.475000381469727,9.239999771118164,9.3149995803833,9.46500015258789,40990400.0,7.661218643188477
2010-04-15,9.5,9.350000381469727,9.375,9.430000305175781,44460400.0,7.632889270782471
2010-04-16,9.430000305175781,9.130000114440918,9.420000076293945,9.15999984741211,54172000.0,7.41434383392334
2010-04-19,9.305000305175781,9.125,9.145000457763672,9.289999961853027,38145600.0,7.519570350646973
2010-04-20,9.359999656677246,9.239999771118164,9.3100004196167,9.270000457763672,33925000.0,7.503381252288818
2010-04-21,9.305000305175781,9.180000305175781,9.265000343322754,9.265000343322754,29001600.0,7.499334335327148
2010-04-22,9.444999694824219,9.130000114440918,9.204999923706055,9.399999618530273,30899400.0,7.608607769012451
2010-04-23,9.489999771118164,9.3100004196167,9.34000015258789,9.479999542236328,30008000.0,7.673358917236328
2010-04-26,9.595000267028809,9.40999984741211,9.4399995803833,9.539999961853027,36950800.0,7.721926212310791
2010-04-27,9.5649995803833,9.1850004196167,9.5,9.229999542236328,56558800.0,7.471002578735352
2010-04-28,9.600000381469727,9.199999809265137,9.5,9.404999732971191,78266800.0,7.612651348114014
2010-04-29,10.045000076293945,9.420000076293945,9.420000076293945,10.0,96206000.0,8.094264030456543
2010-04-30,9.9350004196167,9.729999542236328,9.885000228881836,9.885000228881836,81865200.0,8.001179695129395
2010-05-03,10.279999732971191,9.885000228881836,9.885000228881836,10.194999694824219,69744200.0,8.25210189819336
2010-05-04,10.135000228881836,9.779999732971191,10.135000228881836,9.9350004196167,48148400.0,8.04164981842041
2010-05-05,10.145000457763672,9.765000343322754,9.954999923706055,9.869999885559082,48834200.0,7.989035129547119
2010-05-06,9.744999885559082,8.824999809265137,9.729999542236328,9.255000114440918,116645600.0,7.491239070892334
2010-05-07,9.4350004196167,9.0,9.210000038146973,9.180000305175781,84844400.0,7.4305315017700195
2010-05-10,9.539999961853027,8.864999771118164,9.364999771118164,9.015000343322754,94692600.0,7.2969770431518555
2010-05-11,9.295000076293945,8.824999809265137,8.949999809265137,9.039999961853027,84670600.0,7.3172125816345215
2010-05-12,9.170000076293945,8.970000267028809,9.020000457763672,9.09000015258789,93975600.0,7.3576836585998535
2010-05-13,9.130000114440918,8.805000305175781,9.119999885559082,8.880000114440918,116282800.0,7.187706470489502
2010-05-14,8.885000228881836,8.675000190734863,8.864999771118164,8.800000190734863,59878800.0,7.122949600219727
2010-05-17,9.074999809265137,8.755000114440918,8.8149995803833,9.050000190734863,47894800.0,7.325307846069336
2010-05-18,9.199999809265137,8.800000190734863,9.109999656677246,8.845000267028809,44139800.0,7.159374713897705
2010-05-19,8.885000228881836,8.619999885559082,8.829999923706055,8.789999961853027,44221400.0,7.114854335784912
2010-05-20,8.654999732971191,8.385000228881836,8.635000228881836,8.395000457763672,56555800.0,6.795134544372559
2010-05-21,8.890000343322754,8.180000305175781,8.225000381469727,8.515000343322754,70543600.0,6.892263889312744
2010-05-24,8.5600004196167,8.305000305175781,8.444999694824219,8.385000228881836,32471200.0,6.787038326263428
2010-05-25,8.859999656677246,8.149999618530273,8.229999542236328,8.835000038146973,97182400.0,7.151280403137207
2010-05-26,9.229999542236328,8.824999809265137,8.880000114440918,8.859999656677246,84876200.0,7.171514987945557
2010-05-27,9.170000076293945,8.954999923706055,8.994999885559082,9.164999961853027,52134400.0,7.418391227722168
2010-05-28,9.164999961853027,8.984999656677246,9.020000457763672,9.045000076293945,42563000.0,7.321259021759033
2010-06-01,9.1850004196167,8.864999771118164,8.869999885559082,9.010000228881836,50250600.0,7.292931079864502
2010-06-02,9.199999809265137,8.949999809265137,9.045000076293945,9.1899995803833,43806600.0,7.438626289367676
2010-06-03,9.225000381469727,9.069999694824219,9.170000076293945,9.199999809265137,34528600.0,7.446722507476807
2010-06-04,9.100000381469727,8.864999771118164,9.039999961853027,8.895000457763672,49246800.0,7.1998467445373535
2010-06-07,8.90999984741211,8.675000190734863,8.899999618530273,8.680000305175781,41327800.0,7.025819778442383
2010-06-08,8.779999732971191,8.5649995803833,8.694999694824219,8.71500015258789,41863800.0,7.054149150848389
2010-06-09,8.979999542236328,8.694999694824219,8.765000343322754,8.710000038146973,38338000.0,7.050100326538086
2010-06-10,9.045000076293945,8.789999961853027,8.854999542236328,9.03499984741211,43152200.0,7.313167095184326
2010-06-11,9.114999771118164,8.854999542236328,8.96500015258789,9.095000267028809,52997600.0,7.361732482910156
2010-06-14,9.279999732971191,9.074999809265137,9.164999961853027,9.074999809265137,30733000.0,7.345541477203369
2010-06-15,9.364999771118164,9.135000228881836,9.175000190734863,9.324999809265137,34436400.0,7.5478997230529785
2010-06-16,9.34000015258789,9.154999732971191,9.3100004196167,9.194999694824219,30380000.0,7.4426727294921875
2010-06-17,9.295000076293945,9.170000076293945,9.225000381469727,9.289999961853027,27097200.0,7.519570350646973
2010-06-18,9.390000343322754,9.225000381469727,9.350000381469727,9.255000114440918,36299400.0,7.491239070892334
2010-06-21,9.4399995803833,9.100000381469727,9.329999923706055,9.175000190734863,23259400.0,7.426488876342773
2010-06-22,9.329999923706055,9.114999771118164,9.204999923706055,9.119999885559082,53810200.0,7.3819661140441895
2010-06-23,9.234999656677246,9.045000076293945,9.114999771118164,9.09000015258789,33841400.0,7.3576836585998535
2010-06-24,9.085000038146973,8.859999656677246,9.010000228881836,8.90999984741211,46304400.0,7.21198844909668
2010-06-25,8.944999694824219,8.779999732971191,8.914999961853027,8.835000038146973,64658600.0,7.151280403137207
2010-06-28,9.095000267028809,8.8100004196167,8.854999542236328,9.055000305175781,86135600.0,7.329353332519531
2010-06-29,8.984999656677246,8.744999885559082,8.954999923706055,8.84000015258789,61922600.0,7.155327320098877
2010-06-30,8.885000228881836,8.65999984741211,8.835000038146973,8.6850004196167,57792000.0,7.029867649078369
2010-07-01,8.885000228881836,8.53499984741211,8.65999984741211,8.869999885559082,62509200.0,7.17961311340332
2010-07-02,8.875,8.654999732971191,8.835000038146973,8.729999542236328,37384400.0,7.104334354400635
2010-07-06,9.050000190734863,8.78499984741211,8.800000190734863,8.899999618530273,78184400.0,7.242680072784424
2010-07-07,8.9350004196167,8.765000343322754,8.899999618530273,8.920000076293945,53734600.0,7.258955001831055
2010-07-08,9.005000114440918,8.819999694824219,8.979999542236328,8.920000076293945,77161800.0,7.258955001831055
2010-07-09,9.045000076293945,8.880000114440918,8.944999694824219,9.03499984741211,38800000.0,7.352540016174316
2010-07-12,9.295000076293945,8.925000190734863,8.960000038146973,9.255000114440918,60505800.0,7.531571388244629
2010-07-13,9.609999656677246,9.319999694824219,9.350000381469727,9.510000228881836,58411000.0,7.73908805847168
2010-07-14,9.609999656677246,9.430000305175781,9.510000228881836,9.489999771118164,34092000.0,7.722813606262207
2010-07-15,9.670000076293945,9.4350004196167,9.510000228881836,9.654999732971191,45720000.0,7.857086658477783
2010-07-16,9.675000190734863,9.239999771118164,9.654999732971191,9.270000457763672,54077800.0,7.543778896331787
2010-07-19,9.545000076293945,9.234999656677246,9.265000343322754,9.505000114440918,42469800.0,7.735019207000732
2010-07-20,9.475000381469727,9.289999961853027,9.369999885559082,9.430000305175781,44473000.0,7.673984527587891
2010-07-21,9.4350004196167,9.055000305175781,9.425000190734863,9.175000190734863,70375800.0,7.466472625732422
2010-07-22,9.5,9.229999542236328,9.234999656677246,9.40999984741211,41583400.0,7.657704830169678
2010-07-23,9.704999923706055,9.380000114440918,9.420000076293945,9.65999984741211,39385000.0,7.861154079437256
2010-07-26,9.744999885559082,9.585000038146973,9.65999984741211,9.734999656677246,30583600.0,7.922186374664307
2010-07-27,9.789999961853027,9.53499984741211,9.739999771118164,9.664999961853027,43463000.0,7.86522102355957
2010-07-28,9.859999656677246,9.420000076293945,9.5600004196167,9.779999732971191,59790800.0,7.958807945251465
2010-07-29,9.880000114440918,9.430000305175781,9.805000305175781,9.5649995803833,48036600.0,7.783843517303467
2010-07-30,9.854999542236328,9.414999961853027,9.425000190734863,9.734999656677246,54034200.0,7.922186374664307
2010-08-02,9.899999618530273,9.654999732971191,9.864999771118164,9.739999771118164,51465400.0,7.926258563995361
2010-08-03,9.75,9.520000457763672,9.710000038146973,9.604999542236328,28845600.0,7.8163933753967285
2010-08-04,9.699999809265137,9.520000457763672,9.675000190734863,9.614999771118164,34854200.0,7.824533462524414
2010-08-05,9.649999618530273,9.444999694824219,9.529999732971191,9.470000267028809,41629600.0,7.706532955169678
2010-08-06,9.380000114440918,8.984999656677246,9.369999885559082,9.319999694824219,87348800.0,7.584467887878418
2010-08-09,9.425000190734863,9.319999694824219,9.375,9.364999771118164,37709800.0,7.621086120605469
2010-08-10,9.350000381469727,9.130000114440918,9.244999885559082,9.305000305175781,45211800.0,7.572262763977051
2010-08-11,9.170000076293945,8.984999656677246,9.109999656677246,9.005000114440918,45781200.0,7.328125953674316
2010-08-12,9.130000114440918,8.835000038146973,8.875,9.085000038146973,46396200.0,7.393228530883789
2010-08-13,9.055000305175781,8.914999961853027,9.0,8.9350004196167,29460200.0,7.271159648895264
2010-08-16,8.975000381469727,8.805000305175781,8.914999961853027,8.875,24583000.0,7.2223334312438965
2010-08-17,9.005000114440918,8.859999656677246,8.9399995803833,8.880000114440918,45936800.0,7.226404190063477
2010-08-18,9.175000190734863,8.875,8.895000457763672,9.055000305175781,46482200.0,7.368814945220947
2010-08-19,9.020000457763672,8.795000076293945,8.96500015258789,8.920000076293945,41268200.0,7.258955001831055
2010-08-20,8.930000305175781,8.774999618530273,8.880000114440918,8.904999732971191,33611200.0,7.2467474937438965
2010-08-23,9.005000114440918,8.71500015258789,8.989999771118164,8.725000381469727,40277400.0,7.100268840789795
2010-08-24,8.6850004196167,8.494999885559082,8.645000457763672,8.505000114440918,47391400.0,6.921235084533691
2010-08-25,8.739999771118164,8.380000114440918,8.404999732971191,8.664999961853027,52143200.0,7.05143928527832
2010-08-26,8.770000457763672,8.494999885559082,8.6899995803833,8.515000343322754,40051200.0,6.9293718338012695
2010-08-27,8.654999732971191,8.4399995803833,8.59000015258789,8.625,34945800.0,7.018889427185059
2010-08-30,8.619999885559082,8.5,8.574999809265137,8.5,26492000.0,6.917166233062744
2010-08-31,8.640000343322754,8.425000190734863,8.444999694824219,8.550000190734863,43799600.0,6.957853317260742
2010-09-01,9.0649995803833,8.770000457763672,8.78499984741211,8.970000267028809,85897200.0,7.299642562866211
2010-09-02,9.055000305175781,8.880000114440918,9.024999618530273,9.039999961853027,44218200.0,7.356607913970947
2010-09-03,9.1850004196167,8.960000038146973,9.119999885559082,9.104999542236328,22595200.0,7.409504413604736
2010-09-07,9.074999809265137,8.845000267028809,9.029999732971191,8.899999618530273,28494600.0,7.242680072784424
2010-09-08,9.079999923706055,8.899999618530273,8.914999961853027,8.960000038146973,20637600.0,7.291505813598633
2010-09-09,9.09000015258789,8.949999809265137,9.0600004196167,8.989999771118164,19956800.0,7.315918445587158
2010-09-10,9.244999885559082,8.994999885559082,9.024999618530273,9.199999809265137,34860800.0,7.486814498901367
2010-09-13,9.279999732971191,9.0649995803833,9.25,9.210000038146973,38156600.0,7.4949517250061035
2010-09-14,9.204999923706055,8.890000343322754,9.180000305175781,8.895000457763672,62814200.0,7.238609790802002
2010-09-15,9.204999923706055,8.75,8.84000015258789,9.020000457763672,91070200.0,7.340334892272949
2010-09-16,9.015000343322754,8.710000038146973,9.015000343322754,8.78499984741211,57039200.0,7.149094104766846
2010-09-17,9.005000114440918,8.8100004196167,8.829999923706055,8.819999694824219,62540800.0,7.177575588226318
2010-09-20,9.149999618530273,8.869999885559082,8.880000114440918,9.050000190734863,43747400.0,7.364746570587158
2010-09-21,9.140000343322754,9.010000228881836,9.03499984741211,9.0649995803833,40101000.0,7.376952648162842
2010-09-22,9.225000381469727,8.9350004196167,9.135000228881836,8.975000381469727,39786600.0,7.303712844848633
2010-09-23,9.119999885559082,8.824999809265137,8.920000076293945,8.960000038146973,36138800.0,7.291505813598633
2010-09-24,9.295000076293945,9.039999961853027,9.100000381469727,9.28499984741211,40217200.0,7.555985450744629
2010-09-27,9.255000114440918,9.125,9.244999885559082,9.154999732971191,38972200.0,7.450193881988525
2010-09-28,9.329999923706055,9.045000076293945,9.199999809265137,9.170000076293945,50567200.0,7.462398529052734
2010-09-29,9.164999961853027,8.96500015258789,9.125,9.074999809265137,40071400.0,7.38508939743042
2010-09-30,9.104999542236328,8.904999732971191,9.104999542236328,9.039999961853027,56011600.0,7.356607913970947
2010-10-01,9.15999984741211,8.904999732971191,9.140000343322754,8.90999984741211,45250400.0,7.250816822052002
2010-10-04,8.895000457763672,8.760000228881836,8.869999885559082,8.829999923706055,45859200.0,7.224226474761963
2010-10-05,9.0649995803833,8.925000190734863,8.9350004196167,9.03499984741211,50672000.0,7.391946792602539
2010-10-06,9.015000343322754,8.78499984741211,9.015000343322754,8.880000114440918,55167000.0,7.265134334564209
2010-10-07,9.015000343322754,8.454999923706055,8.925000190734863,8.944999694824219,38848000.0,7.318313121795654
2010-10-08,9.029999732971191,8.850000381469727,8.944999694824219,8.994999885559082,31986800.0,7.359221458435059
2010-10-11,9.024999618530273,8.904999732971191,8.960000038146973,9.010000228881836,30476200.0,7.371493339538574
2010-10-12,9.024999618530273,8.859999656677246,8.96500015258789,9.010000228881836,26502800.0,7.371493339538574
2010-10-13,9.109999656677246,8.984999656677246,9.03499984741211,9.069999694824219,29512600.0,7.420581340789795
2010-10-14,9.244999885559082,9.055000305175781,9.0600004196167,9.1899995803833,40199800.0,7.518758773803711
2010-10-15,9.505000114440918,9.170000076293945,9.244999885559082,9.475000381469727,92077000.0,7.7519354820251465
2010-10-18,9.520000457763672,9.375,9.40999984741211,9.505000114440918,60302600.0,7.776477336883545
2010-10-19,9.600000381469727,9.414999961853027,9.414999961853027,9.555000305175781,94819400.0,7.817382335662842
2010-10-20,9.78499984741211,9.569999694824219,9.625,9.6899995803833,82728400.0,7.927834987640381
2010-10-21,9.854999542236328,9.630000114440918,9.710000038146973,9.755000114440918,74774200.0,7.981010437011719
2010-10-22,9.770000457763672,9.585000038146973,9.744999885559082,9.729999542236328,35380200.0,7.960554599761963
2010-10-25,9.949999809265137,9.755000114440918,9.8100004196167,9.885000228881836,68547800.0,8.087371826171875
2010-10-26,9.9350004196167,9.800000190734863,9.819999694824219,9.819999694824219,50604800.0,8.03419017791748
2010-10-27,10.239999771118164,9.734999656677246,9.760000228881836,10.135000228881836,94658000.0,8.29190444946289
2010-10-28,10.475000381469727,10.199999809265137,10.199999809265137,10.430000305175781,67954800.0,8.533257484436035
2010-10-29,10.4350004196167,10.279999732971191,10.414999961853027,10.3149995803833,51894600.0,8.43917465209961
2010-11-01,10.404999732971191,10.15999984741211,10.28499984741211,10.25,36134400.0,8.385990142822266
2010-11-02,10.390000343322754,10.270000457763672,10.319999694824219,10.34000015258789,33431000.0,8.459626197814941
2010-11-03,10.399999618530273,10.25,10.345000267028809,10.335000038146973,33441800.0,8.455534934997559
2010-11-04,10.595000267028809,10.395000457763672,10.4399995803833,10.529999732971191,42735400.0,8.615074157714844
2010-11-05,10.579999923706055,10.4399995803833,10.510000228881836,10.520000457763672,22516600.0,8.606894493103027
2010-11-08,10.494999885559082,10.359999656677246,10.449999809265137,10.454999923706055,22937600.0,8.553712844848633
2010-11-09,10.479999542236328,10.345000267028809,10.470000267028809,10.385000228881836,22052800.0,8.496445655822754
2010-11-10,10.40999984741211,10.270000457763672,10.364999771118164,10.364999771118164,27817000.0,8.480080604553223
2010-11-11,10.4350004196167,10.140000343322754,10.239999771118164,10.34000015258789,33034800.0,8.459626197814941
2010-11-12,10.364999771118164,10.180000305175781,10.229999542236328,10.21500015258789,32217400.0,8.3573579788208
2010-11-15,10.40999984741211,10.244999885559082,10.25,10.295000076293945,33234200.0,8.422811508178711
2010-11-16,10.34000015258789,10.09000015258789,10.15999984741211,10.130000114440918,39500600.0,8.287818908691406
2010-11-17,10.244999885559082,10.0600004196167,10.119999885559082,10.194999694824219,23462400.0,8.340996742248535
2010-11-18,10.350000381469727,10.25,10.274999618530273,10.28499984741211,34581600.0,8.414628982543945
2010-11-19,10.28499984741211,10.104999542236328,10.270000457763672,10.279999732971191,32849200.0,8.410539627075195
2010-11-22,10.289999961853027,10.0600004196167,10.1850004196167,10.199999809265137,28306600.0,8.345086097717285
2010-11-23,10.130000114440918,10.020000457763672,10.09000015258789,10.074999809265137,35929800.0,8.242819786071777
2010-11-24,10.25,10.100000381469727,10.135000228881836,10.1899995803833,23724200.0,8.336905479431152
2010-11-26,10.225000381469727,10.045000076293945,10.119999885559082,10.109999656677246,8342600.0,8.271451950073242
2010-11-29,10.149999618530273,9.9399995803833,9.994999885559082,10.104999542236328,26458400.0,8.267359733581543
2010-11-30,10.100000381469727,9.925000190734863,9.9399995803833,10.020000457763672,36586200.0,8.1978178024292
2010-12-01,10.550000190734863,10.125,10.125,10.414999961853027,63681000.0,8.52098560333252
2010-12-02,10.46500015258789,10.289999961853027,10.404999732971191,10.359999656677246,32803000.0,8.475987434387207
2010-12-03,10.404999732971191,10.255000114440918,10.335000038146973,10.354999542236328,30201800.0,8.471899032592773
2010-12-06,10.364999771118164,10.225000381469727,10.3100004196167,10.300000190734863,27728200.0,8.426899909973145
2010-12-07,10.449999809265137,10.329999923706055,10.380000114440918,10.395000457763672,28703200.0,8.504624366760254
2010-12-08,10.454999923706055,10.350000381469727,10.414999961853027,10.395000457763672,17912000.0,8.504624366760254
2010-12-09,10.475000381469727,10.329999923706055,10.425000190734863,10.425000190734863,20418200.0,8.529170036315918
2010-12-10,10.654999732971191,10.46500015258789,10.479999542236328,10.654999732971191,49768200.0,8.717342376708984
2010-12-13,10.694999694824219,10.585000038146973,10.675000190734863,10.65999984741211,34963600.0,8.721435546875
2010-12-14,11.199999809265137,10.770000457763672,10.8100004196167,10.994999885559082,62076800.0,8.99551010131836
2010-12-15,11.039999961853027,10.805000305175781,11.0,10.805000305175781,45802000.0,8.840065002441406
2010-12-16,10.925000190734863,10.789999961853027,10.8149995803833,10.824999809265137,44966800.0,8.856429100036621
2010-12-17,10.84000015258789,10.6850004196167,10.805000305175781,10.710000038146973,56325600.0,8.76233959197998
2010-12-20,10.994999885559082,10.710000038146973,10.78499984741211,10.96500015258789,34584000.0,8.970968246459961
2010-12-21,11.149999618530273,10.925000190734863,11.0,11.125,35764600.0,9.101872444152832
2010-12-22,11.1850004196167,11.029999732971191,11.135000228881836,11.100000381469727,17390200.0,9.08141803741455
2010-12-23,11.15999984741211,11.005000114440918,11.079999923706055,11.09000015258789,18512000.0,9.073237419128418
2010-12-27,11.130000114440918,10.984999656677246,11.079999923706055,11.050000190734863,14842200.0,9.040512084960938
2010-12-28,11.09000015258789,10.895000457763672,11.055000305175781,11.039999961853027,20233600.0,9.032326698303223
2010-12-29,11.100000381469727,10.960000038146973,11.045000076293945,10.975000381469727,12019400.0,8.979150772094727
2010-12-30,11.069999694824219,10.920000076293945,10.960000038146973,11.039999961853027,10534600.0,9.032326698303223
2010-12-31,11.029999732971191,10.885000228881836,11.015000343322754,10.984999656677246,15718200.0,8.987330436706543
2011-01-03,11.300000190734863,11.024999618530273,11.085000038146973,11.1850004196167,41410000.0,9.19070053100586
2011-01-04,11.229999542236328,11.0649995803833,11.149999618530273,11.220000267028809,25496000.0,9.219460487365723
2011-01-05,11.395000457763672,11.109999656677246,11.109999656677246,11.369999885559082,30962800.0,9.3427152633667
2011-01-06,11.515000343322754,11.324999809265137,11.329999923706055,11.380000114440918,34251000.0,9.350934028625488
2011-01-07,11.4350004196167,11.279999732971191,11.4350004196167,11.350000381469727,26796200.0,9.32628059387207
2011-01-10,11.40999984741211,11.234999656677246,11.279999732971191,11.359999656677246,26206800.0,9.334497451782227
2011-01-11,11.40999984741211,11.255000114440918,11.375,11.300000190734863,23421400.0,9.285196304321289
2011-01-12,11.380000114440918,11.225000381469727,11.375,11.265000343322754,20491800.0,9.256442070007324
2011-01-13,11.335000038146973,11.21500015258789,11.244999885559082,11.270000457763672,24383400.0,9.260547637939453
2011-01-14,11.364999771118164,11.204999923706055,11.210000038146973,11.359999656677246,19421400.0,9.334497451782227
2011-01-18,11.520000457763672,11.345000267028809,11.380000114440918,11.390000343322754,31897800.0,9.359150886535645
2011-01-19,11.84000015258789,11.460000038146973,11.479999542236328,11.550000190734863,69699600.0,9.490621566772461
2011-01-20,11.720000267028809,11.454999923706055,11.484999656677246,11.630000114440918,38023000.0,9.556360244750977
2011-01-21,11.899999618530273,11.619999885559082,11.630000114440918,11.765000343322754,34473200.0,9.667288780212402
2011-01-24,11.835000038146973,11.729999542236328,11.75,11.800000190734863,22758200.0,9.69604778289795
2011-01-25,11.800000190734863,11.539999961853027,11.744999885559082,11.670000076293945,29537600.0,9.589225769042969
2011-01-26,11.779999732971191,11.635000228881836,11.65999984741211,11.65999984741211,23225200.0,9.581007957458496
2011-01-27,11.895000457763672,11.635000228881836,11.65999984741211,11.654999732971191,29071600.0,9.576895713806152
2011-01-28,11.800000190734863,11.34000015258789,11.654999732971191,11.420000076293945,37145200.0,9.383801460266113
2011-01-31,11.619999885559082,11.369999885559082,11.399999618530273,11.375,33984600.0,9.346823692321777
2011-02-01,11.725000381469727,11.399999618530273,11.449999809265137,11.699999809265137,30520400.0,9.613874435424805
2011-02-02,11.704999923706055,11.460000038146973,11.640000343322754,11.53499984741211,27233000.0,9.478294372558594
2011-02-03,11.635000228881836,11.425000190734863,11.505000114440918,11.604999542236328,22735000.0,9.535811424255371
2011-02-04,11.6899995803833,11.484999656677246,11.579999923706055,11.635000228881836,20075600.0,9.560466766357422
2011-02-07,11.805000305175781,11.515000343322754,11.619999885559082,11.770000457763672,21330000.0,9.671395301818848
2011-02-08,11.835000038146973,11.699999809265137,11.739999771118164,11.829999923706055,20706200.0,9.720694541931152
2011-02-09,11.854999542236328,11.734999656677246,11.850000381469727,11.765000343322754,26601600.0,9.667288780212402
2011-02-10,11.899999618530273,11.694999694824219,11.699999809265137,11.890000343322754,22979000.0,9.769998550415039
2011-02-11,12.039999961853027,11.774999618530273,11.829999923706055,12.0,26103400.0,9.86038589477539
2011-02-14,12.0,11.819999694824219,11.96500015258789,11.9350004196167,25813600.0,9.806977272033691
2011-02-15,12.079999923706055,11.864999771118164,11.890000343322754,12.079999923706055,40383400.0,9.92612075805664
2011-02-16,12.680000305175781,12.345000267028809,12.46500015258789,12.5649995803833,74631200.0,10.32464599609375
2011-02-17,12.694999694824219,12.4399995803833,12.529999732971191,12.609999656677246,35705800.0,10.361621856689453
2011-02-18,12.869999885559082,12.484999656677246,12.595000267028809,12.835000038146973,41618600.0,10.546504020690918
2011-02-22,12.819999694824219,12.515000343322754,12.670000076293945,12.5649995803833,38001400.0,10.32464599609375
2011-02-23,12.649999618530273,12.354999542236328,12.569999694824219,12.4399995803833,31917400.0,10.22193431854248
2011-02-24,12.5,12.265000343322754,12.414999961853027,12.470000267028809,34162200.0,10.24658203125
2011-02-25,12.680000305175781,12.385000228881836,12.494999885559082,12.630000114440918,26015800.0,10.37805461883545
2011-02-28,12.90999984741211,12.654999732971191,12.675000190734863,12.880000114440918,37859200.0,10.583481788635254
2011-03-01,12.954999923706055,12.625,12.895000457763672,12.640000343322754,33628600.0,10.386273384094238
2011-03-02,12.675000190734863,12.494999885559082,12.625,12.53499984741211,27780200.0,10.299989700317383
2011-03-03,12.930000305175781,12.609999656677246,12.640000343322754,12.885000228881836,34054600.0,10.587589263916016
2011-03-04,12.885000228881836,12.625,12.84000015258789,12.774999618530273,21365400.0,10.497200012207031
2011-03-07,12.90999984741211,12.510000228881836,12.854999542236328,12.710000038146973,28075600.0,10.443793296813965
2011-03-08,12.90999984741211,12.619999885559082,12.710000038146973,12.779999732971191,32658200.0,10.501309394836426
2011-03-09,12.795000076293945,12.585000038146973,12.739999771118164,12.654999732971191,26931400.0,10.398595809936523
2011-03-10,12.494999885559082,12.194999694824219,12.475000381469727,12.359999656677246,40836000.0,10.156195640563965
2011-03-11,12.614999771118164,12.274999618530273,12.279999732971191,12.475000381469727,28322600.0,10.250692367553711
2011-03-14,12.40999984741211,12.104999542236328,12.369999885559082,12.244999885559082,30361800.0,10.061700820922852
2011-03-15,12.170000076293945,11.869999885559082,11.925000190734863,12.079999923706055,38362000.0,9.92612075805664
2011-03-16,12.055000305175781,11.654999732971191,11.960000038146973,11.720000267028809,57552000.0,9.63031005859375
2011-03-17,12.095000267028809,11.850000381469727,11.885000228881836,12.039999961853027,35174800.0,9.893251419067383
2011-03-18,12.239999771118164,11.930000305175781,12.234999656677246,11.930000305175781,47627000.0,9.802865982055664
2011-03-21,12.170000076293945,11.954999923706055,12.074999809265137,12.085000038146973,32082400.0,9.930231094360352
2011-03-22,12.175000190734863,11.96500015258789,12.055000305175781,12.029999732971191,23516000.0,9.885037422180176
2011-03-23,12.109999656677246,11.824999809265137,11.960000038146973,12.050000190734863,25996000.0,9.901471138000488
2011-03-24,12.414999961853027,12.0649995803833,12.135000228881836,12.364999771118164,30054200.0,10.16030502319336
2011-03-25,12.574999809265137,12.375,12.4350004196167,12.510000228881836,25070600.0,10.279454231262207
2011-03-28,12.5600004196167,12.1899995803833,12.520000457763672,12.21500015258789,25635600.0,10.037052154541016
2011-03-29,12.335000038146973,12.114999771118164,12.1850004196167,12.260000228881836,25561800.0,10.074027061462402
2011-03-30,12.395000457763672,12.265000343322754,12.300000190734863,12.350000381469727,22770200.0,10.147977828979492
2011-03-31,12.414999961853027,12.25,12.329999923706055,12.359999656677246,22546600.0,10.156195640563965
2011-04-01,12.65999984741211,12.375,12.399999618530273,12.604999542236328,34867600.0,10.357511520385742
2011-04-04,12.645000457763672,12.475000381469727,12.604999542236328,12.630000114440918,19519600.0,10.424781799316406
2011-04-05,12.6850004196167,12.510000228881836,12.649999618530273,12.579999923706055,23545400.0,10.383511543273926
2011-04-06,12.619999885559082,12.345000267028809,12.600000381469727,12.414999961853027,29766800.0,10.247321128845215
2011-04-07,12.470000267028809,12.270000457763672,12.369999885559082,12.319999694824219,23306400.0,10.168906211853027
2011-04-08,12.515000343322754,12.3100004196167,12.395000457763672,12.34000015258789,24242400.0,10.18542194366455
2011-04-11,12.4350004196167,12.239999771118164,12.385000228881836,12.274999618530273,20890200.0,10.131766319274902
2011-04-12,12.255000114440918,12.09000015258789,12.164999961853027,12.154999732971191,33104400.0,10.032718658447266
2011-04-13,12.204999923706055,11.925000190734863,12.1850004196167,12.100000381469727,38766400.0,9.987321853637695
2011-04-14,12.204999923706055,11.90999984741211,12.010000228881836,12.125,28298000.0,10.007954597473145
2011-04-15,12.375,12.074999809265137,12.145000457763672,12.244999885559082,40155600.0,10.107002258300781
2011-04-18,12.149999618530273,11.925000190734863,12.03499984741211,11.979999542236328,34785600.0,9.888276100158691
2011-04-19,12.170000076293945,11.949999809265137,12.020000457763672,12.145000457763672,28552200.0,10.024465560913086
2011-04-20,12.454999923706055,12.270000457763672,12.319999694824219,12.4350004196167,34074600.0,10.26383113861084
2011-04-21,12.680000305175781,12.390000343322754,12.395000457763672,12.670000076293945,32310200.0,10.457801818847656
2011-04-25,12.670000076293945,12.539999961853027,12.630000114440918,12.645000457763672,17856800.0,10.437165260314941
2011-04-26,12.805000305175781,12.654999732971191,12.65999984741211,12.795000076293945,21182600.0,10.560975074768066
2011-04-27,12.944999694824219,12.744999885559082,12.835000038146973,12.920000076293945,21781000.0,10.66414737701416
2011-04-28,13.104999542236328,12.885000228881836,12.914999961853027,13.0649995803833,33400000.0,10.783833503723145
2011-04-29,13.119999885559082,12.954999923706055,13.015000343322754,13.104999542236328,45459200.0,10.816844940185547
2011-05-02,13.449999809265137,13.03499984741211,13.154999732971191,13.34000015258789,37194400.0,11.01081657409668
2011-05-03,13.460000038146973,13.170000076293945,13.350000381469727,13.305000305175781,29600000.0,10.98193073272705
2011-05-04,13.579999923706055,12.9399995803833,13.524999618530273,12.979999542236328,59334000.0,10.71367073059082
2011-05-05,12.994999885559082,12.699999809265137,12.895000457763672,12.779999732971191,40402400.0,10.548591613769531
2011-05-06,12.944999694824219,12.704999923706055,12.914999961853027,12.720000267028809,35721600.0,10.499070167541504
2011-05-09,12.779999732971191,12.579999923706055,12.725000381469727,12.640000343322754,27379200.0,10.433036804199219
2011-05-10,12.954999923706055,12.680000305175781,12.720000267028809,12.90999984741211,34246000.0,10.65589714050293
2011-05-11,12.850000381469727,12.574999809265137,12.829999923706055,12.755000114440918,38183400.0,10.52795696258545
2011-05-12,12.78499984741211,12.579999923706055,12.694999694824219,12.720000267028809,27800000.0,10.499070167541504
2011-05-13,12.760000228881836,12.484999656677246,12.725000381469727,12.5649995803833,27428000.0,10.371131896972656
2011-05-16,12.5,12.345000267028809,12.484999656677246,12.354999542236328,39440200.0,10.197795867919922
2011-05-17,12.520000457763672,12.270000457763672,12.305000305175781,12.510000228881836,41288600.0,10.325736999511719
2011-05-18,12.6850004196167,12.359999656677246,12.46500015258789,12.6850004196167,28944600.0,10.470178604125977
2011-05-19,12.734999656677246,12.529999732971191,12.710000038146973,12.6899995803833,24115400.0,10.474305152893066
2011-05-20,12.680000305175781,12.484999656677246,12.675000190734863,12.5600004196167,29387200.0,10.367006301879883
2011-05-23,12.414999961853027,12.175000190734863,12.390000343322754,12.274999618530273,32600000.0,10.131766319274902
2011-05-24,12.359999656677246,12.140000343322754,12.319999694824219,12.194999694824219,29422400.0,10.06573486328125
2011-05-25,12.289999961853027,12.09000015258789,12.194999694824219,12.220000267028809,27654800.0,10.086368560791016
2011-05-26,12.529999732971191,12.194999694824219,12.364999771118164,12.46500015258789,38942800.0,10.288593292236328
2011-05-27,12.555000305175781,12.404999732971191,12.460000038146973,12.444999694824219,28026000.0,10.272082328796387
2011-05-31,12.619999885559082,12.46500015258789,12.529999732971191,12.619999885559082,48551000.0,10.416529655456543
2011-06-01,12.585000038146973,12.1899995803833,12.550000190734863,12.220000267028809,34439000.0,10.086368560791016
2011-06-02,12.375,12.194999694824219,12.234999656677246,12.3149995803833,31082200.0,10.16478443145752
2011-06-03,12.265000343322754,12.024999618530273,12.15999984741211,12.114999771118164,40396400.0,9.999704360961914
2011-06-06,12.164999961853027,11.9399995803833,12.125,11.960000038146973,33630400.0,9.871766090393066
2011-06-07,12.210000038146973,11.96500015258789,12.0,12.010000228881836,53416200.0,9.91303539276123
2011-06-08,12.1899995803833,11.9399995803833,11.9399995803833,12.0600004196167,32830200.0,9.954307556152344
2011-06-09,12.1850004196167,12.029999732971191,12.109999656677246,12.154999732971191,30239600.0,10.032718658447266
2011-06-10,12.055000305175781,11.920000076293945,11.954999923706055,11.944999694824219,43533800.0,9.859386444091797
2011-06-13,11.960000038146973,11.78499984741211,11.949999809265137,11.854999542236328,35568600.0,9.785100936889648
2011-06-14,12.050000190734863,11.920000076293945,11.949999809265137,11.96500015258789,31192800.0,9.875894546508789
2011-06-15,11.899999618530273,11.694999694824219,11.869999885559082,11.729999542236328,35619200.0,9.681922912597656
2011-06-16,11.8149995803833,11.65999984741211,11.71500015258789,11.720000267028809,33920400.0,9.673669815063477
2011-06-17,11.875,11.760000228881836,11.869999885559082,11.824999809265137,39707600.0,9.760337829589844
2011-06-20,11.9399995803833,11.729999542236328,11.779999732971191,11.845000267028809,29196200.0,9.776846885681152
2011-06-21,12.045000076293945,11.795000076293945,11.875,12.024999618530273,29948400.0,9.925418853759766
2011-06-22,12.104999542236328,11.925000190734863,11.960000038146973,11.960000038146973,28057400.0,9.871766090393066
2011-06-23,11.880000114440918,11.680000305175781,11.869999885559082,11.854999542236328,38622000.0,9.785100936889648
2011-06-24,12.029999732971191,11.720000267028809,12.020000457763672,11.789999961853027,77577000.0,9.731449127197266
2011-06-27,12.229999542236328,11.765000343322754,11.824999809265137,12.135000228881836,37069000.0,10.016212463378906
2011-06-28,12.385000228881836,12.09000015258789,12.149999618530273,12.380000114440918,45875600.0,10.21843147277832
2011-06-29,12.574999809265137,12.395000457763672,12.404999732971191,12.470000267028809,40290200.0,10.292716979980469
2011-06-30,12.734999656677246,12.484999656677246,12.5,12.670000076293945,27756000.0,10.457801818847656
2011-07-01,12.895000457763672,12.585000038146973,12.649999618530273,12.864999771118164,23420400.0,10.666316986083984
2011-07-05,13.069999694824219,12.850000381469727,12.875,12.984999656677246,25987600.0,10.765809059143066
2011-07-06,13.024999618530273,12.71500015258789,13.0,12.744999885559082,35112400.0,10.566827774047852
2011-07-07,12.90999984741211,12.770000457763672,12.84000015258789,12.789999961853027,34033200.0,10.604137420654297
2011-07-08,12.8100004196167,12.579999923706055,12.670000076293945,12.755000114440918,45345200.0,10.575117111206055
2011-07-11,12.75,12.449999809265137,12.640000343322754,12.515000343322754,40783400.0,10.37613296508789
2011-07-12,12.604999542236328,12.3100004196167,12.555000305175781,12.3100004196167,42619600.0,10.20616626739502
2011-07-13,12.484999656677246,12.260000228881836,12.425000190734863,12.28499984741211,38392600.0,10.185441970825195
2011-07-14,12.430000305175781,12.180000305175781,12.34000015258789,12.21500015258789,45259600.0,10.12740421295166
2011-07-15,12.194999694824219,11.970000267028809,12.194999694824219,12.0649995803833,50715600.0,10.003037452697754
2011-07-18,12.074999809265137,11.8149995803833,12.03499984741211,11.970000267028809,43964600.0,9.924272537231445
2011-07-19,12.28499984741211,12.03499984741211,12.050000190734863,12.234999656677246,27871800.0,10.143987655639648
2011-07-20,12.279999732971191,12.029999732971191,12.21500015258789,12.045000076293945,31757000.0,9.986456871032715
2011-07-21,12.404999732971191,12.09000015258789,12.104999542236328,12.289999961853027,29824000.0,10.189587593078613
2011-07-22,12.449999809265137,12.220000267028809,12.28499984741211,12.425000190734863,25852200.0,10.30151653289795
2011-07-25,12.579999923706055,12.279999732971191,12.3149995803833,12.515000343322754,33478200.0,10.37613296508789
2011-07-26,12.6899995803833,12.449999809265137,12.510000228881836,12.619999885559082,34806000.0,10.463188171386719
2011-07-27,12.5649995803833,12.279999732971191,12.555000305175781,12.329999923706055,35563600.0,10.222750663757324
2011-07-28,12.300000190734863,12.0649995803833,12.28499984741211,12.085000038146973,42608600.0,10.019622802734375
2011-07-29,12.170000076293945,11.9350004196167,12.020000457763672,12.010000228881836,35776400.0,9.957438468933105
2011-08-01,12.15999984741211,11.78499984741211,12.074999809265137,11.925000190734863,30745400.0,9.88696575164795
2011-08-02,11.875,11.359999656677246,11.795000076293945,11.364999771118164,58125600.0,9.422673225402832
2011-08-03,11.555000305175781,11.175000190734863,11.475000381469727,11.385000228881836,71997800.0,9.439257621765137
2011-08-04,11.25,10.8149995803833,11.220000267028809,10.899999618530273,67271000.0,9.037145614624023
2011-08-05,11.260000228881836,10.59000015258789,11.0600004196167,10.9399995803833,63800800.0,9.07030963897705
2011-08-08,10.904999732971191,10.21500015258789,10.739999771118164,10.21500015258789,85553600.0,8.469212532043457
2011-08-09,10.4350004196167,9.595000267028809,10.369999885559082,10.354999542236328,104256400.0,8.585287094116211
2011-08-10,10.289999961853027,9.859999656677246,10.029999732971191,9.890000343322754,96661600.0,8.199759483337402
2011-08-11,10.4350004196167,9.729999542236328,9.835000038146973,10.295000076293945,64376200.0,8.535539627075195
2011-08-12,10.395000457763672,10.170000076293945,10.265000343322754,10.319999694824219,39746400.0,8.556267738342285
2011-08-15,10.670000076293945,10.329999923706055,10.34000015258789,10.635000228881836,36581000.0,8.817437171936035
2011-08-16,10.6850004196167,10.4350004196167,10.550000190734863,10.609999656677246,32698200.0,8.796704292297363
2011-08-17,10.789999961853027,10.494999885559082,10.654999732971191,10.664999961853027,30575400.0,8.842305183410645
2011-08-18,10.46500015258789,10.045000076293945,10.375,10.140000343322754,52298600.0,8.407029151916504
2011-08-19,10.289999961853027,9.975000381469727,9.994999885559082,9.979999542236328,39880400.0,8.274374961853027
2011-08-22,10.225000381469727,9.854999542236328,10.225000381469727,9.890000343322754,34671200.0,8.199759483337402
2011-08-23,10.039999961853027,9.770000457763672,9.904999732971191,10.029999732971191,51145600.0,8.31583023071289
2011-08-24,10.345000267028809,9.954999923706055,10.0,10.28499984741211,49268600.0,8.527251243591309
2011-08-25,10.395000457763672,10.074999809265137,10.3100004196167,10.114999771118164,39236000.0,8.386303901672363
2011-08-26,10.345000267028809,9.78499984741211,10.109999656677246,10.28499984741211,44456400.0,8.527251243591309
2011-08-29,10.630000114440918,10.329999923706055,10.40999984741211,10.619999885559082,25659600.0,8.8049955368042
2011-08-30,10.75,10.5,10.574999809265137,10.65999984741211,28508200.0,8.83816146850586
2011-08-31,10.954999923706055,10.640000343322754,10.739999771118164,10.755000114440918,30865000.0,8.916925430297852
2011-09-01,10.970000267028809,10.710000038146973,10.75,10.8100004196167,42646200.0,8.9625244140625
2011-09-02,10.680000305175781,10.425000190734863,10.625,10.5,32933200.0,8.70550537109375
2011-09-06,10.385000228881836,10.125,10.194999694824219,10.354999542236328,30325600.0,8.585287094116211
2011-09-07,10.725000381469727,10.414999961853027,10.46500015258789,10.694999694824219,27122400.0,8.867181777954102
2011-09-08,10.835000038146973,10.625,10.649999618530273,10.710000038146973,44001000.0,8.879615783691406
2011-09-09,10.649999618530273,10.375,10.625,10.454999923706055,59768400.0,8.668197631835938
2011-09-12,10.59000015258789,10.244999885559082,10.300000190734863,10.569999694824219,40233000.0,8.763543128967285
2011-09-13,10.954999923706055,10.569999694824219,10.619999885559082,10.920000076293945,49164000.0,9.053726196289062
2011-09-14,11.154999732971191,10.795000076293945,11.0,10.989999771118164,53960800.0,9.111762046813965
2011-09-15,11.329999923706055,11.069999694824219,11.135000228881836,11.305000305175781,26817000.0,9.37292766571045
2011-09-16,11.479999542236328,11.229999542236328,11.369999885559082,11.470000267028809,47813000.0,9.509730339050293
2011-09-19,11.484999656677246,11.1899995803833,11.300000190734863,11.430000305175781,27496000.0,9.47656536102295
2011-09-20,11.699999809265137,11.350000381469727,11.494999885559082,11.359999656677246,37464200.0,9.418525695800781
2011-09-21,11.364999771118164,10.914999961853027,11.324999809265137,10.930000305175781,39359800.0,9.062017440795898
2011-09-22,10.699999809265137,10.319999694824219,10.635000228881836,10.510000228881836,55505800.0,8.71379566192627
2011-09-23,10.760000228881836,10.3100004196167,10.444999694824219,10.699999809265137,41640000.0,8.871326446533203
2011-09-26,10.984999656677246,10.625,10.75,10.949999809265137,32915600.0,9.078598976135254
2011-09-27,11.404999732971191,11.055000305175781,11.149999618530273,11.164999961853027,33006200.0,9.256855964660645
2011-09-28,11.4399995803833,10.954999923706055,11.194999694824219,11.0,40881200.0,9.120054244995117
2011-09-29,11.239999771118164,10.649999618530273,11.170000076293945,10.845000267028809,41003400.0,8.991544723510742
2011-09-30,10.770000457763672,10.4399995803833,10.694999694824219,10.460000038146973,44350400.0,8.672340393066406
2011-10-03,10.595000267028809,10.170000076293945,10.3149995803833,10.180000305175781,51998800.0,8.486034393310547
2011-10-04,10.604999542236328,9.859999656677246,9.984999656677246,10.585000038146973,65740400.0,8.823639869689941
2011-10-05,10.835000038146973,10.4399995803833,10.630000114440918,10.8149995803833,41017800.0,9.015369415283203
2011-10-06,11.0600004196167,10.765000343322754,10.795000076293945,11.045000076293945,31233400.0,9.2070951461792
2011-10-07,11.1850004196167,10.9350004196167,11.095000267028809,11.029999732971191,37087600.0,9.194592475891113
2011-10-10,11.524999618530273,11.229999542236328,11.229999542236328,11.524999618530273,23469600.0,9.607222557067871
2011-10-11,11.609999656677246,11.40999984741211,11.494999885559082,11.489999771118164,26074800.0,9.578047752380371
2011-10-12,11.90999984741211,11.479999542236328,11.585000038146973,11.800000190734863,38615400.0,9.83646011352539
2011-10-13,11.845000267028809,11.649999618530273,11.765000343322754,11.779999732971191,29918800.0,9.81978988647461
2011-10-14,12.015000343322754,11.739999771118164,11.854999542236328,11.970000267028809,28397000.0,9.978174209594727
2011-10-17,11.9350004196167,11.630000114440918,11.895000457763672,11.710000038146973,24600400.0,9.761438369750977
2011-10-18,12.020000457763672,11.5,11.729999542236328,11.890000343322754,35415200.0,9.911487579345703
2011-10-19,12.010000228881836,11.664999961853027,11.890000343322754,11.770000457763672,36657200.0,9.811455726623535
2011-10-20,11.9350004196167,11.515000343322754,11.805000305175781,11.78499984741211,30040400.0,9.823958396911621
2011-10-21,12.180000305175781,11.880000114440918,11.895000457763672,12.164999961853027,35150200.0,10.140725135803223
2011-10-24,12.385000228881836,12.114999771118164,12.154999732971191,12.335000038146973,30254000.0,10.282440185546875
2011-10-25,12.3100004196167,12.0649995803833,12.255000114440918,12.104999542236328,30045000.0,10.09070873260498
2011-10-26,12.494999885559082,12.079999923706055,12.1850004196167,12.399999618530273,51193800.0,10.336621284484863
2011-10-27,12.65999984741211,11.954999923706055,12.595000267028809,12.295000076293945,76213400.0,10.249093055725098
2011-10-28,12.265000343322754,11.729999542236328,12.175000190734863,11.925000190734863,75003200.0,9.940659523010254
2011-10-31,11.9350004196167,11.675000190734863,11.895000457763672,11.725000381469727,36324200.0,9.773941993713379
2011-11-01,11.630000114440918,11.28499984741211,11.46500015258789,11.489999771118164,56740600.0,9.578047752380371
2011-11-02,11.930000305175781,11.46500015258789,11.835000038146973,11.510000228881836,49482800.0,9.594717979431152
2011-11-03,11.71500015258789,11.390000343322754,11.59000015258789,11.65999984741211,41905800.0,9.719758033752441
2011-11-04,11.569999694824219,11.270000457763672,11.555000305175781,11.375,39524000.0,9.482182502746582
2011-11-07,11.40999984741211,11.130000114440918,11.345000267028809,11.324999809265137,33774000.0,9.440502166748047
2011-11-08,11.4350004196167,11.125,11.399999618530273,11.380000114440918,31353000.0,9.486352920532227
2011-11-09,11.130000114440918,10.739999771118164,11.119999885559082,10.805000305175781,63090000.0,9.00703239440918
2011-11-10,11.140000343322754,10.854999542236328,10.890000343322754,11.085000038146973,33358200.0,9.240438461303711
2011-11-11,11.375,11.170000076293945,11.265000343322754,11.260000228881836,35531000.0,9.386322021484375
2011-11-14,11.289999961853027,11.03499984741211,11.204999923706055,11.104999542236328,23863000.0,9.257111549377441
2011-11-15,11.220000267028809,11.005000114440918,11.045000076293945,11.149999618530273,24704800.0,9.294626235961914
2011-11-16,11.0649995803833,10.720000267028809,11.015000343322754,10.755000114440918,37716600.0,8.965352058410645
2011-11-17,10.864999771118164,10.5649995803833,10.755000114440918,10.625,44674800.0,8.856987953186035
2011-11-18,10.75,10.539999961853027,10.630000114440918,10.71500015258789,33719800.0,8.93200969696045
2011-11-21,10.8149995803833,10.484999656677246,10.545000076293945,10.760000228881836,42446800.0,8.969518661499023
2011-11-22,10.739999771118164,10.53499984741211,10.699999809265137,10.694999694824219,36120200.0,8.915337562561035
2011-11-23,10.680000305175781,10.53499984741211,10.609999656677246,10.53499984741211,33662600.0,8.781961441040039
2011-11-25,10.635000228881836,10.449999809265137,10.46500015258789,10.5,11053400.0,8.752782821655273
2011-11-28,10.9399995803833,10.694999694824219,10.75,10.875,34188400.0,9.06538200378418
2011-11-29,11.020000457763672,10.845000267028809,10.869999885559082,10.875,38186000.0,9.06538200378418
2011-11-30,11.475000381469727,11.145000457763672,11.164999961853027,11.335000038146973,46046800.0,9.448841094970703
2011-12-01,11.430000305175781,11.229999542236328,11.350000381469727,11.28499984741211,24177400.0,9.407158851623535
2011-12-02,11.850000381469727,11.4350004196167,11.645000457763672,11.680000305175781,65875800.0,9.736430168151855
2011-12-05,11.944999694824219,11.489999771118164,11.944999694824219,11.574999809265137,42442800.0,9.64890193939209
2011-12-06,11.744999885559082,11.53499984741211,11.619999885559082,11.595000267028809,41006800.0,9.665575981140137
2011-12-07,11.664999961853027,11.375,11.545000076293945,11.5649995803833,28830600.0,9.6405668258667
2011-12-08,11.484999656677246,11.204999923706055,11.460000038146973,11.234999656677246,29275600.0,9.365482330322266
2011-12-09,11.444999694824219,11.28499984741211,11.305000305175781,11.34000015258789,27921800.0,9.453003883361816
2011-12-12,11.6899995803833,11.1850004196167,11.265000343322754,11.635000228881836,40357000.0,9.698919296264648
2011-12-13,11.84000015258789,11.539999961853027,11.760000228881836,11.595000267028809,36138600.0,9.665575981140137
2011-12-14,11.645000457763672,11.484999656677246,11.579999923706055,11.59000015258789,30746600.0,9.66140365600586
2011-12-15,11.779999732971191,11.625,11.640000343322754,11.645000457763672,32106000.0,9.707254409790039
2011-12-16,12.0,11.609999656677246,11.729999542236328,11.664999961853027,59425200.0,9.723925590515137
2011-12-19,11.699999809265137,11.354999542236328,11.680000305175781,11.4350004196167,26911600.0,9.532198905944824
2011-12-20,11.829999923706055,11.600000381469727,11.630000114440918,11.699999809265137,37670200.0,9.753105163574219
2011-12-21,11.829999923706055,11.640000343322754,11.744999885559082,11.795000076293945,27432400.0,9.832295417785645
2011-12-22,11.845000267028809,11.744999885559082,11.800000190734863,11.8149995803833,23889800.0,9.848965644836426
2011-12-23,11.960000038146973,11.819999694824219,11.880000114440918,11.920000076293945,18238600.0,9.936492919921875
2011-12-27,11.949999809265137,11.819999694824219,11.920000076293945,11.899999618530273,12234400.0,9.919820785522461
2011-12-28,11.90999984741211,11.680000305175781,11.869999885559082,11.729999542236328,15655600.0,9.77811050415039
2011-12-29,11.930000305175781,11.755000114440918,11.78499984741211,11.914999961853027,14163800.0,9.93232536315918
2011-12-30,11.930000305175781,11.829999923706055,11.864999771118164,11.854999542236328,11330800.0,9.92939567565918
2012-01-03,12.350000381469727,12.140000343322754,12.140000343322754,12.25,41645200.0,10.260235786437988
2012-01-04,12.375,12.1899995803833,12.255000114440918,12.364999771118164,34687800.0,10.356557846069336
2012-01-05,12.515000343322754,12.244999885559082,12.34000015258789,12.475000381469727,44687000.0,10.448688507080078
2012-01-06,12.515000343322754,12.289999961853027,12.449999809265137,12.345000267028809,19228000.0,10.339805603027344
2012-01-09,12.6850004196167,12.425000190734863,12.430000305175781,12.604999542236328,39423000.0,10.557573318481445
2012-01-10,12.850000381469727,12.664999961853027,12.770000457763672,12.699999809265137,38885200.0,10.637136459350586
2012-01-11,12.800000190734863,12.604999542236328,12.694999694824219,12.710000038146973,23534800.0,10.645515441894531
2012-01-12,12.8149995803833,12.654999732971191,12.720000267028809,12.75,22122800.0,10.679019927978516
2012-01-13,12.744999885559082,12.574999809265137,12.710000038146973,12.6899995803833,20122400.0,10.628766059875488
2012-01-17,12.925000190734863,12.71500015258789,12.805000305175781,12.770000457763672,23967800.0,10.695772171020508
2012-01-18,12.914999961853027,12.654999732971191,12.765000343322754,12.859999656677246,29457200.0,10.77115249633789
2012-01-19,12.970000267028809,12.829999923706055,12.859999656677246,12.9350004196167,20073800.0,10.833971977233887
2012-01-20,13.055000305175781,12.875,12.9399995803833,13.03499984741211,30587600.0,10.91772747039795
2012-01-23,13.15999984741211,12.890000343322754,12.96500015258789,12.96500015258789,27095600.0,10.859099388122559
2012-01-24,12.949999809265137,12.800000190734863,12.904999732971191,12.930000305175781,20047000.0,10.829780578613281
2012-01-25,13.109999656677246,12.805000305175781,12.880000114440918,13.0600004196167,36182200.0,10.938667297363281
2012-01-26,13.404999732971191,13.079999923706055,13.170000076293945,13.154999732971191,37100200.0,11.01823902130127
2012-01-27,13.295000076293945,13.100000381469727,13.154999732971191,13.164999961853027,28733600.0,11.026612281799316
2012-01-30,13.279999732971191,12.920000076293945,13.100000381469727,13.180000305175781,36507400.0,11.03917407989502
2012-01-31,13.295000076293945,13.130000114440918,13.25,13.289999961853027,32184800.0,11.131307601928711
2012-02-01,13.585000038146973,13.28499984741211,13.359999656677246,13.425000190734863,32168200.0,11.24438190460205
2012-02-02,13.489999771118164,13.324999809265137,13.399999618530273,13.345000267028809,34668800.0,11.177373886108398
2012-02-03,13.59000015258789,13.449999809265137,13.484999656677246,13.574999809265137,27271400.0,11.370016098022461
2012-02-06,13.59000015258789,13.470000267028809,13.545000076293945,13.545000076293945,25879600.0,11.344888687133789
2012-02-07,13.574999809265137,13.380000114440918,13.5,13.545000076293945,24368800.0,11.344888687133789
2012-02-08,13.645000457763672,13.420000076293945,13.524999618530273,13.625,25437200.0,11.411890983581543
2012-02-09,13.75,13.555000305175781,13.635000228881836,13.729999542236328,27902000.0,11.499837875366211
2012-02-10,13.675000190734863,13.5,13.630000114440918,13.59000015258789,21410400.0,11.382576942443848
2012-02-13,13.760000228881836,13.635000228881836,13.694999694824219,13.704999923706055,16057000.0,11.478899955749512
2012-02-14,13.680000305175781,13.46500015258789,13.609999656677246,13.625,33453400.0,11.411890983581543
2012-02-15,14.524999618530273,14.149999618530273,14.489999771118164,14.260000228881836,70532200.0,11.943748474121094
2012-02-16,14.399999618530273,14.194999694824219,14.359999656677246,14.324999809265137,39917200.0,11.998190879821777
2012-02-17,14.635000228881836,14.199999809265137,14.25,14.585000038146973,47056400.0,12.215964317321777
2012-02-21,14.585000038146973,14.454999923706055,14.555000305175781,14.53499984741211,28840400.0,12.174081802368164
2012-02-22,14.645000457763672,14.40999984741211,14.484999656677246,14.640000343322754,42155200.0,12.262027740478516
2012-02-23,14.914999961853027,14.59000015258789,14.614999771118164,14.904999732971191,40036800.0,12.48398208618164
2012-02-24,14.960000038146973,14.524999618530273,14.960000038146973,14.595000267028809,32293400.0,12.224335670471191
2012-02-27,14.694999694824219,14.449999809265137,14.454999923706055,14.595000267028809,24301200.0,12.224335670471191
2012-02-28,14.694999694824219,14.520000457763672,14.600000381469727,14.6850004196167,27391800.0,12.299717903137207
2012-02-29,14.774999618530273,14.635000228881836,14.699999809265137,14.704999923706055,34100800.0,12.316469192504883
2012-03-01,14.819999694824219,14.645000457763672,14.704999923706055,14.725000381469727,26189600.0,12.333219528198242
2012-03-02,14.805000305175781,14.539999961853027,14.680000305175781,14.619999885559082,22269800.0,12.24527645111084
2012-03-05,14.609999656677246,14.404999732971191,14.59000015258789,14.550000190734863,26689200.0,12.186643600463867
2012-03-06,14.579999923706055,14.359999656677246,14.425000190734863,14.460000038146973,28928600.0,12.111266136169434
2012-03-07,14.65999984741211,14.399999618530273,14.479999542236328,14.619999885559082,25720400.0,12.24527645111084
2012-03-08,14.875,14.694999694824219,14.720000267028809,14.8100004196167,20373400.0,12.404417991638184
2012-03-09,14.930000305175781,14.84000015258789,14.904999732971191,14.920000076293945,18266600.0,12.496546745300293
2012-03-12,14.925000190734863,14.774999618530273,14.845000267028809,14.805000305175781,17551200.0,12.400226593017578
2012-03-13,15.024999618530273,14.824999809265137,14.914999961853027,15.020000457763672,22979000.0,12.580306053161621
2012-03-14,15.0,14.859999656677246,15.0,14.895000457763672,22330800.0,12.475608825683594
2012-03-15,14.944999694824219,14.710000038146973,14.890000343322754,14.899999618530273,22826200.0,12.479795455932617
2012-03-16,14.914999961853027,14.699999809265137,14.864999771118164,14.75,41784200.0,12.35416030883789
2012-03-19,14.989999771118164,14.635000228881836,14.680000305175781,14.930000305175781,19612200.0,12.504921913146973
2012-03-20,14.970000267028809,14.725000381469727,14.854999542236328,14.885000228881836,20913400.0,12.467229843139648
2012-03-21,14.949999809265137,14.765000343322754,14.885000228881836,14.854999542236328,22079800.0,12.442107200622559
2012-03-22,14.949999809265137,14.765000343322754,14.779999732971191,14.944999694824219,24280600.0,12.517485618591309
2012-03-23,15.0,14.819999694824219,14.970000267028809,14.994999885559082,16772000.0,12.559364318847656
2012-03-26,15.194999694824219,14.975000381469727,15.045000076293945,15.175000190734863,27013400.0,12.710128784179688
2012-03-27,15.204999923706055,15.069999694824219,15.135000228881836,15.085000038146973,23676400.0,12.634745597839355
2012-03-28,15.100000381469727,14.90999984741211,15.024999618530273,14.960000038146973,27187000.0,12.530049324035645
2012-03-29,14.930000305175781,14.75,14.859999656677246,14.914999961853027,24489000.0,12.49236011505127
2012-03-30,15.024999618530273,14.864999771118164,14.994999885559082,15.005000114440918,19683400.0,12.567742347717285
2012-04-02,15.074999809265137,14.78499984741211,14.875,15.024999618530273,23701200.0,12.653215408325195
2012-04-03,14.970000267028809,14.720000267028809,14.920000076293945,14.829999923706055,25682000.0,12.488999366760254
2012-04-04,14.78499984741211,14.545000076293945,14.75,14.65999984741211,22310400.0,12.345836639404297
2012-04-05,14.78499984741211,14.539999961853027,14.595000267028809,14.779999732971191,22579000.0,12.446891784667969
2012-04-09,14.71500015258789,14.505000114440918,14.5649995803833,14.664999961853027,20943400.0,12.350045204162598
2012-04-10,14.609999656677246,14.270000457763672,14.59000015258789,14.324999809265137,24850600.0,12.063715934753418
2012-04-11,14.539999961853027,14.364999771118164,14.4350004196167,14.489999771118164,18232400.0,12.202670097351074
2012-04-12,14.885000228881836,14.475000381469727,14.524999618530273,14.84000015258789,28959800.0,12.497420310974121
2012-04-13,14.890000343322754,14.739999771118164,14.819999694824219,14.75,23159200.0,12.421628952026367
2012-04-16,14.920000076293945,14.744999885559082,14.789999961853027,14.885000228881836,18301600.0,12.535317420959473
2012-04-17,15.095000267028809,14.854999542236328,14.9399995803833,15.045000076293945,17595400.0,12.670059204101562
2012-04-18,15.015000343322754,14.899999618530273,14.970000267028809,14.930000305175781,18151600.0,12.573213577270508
2012-04-19,15.024999618530273,14.710000038146973,14.845000267028809,14.739999771118164,23189200.0,12.413207054138184
2012-04-20,14.880000114440918,14.710000038146973,14.774999618530273,14.725000381469727,28171200.0,12.400574684143066
2012-04-23,14.640000343322754,14.425000190734863,14.640000343322754,14.520000457763672,29745400.0,12.227938652038574
2012-04-24,14.75,14.5649995803833,14.59000015258789,14.675000190734863,23628400.0,12.358470916748047
2012-04-25,14.869999885559082,14.6899995803833,14.800000190734863,14.824999809265137,21968000.0,12.48478889465332
2012-04-26,15.170000076293945,14.755000114440918,14.760000228881836,15.119999885559082,36576800.0,12.733222961425781
2012-04-27,15.220000267028809,14.944999694824219,15.145000457763672,15.140000343322754,29201000.0,12.750066757202148
2012-04-30,15.229999542236328,15.085000038146973,15.104999542236328,15.175000190734863,17278000.0,12.779539108276367
2012-05-01,15.4399995803833,15.130000114440918,15.140000343322754,15.300000190734863,43653800.0,12.884806632995605
2012-05-02,15.279999732971191,14.770000457763672,15.079999923706055,15.210000038146973,56602800.0,12.809015274047852
2012-05-03,15.375,15.069999694824219,15.25,15.180000305175781,26913600.0,12.783751487731934
2012-05-04,15.095000267028809,14.71500015258789,15.015000343322754,14.725000381469727,32039600.0,12.400574684143066
2012-05-07,14.895000457763672,14.5600004196167,14.625,14.8149995803833,25335200.0,12.476369857788086
2012-05-08,14.829999923706055,14.5600004196167,14.755000114440918,14.699999809265137,31195000.0,12.379521369934082
2012-05-09,14.725000381469727,14.524999618530273,14.5600004196167,14.585000038146973,29782400.0,12.28267765045166
2012-05-10,14.859999656677246,14.65999984741211,14.699999809265137,14.8149995803833,23931000.0,12.476369857788086
2012-05-11,14.90999984741211,14.6850004196167,14.779999732971191,14.6899995803833,21585400.0,12.371097564697266
2012-05-14,14.664999961853027,14.40999984741211,14.595000267028809,14.444999694824219,28542400.0,12.16477108001709
2012-05-15,14.664999961853027,14.364999771118164,14.444999694824219,14.425000190734863,22761800.0,12.147931098937988
2012-05-16,14.600000381469727,14.404999732971191,14.444999694824219,14.425000190734863,22784600.0,12.147931098937988
2012-05-17,14.430000305175781,14.175000190734863,14.414999961853027,14.175000190734863,19608200.0,11.937397003173828
2012-05-18,14.3149995803833,14.09000015258789,14.239999771118164,14.140000343322754,33134800.0,11.907919883728027
2012-05-21,14.375,14.045000076293945,14.140000343322754,14.354999542236328,21016200.0,12.088984489440918
2012-05-22,14.5600004196167,14.3100004196167,14.354999542236328,14.470000267028809,23882600.0,12.185830116271973
2012-05-23,14.420000076293945,14.194999694824219,14.364999771118164,14.395000457763672,20400000.0,12.122666358947754
2012-05-24,14.585000038146973,14.345000267028809,14.40999984741211,14.46500015258789,25495200.0,12.181620597839355
2012-05-25,14.574999809265137,14.350000381469727,14.5,14.425000190734863,18658400.0,12.147931098937988
2012-05-29,14.640000343322754,14.420000076293945,14.484999656677246,14.609999656677246,19811200.0,12.303727149963379
2012-05-30,14.585000038146973,14.449999809265137,14.515000343322754,14.475000381469727,20599600.0,12.190035820007324
2012-05-31,14.59000015258789,14.359999656677246,14.475000381469727,14.454999923706055,26413800.0,12.17319393157959
2012-06-01,14.420000076293945,14.170000076293945,14.28499984741211,14.3149995803833,41326800.0,12.05529499053955
2012-06-04,14.524999618530273,14.319999694824219,14.350000381469727,14.475000381469727,42485600.0,12.190035820007324
2012-06-05,14.550000190734863,14.404999732971191,14.449999809265137,14.515000343322754,27511600.0,12.223725318908691
2012-06-06,14.885000228881836,14.520000457763672,14.5649995803833,14.880000114440918,26463800.0,12.531108856201172
2012-06-07,15.145000457763672,14.954999923706055,15.050000190734863,15.005000114440918,33768800.0,12.636375427246094
2012-06-08,15.164999961853027,14.90999984741211,14.914999961853027,15.135000228881836,30435800.0,12.745856285095215
2012-06-11,15.300000190734863,14.949999809265137,15.21500015258789,14.970000267028809,23740400.0,12.606900215148926
2012-06-12,15.234999656677246,14.960000038146973,15.0649995803833,15.225000381469727,49951600.0,12.821647644042969
2012-06-13,15.220000267028809,14.895000457763672,15.1899995803833,14.989999771118164,28050000.0,12.62374496459961
2012-06-14,15.390000343322754,15.029999732971191,15.050000190734863,15.354999542236328,30858200.0,12.931126594543457
2012-06-15,15.585000038146973,15.300000190734863,15.425000190734863,15.545000076293945,42027800.0,13.091133117675781
2012-06-18,15.704999923706055,15.484999656677246,15.550000190734863,15.579999923706055,24327400.0,13.120609283447266
2012-06-19,15.824999809265137,15.529999732971191,15.625,15.654999732971191,26773000.0,13.183770179748535
2012-06-20,15.6899995803833,15.444999694824219,15.645000457763672,15.595000267028809,30724400.0,13.1332426071167
2012-06-21,15.670000076293945,15.319999694824219,15.670000076293945,15.34000015258789,28524400.0,12.918492317199707
2012-06-22,15.475000381469727,15.28499984741211,15.375,15.414999961853027,36556000.0,12.981654167175293
2012-06-25,15.350000381469727,15.104999542236328,15.34000015258789,15.164999961853027,23200400.0,12.771119117736816
2012-06-26,15.345000267028809,15.085000038146973,15.1850004196167,15.289999961853027,20789200.0,12.876387596130371
2012-06-27,15.649999618530273,15.354999542236328,15.385000228881836,15.520000457763672,28032200.0,13.07007884979248
2012-06-28,15.545000076293945,15.279999732971191,15.414999961853027,15.520000457763672,24581000.0,13.07007884979248
2012-06-29,15.994999885559082,15.604999542236328,15.770000457763672,15.984999656677246,32279800.0,13.532742500305176
2012-07-02,16.25,15.984999656677246,16.049999237060547,16.1299991607666,23515800.0,13.655492782592773
2012-07-03,16.200000762939453,15.949999809265137,16.114999771118164,16.014999389648438,16062800.0,13.558140754699707
2012-07-05,16.030000686645508,15.71500015258789,15.949999809265137,15.725000381469727,19587800.0,13.312627792358398
2012-07-06,15.90999984741211,15.595000267028809,15.645000457763672,15.680000305175781,20746600.0,13.274531364440918
2012-07-09,15.760000228881836,15.604999542236328,15.720000267028809,15.635000228881836,21312600.0,13.236434936523438
2012-07-10,15.979999542236328,15.59000015258789,15.755000114440918,15.675000190734863,25600600.0,13.270298957824707
2012-07-11,15.904999732971191,15.635000228881836,15.649999618530273,15.864999771118164,28138600.0,13.431148529052734
2012-07-12,15.739999771118164,15.520000457763672,15.710000038146973,15.550000190734863,35502200.0,13.164472579956055
2012-07-13,15.949999809265137,15.550000190734863,15.5649995803833,15.9350004196167,20931000.0,13.490411758422852
2012-07-16,15.930000305175781,15.770000457763672,15.845000267028809,15.914999961853027,20002000.0,13.473480224609375
2012-07-17,16.200000762939453,15.869999885559082,15.9399995803833,16.165000915527344,26720000.0,13.685126304626465
2012-07-18,16.219999313354492,15.984999656677246,16.125,16.19499969482422,22596200.0,13.710524559020996
2012-07-19,16.389999389648438,16.094999313354492,16.190000534057617,16.190000534057617,22644000.0,13.706289291381836
2012-07-20,16.209999084472656,16.024999618530273,16.145000457763672,16.09000015258789,24765600.0,13.621631622314453
2012-07-23,15.895000457763672,15.645000457763672,15.824999809265137,15.6850004196167,28306800.0,13.278766632080078
2012-07-24,15.744999885559082,15.524999618530273,15.720000267028809,15.699999809265137,27283000.0,13.291463851928711
2012-07-25,15.78499984741211,15.550000190734863,15.774999618530273,15.680000305175781,17312600.0,13.274531364440918
2012-07-26,16.125,15.774999618530273,15.960000038146973,15.805000305175781,34995600.0,13.380358695983887
2012-07-27,16.18000030517578,15.869999885559082,15.944999694824219,16.145000457763672,30188000.0,13.668194770812988
2012-07-30,16.280000686645508,16.040000915527344,16.155000686645508,16.104999542236328,19392600.0,13.634331703186035
2012-07-31,16.364999771118164,16.09000015258789,16.104999542236328,16.274999618530273,39017400.0,13.778252601623535
2012-08-01,17.0,16.739999771118164,16.795000076293945,16.774999618530273,44311800.0,14.201546669006348
2012-08-02,17.229999542236328,16.690000534057617,16.7450008392334,17.059999465942383,47853000.0,14.442822456359863
2012-08-03,17.545000076293945,17.225000381469727,17.274999618530273,17.30500030517578,42909600.0,14.650238990783691
2012-08-06,17.530000686645508,17.204999923706055,17.31999969482422,17.469999313354492,24880200.0,14.78992748260498
2012-08-07,17.579999923706055,17.2549991607666,17.540000915527344,17.274999618530273,37383200.0,14.624842643737793
2012-08-08,17.325000762939453,17.059999465942383,17.260000228881836,17.2549991607666,26706800.0,14.607908248901367
2012-08-09,17.360000610351562,17.18000030517578,17.260000228881836,17.274999618530273,23464000.0,14.624842643737793
2012-08-10,17.375,17.149999618530273,17.260000228881836,17.364999771118164,15794400.0,14.701034545898438
2012-08-13,17.31999969482422,17.104999542236328,17.31999969482422,17.274999618530273,23133800.0,14.624842643737793
2012-08-14,17.440000534057617,17.165000915527344,17.405000686645508,17.18000030517578,24929000.0,14.544421195983887
2012-08-15,17.209999084472656,17.0,17.184999465942383,17.094999313354492,21220400.0,14.472453117370605
2012-08-16,17.19499969482422,17.030000686645508,17.174999237060547,17.06999969482422,20386200.0,14.451288223266602
2012-08-17,17.139999389648438,16.94499969482422,17.139999389648438,17.010000228881836,21207200.0,14.400496482849121
2012-08-20,17.05500030517578,16.864999771118164,16.93000030517578,16.950000762939453,16049000.0,14.349699974060059
2012-08-21,17.1200008392334,16.93000030517578,16.950000762939453,17.020000457763672,23927800.0,14.408961296081543
2012-08-22,17.075000762939453,16.950000762939453,16.969999313354492,16.985000610351562,22521000.0,14.379329681396484
2012-08-23,17.010000228881836,16.905000686645508,16.93000030517578,16.975000381469727,15388200.0,14.370868682861328
2012-08-24,17.075000762939453,16.829999923706055,16.924999237060547,16.975000381469727,28076800.0,14.370868682861328
2012-08-27,17.045000076293945,16.920000076293945,16.969999313354492,16.985000610351562,17535600.0,14.379329681396484
2012-08-28,17.030000686645508,16.8799991607666,16.950000762939453,16.975000381469727,20083600.0,14.370868682861328
2012-08-29,17.079999923706055,16.940000534057617,16.9950008392334,16.975000381469727,13893400.0,14.370868682861328
2012-08-30,16.950000762939453,16.760000228881836,16.889999389648438,16.815000534057617,19728800.0,14.235411643981934
2012-08-31,16.950000762939453,16.725000381469727,16.905000686645508,16.764999389648438,24245400.0,14.193081855773926
2012-09-04,16.854999542236328,16.71500015258789,16.735000610351562,16.764999389648438,23690400.0,14.193081855773926
2012-09-05,16.8799991607666,16.709999084472656,16.7450008392334,16.854999542236328,25761000.0,14.269275665283203
2012-09-06,17.329999923706055,16.950000762939453,16.985000610351562,17.325000762939453,27559000.0,14.667174339294434
2012-09-07,17.3700008392334,17.219999313354492,17.329999923706055,17.229999542236328,20046800.0,14.586745262145996
2012-09-10,17.274999618530273,17.079999923706055,17.274999618530273,17.084999084472656,19227600.0,14.46398639678955
2012-09-11,17.2450008392334,17.014999389648438,17.059999465942383,17.135000228881836,14032200.0,14.506319046020508
2012-09-12,17.325000762939453,17.190000534057617,17.204999923706055,17.295000076293945,26434400.0,14.64177417755127
2012-09-13,17.655000686645508,17.235000610351562,17.25,17.625,23728200.0,14.92115306854248
2012-09-14,17.725000381469727,17.520000457763672,17.600000381469727,17.649999618530273,25266200.0,14.942314147949219
2012-09-17,17.704999923706055,17.440000534057617,17.665000915527344,17.530000686645508,21152200.0,14.840721130371094
2012-09-18,17.530000686645508,17.360000610351562,17.454999923706055,17.424999237060547,17405200.0,14.751829147338867
2012-09-19,17.725000381469727,17.360000610351562,17.399999618530273,17.690000534057617,34098000.0,14.976181030273438
2012-09-20,17.985000610351562,17.594999313354492,17.6299991607666,17.975000381469727,29453800.0,15.217453956604004
2012-09-21,18.270000457763672,17.975000381469727,18.065000534057617,18.110000610351562,48380200.0,15.331744194030762
2012-09-24,18.270000457763672,18.014999389648438,18.079999923706055,18.21500015258789,20508200.0,15.420638084411621
2012-09-25,18.450000762939453,17.915000915527344,18.334999084472656,17.93000030517578,34472400.0,15.179353713989258
2012-09-26,17.989999771118164,17.530000686645508,17.954999923706055,17.559999465942383,27831800.0,14.866119384765625
2012-09-27,17.934999465942383,17.639999389648438,17.684999465942383,17.895000457763672,25459600.0,15.149726867675781
2012-09-28,17.969999313354492,17.78499984741211,17.875,17.8700008392334,20652000.0,15.128564834594727
2012-10-01,18.079999923706055,17.645000457763672,17.975000381469727,17.690000534057617,22775200.0,15.044795989990234
2012-10-02,18.03499984741211,17.729999542236328,17.729999542236328,17.920000076293945,25417400.0,15.240402221679688
2012-10-03,18.235000610351562,17.94499969482422,17.96500015258789,18.100000381469727,20782800.0,15.393484115600586
2012-10-04,18.350000381469727,18.125,18.219999313354492,18.25,18733800.0,15.521053314208984
2012-10-05,18.489999771118164,18.229999542236328,18.360000610351562,18.270000457763672,16851800.0,15.538057327270508
2012-10-08,18.235000610351562,18.084999084472656,18.174999237060547,18.104999542236328,20438200.0,15.397735595703125
2012-10-09,18.079999923706055,17.645000457763672,18.024999618530273,17.65999984741211,24560800.0,15.01927661895752
2012-10-10,17.719999313354492,17.469999313354492,17.719999313354492,17.579999923706055,33420600.0,14.951241493225098
2012-10-11,17.780000686645508,17.549999237060547,17.684999465942383,17.565000534057617,28032800.0,14.938482284545898
2012-10-12,17.934999465942383,17.579999923706055,17.645000457763672,17.889999389648438,24005600.0,15.214884757995605
2012-10-15,18.264999389648438,17.8799991607666,17.915000915527344,18.21500015258789,23607600.0,15.491289138793945
2012-10-16,18.454999923706055,18.239999771118164,18.290000915527344,18.334999084472656,19486600.0,15.593342781066895
2012-10-17,18.610000610351562,18.334999084472656,18.40999984741211,18.559999465942383,20246200.0,15.784698486328125
2012-10-18,18.799999237060547,18.44499969482422,18.549999237060547,18.645000457763672,27997000.0,15.856989860534668
2012-10-19,18.75,18.309999465942383,18.604999542236328,18.475000381469727,29551400.0,15.712410926818848
2012-10-22,18.584999084472656,18.350000381469727,18.43000030517578,18.514999389648438,21086200.0,15.74642562866211
2012-10-23,18.344999313354492,18.03499984741211,18.280000686645508,18.21500015258789,28083800.0,15.491289138793945
2012-10-24,18.424999237060547,18.165000915527344,18.30500030517578,18.209999084472656,25443200.0,15.487035751342773
2012-10-25,18.450000762939453,18.100000381469727,18.34000015258789,18.18000030517578,21783200.0,15.46152114868164
2012-10-26,18.889999389648438,18.315000534057617,18.315000534057617,18.780000686645508,47384200.0,15.971802711486816
2012-10-31,18.924999237060547,18.559999465942383,18.799999237060547,18.764999389648438,32405000.0,15.959038734436035
2012-11-01,18.975000381469727,18.68000030517578,18.829999923706055,18.774999618530273,24153600.0,15.967545509338379
2012-11-02,18.979999542236328,18.78499984741211,18.895000457763672,18.80500030517578,28295800.0,15.993064880371094
2012-11-05,18.7450008392334,18.360000610351562,18.690000534057617,18.71500015258789,26431400.0,15.916519165039062
2012-11-06,18.75,18.584999084472656,18.704999923706055,18.584999084472656,27263400.0,15.805961608886719
2012-11-07,18.46500015258789,18.020000457763672,18.40999984741211,18.290000915527344,34788400.0,15.555075645446777
2012-11-08,18.415000915527344,18.094999313354492,18.209999084472656,18.100000381469727,23182200.0,15.393484115600586
2012-11-09,18.155000686645508,17.924999237060547,18.0,18.059999465942383,24235200.0,15.359461784362793
2012-11-12,18.1200008392334,17.920000076293945,18.05500030517578,18.084999084472656,16493400.0,15.380727767944336
2012-11-13,18.295000076293945,17.875,18.049999237060547,18.05500030517578,25077800.0,15.355216026306152
2012-11-14,18.110000610351562,17.655000686645508,18.104999542236328,17.700000762939453,27147200.0,15.053297996520996
2012-11-15,17.850000381469727,17.479999542236328,17.700000762939453,17.56999969482422,23212400.0,14.942734718322754
2012-11-16,17.78499984741211,17.475000381469727,17.584999084472656,17.725000381469727,31911000.0,15.07455825805664
2012-11-19,18.014999389648438,17.75,17.899999618530273,18.0049991607666,21389000.0,15.312691688537598
2012-11-20,18.309999465942383,17.950000762939453,17.979999542236328,18.280000686645508,22119200.0,15.5465726852417
2012-11-21,18.325000762939453,18.1299991607666,18.325000762939453,18.2450008392334,11961800.0,15.516797065734863
2012-11-23,18.454999923706055,18.280000686645508,18.3799991607666,18.454999923706055,7324200.0,15.695401191711426
2012-11-26,18.415000915527344,18.264999389648438,18.344999313354492,18.315000534057617,14208200.0,15.576340675354004
2012-11-27,18.325000762939453,18.125,18.219999313354492,18.145000457763672,17178200.0,15.43175983428955
2012-11-28,18.354999542236328,17.950000762939453,18.1299991607666,18.329999923706055,26547800.0,15.589093208312988
2012-11-29,18.450000762939453,18.21500015258789,18.350000381469727,18.43000030517578,22985600.0,15.674140930175781
2012-11-30,18.635000228881836,18.3799991607666,18.434999465942383,18.600000381469727,23400200.0,15.818717002868652
2012-12-03,18.704999923706055,18.489999771118164,18.684999465942383,18.540000915527344,16825000.0,15.767691612243652
2012-12-04,18.625,18.485000610351562,18.530000686645508,18.600000381469727,20603200.0,15.818717002868652
2012-12-05,18.645000457763672,18.350000381469727,18.600000381469727,18.440000534057617,22759000.0,15.682646751403809
2012-12-06,18.614999771118164,18.405000686645508,18.459999084472656,18.56999969482422,16524400.0,15.793205261230469
2012-12-07,18.665000915527344,18.40999984741211,18.625,18.514999389648438,23660400.0,15.74642562866211
2012-12-10,18.770000457763672,18.450000762939453,18.475000381469727,18.625,18474200.0,15.83997631072998
2012-12-11,18.774999618530273,18.614999771118164,18.735000610351562,18.700000762939453,23422400.0,15.903765678405762
2012-12-12,18.8799991607666,18.65999984741211,18.770000457763672,18.709999084472656,19773200.0,15.912271499633789
2012-12-13,18.780000686645508,18.34000015258789,18.709999084472656,18.469999313354492,21327000.0,15.708158493041992
2012-12-14,18.450000762939453,18.21500015258789,18.424999237060547,18.270000457763672,24665400.0,15.538057327270508
2012-12-17,18.78499984741211,18.260000228881836,18.360000610351562,18.770000457763672,30059800.0,15.96329116821289
2012-12-18,19.075000762939453,18.639999389648438,18.854999542236328,19.024999618530273,27629800.0,16.18016815185547
2012-12-19,19.094999313354492,18.94499969482422,19.030000686645508,19.0049991607666,27300800.0,16.16315269470215
2012-12-20,19.110000610351562,18.924999237060547,19.024999618530273,19.045000076293945,23073600.0,16.19717788696289
2012-12-21,18.829999923706055,18.5049991607666,18.815000534057617,18.614999771118164,52317600.0,15.831476211547852
2012-12-24,18.729999542236328,18.549999237060547,18.55500030517578,18.68000030517578,6787200.0,15.886756896972656
2012-12-26,18.700000762939453,18.450000762939453,18.635000228881836,18.649999618530273,17323000.0,15.861244201660156
2012-12-27,18.68000030517578,18.19499969482422,18.665000915527344,18.4950008392334,26906400.0,15.729424476623535
2012-12-28,18.4950008392334,18.260000228881836,18.334999084472656,18.270000457763672,15174800.0,15.606830596923828
2012-12-31,18.700000762939453,18.149999618530273,18.200000762939453,18.68000030517578,26815200.0,15.957074165344238
2013-01-02,19.28499984741211,19.024999618530273,19.024999618530273,19.260000228881836,35246400.0,16.45252227783203
2013-01-03,19.290000915527344,18.989999771118164,19.2450008392334,19.045000076293945,22807600.0,16.26886749267578
2013-01-04,19.145000457763672,18.950000762939453,19.100000381469727,19.03499984741211,19035000.0,16.26032066345215
2013-01-07,19.020000457763672,18.825000762939453,18.924999237060547,18.950000762939453,19034000.0,16.187721252441406
2013-01-08,19.079999923706055,18.604999542236328,18.860000610351562,19.079999923706055,33510400.0,16.29876708984375
2013-01-09,19.274999618530273,19.059999465942383,19.125,19.209999084472656,19628000.0,16.40981101989746
2013-01-10,19.3799991607666,19.125,19.325000762939453,19.25,20995600.0,16.443986892700195
2013-01-11,19.290000915527344,19.139999389648438,19.19499969482422,19.229999542236328,13955600.0,16.42690086364746
2013-01-14,19.46500015258789,19.235000610351562,19.25,19.459999084472656,17253800.0,16.623369216918945
2013-01-15,19.610000610351562,19.354999542236328,19.434999465942383,19.600000381469727,24884200.0,16.74296760559082
2013-01-16,19.645000457763672,19.489999771118164,19.530000686645508,19.59000015258789,17708800.0,16.734426498413086
2013-01-17,20.020000457763672,19.610000610351562,19.670000076293945,19.975000381469727,22206600.0,17.063304901123047
2013-01-18,20.139999389648438,19.8700008392334,19.959999084472656,20.135000228881836,23543400.0,17.199981689453125
2013-01-22,20.125,19.799999237060547,20.09000015258789,19.905000686645508,27084600.0,17.003507614135742
2013-01-23,20.059999465942383,19.899999618530273,19.94499969482422,20.0,19079800.0,17.084657669067383
2013-01-24,20.125,19.78499984741211,20.110000610351562,19.790000915527344,25238600.0,16.905269622802734
2013-01-25,19.959999084472656,19.75,19.959999084472656,19.8799991607666,20791000.0,16.98215103149414
2013-01-28,19.954999923706055,19.7549991607666,19.950000762939453,19.78499984741211,19535000.0,16.901004791259766
2013-01-29,19.795000076293945,19.475000381469727,19.795000076293945,19.55500030517578,29795800.0,16.70452880859375
2013-01-30,19.670000076293945,19.43000030517578,19.639999389648438,19.514999389648438,30076200.0,16.670358657836914
2013-01-31,19.46500015258789,18.94499969482422,19.25,19.040000915527344,50031400.0,16.264596939086914
2013-02-01,19.309999465942383,19.065000534057617,19.200000762939453,19.299999237060547,30707200.0,16.486696243286133
2013-02-04,19.2549991607666,18.905000686645508,19.225000381469727,19.094999313354492,32342600.0,16.311582565307617
2013-02-05,19.735000610351562,19.110000610351562,19.239999771118164,19.6200008392334,32715000.0,16.760055541992188
2013-02-06,19.575000762939453,19.299999237060547,19.559999465942383,19.364999771118164,22999600.0,16.542219161987305
2013-02-07,19.3700008392334,19.040000915527344,19.334999084472656,19.309999465942383,26062600.0,16.4952392578125
2013-02-08,19.440000534057617,19.274999618530273,19.344999313354492,19.375,30787000.0,16.550764083862305
2013-02-11,19.385000228881836,19.19499969482422,19.364999771118164,19.31999969482422,14686400.0,16.503782272338867
2013-02-12,19.514999389648438,19.155000686645508,19.299999237060547,19.485000610351562,34855600.0,16.644729614257812
2013-02-13,21.0,19.920000076293945,20.934999465942383,20.065000534057617,114136600.0,17.140188217163086
2013-02-14,20.34000015258789,19.950000762939453,20.19499969482422,20.170000076293945,43627400.0,17.229877471923828
2013-02-15,20.6299991607666,20.135000228881836,20.135000228881836,20.6200008392334,39906000.0,17.61428451538086
2013-02-19,20.78499984741211,20.600000381469727,20.635000228881836,20.725000381469727,34180800.0,17.703981399536133
2013-02-20,20.864999771118164,20.459999084472656,20.760000228881836,20.475000381469727,31255800.0,17.49042510986328
2013-02-21,20.415000915527344,19.979999542236328,20.360000610351562,20.040000915527344,26115800.0,17.11882209777832
2013-02-22,20.045000076293945,19.815000534057617,19.90999984741211,19.954999923706055,28505600.0,17.046220779418945
2013-02-25,20.15999984741211,19.665000915527344,20.030000686645508,19.704999923706055,36091200.0,16.83266258239746
2013-02-26,19.885000228881836,19.725000381469727,19.760000228881836,19.844999313354492,25640200.0,16.952253341674805
2013-02-27,20.165000915527344,19.725000381469727,19.885000228881836,20.075000762939453,18656200.0,17.148725509643555
2013-02-28,20.190000534057617,19.895000457763672,20.03499984741211,19.895000457763672,24696600.0,16.994964599609375
2013-03-01,20.030000686645508,19.729999542236328,19.860000610351562,20.014999389648438,24473600.0,17.09746742248535
2013-03-04,20.239999771118164,19.815000534057617,19.934999465942383,20.190000534057617,19551400.0,17.246959686279297
2013-03-05,20.520000457763672,20.315000534057617,20.350000381469727,20.475000381469727,24707800.0,17.49042510986328
2013-03-06,20.655000686645508,20.360000610351562,20.575000762939453,20.424999237060547,15663800.0,17.447711944580078
2013-03-07,20.4950008392334,20.30500030517578,20.415000915527344,20.309999465942383,13348200.0,17.349468231201172
2013-03-08,20.584999084472656,20.235000610351562,20.43000030517578,20.5,22782600.0,17.51177406311035
2013-03-11,20.56999969482422,20.360000610351562,20.415000915527344,20.565000534057617,16923800.0,17.56730079650879
2013-03-12,20.53499984741211,20.2549991607666,20.53499984741211,20.360000610351562,28815200.0,17.392189025878906
2013-03-13,20.40999984741211,20.165000915527344,20.395000457763672,20.295000076293945,17323800.0,17.336658477783203
2013-03-14,20.6200008392334,20.280000686645508,20.395000457763672,20.579999923706055,28377200.0,17.58011817932129
2013-03-15,20.6200008392334,20.295000076293945,20.434999465942383,20.354999542236328,35299600.0,17.387908935546875
2013-03-18,20.25,19.924999237060547,20.125,20.184999465942383,26053800.0,17.242691040039062
2013-03-19,20.219999313354492,19.764999389648438,20.174999237060547,20.065000534057617,32476200.0,17.140188217163086
2013-03-20,20.545000076293945,20.225000381469727,20.2549991607666,20.489999771118164,25300200.0,17.503232955932617
2013-03-21,20.450000762939453,20.079999923706055,20.385000228881836,20.200000762939453,24035800.0,17.255504608154297
2013-03-22,20.614999771118164,20.2549991607666,20.31999969482422,20.610000610351562,19189800.0,17.605745315551758
2013-03-25,20.90999984741211,20.635000228881836,20.709999084472656,20.860000610351562,43688200.0,17.819297790527344
2013-03-26,21.0,20.655000686645508,20.959999084472656,20.735000610351562,25929800.0,17.712520599365234
2013-03-27,20.8799991607666,20.575000762939453,20.645000457763672,20.875,22330400.0,17.832111358642578
2013-03-28,21.0049991607666,20.760000228881836,20.834999084472656,20.989999771118164,27182000.0,17.93034553527832
2013-04-01,21.030000686645508,20.540000915527344,20.729999542236328,20.690000534057617,20077600.0,17.756561279296875
2013-04-02,21.18000030517578,20.71500015258789,20.725000381469727,21.149999618530273,29034800.0,18.151342391967773
2013-04-03,21.30500030517578,20.774999618530273,21.139999389648438,20.90999984741211,25813800.0,17.94536781311035
2013-04-04,21.149999618530273,20.815000534057617,20.889999389648438,21.059999465942383,15531800.0,18.0741024017334
2013-04-05,20.81999969482422,20.46500015258789,20.69499969482422,20.780000686645508,27949600.0,17.833799362182617
2013-04-08,20.854999542236328,20.635000228881836,20.799999237060547,20.815000534057617,19046400.0,17.86383819580078
2013-04-09,20.90999984741211,20.459999084472656,20.815000534057617,20.639999389648438,23151600.0,17.71364974975586
2013-04-10,20.889999389648438,20.600000381469727,20.639999389648438,20.809999465942383,26478200.0,17.859540939331055
2013-04-11,20.979999542236328,20.825000762939453,20.899999618530273,20.905000686645508,26442400.0,17.941076278686523
2013-04-12,21.059999465942383,20.885000228881836,20.934999465942383,21.0,33938400.0,18.02260971069336
2013-04-15,20.934999465942383,20.549999237060547,20.934999465942383,20.575000762939453,27089000.0,17.657867431640625
2013-04-16,20.815000534057617,20.6200008392334,20.739999771118164,20.704999923706055,32861800.0,17.769433975219727
2013-04-17,20.639999389648438,20.264999389648438,20.559999465942383,20.309999465942383,36055600.0,17.430437088012695
2013-04-18,20.3799991607666,19.975000381469727,20.360000610351562,19.9950008392334,32357600.0,17.160097122192383
2013-04-19,20.30500030517578,19.829999923706055,19.93000030517578,20.280000686645508,29289800.0,17.404691696166992
2013-04-22,20.309999465942383,20.125,20.2450008392334,20.235000610351562,27501600.0,17.366071701049805
2013-04-23,20.46500015258789,20.139999389648438,20.389999389648438,20.450000762939453,23914000.0,17.55059242248535
2013-04-24,20.639999389648438,20.270000457763672,20.524999618530273,20.334999084472656,22903000.0,17.4518985748291
2013-04-25,20.510000228881836,20.30500030517578,20.3700008392334,20.375,24018600.0,17.486225128173828
2013-04-26,20.764999389648438,20.31999969482422,20.399999618530273,20.684999465942383,27520000.0,17.752273559570312
2013-04-29,20.844999313354492,20.639999389648438,20.809999465942383,20.7450008392334,16754000.0,17.803762435913086
2013-04-30,20.84000015258789,20.565000534057617,20.829999923706055,20.649999618530273,17755600.0,17.722238540649414
2013-05-01,21.235000610351562,20.829999923706055,20.989999771118164,20.93000030517578,26820400.0,17.96253204345703
2013-05-02,21.100000381469727,20.825000762939453,20.854999542236328,21.05500030517578,15547000.0,18.069814682006836
2013-05-03,21.375,21.06999969482422,21.06999969482422,21.270000457763672,15546600.0,18.254337310791016
2013-05-06,21.420000076293945,21.170000076293945,21.229999542236328,21.389999389648438,14482000.0,18.357315063476562
2013-05-07,21.625,21.415000915527344,21.485000610351562,21.524999618530273,18318000.0,18.473175048828125
2013-05-08,21.68000030517578,21.454999923706055,21.469999313354492,21.639999389648438,14363400.0,18.571866989135742
2013-05-09,21.645000457763672,21.375,21.584999084472656,21.479999542236328,15657600.0,18.434551239013672
2013-05-10,21.68000030517578,21.454999923706055,21.545000076293945,21.540000915527344,12767600.0,18.486042022705078
2013-05-13,21.600000381469727,21.28499984741211,21.540000915527344,21.594999313354492,19774400.0,18.533248901367188
2013-05-14,21.81999969482422,21.520000457763672,21.639999389648438,21.665000915527344,19843000.0,18.593324661254883
2013-05-15,21.8700008392334,21.485000610351562,21.725000381469727,21.864999771118164,15800000.0,18.764968872070312
2013-05-16,21.864999771118164,21.375,21.75,21.434999465942383,17765200.0,18.395938873291016
2013-05-17,21.594999313354492,21.084999084472656,21.584999084472656,21.31999969482422,29333000.0,18.297243118286133
2013-05-20,21.280000686645508,20.655000686645508,21.235000610351562,20.760000228881836,38054400.0,17.816640853881836
2013-05-21,21.204999923706055,20.770000457763672,20.80500030517578,21.114999771118164,25555600.0,18.121301651000977
2013-05-22,21.31999969482422,20.770000457763672,20.969999313354492,20.889999389648438,23459200.0,17.928205490112305
2013-05-23,20.934999465942383,20.684999465942383,20.795000076293945,20.90999984741211,21527000.0,17.94536781311035
2013-05-24,20.975000381469727,20.665000915527344,20.709999084472656,20.975000381469727,15468600.0,18.00115203857422
2013-05-28,21.239999771118164,20.760000228881836,21.125,20.90999984741211,16052600.0,17.94536781311035
2013-05-29,20.895000457763672,20.385000228881836,20.8799991607666,20.395000457763672,34549800.0,17.503387451171875
2013-05-30,20.625,20.450000762939453,20.459999084472656,20.475000381469727,14780600.0,17.57204818725586
2013-05-31,20.44499969482422,20.075000762939453,20.44499969482422,20.084999084472656,29007200.0,17.237335205078125
2013-06-03,20.229999542236328,19.7549991607666,20.125,20.229999542236328,23324000.0,17.361783981323242
2013-06-04,20.55500030517578,20.155000686645508,20.260000228881836,20.459999084472656,26716800.0,17.559171676635742
2013-06-05,20.485000610351562,20.030000686645508,20.479999542236328,20.094999313354492,26948600.0,17.245914459228516
2013-06-06,20.170000076293945,19.80500030517578,20.1299991607666,20.1200008392334,22329800.0,17.267377853393555
2013-06-07,20.639999389648438,20.165000915527344,20.260000228881836,20.59000015258789,24826200.0,17.670734405517578
2013-06-10,20.604999542236328,20.25,20.59000015258789,20.334999084472656,20579800.0,17.4518985748291
2013-06-11,20.290000915527344,19.96500015258789,20.235000610351562,20.079999923706055,19922800.0,17.233047485351562
2013-06-12,20.19499969482422,19.6299991607666,20.18000030517578,19.760000228881836,23780000.0,16.958415985107422
2013-06-13,19.950000762939453,19.454999923706055,19.700000762939453,19.875,24529000.0,17.057111740112305
2013-06-14,19.940000534057617,19.56999969482422,19.80500030517578,19.8700008392334,23925200.0,17.052820205688477
2013-06-17,20.290000915527344,19.850000381469727,20.084999084472656,20.040000915527344,19701800.0,17.198713302612305
2013-06-18,20.354999542236328,20.079999923706055,20.110000610351562,20.19499969482422,19207400.0,17.331741333007812
2013-06-19,20.40999984741211,20.065000534057617,20.2549991607666,20.104999542236328,23001000.0,17.254501342773438
2013-06-20,19.895000457763672,19.375,19.895000457763672,19.454999923706055,30334400.0,16.696659088134766
2013-06-21,19.90999984741211,19.44499969482422,19.610000610351562,19.885000228881836,46303000.0,17.065690994262695
2013-06-24,20.0,19.665000915527344,19.684999465942383,19.889999389648438,33677800.0,17.069982528686523
2013-06-25,20.165000915527344,19.844999313354492,20.014999389648438,20.084999084472656,27098600.0,17.237335205078125
2013-06-26,20.315000534057617,20.049999237060547,20.2450008392334,20.094999313354492,22123000.0,17.245914459228516
2013-06-27,20.434999465942383,20.1299991607666,20.274999618530273,20.149999618530273,26124200.0,17.293119430541992
2013-06-28,20.9950008392334,20.049999237060547,20.049999237060547,20.875,97296400.0,17.91533088684082
2013-07-01,20.96500015258789,20.315000534057617,20.94499969482422,20.329999923706055,28941600.0,17.529478073120117
2013-07-02,20.610000610351562,20.1299991607666,20.219999313354492,20.375,24751800.0,17.568273544311523
2013-07-03,20.639999389648438,20.204999923706055,20.209999084472656,20.575000762939453,13143800.0,17.740726470947266
2013-07-05,20.959999084472656,20.6200008392334,20.8799991607666,20.850000381469727,15595200.0,17.977842330932617
2013-07-08,21.2549991607666,20.920000076293945,20.975000381469727,21.204999923706055,23803200.0,18.28394317626953
2013-07-09,21.540000915527344,21.31999969482422,21.434999465942383,21.334999084472656,22541400.0,18.396032333374023
2013-07-10,21.514999389648438,21.239999771118164,21.354999542236328,21.454999923706055,17732000.0,18.49950408935547
2013-07-11,22.325000762939453,21.635000228881836,21.729999542236328,22.229999542236328,45031400.0,19.167741775512695
2013-07-12,22.350000381469727,22.045000076293945,22.21500015258789,22.34000015258789,21933400.0,19.262592315673828
2013-07-15,22.315000534057617,22.020000457763672,22.280000686645508,22.075000762939453,17892000.0,19.03409767150879
2013-07-16,22.170000076293945,21.875,22.079999923706055,21.9950008392334,17179800.0,18.965118408203125
2013-07-17,22.1200008392334,21.834999084472656,22.075000762939453,21.934999465942383,15149600.0,18.913381576538086
2013-07-18,22.315000534057617,22.020000457763672,22.024999618530273,22.170000076293945,19772000.0,19.11600685119629
2013-07-19,22.315000534057617,22.065000534057617,22.239999771118164,22.28499984741211,20092400.0,19.215166091918945
2013-07-22,22.725000381469727,22.2549991607666,22.635000228881836,22.46500015258789,20483400.0,19.37037467956543
2013-07-23,22.704999923706055,22.399999618530273,22.475000381469727,22.56999969482422,23682000.0,19.460906982421875
2013-07-24,22.815000534057617,22.31999969482422,22.56999969482422,22.479999542236328,19652000.0,19.38330841064453
2013-07-25,22.405000686645508,21.985000610351562,22.344999313354492,22.084999084472656,20787000.0,19.042715072631836
2013-07-26,21.950000762939453,21.704999923706055,21.905000686645508,21.864999771118164,27925600.0,18.853023529052734
2013-07-29,21.829999923706055,21.665000915527344,21.7450008392334,21.700000762939453,15990000.0,18.710758209228516
2013-07-30,21.75,21.329999923706055,21.645000457763672,21.354999542236328,26903400.0,18.41327476501465
2013-07-31,22.69499969482422,21.96500015258789,22.125,22.540000915527344,54094800.0,19.435041427612305
2013-08-01,23.165000915527344,22.844999313354492,22.885000228881836,22.920000076293945,28002400.0,19.762697219848633
2013-08-02,22.94499969482422,22.69499969482422,22.94499969482422,22.860000610351562,23239800.0,19.710962295532227
2013-08-05,22.979999542236328,22.770000457763672,22.770000457763672,22.815000534057617,15492400.0,19.672163009643555
2013-08-06,22.815000534057617,22.354999542236328,22.71500015258789,22.4950008392334,22526000.0,19.396242141723633
2013-08-07,22.655000686645508,22.315000534057617,22.385000228881836,22.59000015258789,18990200.0,19.478153228759766
2013-08-08,22.864999771118164,22.440000534057617,22.770000457763672,22.469999313354492,14754800.0,19.374685287475586
2013-08-09,22.549999237060547,22.270000457763672,22.389999389648438,22.309999465942383,12401400.0,19.236724853515625
2013-08-12,22.434999465942383,22.135000228881836,22.190000534057617,22.389999389648438,10171400.0,19.30570411682129
2013-08-13,22.5,22.165000915527344,22.329999923706055,22.424999237060547,13833600.0,19.33588409423828
2013-08-14,22.399999618530273,21.895000457763672,22.395000457763672,21.93000030517578,23288000.0,18.909069061279297
2013-08-15,21.850000381469727,21.309999465942383,21.844999313354492,21.5049991607666,24199200.0,18.542613983154297
2013-08-16,21.459999084472656,21.15999984741211,21.44499969482422,21.270000457763672,20840600.0,18.33999252319336
2013-08-19,21.3799991607666,21.059999465942383,21.290000915527344,21.094999313354492,13052800.0,18.1890926361084
2013-08-20,21.415000915527344,21.075000762939453,21.204999923706055,21.344999313354492,14121400.0,18.4046573638916
2013-08-21,21.235000610351562,20.65999984741211,21.229999542236328,20.915000915527344,28185000.0,18.033889770507812
2013-08-22,21.084999084472656,20.934999465942383,20.979999542236328,21.010000228881836,11381400.0,18.11579704284668
2013-08-23,21.075000762939453,20.760000228881836,21.0,20.93000030517578,15776400.0,18.046823501586914
2013-08-26,21.045000076293945,20.645000457763672,20.975000381469727,20.719999313354492,20618600.0,17.865751266479492
2013-08-27,21.094999313354492,20.530000686645508,20.584999084472656,20.899999618530273,23324000.0,18.020957946777344
2013-08-28,21.104999542236328,20.725000381469727,20.885000228881836,20.959999084472656,25488600.0,18.072690963745117
2013-08-29,21.354999542236328,20.860000610351562,20.90999984741211,21.219999313354492,19557600.0,18.296878814697266
2013-08-30,21.28499984741211,20.975000381469727,21.28499984741211,21.045000076293945,19866800.0,18.14597511291504
2013-09-03,21.579999923706055,21.225000381469727,21.30500030517578,21.3700008392334,18807400.0,18.42620849609375
2013-09-04,21.6200008392334,21.295000076293945,21.440000534057617,21.530000686645508,19782800.0,18.56416893005371
2013-09-05,21.600000381469727,21.15999984741211,21.489999771118164,21.270000457763672,20721200.0,18.33999252319336
2013-09-06,21.434999465942383,21.065000534057617,21.395000457763672,21.239999771118164,21006400.0,18.314119338989258
2013-09-09,21.350000381469727,21.045000076293945,21.280000686645508,21.149999618530273,22559800.0,18.23651885986328
2013-09-10,21.420000076293945,21.204999923706055,21.225000381469727,21.420000076293945,21793800.0,18.469324111938477
2013-09-11,21.94499969482422,21.364999771118164,21.364999771118164,21.899999618530273,21005600.0,18.88319969177246
2013-09-12,21.96500015258789,21.704999923706055,21.924999237060547,21.7450008392334,14165200.0,18.749557495117188
2013-09-13,22.065000534057617,21.770000457763672,21.825000762939453,21.985000610351562,14228200.0,18.956499099731445
2013-09-16,22.344999313354492,22.114999771118164,22.295000076293945,22.209999084472656,17037400.0,19.150501251220703
2013-09-17,22.385000228881836,22.200000762939453,22.28499984741211,22.225000381469727,14553600.0,19.163429260253906
2013-09-18,22.270000457763672,21.924999237060547,22.25,22.135000228881836,25128400.0,19.085830688476562
2013-09-19,22.389999389648438,22.114999771118164,22.2549991607666,22.204999923706055,15730600.0,19.146188735961914
2013-09-20,22.40999984741211,22.165000915527344,22.235000610351562,22.200000762939453,26830800.0,19.14188003540039
2013-09-23,22.170000076293945,21.850000381469727,22.040000915527344,21.969999313354492,15529400.0,18.94355583190918
2013-09-24,22.174999237060547,21.80500030517578,22.059999465942383,21.844999313354492,21769400.0,18.83577537536621
2013-09-25,21.924999237060547,21.600000381469727,21.895000457763672,21.625,19228400.0,18.646087646484375
2013-09-26,22.065000534057617,21.68000030517578,21.719999313354492,22.049999237060547,18696400.0,19.012537002563477
2013-09-27,22.434999465942383,21.969999313354492,22.010000228881836,22.3700008392334,21498200.0,19.288461685180664
2013-09-30,22.655000686645508,22.114999771118164,22.114999771118164,22.559999465942383,36443600.0,19.537443161010742
2013-10-01,22.8799991607666,22.520000457763672,22.575000762939453,22.80500030517578,25484800.0,19.749614715576172
2013-10-02,22.725000381469727,22.549999237060547,22.649999618530273,22.725000381469727,18978000.0,19.680330276489258
2013-10-03,22.649999618530273,22.309999465942383,22.575000762939453,22.5049991607666,19189400.0,19.489810943603516
2013-10-04,22.924999237060547,22.375,22.454999923706055,22.81999969482422,23118400.0,19.762605667114258
2013-10-07,22.94499969482422,22.524999618530273,22.565000534057617,22.549999237060547,16004000.0,19.528779983520508
2013-10-08,22.565000534057617,22.280000686645508,22.524999618530273,22.309999465942383,20546200.0,19.320934295654297
2013-10-09,22.584999084472656,22.045000076293945,22.420000076293945,22.165000915527344,19890000.0,19.195363998413086
2013-10-10,22.709999084472656,22.309999465942383,22.389999389648438,22.674999237060547,17469800.0,19.637033462524414
2013-10-11,23.114999771118164,22.559999465942383,22.579999923706055,23.030000686645508,19088000.0,19.944469451904297
2013-10-14,23.274999618530273,22.90999984741211,22.975000381469727,23.229999542236328,16153400.0,20.117673873901367
2013-10-15,23.434999465942383,23.024999618530273,23.225000381469727,23.19499969482422,19912200.0,20.087366104125977
2013-10-16,23.565000534057617,23.229999542236328,23.364999771118164,23.489999771118164,30406000.0,20.342836380004883
2013-10-17,23.75,23.389999389648438,23.44499969482422,23.735000610351562,19337800.0,20.555021286010742
2013-10-18,23.7450008392334,23.475000381469727,23.639999389648438,23.520000457763672,19960200.0,20.368820190429688
2013-10-21,23.549999237060547,23.415000915527344,23.454999923706055,23.545000076293945,14038400.0,20.390470504760742
2013-10-22,23.815000534057617,23.604999542236328,23.704999923706055,23.68000030517578,19499400.0,20.507381439208984
2013-10-23,23.815000534057617,23.399999618530273,23.565000534057617,23.479999542236328,17411600.0,20.334178924560547
2013-10-24,23.9950008392334,23.5049991607666,23.6299991607666,23.8799991607666,17553200.0,20.680585861206055
2013-10-25,24.094999313354492,23.81999969482422,23.979999542236328,24.084999084472656,18384800.0,20.858123779296875
2013-10-28,24.174999237060547,23.985000610351562,24.174999237060547,24.114999771118164,18805000.0,20.884105682373047
2013-10-29,24.114999771118164,23.770000457763672,24.100000381469727,23.854999542236328,26932600.0,20.6589412689209
2013-10-30,23.93000030517578,23.434999465942383,23.93000030517578,23.545000076293945,26895000.0,20.390470504760742
2013-10-31,24.104999542236328,23.290000915527344,23.290000915527344,23.799999237060547,31174200.0,20.611309051513672
2013-11-01,24.3799991607666,23.864999771118164,23.924999237060547,24.325000762939453,24863600.0,21.065969467163086
2013-11-04,24.450000762939453,24.0,24.334999084472656,24.09000015258789,14786800.0,20.862451553344727
2013-11-05,24.184999465942383,23.674999237060547,24.165000915527344,23.920000076293945,15553200.0,20.715232849121094
2013-11-06,24.104999542236328,23.829999923706055,23.940000534057617,23.905000686645508,14914800.0,20.70223617553711
2013-11-07,24.125,23.559999465942383,24.059999465942383,23.6200008392334,19181400.0,20.455421447753906
2013-11-08,24.1200008392334,23.454999923706055,23.670000076293945,24.09000015258789,20020200.0,20.862451553344727
2013-11-11,24.09000015258789,23.524999618530273,23.975000381469727,23.674999237060547,17896400.0,20.503053665161133
2013-11-12,23.670000076293945,23.290000915527344,23.65999984741211,23.489999771118164,16744600.0,20.342836380004883
2013-11-13,23.704999923706055,23.309999465942383,23.424999237060547,23.69499969482422,14796600.0,20.52037811279297
2013-11-14,23.889999389648438,23.6200008392334,23.760000228881836,23.844999313354492,12836800.0,20.650283813476562
2013-11-15,23.9950008392334,23.700000762939453,23.8700008392334,23.864999771118164,20027400.0,20.667600631713867
2013-11-18,23.959999084472656,23.670000076293945,23.81999969482422,23.690000534057617,16773000.0,20.516042709350586
2013-11-19,23.78499984741211,23.549999237060547,23.670000076293945,23.729999542236328,12540600.0,20.55068588256836
2013-11-20,23.924999237060547,23.3799991607666,23.850000381469727,23.424999237060547,16696200.0,20.286548614501953
2013-11-21,23.854999542236328,23.459999084472656,23.56999969482422,23.725000381469727,14157200.0,20.546358108520508
2013-11-22,24.975000381469727,23.7450008392334,23.7450008392334,24.760000228881836,54354000.0,21.442689895629883
2013-11-25,25.375,24.670000076293945,24.739999771118164,24.954999923706055,35668600.0,21.611560821533203
2013-11-26,25.145000457763672,24.780000686645508,25.020000457763672,24.889999389648438,25052400.0,21.555265426635742
2013-11-27,25.010000228881836,24.670000076293945,24.825000762939453,24.889999389648438,16559600.0,21.555265426635742
2013-11-29,25.075000762939453,24.829999923706055,24.864999771118164,24.934999465942383,11199200.0,21.594240188598633
2013-12-02,24.950000762939453,24.53499984741211,24.90999984741211,24.559999465942383,22818600.0,21.269481658935547
2013-12-03,24.674999237060547,24.1200008392334,24.635000228881836,24.385000228881836,22124600.0,21.11793327331543
2013-12-04,24.625,24.125,24.354999542236328,24.440000534057617,19376400.0,21.165557861328125
2013-12-05,24.545000076293945,24.104999542236328,24.334999084472656,24.540000915527344,21093800.0,21.252164840698242
2013-12-06,24.80500030517578,24.44499969482422,24.7450008392334,24.635000228881836,21817200.0,21.334436416625977
2013-12-09,24.760000228881836,24.459999084472656,24.719999313354492,24.56999969482422,14867000.0,21.278146743774414
2013-12-10,24.78499984741211,24.55500030517578,24.6200008392334,24.69499969482422,19057400.0,21.386396408081055
2013-12-11,24.69499969482422,24.325000762939453,24.655000686645508,24.329999923706055,19972000.0,21.07029914855957
2013-12-12,24.579999923706055,24.25,24.260000228881836,24.334999084472656,15404400.0,21.074630737304688
2013-12-13,24.735000610351562,24.344999313354492,24.43000030517578,24.5049991607666,22730600.0,21.22184944152832
2013-12-16,24.809999465942383,24.479999542236328,24.719999313354492,24.6200008392334,19437600.0,21.321441650390625
2013-12-17,24.80500030517578,24.3700008392334,24.80500030517578,24.524999618530273,14588200.0,21.239171981811523
2013-12-18,25.149999618530273,24.350000381469727,24.6299991607666,25.135000228881836,24603200.0,21.767446517944336
2013-12-19,25.405000686645508,24.989999771118164,25.1200008392334,25.389999389648438,21741400.0,21.988283157348633
2013-12-20,25.649999618530273,25.309999465942383,25.334999084472656,25.469999313354492,33617400.0,22.05756187438965
2013-12-23,25.725000381469727,25.440000534057617,25.5,25.4950008392334,15729600.0,22.07921600341797
2013-12-24,25.645000457763672,25.360000610351562,25.454999923706055,25.639999389648438,6370800.0,22.204784393310547
2013-12-26,25.770000457763672,25.59000015258789,25.59000015258789,25.7549991607666,8146600.0,22.304372787475586
2013-12-27,25.899999618530273,25.65999984741211,25.8700008392334,25.895000457763672,11208400.0,22.42561912536621
2013-12-30,26.010000228881836,25.774999618530273,25.780000686645508,25.934999465942383,11175400.0,22.545150756835938
2013-12-31,26.045000076293945,25.854999542236328,25.940000534057617,25.985000610351562,18645400.0,22.58861541748047
2014-01-02,25.950000762939453,25.635000228881836,25.899999618530273,25.725000381469727,19522400.0,22.362606048583984
2014-01-03,25.854999542236328,25.424999237060547,25.815000534057617,25.53499984741211,13371400.0,22.197429656982422
2014-01-06,25.809999465942383,25.334999084472656,25.565000534057617,25.510000228881836,17987800.0,22.175703048706055
2014-01-07,26.600000381469727,25.55500030517578,25.670000076293945,26.415000915527344,37161400.0,22.962411880493164
2014-01-08,26.725000381469727,26.260000228881836,26.344999313354492,26.375,29731600.0,22.927640914916992
2014-01-09,26.584999084472656,26.155000686645508,26.450000762939453,26.440000534057617,20919200.0,22.98414421081543
2014-01-10,26.860000610351562,26.290000915527344,26.510000228881836,26.770000457763672,21307600.0,23.271015167236328
2014-01-13,26.844999313354492,26.0,26.7549991607666,26.079999923706055,23041800.0,22.671201705932617
2014-01-14,26.424999237060547,25.989999771118164,26.264999389648438,26.405000686645508,17588800.0,22.953718185424805
2014-01-15,27.325000762939453,26.584999084472656,26.625,27.03499984741211,29155000.0,23.501371383666992
2014-01-16,27.149999618530273,26.614999771118164,27.03499984741211,26.770000457763672,20263000.0,23.271015167236328
2014-01-17,26.829999923706055,26.540000915527344,26.65999984741211,26.770000457763672,24300800.0,23.271015167236328
2014-01-21,27.155000686645508,26.530000686645508,27.024999618530273,26.655000686645508,17160200.0,23.17104148864746
2014-01-22,26.889999389648438,26.5,26.635000228881836,26.8700008392334,16374800.0,23.357940673828125
2014-01-23,26.790000915527344,26.415000915527344,26.614999771118164,26.540000915527344,18490600.0,23.071073532104492
2014-01-24,26.440000534057617,26.09000015258789,26.360000610351562,26.200000762939453,28670400.0,22.775516510009766
2014-01-27,26.934999465942383,25.924999237060547,26.2549991607666,26.2450008392334,37906400.0,22.814626693725586
2014-01-28,27.065000534057617,26.405000686645508,27.0,26.674999237060547,33004600.0,23.188432693481445
2014-01-29,26.729999542236328,26.2549991607666,26.639999389648438,26.530000686645508,30432000.0,23.06238555908203
2014-01-30,27.174999237060547,26.489999771118164,26.655000686645508,27.094999313354492,28997600.0,23.553529739379883
2014-01-31,27.350000381469727,26.44499969482422,26.44499969482422,27.225000381469727,32120400.0,23.666540145874023
2014-02-03,27.479999542236328,26.264999389648438,27.3700008392334,26.385000228881836,38305400.0,22.93633270263672
2014-02-04,26.799999237060547,26.094999313354492,26.459999084472656,26.760000228881836,28050200.0,23.262319564819336
2014-02-05,26.829999923706055,26.415000915527344,26.549999237060547,26.690000534057617,18229000.0,23.20146942138672
2014-02-06,27.075000762939453,26.700000762939453,26.8700008392334,27.014999389648438,15802000.0,23.483983993530273
2014-02-07,27.415000915527344,27.094999313354492,27.190000534057617,27.31999969482422,19533200.0,23.749120712280273
2014-02-10,27.385000228881836,27.104999542236328,27.385000228881836,27.174999237060547,13889200.0,23.62307357788086
2014-02-11,27.524999618530273,27.139999389648438,27.155000686645508,27.5,15863800.0,23.905595779418945
2014-02-12,27.639999389648438,27.514999389648438,27.614999771118164,27.6200008392334,16028000.0,24.00991439819336
2014-02-13,27.145000457763672,26.385000228881836,26.760000228881836,26.485000610351562,166539600.0,23.02326202392578
2014-02-14,27.05500030517578,26.5,26.5049991607666,26.850000381469727,71649800.0,23.340551376342773
2014-02-18,26.985000610351562,26.594999313354492,26.979999542236328,26.764999389648438,40541400.0,23.26666259765625
2014-02-19,26.684999465942383,25.604999542236328,26.635000228881836,25.78499984741211,80405600.0,22.41475486755371
2014-02-20,26.06999969482422,25.665000915527344,25.889999389648438,25.8799991607666,51477200.0,22.497333526611328
2014-02-21,26.030000686645508,25.5,26.030000686645508,25.524999618530273,48104800.0,22.18874168395996
2014-02-24,25.93000030517578,25.565000534057617,25.860000610351562,25.575000762939453,32759800.0,22.232210159301758
2014-02-25,25.729999542236328,25.094999313354492,25.6299991607666,25.385000228881836,40828000.0,22.067033767700195
2014-02-26,25.459999084472656,25.100000381469727,25.459999084472656,25.34000015258789,30516400.0,22.027917861938477
2014-02-27,25.684999465942383,25.25,25.325000762939453,25.540000915527344,35472600.0,22.201786041259766
2014-02-28,26.040000915527344,25.559999465942383,25.649999618530273,25.844999313354492,38390000.0,22.466909408569336
2014-03-03,25.635000228881836,25.30500030517578,25.540000915527344,25.5,33500800.0,22.16700553894043
2014-03-04,25.795000076293945,25.614999771118164,25.700000762939453,25.68000030517578,25819600.0,22.32347869873047
2014-03-05,26.1299991607666,25.565000534057617,25.684999465942383,25.94499969482422,33179800.0,22.553848266601562
2014-03-06,26.15999984741211,25.915000915527344,26.059999465942383,26.05500030517578,25728400.0,22.64946937561035
2014-03-07,26.184999465942383,25.719999313354492,26.15999984741211,25.815000534057617,25983400.0,22.44083595275879
2014-03-10,25.94499969482422,25.655000686645508,25.834999084472656,25.760000228881836,19885000.0,22.393024444580078
2014-03-11,25.8799991607666,25.5,25.854999542236328,25.610000610351562,23851600.0,22.262632369995117
2014-03-12,25.594999313354492,25.30500030517578,25.5,25.489999771118164,22211000.0,22.15831184387207
2014-03-13,25.594999313354492,25.084999084472656,25.55500030517578,25.229999542236328,30253200.0,21.93229866027832
2014-03-14,25.395000457763672,25.09000015258789,25.15999984741211,25.31999969482422,31716000.0,22.01053237915039
2014-03-17,25.4950008392334,25.30500030517578,25.489999771118164,25.389999389648438,25698000.0,22.071386337280273
2014-03-18,25.364999771118164,24.985000610351562,25.364999771118164,25.110000610351562,32672400.0,21.827983856201172
2014-03-19,25.145000457763672,24.75,25.104999542236328,24.940000534057617,42753800.0,21.680206298828125
2014-03-20,25.475000381469727,24.950000762939453,25.0,25.30500030517578,30960200.0,21.997495651245117
2014-03-21,25.655000686645508,24.954999923706055,25.344999313354492,25.0,47988600.0,21.732358932495117
2014-03-24,25.25,24.665000915527344,25.125,25.149999618530273,36854000.0,21.862754821777344
2014-03-25,25.2450008392334,24.69499969482422,25.174999237060547,24.834999084472656,36882000.0,21.588926315307617
2014-03-26,25.18000030517578,24.78499984741211,24.8700008392334,24.809999465942383,38860400.0,21.56719398498535
2014-03-27,24.795000076293945,24.5,24.704999923706055,24.549999237060547,25188400.0,21.34117317199707
2014-03-28,24.920000076293945,24.5049991607666,24.69499969482422,24.780000686645508,31930800.0,21.541112899780273
2014-03-31,25.19499969482422,24.889999389648438,24.920000076293945,25.020000457763672,34758200.0,21.848939895629883
2014-04-01,25.190000534057617,24.815000534057617,25.170000076293945,24.96500015258789,27944000.0,21.80091094970703
2014-04-02,25.485000610351562,25.010000228881836,25.010000228881836,25.450000762939453,31894400.0,22.224441528320312
2014-04-03,25.655000686645508,25.364999771118164,25.3799991607666,25.559999465942383,28816400.0,22.320497512817383
2014-04-04,25.80500030517578,25.084999084472656,25.59000015258789,25.09000015258789,36551000.0,21.910072326660156
2014-04-07,25.104999542236328,24.31999969482422,25.05500030517578,24.540000915527344,43991200.0,21.429777145385742
2014-04-08,24.594999313354492,24.135000228881836,24.594999313354492,24.424999237060547,47068600.0,21.3293514251709
2014-04-09,24.94499969482422,24.334999084472656,24.389999389648438,24.895000457763672,40873600.0,21.739782333374023
2014-04-10,24.96500015258789,24.19499969482422,24.84000015258789,24.209999084472656,38223400.0,21.1415958404541
2014-04-11,24.350000381469727,23.954999923706055,24.084999084472656,23.979999542236328,34034400.0,20.940752029418945
2014-04-14,24.420000076293945,24.049999237060547,24.100000381469727,24.329999923706055,32360000.0,21.24639129638672
2014-04-15,24.475000381469727,23.8700008392334,24.375,24.204999923706055,35995400.0,21.137235641479492
2014-04-16,24.610000610351562,24.2450008392334,24.375,24.584999084472656,41936800.0,21.46906852722168
2014-04-17,24.75,24.375,24.479999542236328,24.549999237060547,30275600.0,21.438501358032227
2014-04-21,24.94499969482422,24.65999984741211,24.69499969482422,24.940000534057617,31705600.0,21.779077529907227
2014-04-22,25.809999465942383,25.25,25.295000076293945,25.415000915527344,73147600.0,22.19387435913086
2014-04-23,25.709999084472656,25.3700008392334,25.485000610351562,25.604999542236328,33427600.0,22.35979461669922
2014-04-24,25.96500015258789,25.565000534057617,25.674999237060547,25.684999465942383,33769200.0,22.42966079711914
2014-04-25,25.700000762939453,25.434999465942383,25.6299991607666,25.485000610351562,32738400.0,22.2550048828125
2014-04-28,25.905000686645508,25.385000228881836,25.764999389648438,25.850000381469727,43184000.0,22.573745727539062
2014-04-29,26.0,25.610000610351562,26.0,25.774999618530273,34263800.0,22.508249282836914
2014-04-30,25.9950008392334,25.65999984741211,25.764999389648438,25.8799991607666,30431600.0,22.59994125366211
2014-05-01,26.05500030517578,25.860000610351562,25.90999984741211,26.05500030517578,26996400.0,22.752758026123047
2014-05-02,26.209999084472656,25.84000015258789,26.209999084472656,26.014999389648438,26765400.0,22.717830657958984
2014-05-05,26.239999771118164,25.864999771118164,25.915000915527344,26.229999542236328,27093400.0,22.905582427978516
2014-05-06,26.165000915527344,25.799999237060547,26.049999237060547,25.905000686645508,32064200.0,22.621774673461914
2014-05-07,26.094999313354492,25.645000457763672,26.014999389648438,25.8700008392334,28597600.0,22.591211318969727
2014-05-08,25.8799991607666,25.389999389648438,25.825000762939453,25.549999237060547,37924600.0,22.311765670776367
2014-05-09,25.565000534057617,25.045000076293945,25.53499984741211,25.5,30732800.0,22.268104553222656
2014-05-12,25.604999542236328,25.235000610351562,25.55500030517578,25.325000762939453,29710600.0,22.115283966064453
2014-05-13,25.434999465942383,25.014999389648438,25.424999237060547,25.05500030517578,50113200.0,21.879499435424805
2014-05-14,25.125,24.84000015258789,25.084999084472656,24.915000915527344,31636000.0,21.757247924804688
2014-05-15,25.174999237060547,24.579999923706055,24.895000457763672,25.155000686645508,33025400.0,21.966829299926758
2014-05-16,25.155000686645508,24.920000076293945,25.110000610351562,25.094999313354492,25461800.0,21.914430618286133
2014-05-19,25.469999313354492,24.889999389648438,25.1200008392334,25.450000762939453,28002800.0,22.224441528320312
2014-05-20,25.469999313354492,25.219999313354492,25.395000457763672,25.325000762939453,24990000.0,22.115283966064453
2014-05-21,25.690000534057617,25.264999389648438,25.299999237060547,25.674999237060547,25162400.0,22.420921325683594
2014-05-22,25.9950008392334,25.6200008392334,25.635000228881836,25.850000381469727,22344800.0,22.573745727539062
2014-05-23,26.059999465942383,25.889999389648438,25.934999465942383,25.985000610351562,18252000.0,22.69163703918457
2014-05-27,26.139999389648438,25.924999237060547,26.03499984741211,26.030000686645508,18778800.0,22.730934143066406
2014-05-28,26.084999084472656,25.78499984741211,26.084999084472656,25.924999237060547,17307200.0,22.639230728149414
2014-05-29,26.09000015258789,25.889999389648438,26.030000686645508,26.03499984741211,18987200.0,22.73529624938965
2014-05-30,26.145000457763672,25.920000076293945,26.09000015258789,26.100000381469727,21663600.0,22.792062759399414
2014-06-02,26.3799991607666,26.040000915527344,26.05500030517578,26.280000686645508,20537000.0,22.949243545532227
2014-06-03,26.239999771118164,26.125,26.18000030517578,26.15999984741211,15600000.0,22.844451904296875
2014-06-04,26.204999923706055,25.969999313354492,26.139999389648438,26.145000457763672,27464800.0,22.831361770629883
2014-06-05,26.385000228881836,26.045000076293945,26.219999313354492,26.354999542236328,14681000.0,23.014741897583008
2014-06-06,26.5,26.19499969482422,26.459999084472656,26.454999923706055,18442000.0,23.10206413269043
2014-06-09,26.610000610351562,26.360000610351562,26.3799991607666,26.475000381469727,23375800.0,23.119529724121094
2014-06-10,26.53499984741211,26.260000228881836,26.475000381469727,26.440000534057617,20496200.0,23.08896827697754
2014-06-11,26.395000457763672,26.270000457763672,26.290000915527344,26.354999542236328,20246800.0,23.014741897583008
2014-06-12,26.395000457763672,26.204999923706055,26.25,26.334999084472656,19549400.0,22.99726676940918
2014-06-13,26.375,26.149999618530273,26.325000762939453,26.235000610351562,19548000.0,22.909948348999023
2014-06-16,26.239999771118164,26.05500030517578,26.190000534057617,26.174999237060547,14121200.0,22.857553482055664
2014-06-17,26.174999237060547,26.0,26.139999389648438,26.100000381469727,15988200.0,22.792062759399414
2014-06-18,26.385000228881836,25.9950008392334,26.135000228881836,26.329999923706055,19601800.0,22.99291229248047
2014-06-19,26.479999542236328,26.25,26.325000762939453,26.469999313354492,18794200.0,23.11516761779785
2014-06-20,26.635000228881836,26.299999237060547,26.635000228881836,26.3700008392334,34834600.0,23.02783966064453
2014-06-23,26.385000228881836,26.18000030517578,26.385000228881836,26.21500015258789,15939800.0,22.892488479614258
2014-06-24,26.5,26.1200008392334,26.219999313354492,26.31999969482422,23433800.0,22.984176635742188
2014-06-25,26.674999237060547,26.229999542236328,26.329999923706055,26.604999542236328,26891600.0,23.233057022094727
2014-06-26,26.81999969482422,26.524999618530273,26.59000015258789,26.799999237060547,18776200.0,23.403335571289062
2014-06-27,27.1299991607666,26.764999389648438,26.84000015258789,27.065000534057617,32415800.0,23.634754180908203
2014-06-30,26.950000762939453,26.78499984741211,26.950000762939453,26.84000015258789,31397800.0,23.536102294921875
2014-07-01,27.170000076293945,26.844999313354492,26.93000030517578,27.05500030517578,22481400.0,23.724637985229492
2014-07-02,27.299999237060547,27.020000457763672,27.100000381469727,27.280000686645508,18373800.0,23.921937942504883
2014-07-03,27.485000610351562,27.2549991607666,27.3700008392334,27.450000762939453,15269800.0,24.071014404296875
2014-07-07,27.375,26.93000030517578,27.274999618530273,27.09000015258789,22482800.0,23.755329132080078
2014-07-08,27.110000610351562,26.625,26.959999084472656,26.655000686645508,29228400.0,23.37387466430664
2014-07-09,27.3700008392334,26.704999923706055,26.780000686645508,27.364999771118164,31708000.0,23.996471405029297
2014-07-10,27.389999389648438,27.040000915527344,27.15999984741211,27.18000030517578,20308600.0,23.83424949645996
2014-07-11,27.31999969482422,27.084999084472656,27.155000686645508,27.274999618530273,14109000.0,23.91755485534668
2014-07-14,27.625,27.184999465942383,27.395000457763672,27.524999618530273,27396400.0,24.136775970458984
2014-07-15,27.584999084472656,27.295000076293945,27.43000030517578,27.44499969482422,19715400.0,24.06662940979004
2014-07-16,27.764999389648438,27.440000534057617,27.55500030517578,27.524999618530273,37157800.0,24.136775970458984
2014-07-17,27.579999923706055,27.049999237060547,27.264999389648438,27.100000381469727,30709000.0,23.764095306396484
2014-07-18,27.3700008392334,27.110000610351562,27.3700008392334,27.270000457763672,23198000.0,23.913169860839844
2014-07-21,27.229999542236328,26.75,27.059999465942383,26.90999984741211,35370000.0,23.597488403320312
2014-07-22,27.6200008392334,27.110000610351562,27.375,27.315000534057617,31778200.0,23.952632904052734
2014-07-23,27.5,27.125,27.264999389648438,27.354999542236328,26711800.0,23.987707138061523
2014-07-24,27.625,27.354999542236328,27.479999542236328,27.565000534057617,26207600.0,24.17186164855957
2014-07-25,27.604999542236328,27.114999771118164,27.56999969482422,27.19499969482422,19935400.0,23.84739875793457
2014-07-28,27.40999984741211,27.045000076293945,27.260000228881836,27.364999771118164,17571600.0,23.996471405029297
2014-07-29,28.2450008392334,27.469999313354492,27.645000457763672,27.4950008392334,36491800.0,24.1104736328125
2014-07-30,27.725000381469727,27.459999084472656,27.594999313354492,27.704999923706055,25923000.0,24.294618606567383
2014-07-31,27.524999618530273,26.815000534057617,27.4950008392334,26.864999771118164,30526800.0,23.558021545410156
2014-08-01,26.940000534057617,26.575000762939453,26.770000457763672,26.69499969482422,19903400.0,23.40894889831543
2014-08-04,27.040000915527344,26.700000762939453,26.700000762939453,26.924999237060547,21853200.0,23.61063575744629
2014-08-05,26.93000030517578,26.454999923706055,26.93000030517578,26.59000015258789,27339000.0,23.316875457763672
2014-08-06,26.700000762939453,26.395000457763672,26.485000610351562,26.450000762939453,20069000.0,23.194110870361328
2014-08-07,26.594999313354492,26.260000228881836,26.55500030517578,26.34000015258789,23479200.0,23.09764862060547
2014-08-08,26.780000686645508,26.344999313354492,26.344999313354492,26.75,23684600.0,23.457178115844727
2014-08-11,27.09000015258789,26.770000457763672,26.790000915527344,26.875,15617000.0,23.56679344177246
2014-08-12,27.065000534057617,26.795000076293945,26.795000076293945,26.899999618530273,16614800.0,23.588714599609375
2014-08-13,27.184999465942383,26.959999084472656,27.045000076293945,27.05500030517578,18251800.0,23.724637985229492
2014-08-14,27.209999084472656,27.040000915527344,27.094999313354492,27.184999465942383,13077200.0,23.838632583618164
2014-08-15,27.44499969482422,27.075000762939453,27.399999618530273,27.315000534057617,21415200.0,23.952632904052734
2014-08-18,27.549999237060547,27.239999771118164,27.485000610351562,27.364999771118164,15186400.0,23.996471405029297
2014-08-19,27.44499969482422,27.204999923706055,27.344999313354492,27.25,14694200.0,23.895633697509766
2014-08-20,27.395000457763672,27.155000686645508,27.155000686645508,27.31999969482422,14677400.0,23.95701789855957
2014-08-21,27.415000915527344,27.174999237060547,27.31999969482422,27.219999313354492,14949200.0,23.86932373046875
2014-08-22,27.295000076293945,26.959999084472656,27.135000228881836,27.09000015258789,16289200.0,23.755329132080078
2014-08-25,27.364999771118164,27.100000381469727,27.174999237060547,27.325000762939453,18832400.0,23.961400985717773
2014-08-26,27.375,27.165000915527344,27.375,27.280000686645508,18480200.0,23.921937942504883
2014-08-27,27.450000762939453,27.18000030517578,27.344999313354492,27.280000686645508,16269400.0,23.921937942504883
2014-08-28,27.329999923706055,27.139999389648438,27.15999984741211,27.260000228881836,11142200.0,23.904399871826172
2014-08-29,27.46500015258789,27.21500015258789,27.440000534057617,27.360000610351562,13517200.0,23.992094039916992
2014-09-02,27.485000610351562,27.174999237060547,27.354999542236328,27.389999389648438,19070200.0,24.018396377563477
2014-09-03,27.524999618530273,27.309999465942383,27.3700008392334,27.434999465942383,17900200.0,24.057859420776367
2014-09-04,27.69499969482422,27.415000915527344,27.6200008392334,27.440000534057617,26368800.0,24.062244415283203
2014-09-05,27.895000457763672,27.434999465942383,27.5,27.850000381469727,28405400.0,24.42177391052246
2014-09-08,28.0,27.709999084472656,27.7549991607666,27.940000534057617,23610800.0,24.50069808959961
2014-09-09,28.385000228881836,27.81999969482422,27.8700008392334,28.30500030517578,40113000.0,24.82076644897461
2014-09-10,28.524999618530273,28.020000457763672,28.270000457763672,28.454999923706055,27078000.0,24.952302932739258
2014-09-11,28.565000534057617,28.280000686645508,28.434999465942383,28.489999771118164,19394000.0,24.98299217224121
2014-09-12,28.56999969482422,28.334999084472656,28.450000762939453,28.540000915527344,22575600.0,25.026840209960938
2014-09-15,28.7450008392334,28.440000534057617,28.579999923706055,28.510000228881836,26096200.0,25.000534057617188
2014-09-16,28.635000228881836,28.389999389648438,28.530000686645508,28.614999771118164,18240800.0,25.092605590820312
2014-09-17,28.684999465942383,28.405000686645508,28.6200008392334,28.545000076293945,20101800.0,25.031225204467773
2014-09-18,28.68000030517578,28.364999771118164,28.549999237060547,28.424999237060547,29141200.0,24.926000595092773
2014-09-19,28.635000228881836,28.25,28.6299991607666,28.3700008392334,41755200.0,24.877763748168945
2014-09-22,28.344999313354492,27.69499969482422,28.274999618530273,27.93000030517578,29860000.0,24.49193000793457
2014-09-23,27.9950008392334,27.475000381469727,27.9950008392334,27.485000610351562,26622000.0,24.101713180541992
2014-09-24,27.56999969482422,27.06999969482422,27.565000534057617,27.43000030517578,32200200.0,24.053476333618164
2014-09-25,27.420000076293945,26.8799991607666,27.40999984741211,26.969999313354492,27724200.0,23.65009880065918
2014-09-26,27.139999389648438,26.844999313354492,26.889999389648438,27.1200008392334,21072400.0,23.781639099121094
2014-09-29,27.165000915527344,26.704999923706055,26.834999084472656,27.079999923706055,24694600.0,23.84547233581543
2014-09-30,27.2450008392334,26.84000015258789,27.114999771118164,26.889999389648438,29437000.0,23.678173065185547
2014-10-01,26.864999771118164,26.375,26.844999313354492,26.46500015258789,31960000.0,23.303930282592773
2014-10-02,26.485000610351562,25.81999969482422,26.415000915527344,26.420000076293945,36106400.0,23.26430892944336
2014-10-03,27.020000457763672,26.440000534057617,26.440000534057617,26.825000762939453,29002800.0,23.620935440063477
2014-10-06,26.950000762939453,26.625,26.8700008392334,26.69499969482422,16436600.0,23.50646209716797
2014-10-07,26.760000228881836,26.315000534057617,26.59000015258789,26.610000610351562,24809000.0,23.43161392211914
2014-10-08,27.604999542236328,26.565000534057617,26.69499969482422,27.385000228881836,45371600.0,24.114046096801758
2014-10-09,27.389999389648438,26.645000457763672,27.385000228881836,26.65999984741211,37937000.0,23.475643157958984
2014-10-10,26.93000030517578,26.295000076293945,26.71500015258789,26.309999465942383,55154800.0,23.16744613647461
2014-10-13,26.514999389648438,25.78499984741211,26.165000915527344,25.81999969482422,44243400.0,22.735979080200195
2014-10-14,26.174999237060547,25.68000030517578,26.024999618530273,25.735000610351562,53808600.0,22.661128997802734
2014-10-15,25.639999389648438,24.665000915527344,25.3799991607666,25.424999237060547,82495000.0,22.388153076171875
2014-10-16,25.1299991607666,24.764999389648438,25.049999237060547,24.795000076293945,89564800.0,21.83340072631836
2014-10-17,25.75,24.989999771118164,24.989999771118164,25.34000015258789,58475800.0,22.313308715820312
2014-10-20,25.729999542236328,25.114999771118164,25.34000015258789,25.649999618530273,28391000.0,22.58627700805664
2014-10-21,26.389999389648438,25.809999465942383,25.84000015258789,26.094999313354492,56237000.0,22.97812843322754
2014-10-22,26.299999237060547,25.674999237060547,26.094999313354492,25.7450008392334,44764200.0,22.66992950439453
2014-10-23,26.760000228881836,25.954999923706055,26.09000015258789,26.610000610351562,43760400.0,23.43161392211914
2014-10-24,27.334999084472656,26.71500015258789,26.844999313354492,27.1299991607666,44809800.0,23.889501571655273
2014-10-27,27.270000457763672,26.90999984741211,27.104999542236328,27.024999618530273,26566400.0,23.797040939331055
2014-10-28,27.524999618530273,27.075000762939453,27.075000762939453,27.364999771118164,29059200.0,24.096433639526367
2014-10-29,27.46500015258789,27.174999237060547,27.295000076293945,27.450000762939453,33287400.0,24.171279907226562
2014-10-30,27.450000762939453,27.040000915527344,27.209999084472656,27.174999237060547,26433400.0,23.929128646850586
2014-10-31,27.844999313354492,27.3799991607666,27.844999313354492,27.674999237060547,35385800.0,24.369401931762695
2014-11-03,27.905000686645508,27.6299991607666,27.6299991607666,27.799999237060547,23589600.0,24.479476928710938
2014-11-04,27.864999771118164,27.100000381469727,27.809999465942383,27.315000534057617,27244000.0,24.05240821838379
2014-11-05,27.6200008392334,27.229999542236328,27.434999465942383,27.545000076293945,18835800.0,24.254934310913086
2014-11-06,27.725000381469727,27.299999237060547,27.635000228881836,27.690000534057617,20029200.0,24.382614135742188
2014-11-07,27.725000381469727,27.200000762939453,27.725000381469727,27.575000762939453,35044400.0,24.281347274780273
2014-11-10,27.625,25.895000457763672,27.6200008392334,26.475000381469727,132254000.0,23.312742233276367
2014-11-11,26.545000076293945,25.780000686645508,26.440000534057617,26.479999542236328,77970600.0,23.317142486572266
2014-11-12,26.9950008392334,26.440000534057617,26.5,26.799999237060547,57806400.0,23.59891700744629
2014-11-13,27.30500030517578,26.704999923706055,26.850000381469727,27.149999618530273,41505600.0,23.907114028930664
2014-11-14,27.239999771118164,26.885000228881836,27.239999771118164,27.049999237060547,20037200.0,23.819055557250977
2014-11-17,27.174999237060547,26.844999313354492,27.0049991607666,27.075000762939453,26111400.0,23.841073989868164
2014-11-18,27.290000915527344,26.885000228881836,27.100000381469727,27.209999084472656,27635600.0,23.959943771362305
2014-11-19,27.204999923706055,26.954999923706055,27.165000915527344,27.190000534057617,33381000.0,23.942338943481445
2014-11-20,27.235000610351562,27.024999618530273,27.184999465942383,27.190000534057617,18481000.0,23.942338943481445
2014-11-21,27.594999313354492,26.93000030517578,27.424999237060547,27.040000915527344,37783800.0,23.810253143310547
2014-11-24,27.520000457763672,27.1299991607666,27.15999984741211,27.510000228881836,25826000.0,24.22411346435547
2014-11-25,28.344999313354492,27.700000762939453,27.81999969482422,28.309999465942383,35094800.0,24.92856216430664
2014-11-26,28.454999923706055,28.225000381469727,28.385000228881836,28.43000030517578,18401600.0,25.034223556518555
2014-11-28,28.639999389648438,28.389999389648438,28.639999389648438,28.520000457763672,11071000.0,25.113473892211914
2014-12-01,28.485000610351562,28.139999389648438,28.485000610351562,28.299999237060547,23172200.0,24.919757843017578
2014-12-02,28.579999923706055,28.149999618530273,28.2450008392334,28.510000228881836,19869000.0,25.10466957092285
2014-12-03,28.625,28.260000228881836,28.530000686645508,28.56999969482422,20754200.0,25.157508850097656
2014-12-04,28.614999771118164,28.049999237060547,28.424999237060547,28.190000534057617,30072400.0,24.822887420654297
2014-12-05,28.364999771118164,28.084999084472656,28.155000686645508,28.170000076293945,16007400.0,24.805282592773438
2014-12-08,28.344999313354492,28.010000228881836,28.139999389648438,28.18000030517578,19142600.0,24.814088821411133
2014-12-09,28.274999618530273,27.825000762939453,27.969999313354492,28.094999313354492,20381600.0,24.739238739013672
2014-12-10,28.170000076293945,27.65999984741211,28.010000228881836,27.78499984741211,24384000.0,24.466270446777344
2014-12-11,28.225000381469727,27.739999771118164,27.864999771118164,27.950000762939453,20965400.0,24.611562728881836
2014-12-12,27.989999771118164,27.489999771118164,27.5,27.674999237060547,22725600.0,24.369401931762695
2014-12-15,27.875,27.415000915527344,27.84000015258789,27.469999313354492,25869600.0,24.188894271850586
2014-12-16,27.920000076293945,27.3700008392334,27.405000686645508,27.405000686645508,31555800.0,24.13166046142578
2014-12-17,27.7450008392334,27.3700008392334,27.3700008392334,27.670000076293945,25609200.0,24.365007400512695
2014-12-18,28.270000457763672,27.489999771118164,27.700000762939453,28.145000457763672,34912000.0,24.78326988220215
2014-12-19,28.670000076293945,28.079999923706055,28.079999923706055,28.584999084472656,42608400.0,25.170713424682617
2014-12-22,28.905000686645508,28.530000686645508,28.610000610351562,28.610000610351562,38352800.0,25.192726135253906
2014-12-23,29.100000381469727,28.65999984741211,28.7450008392334,28.950000762939453,22642800.0,25.49212074279785
2014-12-24,29.110000610351562,28.860000610351562,28.985000610351562,29.03499984741211,9601600.0,25.566967010498047
2014-12-26,29.274999618530273,28.915000915527344,29.024999618530273,29.19499969482422,11381800.0,25.707855224609375
2014-12-29,29.524999618530273,29.049999237060547,29.065000534057617,29.440000534057617,14340000.0,25.923587799072266
2014-12-30,29.600000381469727,29.2549991607666,29.280000686645508,29.434999465942383,16378000.0,25.919189453125
2014-12-31,29.649999618530273,28.915000915527344,29.405000686645508,29.0049991607666,24685400.0,25.540542602539062
2015-01-02,29.174999237060547,28.420000076293945,29.0,28.674999237060547,21170000.0,25.24996566772461
2015-01-05,28.549999237060547,27.829999923706055,28.424999237060547,27.979999542236328,33001400.0,24.735015869140625
2015-01-06,27.969999313354492,27.43000030517578,27.940000534057617,27.614999771118164,33973200.0,24.4123477935791
2015-01-07,27.825000762939453,27.385000228881836,27.735000610351562,27.59000015258789,22123800.0,24.39025115966797
2015-01-08,28.524999618530273,27.799999237060547,27.875,28.190000534057617,31532400.0,24.9206600189209
2015-01-09,28.385000228881836,28.040000915527344,28.30500030517578,28.145000457763672,22225800.0,24.88088607788086
2015-01-12,28.354999542236328,27.885000228881836,28.1200008392334,28.084999084472656,22483200.0,24.827835083007812
2015-01-13,28.979999542236328,28.21500015258789,28.420000076293945,28.420000076293945,34857800.0,25.123985290527344
2015-01-14,28.139999389648438,27.5,27.920000076293945,27.90999984741211,48808200.0,24.673139572143555
2015-01-15,28.21500015258789,27.719999313354492,28.0049991607666,28.0,32459800.0,24.752700805664062
2015-01-16,28.485000610351562,27.815000534057617,27.905000686645508,28.385000228881836,31034000.0,25.093050003051758
2015-01-20,28.375,27.729999542236328,28.375,27.905000686645508,27553800.0,24.668718338012695
2015-01-21,28.014999389648438,27.584999084472656,27.709999084472656,27.885000228881836,27846600.0,24.651042938232422
2015-01-22,28.34000015258789,27.829999923706055,27.975000381469727,28.28499984741211,26890400.0,25.004648208618164
2015-01-23,28.325000762939453,28.049999237060547,28.295000076293945,28.155000686645508,21703800.0,24.88972282409668
2015-01-26,28.424999237060547,28.040000915527344,28.155000686645508,28.344999313354492,17307800.0,25.057689666748047
2015-01-27,28.415000915527344,28.010000228881836,28.1200008392334,28.18000030517578,19046600.0,24.91182518005371
2015-01-28,28.31999969482422,27.264999389648438,28.2450008392334,27.295000076293945,39778400.0,24.12946319580078
2015-01-29,27.530000686645508,26.760000228881836,27.43000030517578,26.934999465942383,41683600.0,23.811216354370117
2015-01-30,26.950000762939453,26.510000228881836,26.635000228881836,26.575000762939453,56380800.0,23.492963790893555
2015-02-02,26.969999313354492,26.225000381469727,26.575000762939453,26.905000686645508,36911800.0,23.784692764282227
2015-02-03,27.780000686645508,26.93000030517578,26.940000534057617,27.704999923706055,36466200.0,24.49190902709961
2015-02-04,28.989999771118164,27.415000915527344,27.725000381469727,28.450000762939453,80115800.0,25.150514602661133
2015-02-05,28.700000762939453,28.31999969482422,28.395000457763672,28.485000610351562,25603200.0,25.18144989013672
2015-02-06,28.71500015258789,28.3799991607666,28.55500030517578,28.459999084472656,21181000.0,25.15935516357422
2015-02-09,28.614999771118164,28.28499984741211,28.40999984741211,28.545000076293945,17200800.0,25.2344913482666
2015-02-10,28.735000610351562,28.350000381469727,28.56999969482422,28.704999923706055,18011400.0,25.375940322875977
2015-02-11,28.96500015258789,28.530000686645508,28.684999465942383,28.889999389648438,22396400.0,25.539487838745117
2015-02-12,29.204999923706055,28.854999542236328,28.934999465942383,29.190000534057617,23389600.0,25.804689407348633
2015-02-13,29.7549991607666,29.209999084472656,29.25,29.735000610351562,29040000.0,26.286483764648438
2015-02-17,29.625,29.190000534057617,29.59000015258789,29.399999618530273,31513800.0,25.99033546447754
2015-02-18,29.364999771118164,29.030000686645508,29.364999771118164,29.110000610351562,24107400.0,25.733970642089844
2015-02-19,29.09000015258789,28.84000015258789,29.09000015258789,28.924999237060547,20639200.0,25.57042121887207
2015-02-20,29.290000915527344,28.760000228881836,28.969999313354492,29.25,27035600.0,25.857730865478516
2015-02-23,29.354999542236328,29.0,29.1299991607666,29.104999542236328,35090000.0,25.72954559326172
2015-02-24,29.684999465942383,29.135000228881836,29.200000762939453,29.584999084472656,40258000.0,26.15388298034668
2015-02-25,29.94499969482422,29.475000381469727,29.475000381469727,29.809999465942383,33931400.0,26.352783203125
2015-02-26,29.75,29.424999237060547,29.68000030517578,29.575000762939453,23584000.0,26.145036697387695
2015-02-27,29.739999771118164,29.479999542236328,29.65999984741211,29.690000534057617,19520000.0,26.246707916259766
2015-03-02,30.045000076293945,29.75,29.7549991607666,29.934999465942383,23349200.0,26.46328353881836
2015-03-03,30.0049991607666,29.719999313354492,29.864999771118164,29.979999542236328,23835000.0,26.50307273864746
2015-03-04,30.219999313354492,29.75,29.899999618530273,30.21500015258789,24502600.0,26.710817337036133
2015-03-05,30.21500015258789,29.889999389648438,30.155000686645508,30.165000915527344,22161000.0,26.666614532470703
2015-03-06,30.309999465942383,29.969999313354492,30.06999969482422,30.184999465942383,35454600.0,26.684297561645508
2015-03-09,30.350000381469727,30.170000076293945,30.18000030517578,30.28499984741211,16362200.0,26.772695541381836
2015-03-10,30.114999771118164,29.315000534057617,30.079999923706055,29.350000381469727,31716400.0,25.946138381958008
2015-03-11,29.395000457763672,28.96500015258789,29.30500030517578,29.030000686645508,25595600.0,25.663246154785156
2015-03-12,29.71500015258789,29.18000030517578,29.21500015258789,29.665000915527344,24032400.0,26.224607467651367
2015-03-13,29.645000457763672,29.354999542236328,29.540000915527344,29.524999618530273,24485600.0,26.10084342956543
2015-03-16,29.940000534057617,29.610000610351562,29.684999465942383,29.875,18592400.0,26.410247802734375
2015-03-17,29.709999084472656,29.125,29.280000686645508,29.565000534057617,29872800.0,26.13620376586914
2015-03-18,29.6299991607666,29.075000762939453,29.5,29.4950008392334,38054000.0,26.074317932128906
2015-03-19,29.594999313354492,29.219999313354492,29.520000457763672,29.375,21219200.0,25.968236923217773
2015-03-20,29.760000228881836,29.434999465942383,29.55500030517578,29.725000381469727,43115200.0,26.277647018432617
2015-03-23,29.764999389648438,29.559999465942383,29.579999923706055,29.559999465942383,16912000.0,26.13178062438965
2015-03-24,29.3799991607666,28.670000076293945,29.315000534057617,28.78499984741211,39785600.0,25.44666290283203
2015-03-25,28.84000015258789,28.225000381469727,28.53499984741211,28.264999389648438,37372000.0,24.986967086791992
2015-03-26,28.229999542236328,27.834999084472656,28.024999618530273,27.954999923706055,35943600.0,24.712919235229492
2015-03-27,28.260000228881836,27.895000457763672,27.915000915527344,27.969999313354492,29730000.0,24.72617530822754
2015-03-30,28.489999771118164,28.0049991607666,28.0049991607666,28.30500030517578,26911400.0,25.13465690612793
2015-03-31,28.459999084472656,27.889999389648438,28.104999542236328,28.235000610351562,35082600.0,25.07249641418457
2015-04-01,28.540000915527344,28.024999618530273,28.395000457763672,28.530000686645508,31569000.0,25.33445930480957
2015-04-02,29.09000015258789,28.299999237060547,28.545000076293945,28.969999313354492,41127600.0,25.72517204284668
2015-04-06,29.31999969482422,28.75,28.81999969482422,29.104999542236328,21333000.0,25.845050811767578
2015-04-07,29.34000015258789,28.90999984741211,29.084999084472656,29.15999984741211,24779600.0,25.893890380859375
2015-04-08,29.594999313354492,29.114999771118164,29.280000686645508,29.59000015258789,29113400.0,26.275724411010742
2015-04-09,29.84000015258789,29.530000686645508,29.594999313354492,29.795000076293945,23399200.0,26.457767486572266
2015-04-10,30.084999084472656,29.729999542236328,29.899999618530273,29.905000686645508,31807800.0,26.555450439453125
2015-04-13,29.899999618530273,29.364999771118164,29.850000381469727,29.389999389648438,23886400.0,26.09813117980957
2015-04-14,29.665000915527344,29.28499984741211,29.350000381469727,29.489999771118164,19909400.0,26.18692970275879
2015-04-15,30.145000457763672,29.549999237060547,29.65999984741211,29.954999923706055,28421200.0,26.599849700927734
2015-04-16,30.024999618530273,29.78499984741211,29.860000610351562,29.834999084472656,22000600.0,26.493282318115234
2015-04-17,29.639999389648438,28.575000762939453,29.549999237060547,29.209999084472656,84976800.0,25.938291549682617
2015-04-20,29.469999313354492,29.049999237060547,29.299999237060547,29.235000610351562,38859000.0,25.960491180419922
2015-04-21,29.78499984741211,29.170000076293945,29.399999618530273,29.420000076293945,37674400.0,26.124771118164062
2015-04-22,29.479999542236328,29.225000381469727,29.479999542236328,29.3799991607666,25151200.0,26.089244842529297
2015-04-23,30.424999237060547,29.235000610351562,29.295000076293945,29.614999771118164,123828400.0,26.297929763793945
2015-04-24,30.0,29.434999465942383,29.940000534057617,29.81999969482422,88707800.0,26.479965209960938
2015-04-27,30.15999984741211,29.350000381469727,29.93000030517578,29.440000534057617,52688000.0,26.142528533935547
2015-04-28,29.53499984741211,29.19499969482422,29.4950008392334,29.5,33547800.0,26.195810317993164
2015-04-29,29.510000228881836,29.110000610351562,29.385000228881836,29.170000076293945,29353800.0,25.902772903442383
2015-04-30,29.475000381469727,28.655000686645508,29.18000030517578,28.8799991607666,46140200.0,25.64525032043457
2015-05-01,29.2450008392334,28.65999984741211,28.899999618530273,29.204999923706055,31156400.0,25.933849334716797
2015-05-04,30.049999237060547,29.315000534057617,30.024999618530273,29.389999389648438,42781000.0,26.09813117980957
2015-05-05,29.520000457763672,28.954999923706055,29.405000686645508,28.989999771118164,32248000.0,25.74293327331543
2015-05-06,29.149999618530273,28.65999984741211,29.045000076293945,28.829999923706055,33526400.0,25.60085105895996
2015-05-07,29.114999771118164,28.674999237060547,28.75,28.959999084472656,26825400.0,25.716291427612305
2015-05-08,29.375,29.075000762939453,29.25,29.204999923706055,29829000.0,25.933849334716797
2015-05-11,29.395000457763672,28.8700008392334,29.315000534057617,28.885000228881836,24247400.0,25.649694442749023
2015-05-12,28.854999542236328,28.610000610351562,28.7450008392334,28.665000915527344,25538000.0,25.454328536987305
2015-05-13,28.795000076293945,28.100000381469727,28.725000381469727,28.139999389648438,51302600.0,24.98813819885254
2015-05-14,28.520000457763672,28.139999389648438,28.354999542236328,28.270000457763672,27971000.0,25.103578567504883
2015-05-15,28.440000534057617,28.155000686645508,28.385000228881836,28.31999969482422,34599200.0,25.147979736328125
2015-05-18,28.59000015258789,28.325000762939453,28.344999313354492,28.485000610351562,27916800.0,25.29449462890625
2015-05-19,28.709999084472656,28.440000534057617,28.5049991607666,28.614999771118164,24279800.0,25.409934997558594
2015-05-20,29.075000762939453,28.649999618530273,28.844999313354492,28.78499984741211,30610000.0,25.560897827148438
2015-05-21,29.100000381469727,28.719999313354492,28.780000686645508,28.770000457763672,37799200.0,25.547574996948242
2015-05-22,29.059999465942383,28.704999923706055,28.770000457763672,28.934999465942383,24085600.0,25.694089889526367
2015-05-26,29.610000610351562,28.920000076293945,28.959999084472656,29.295000076293945,52480000.0,26.013771057128906
2015-05-27,29.790000915527344,29.219999313354492,29.299999237060547,29.670000076293945,29069200.0,26.34676742553711
2015-05-28,29.645000457763672,29.344999313354492,29.559999465942383,29.514999389648438,23096000.0,26.209131240844727
2015-05-29,29.635000228881836,29.155000686645508,29.545000076293945,29.229999542236328,26310000.0,25.9560489654541
2015-06-01,29.5,29.209999084472656,29.354999542236328,29.389999389648438,25654400.0,26.09813117980957
2015-06-02,29.59000015258789,29.165000915527344,29.18000030517578,29.40999984741211,22714400.0,26.115888595581055
2015-06-03,29.729999542236328,29.475000381469727,29.540000915527344,29.65999984741211,27589200.0,26.337890625
2015-06-04,29.84000015258789,29.385000228881836,29.5049991607666,29.475000381469727,26743200.0,26.173608779907227
2015-06-05,29.459999084472656,29.020000457763672,29.395000457763672,29.344999313354492,22300800.0,26.058168411254883
2015-06-08,29.405000686645508,28.860000610351562,29.34000015258789,28.934999465942383,35215000.0,25.694089889526367
2015-06-09,29.024999618530273,28.540000915527344,28.844999313354492,28.924999237060547,22674200.0,25.68521499633789
2015-06-10,29.25,28.93000030517578,29.0,29.114999771118164,20626400.0,25.853933334350586
2015-06-11,29.399999618530273,29.049999237060547,29.139999389648438,29.3799991607666,22679600.0,26.089244842529297
2015-06-12,29.295000076293945,29.014999389648438,29.19499969482422,29.1299991607666,19971000.0,25.867252349853516
2015-06-15,29.260000228881836,28.7549991607666,28.934999465942383,29.170000076293945,18597600.0,25.902772903442383
2015-06-16,29.514999389648438,28.979999542236328,29.165000915527344,29.440000534057617,19883600.0,26.142528533935547
2015-06-17,29.829999923706055,29.434999465942383,29.434999465942383,29.809999465942383,26062200.0,26.471084594726562
2015-06-18,30.424999237060547,29.924999237060547,29.954999923706055,30.239999771118164,28950200.0,26.852924346923828
2015-06-19,30.44499969482422,30.05500030517578,30.145000457763672,30.2549991607666,46073600.0,26.86624526977539
2015-06-22,30.6200008392334,30.25,30.34000015258789,30.485000610351562,33535600.0,27.070480346679688
2015-06-23,30.540000915527344,30.225000381469727,30.469999313354492,30.3799991607666,17667000.0,26.977245330810547
2015-06-24,30.4950008392334,30.125,30.395000457763672,30.18000030517578,15829000.0,26.79964256286621
2015-06-25,30.729999542236328,30.229999542236328,30.329999923706055,30.440000534057617,24223400.0,27.03052520751953
2015-06-26,30.81999969482422,30.405000686645508,30.6200008392334,30.635000228881836,61609400.0,27.20368194580078
2015-06-29,30.520000457763672,29.940000534057617,30.315000534057617,29.989999771118164,22983000.0,26.740026473999023
2015-06-30,30.28499984741211,29.825000762939453,30.28499984741211,30.06999969482422,25268800.0,26.811359405517578
2015-07-01,31.155000686645508,30.190000534057617,30.190000534057617,31.125,43338400.0,27.752033233642578
2015-07-02,31.774999618530273,31.05500030517578,31.135000228881836,31.170000076293945,39168200.0,27.792156219482422
2015-07-06,31.299999237060547,30.864999771118164,30.899999618530273,31.05500030517578,26754600.0,27.689619064331055
2015-07-07,31.354999542236328,30.655000686645508,31.190000534057617,31.2549991607666,27454400.0,27.86794662475586
2015-07-08,31.395000457763672,30.815000534057617,31.094999313354492,30.844999313354492,30773800.0,27.50237274169922
2015-07-09,31.350000381469727,30.954999923706055,31.260000228881836,31.0049991607666,22347000.0,27.645036697387695
2015-07-10,31.704999923706055,31.170000076293945,31.295000076293945,31.594999313354492,24538200.0,28.17110252380371
2015-07-13,32.130001068115234,31.829999923706055,31.864999771118164,31.860000610351562,21389400.0,28.407386779785156
2015-07-14,31.954999923706055,31.44499969482422,31.924999237060547,31.6200008392334,20730400.0,28.193395614624023
2015-07-15,31.895000457763672,31.520000457763672,31.540000915527344,31.875,18517000.0,28.42076301574707
2015-07-16,32.32500076293945,32.005001068115234,32.07500076293945,32.15999984741211,21375600.0,28.67487335205078
2015-07-17,32.150001525878906,31.799999237060547,32.040000915527344,32.1349983215332,21380400.0,28.652578353881836
2015-07-20,32.209999084472656,31.9950008392334,32.1349983215332,32.15999984741211,13905400.0,28.67487335205078
2015-07-21,32.20000076293945,31.920000076293945,32.060001373291016,32.1349983215332,18958200.0,28.652578353881836
2015-07-22,32.494998931884766,32.06999969482422,32.375,32.25,22448600.0,28.755123138427734
2015-07-23,32.45000076293945,31.1200008392334,32.45000076293945,31.235000610351562,41968000.0,27.850120544433594
2015-07-24,31.44499969482422,30.985000610351562,31.200000762939453,31.084999084472656,20589400.0,27.716373443603516
2015-07-27,31.165000915527344,30.424999237060547,31.1299991607666,30.55500030517578,24069000.0,27.243804931640625
2015-07-28,31.225000381469727,30.565000534057617,30.7549991607666,31.204999923706055,23735400.0,27.823360443115234
2015-07-29,31.34000015258789,31.0,31.100000381469727,31.239999771118164,17613200.0,27.85457420349121
2015-07-30,31.325000762939453,31.014999389648438,31.200000762939453,31.18000030517578,19701200.0,27.80107307434082
2015-07-31,31.4950008392334,31.06999969482422,31.395000457763672,31.204999923706055,19432600.0,27.823360443115234
2015-08-03,31.65999984741211,31.315000534057617,31.3799991607666,31.604999542236328,19139200.0,28.18001937866211
2015-08-04,31.684999465942383,31.280000686645508,31.434999465942383,31.3700008392334,15488000.0,27.97048568725586
2015-08-05,31.479999542236328,29.809999465942383,31.395000457763672,29.905000686645508,57180200.0,26.664247512817383
2015-08-06,30.104999542236328,28.584999084472656,29.9950008392334,29.3799991607666,76382000.0,26.19613265991211
2015-08-07,29.799999237060547,29.15999984741211,29.415000915527344,29.40999984741211,31824800.0,26.222885131835938
2015-08-10,29.885000228881836,29.584999084472656,29.825000762939453,29.725000381469727,22292600.0,26.503753662109375
2015-08-11,29.674999237060547,29.21500015258789,29.53499984741211,29.395000457763672,33060400.0,26.209510803222656
2015-08-12,29.80500030517578,29.084999084472656,29.295000076293945,29.704999923706055,28546800.0,26.485919952392578
2015-08-13,30.09000015258789,29.545000076293945,29.729999542236328,29.81999969482422,27787400.0,26.588457107543945
2015-08-14,29.81999969482422,29.229999542236328,29.719999313354492,29.440000534057617,27812800.0,26.249635696411133
2015-08-17,30.2450008392334,29.350000381469727,29.3799991607666,30.204999923706055,26856200.0,26.931732177734375
2015-08-18,30.344999313354492,29.81999969482422,30.25,29.844999313354492,21409800.0,26.610746383666992
2015-08-19,30.364999771118164,29.924999237060547,29.93000030517578,29.959999084472656,32020000.0,26.713285446166992
2015-08-20,29.68000030517578,29.030000686645508,29.53499984741211,29.184999465942383,37591800.0,26.02227020263672
2015-08-21,29.040000915527344,28.299999237060547,28.915000915527344,28.389999389648438,47122800.0,25.313425064086914
2015-08-24,28.149999618530273,25.0,26.674999237060547,27.204999923706055,52400600.0,24.2568359375
2015-08-25,27.9950008392334,26.920000076293945,27.924999237060547,26.924999237060547,33201600.0,24.007183074951172
2015-08-26,27.770000457763672,26.940000534057617,27.584999084472656,27.700000762939453,32955600.0,24.69819450378418
2015-08-27,28.43000030517578,27.725000381469727,27.950000762939453,28.385000228881836,31932000.0,25.308963775634766
2015-08-28,28.420000076293945,28.09000015258789,28.295000076293945,28.389999389648438,24273000.0,25.313425064086914
2015-08-31,28.375,27.979999542236328,28.364999771118164,28.165000915527344,21231400.0,25.112804412841797
2015-09-01,28.075000762939453,27.399999618530273,27.510000228881836,27.510000228881836,32158000.0,24.528785705566406
2015-09-02,28.084999084472656,27.625,27.985000610351562,27.940000534057617,33948400.0,24.91219139099121
2015-09-03,28.440000534057617,28.010000228881836,28.09000015258789,28.104999542236328,24374800.0,25.059309005737305
2015-09-04,28.030000686645508,27.600000381469727,27.71500015258789,27.889999389648438,23717800.0,24.86760902404785
2015-09-08,28.579999923706055,28.235000610351562,28.364999771118164,28.55500030517578,22004400.0,25.460538864135742
2015-09-09,29.09000015258789,28.274999618530273,28.959999084472656,28.334999084472656,27843000.0,25.26438331604004
2015-09-10,28.469999313354492,28.0,28.25,28.270000457763672,23933600.0,25.2064266204834
2015-09-11,28.315000534057617,27.969999313354492,28.125,28.204999923706055,22658600.0,25.148469924926758
2015-09-14,28.344999313354492,27.895000457763672,28.344999313354492,28.125,21249200.0,25.07714080810547
2015-09-15,28.639999389648438,27.940000534057617,28.100000381469727,28.56999969482422,17238000.0,25.473918914794922
2015-09-16,29.040000915527344,28.485000610351562,28.614999771118164,28.8700008392334,24384800.0,25.741409301757812
2015-09-17,29.635000228881836,28.875,29.06999969482422,29.229999542236328,34636800.0,26.062389373779297
2015-09-18,29.2549991607666,28.565000534057617,29.0,28.709999084472656,154533200.0,25.598745346069336
2015-09-21,29.125,28.670000076293945,28.80500030517578,28.94499969482422,26232400.0,25.80828285217285
2015-09-22,28.924999237060547,28.3799991607666,28.6299991607666,28.854999542236328,20346600.0,25.728036880493164
2015-09-23,29.114999771118164,28.545000076293945,29.075000762939453,28.684999465942383,13653800.0,25.576454162597656
2015-09-24,28.635000228881836,28.0,28.4950008392334,28.40999984741211,21559000.0,25.331256866455078
2015-09-25,28.770000457763672,28.075000762939453,28.770000457763672,28.270000457763672,26290400.0,25.2064266204834
2015-09-28,28.270000457763672,27.325000762939453,28.264999389648438,27.405000686645508,34506200.0,24.435169219970703
2015-09-29,27.864999771118164,27.389999389648438,27.579999923706055,27.56999969482422,29783800.0,24.58228874206543
2015-09-30,28.485000610351562,27.770000457763672,27.829999923706055,28.440000534057617,24205400.0,25.35800552368164
2015-10-01,28.864999771118164,28.264999389648438,28.760000228881836,28.704999923706055,23793800.0,25.594289779663086
2015-10-02,29.3799991607666,28.274999618530273,28.420000076293945,29.360000610351562,23866800.0,26.17830467224121
2015-10-05,29.854999542236328,29.440000534057617,29.56999969482422,29.809999465942383,19336200.0,26.69318389892578
2015-10-06,29.940000534057617,29.1200008392334,29.700000762939453,29.485000610351562,19083200.0,26.40216636657715
2015-10-07,30.0,29.514999389648438,29.665000915527344,29.850000381469727,16475200.0,26.7290096282959
2015-10-08,30.53499984741211,29.530000686645508,29.700000762939453,30.489999771118164,25844400.0,27.302087783813477
2015-10-09,30.614999771118164,30.065000534057617,30.479999542236328,30.2450008392334,19038800.0,27.082706451416016
2015-10-12,30.53499984741211,30.100000381469727,30.309999465942383,30.135000228881836,17530600.0,26.98420524597168
2015-10-13,30.415000915527344,29.915000915527344,30.06999969482422,30.079999923706055,15763000.0,26.934955596923828
2015-10-14,30.229999542236328,29.90999984741211,30.100000381469727,29.969999313354492,19376000.0,26.83645248413086
2015-10-15,30.53499984741211,30.024999618530273,30.270000457763672,30.5049991607666,13963000.0,27.315521240234375
2015-10-16,30.684999465942383,30.399999618530273,30.610000610351562,30.65999984741211,12746000.0,27.454313278198242
2015-10-19,30.80500030517578,30.46500015258789,30.579999923706055,30.780000686645508,12984000.0,27.561763763427734
2015-10-20,30.899999618530273,30.594999313354492,30.594999313354492,30.774999618530273,13542400.0,27.557289123535156
2015-10-21,31.0,30.530000686645508,30.889999389648438,30.55500030517578,16405400.0,27.360294342041016
2015-10-22,31.0,30.584999084472656,30.584999084472656,30.850000381469727,20590400.0,27.624446868896484
2015-10-23,31.100000381469727,30.799999237060547,31.100000381469727,30.989999771118164,20206200.0,27.74980926513672
2015-10-26,31.229999542236328,30.889999389648438,31.014999389648438,31.09000015258789,21324600.0,27.839351654052734
2015-10-27,31.25,29.844999313354492,31.18000030517578,30.770000457763672,31677000.0,27.552812576293945
2015-10-28,31.290000915527344,30.514999389648438,30.924999237060547,30.969999313354492,23280800.0,27.731901168823242
2015-10-29,31.645000457763672,30.905000686645508,31.045000076293945,31.530000686645508,18254800.0,28.233348846435547
2015-10-30,31.690000534057617,31.295000076293945,31.55500030517578,31.309999465942383,21727000.0,28.036352157592773
2015-11-02,31.6299991607666,31.25,31.315000534057617,31.3700008392334,15208000.0,28.09008026123047
2015-11-03,31.3700008392334,30.9950008392334,31.21500015258789,31.280000686645508,16893400.0,28.009490966796875
2015-11-04,31.514999389648438,30.575000762939453,31.25,30.729999542236328,27963400.0,27.516998291015625
2015-11-05,30.954999923706055,30.5049991607666,30.739999771118164,30.905000686645508,18900400.0,27.673694610595703
2015-11-06,30.895000457763672,30.415000915527344,30.809999465942383,30.80500030517578,25549200.0,27.584148406982422
2015-11-09,30.75,30.239999771118164,30.614999771118164,30.674999237060547,17062800.0,27.467742919921875
2015-11-10,30.9950008392334,30.579999923706055,30.6299991607666,30.78499984741211,17665600.0,27.566242218017578
2015-11-11,30.90999984741211,30.625,30.90999984741211,30.774999618530273,12102000.0,27.557289123535156
2015-11-12,31.05500030517578,30.549999237060547,30.674999237060547,30.7450008392334,17826400.0,27.530426025390625
2015-11-13,30.864999771118164,30.09000015258789,30.649999618530273,30.114999771118164,15579600.0,26.96629524230957
2015-11-16,30.709999084472656,30.075000762939453,30.225000381469727,30.674999237060547,15435200.0,27.467742919921875
2015-11-17,30.739999771118164,30.30500030517578,30.485000610351562,30.565000534057617,16352800.0,27.369251251220703
2015-11-18,31.315000534057617,30.520000457763672,30.579999923706055,31.280000686645508,17579600.0,28.009490966796875
2015-11-19,31.4950008392334,31.114999771118164,31.2549991607666,31.309999465942383,15694200.0,28.036352157592773
2015-11-20,31.604999542236328,31.2549991607666,31.559999465942383,31.450000762939453,18405200.0,28.161710739135742
2015-11-23,31.489999771118164,30.920000076293945,31.309999465942383,31.065000534057617,12204200.0,27.816967010498047
2015-11-24,30.969999313354492,30.55500030517578,30.860000610351562,30.829999923706055,17002800.0,27.606534957885742
2015-11-25,30.895000457763672,30.540000915527344,30.770000457763672,30.700000762939453,12174400.0,27.490131378173828
2015-11-27,30.90999984741211,30.520000457763672,30.655000686645508,30.795000076293945,5672200.0,27.575197219848633
2015-11-30,30.829999923706055,30.334999084472656,30.770000457763672,30.43000030517578,20789600.0,27.24836540222168
2015-12-01,30.889999389648438,30.6200008392334,30.729999542236328,30.875,15706200.0,27.646833419799805
2015-12-02,30.8700008392334,30.170000076293945,30.764999389648438,30.239999771118164,18551000.0,27.078224182128906
2015-12-03,30.405000686645508,29.65999984741211,30.19499969482422,29.809999465942383,23257200.0,26.69318389892578
2015-12-04,30.540000915527344,29.7450008392334,29.799999237060547,30.375,24459000.0,27.199111938476562
2015-12-07,30.475000381469727,29.934999465942383,30.28499984741211,30.184999465942383,14345400.0,27.028980255126953
2015-12-08,30.135000228881836,29.389999389648438,30.100000381469727,29.770000457763672,31163600.0,26.657367706298828
2015-12-09,29.774999618530273,29.03499984741211,29.610000610351562,29.295000076293945,25459800.0,26.232032775878906
2015-12-10,30.135000228881836,29.100000381469727,29.100000381469727,29.834999084472656,26719600.0,26.715574264526367
2015-12-11,29.790000915527344,28.969999313354492,29.424999237060547,28.985000610351562,38607800.0,25.95444679260254
2015-12-14,29.0,28.094999313354492,28.940000534057617,28.684999465942383,54096800.0,25.685810089111328
2015-12-15,29.56999969482422,28.764999389648438,29.030000686645508,28.875,35558800.0,25.85594940185547
2015-12-16,29.434999465942383,28.90999984741211,29.1200008392334,29.350000381469727,33482200.0,26.28128433227539
2015-12-17,29.40999984741211,28.69499969482422,29.2450008392334,28.704999923706055,20151600.0,25.70372200012207
2015-12-18,28.610000610351562,28.165000915527344,28.5,28.200000762939453,40450800.0,25.251522064208984
2015-12-21,28.420000076293945,27.69499969482422,28.40999984741211,28.229999542236328,27997400.0,25.27838706970215
2015-12-22,28.760000228881836,28.375,28.56999969482422,28.44499969482422,21063400.0,25.470903396606445
2015-12-23,28.6299991607666,28.43000030517578,28.549999237060547,28.584999084472656,14451800.0,25.59626579284668
2015-12-24,28.764999389648438,28.56999969482422,28.71500015258789,28.649999618530273,6986800.0,25.654470443725586
2015-12-28,28.725000381469727,28.364999771118164,28.559999465942383,28.594999313354492,10206200.0,25.60521697998047
2015-12-29,28.96500015258789,28.645000457763672,28.75,28.780000686645508,14469400.0,25.7708797454834
2015-12-30,28.780000686645508,28.34000015258789,28.75,28.354999542236328,12932600.0,25.39031219482422
2015-12-31,28.600000381469727,28.100000381469727,28.270000457763672,28.21500015258789,15523200.0,25.26495361328125
2016-01-04,27.825000762939453,27.424999237060547,27.575000762939453,27.81999969482422,26524600.0,25.02210807800293
2016-01-05,28.024999618530273,27.739999771118164,27.920000076293945,27.825000762939453,28308800.0,25.026601791381836
2016-01-06,27.825000762939453,27.375,27.459999084472656,27.610000610351562,21650800.0,24.833229064941406
2016-01-07,27.68000030517578,26.885000228881836,27.045000076293945,27.30500030517578,32423400.0,24.558902740478516
2016-01-08,28.020000457763672,27.28499984741211,27.43000030517578,27.334999084472656,28184600.0,24.585887908935547
2016-01-11,27.540000915527344,26.959999084472656,27.440000534057617,27.360000610351562,22735400.0,24.608373641967773
2016-01-12,27.71500015258789,27.184999465942383,27.309999465942383,27.434999465942383,19905600.0,24.675827026367188
2016-01-13,27.7450008392334,26.719999313354492,27.725000381469727,26.774999618530273,32128000.0,24.08220100402832
2016-01-14,27.825000762939453,26.674999237060547,26.774999618530273,27.524999618530273,26038000.0,24.756772994995117
2016-01-15,27.125,26.649999618530273,26.655000686645508,26.94499969482422,33366800.0,24.2351131439209
2016-01-19,27.424999237060547,26.84000015258789,27.40999984741211,27.125,24658400.0,24.39700698852539
2016-01-20,27.0049991607666,26.170000076293945,26.989999771118164,26.80500030517578,45092200.0,24.10918617248535
2016-01-21,27.424999237060547,26.59000015258789,26.80500030517578,27.15999984741211,30690000.0,24.428483963012695
2016-01-22,27.760000228881836,27.344999313354492,27.760000228881836,27.665000915527344,19734200.0,24.88269805908203
2016-01-25,27.655000686645508,27.05500030517578,27.540000915527344,27.104999542236328,21362200.0,24.379016876220703
2016-01-26,27.5049991607666,26.975000381469727,27.030000686645508,27.420000076293945,31481600.0,24.662338256835938
2016-01-27,27.719999313354492,26.975000381469727,27.46500015258789,27.059999465942383,24498600.0,24.33854103088379
2016-01-28,27.290000915527344,26.809999465942383,27.239999771118164,27.05500030517578,25528400.0,24.334047317504883
2016-01-29,27.924999237060547,27.260000228881836,27.3700008392334,27.854999542236328,38275800.0,25.0535831451416
2016-02-01,28.065000534057617,27.489999771118164,27.53499984741211,27.905000686645508,19480600.0,25.098556518554688
2016-02-02,27.80500030517578,27.190000534057617,27.450000762939453,27.295000076293945,32072000.0,24.549909591674805
2016-02-03,28.979999542236328,27.604999542236328,28.350000381469727,28.920000076293945,55999400.0,26.0114803314209
2016-02-04,29.725000381469727,28.795000076293945,29.09000015258789,29.104999542236328,56292600.0,26.17786979675293
2016-02-05,29.735000610351562,28.985000610351562,29.104999542236328,29.704999923706055,50661600.0,26.717527389526367
2016-02-08,29.850000381469727,28.959999084472656,29.579999923706055,29.700000762939453,56001800.0,26.71303939819336
2016-02-09,29.5,28.584999084472656,29.200000762939453,29.104999542236328,36504600.0,26.17786979675293
2016-02-10,29.059999465942383,27.8799991607666,29.05500030517578,27.905000686645508,43543800.0,25.098556518554688
2016-02-11,28.15999984741211,27.350000381469727,27.43000030517578,28.020000457763672,34988600.0,25.201990127563477
2016-02-12,28.524999618530273,27.795000076293945,28.420000076293945,28.389999389648438,23990800.0,25.534780502319336
2016-02-16,28.93000030517578,28.4950008392334,28.905000686645508,28.739999771118164,25705600.0,25.849584579467773
2016-02-17,29.155000686645508,28.65999984741211,28.864999771118164,28.850000381469727,26313200.0,25.94852066040039
2016-02-18,28.875,28.295000076293945,28.719999313354492,28.65999984741211,23733000.0,25.77762794494629
2016-02-19,28.905000686645508,28.475000381469727,28.5,28.8799991607666,17595000.0,25.975500106811523
2016-02-22,29.434999465942383,28.950000762939453,29.114999771118164,29.075000762939453,18566000.0,26.150894165039062
2016-02-23,29.09000015258789,28.700000762939453,28.889999389648438,28.770000457763672,14614200.0,25.87656593322754
2016-02-24,29.315000534057617,28.299999237060547,28.530000686645508,29.200000762939453,18499000.0,26.263320922851562
2016-02-25,29.264999389648438,28.864999771118164,29.079999923706055,29.264999389648438,12950000.0,26.321781158447266
2016-02-26,29.489999771118164,28.829999923706055,29.389999389648438,28.954999923706055,18579600.0,26.042959213256836
2016-02-29,29.364999771118164,28.844999313354492,29.06999969482422,28.864999771118164,22750600.0,25.962013244628906
2016-03-01,29.78499984741211,29.024999618530273,29.114999771118164,29.610000610351562,22529600.0,26.6320858001709
2016-03-02,29.709999084472656,29.415000915527344,29.479999542236328,29.684999465942383,18126600.0,26.699542999267578
2016-03-03,30.135000228881836,29.725000381469727,29.725000381469727,29.959999084472656,19434400.0,26.94688606262207
2016-03-04,30.020000457763672,29.665000915527344,29.9950008392334,29.8700008392334,15442800.0,26.865942001342773
2016-03-07,29.8799991607666,29.309999465942383,29.610000610351562,29.479999542236328,21590200.0,26.515159606933594
2016-03-08,29.5,29.024999618530273,29.440000534057617,29.145000457763672,21004200.0,26.213850021362305
2016-03-09,29.549999237060547,29.149999618530273,29.350000381469727,29.389999389648438,15742000.0,26.4342098236084
2016-03-10,29.56999969482422,29.030000686645508,29.299999237060547,29.184999465942383,18001800.0,26.24983024597168
2016-03-11,29.610000610351562,29.2549991607666,29.545000076293945,29.579999923706055,14103000.0,26.6051025390625
2016-03-14,29.719999313354492,29.440000534057617,29.514999389648438,29.614999771118164,12943800.0,26.636581420898438
2016-03-15,29.709999084472656,29.350000381469727,29.350000381469727,29.700000762939453,15979200.0,26.71303939819336
2016-03-16,30.145000457763672,29.315000534057617,29.315000534057617,29.954999923706055,18413800.0,26.9423885345459
2016-03-17,30.56999969482422,29.854999542236328,29.96500015258789,30.375,21081200.0,27.320152282714844
2016-03-18,30.450000762939453,29.760000228881836,30.424999237060547,29.8799991607666,37358000.0,26.874929428100586
2016-03-21,30.030000686645508,29.809999465942383,29.854999542236328,29.920000076293945,12290400.0,26.91090202331543
2016-03-22,30.149999618530273,29.649999618530273,29.649999618530273,29.934999465942383,15533400.0,26.92439842224121
2016-03-23,29.850000381469727,29.5,29.55500030517578,29.625,16890000.0,26.645578384399414
2016-03-24,30.09000015258789,29.344999313354492,29.3799991607666,30.0049991607666,19763800.0,26.987363815307617
2016-03-28,30.174999237060547,29.725000381469727,29.78499984741211,30.045000076293945,14884200.0,27.023338317871094
2016-03-29,30.44499969482422,29.84000015258789,29.905000686645508,30.375,15852600.0,27.320152282714844
2016-03-30,30.625,30.260000228881836,30.459999084472656,30.399999618530273,16006000.0,27.342632293701172
2016-03-31,30.684999465942383,30.325000762939453,30.364999771118164,30.540000915527344,17673600.0,27.468555450439453
2016-04-01,30.9950008392334,30.19499969482422,30.295000076293945,30.934999465942383,21308200.0,27.823829650878906
2016-04-04,30.905000686645508,30.559999465942383,30.7549991607666,30.71500015258789,14701200.0,27.749292373657227
2016-04-05,30.71500015258789,30.399999618530273,30.420000076293945,30.565000534057617,14381400.0,27.613779067993164
2016-04-06,31.1299991607666,30.4950008392334,30.524999618530273,31.100000381469727,21801400.0,28.097122192382812
2016-04-07,31.155000686645508,30.510000228881836,31.020000457763672,30.700000762939453,19518000.0,27.735742568969727
2016-04-08,30.985000610351562,30.639999389648438,30.815000534057617,30.799999237060547,11439200.0,27.826082229614258
2016-04-11,31.049999237060547,30.719999313354492,30.959999084472656,30.719999313354492,14343600.0,27.753812789916992
2016-04-12,31.030000686645508,30.6299991607666,30.69499969482422,30.860000610351562,15116000.0,27.880292892456055
2016-04-13,31.19499969482422,30.864999771118164,31.09000015258789,30.975000381469727,15666400.0,27.98418617248535
2016-04-14,31.149999618530273,30.834999084472656,31.079999923706055,30.920000076293945,13643000.0,27.93450164794922
2016-04-15,31.21500015258789,30.700000762939453,31.065000534057617,30.985000610351562,16596600.0,27.993221282958984
2016-04-18,31.329999923706055,30.770000457763672,30.844999313354492,31.239999771118164,17245400.0,28.223604202270508
2016-04-19,31.454999923706055,31.020000457763672,31.219999313354492,31.139999389648438,18770400.0,28.133251190185547
2016-04-20,31.299999237060547,30.655000686645508,31.299999237060547,30.729999542236328,26854200.0,27.762847900390625
2016-04-21,30.68000030517578,30.190000534057617,30.625,30.469999313354492,28465400.0,27.527952194213867
2016-04-22,30.75,30.295000076293945,30.440000534057617,30.549999237060547,21977000.0,27.600223541259766
2016-04-25,30.549999237060547,30.239999771118164,30.510000228881836,30.5,24395400.0,27.5550537109375
2016-04-26,30.780000686645508,30.440000534057617,30.510000228881836,30.524999618530273,17582000.0,27.57764434814453
2016-04-27,31.395000457763672,30.239999771118164,31.100000381469727,30.649999618530273,34142800.0,27.690567016601562
2016-04-28,31.0,30.25,30.360000610351562,30.575000762939453,28125400.0,27.622806549072266
2016-04-29,30.524999618530273,30.010000228881836,30.264999389648438,30.3799991607666,29336600.0,27.446638107299805
2016-05-02,30.764999389648438,30.28499984741211,30.545000076293945,30.614999771118164,21343800.0,27.658954620361328
2016-05-03,30.895000457763672,30.325000762939453,30.454999923706055,30.475000381469727,22578600.0,27.532466888427734
2016-05-04,30.795000076293945,30.25,30.295000076293945,30.44499969482422,22312800.0,27.5053653717041
2016-05-05,30.729999542236328,30.270000457763672,30.520000457763672,30.524999618530273,16677600.0,27.57764434814453
2016-05-06,30.719999313354492,30.30500030517578,30.44499969482422,30.709999084472656,15559400.0,27.744770050048828
2016-05-09,30.940000534057617,30.594999313354492,30.78499984741211,30.709999084472656,12857400.0,27.744770050048828
2016-05-10,31.364999771118164,30.69499969482422,30.71500015258789,31.31999969482422,21596200.0,28.295873641967773
2016-05-11,31.385000228881836,30.940000534057617,31.239999771118164,31.03499984741211,16311000.0,28.038394927978516
2016-05-12,31.329999923706055,30.90999984741211,31.174999237060547,31.1299991607666,16675000.0,28.124221801757812
2016-05-13,31.260000228881836,30.825000762939453,31.010000228881836,30.920000076293945,16549000.0,27.93450164794922
2016-05-16,31.260000228881836,30.684999465942383,30.735000610351562,31.0,17526800.0,28.006776809692383
2016-05-17,30.8799991607666,30.170000076293945,30.860000610351562,30.21500015258789,31895000.0,27.297569274902344
2016-05-18,30.415000915527344,29.93000030517578,30.264999389648438,30.190000534057617,26537400.0,27.27499008178711
2016-05-19,30.295000076293945,29.809999465942383,30.0,30.125,17932400.0,27.216262817382812
2016-05-20,30.940000534057617,30.059999465942383,30.059999465942383,30.8799991607666,22254400.0,27.898361206054688
2016-05-23,31.239999771118164,30.71500015258789,30.719999313354492,30.905000686645508,23579800.0,27.920944213867188
2016-05-24,31.25,30.844999313354492,31.040000915527344,31.219999313354492,19933000.0,28.20553207397461
2016-05-25,31.584999084472656,30.844999313354492,31.299999237060547,31.299999237060547,17898000.0,28.277807235717773
2016-05-26,31.434999465942383,31.045000076293945,31.274999618530273,31.145000457763672,14586400.0,28.13777732849121
2016-05-27,31.579999923706055,31.235000610351562,31.30500030517578,31.440000534057617,16160000.0,28.404294967651367
2016-05-31,31.69499969482422,31.25,31.40999984741211,31.649999618530273,23842800.0,28.594013214111328
2016-06-01,31.915000915527344,31.524999618530273,31.719999313354492,31.864999771118164,15397800.0,28.788251876831055
2016-06-02,31.90999984741211,31.69499969482422,31.834999084472656,31.829999923706055,12857600.0,28.756635665893555
2016-06-03,31.889999389648438,31.5,31.834999084472656,31.780000686645508,11913200.0,28.711462020874023
2016-06-06,31.950000762939453,31.610000610351562,31.854999542236328,31.700000762939453,11913200.0,28.639183044433594
2016-06-07,31.84000015258789,31.594999313354492,31.674999237060547,31.625,12818200.0,28.571426391601562
2016-06-08,31.760000228881836,31.530000686645508,31.639999389648438,31.610000610351562,13385200.0,28.557876586914062
2016-06-09,31.565000534057617,31.270000457763672,31.434999465942383,31.46500015258789,11233000.0,28.426877975463867
2016-06-10,31.485000610351562,31.059999465942383,31.094999313354492,31.399999618530273,15732400.0,28.368154525756836
2016-06-13,31.559999465942383,31.110000610351562,31.364999771118164,31.19499969482422,15305200.0,28.182947158813477
2016-06-14,31.354999542236328,30.969999313354492,31.0049991607666,31.31999969482422,14937800.0,28.295873641967773
2016-06-15,31.55500030517578,31.125,31.229999542236328,31.174999237060547,16346800.0,28.164873123168945
2016-06-16,31.6200008392334,30.924999237060547,31.094999313354492,31.549999237060547,15080800.0,28.5036678314209
2016-06-17,31.584999084472656,31.06999969482422,31.584999084472656,31.184999465942383,23925800.0,28.173912048339844
2016-06-20,31.71500015258789,31.209999084472656,31.46500015258789,31.229999542236328,15595800.0,28.21456527709961
2016-06-21,31.399999618530273,31.024999618530273,31.235000610351562,31.270000457763672,17769800.0,28.25070571899414
2016-06-22,31.579999923706055,31.104999542236328,31.270000457763672,31.31999969482422,11586600.0,28.295873641967773
2016-06-23,31.735000610351562,31.315000534057617,31.670000076293945,31.475000381469727,14291800.0,28.435909271240234
2016-06-24,31.299999237060547,30.329999923706055,30.420000076293945,30.825000762939453,35744800.0,27.848670959472656
2016-06-27,31.360000610351562,30.485000610351562,30.510000228881836,31.229999542236328,31567200.0,28.21456527709961
2016-06-28,31.575000762939453,31.110000610351562,31.530000686645508,31.53499984741211,21480800.0,28.490116119384766
2016-06-29,32.08000183105469,31.59000015258789,31.829999923706055,31.969999313354492,20626800.0,28.883113861083984
2016-06-30,32.709999084472656,32.0,32.125,32.595001220703125,29341000.0,29.447769165039062
2016-07-01,32.71500015258789,32.1349983215332,32.45500183105469,32.63999938964844,17591400.0,29.613344192504883
2016-07-05,32.64500045776367,32.279998779296875,32.36000061035156,32.505001068115234,18344600.0,29.490867614746094
2016-07-06,32.599998474121094,32.34000015258789,32.51499938964844,32.54999923706055,21475800.0,29.531692504882812
2016-07-07,33.209999084472656,32.375,32.400001525878906,33.130001068115234,30780200.0,30.05791473388672
2016-07-08,33.59000015258789,33.150001525878906,33.29999923706055,33.55500030517578,27918600.0,30.44349479675293
2016-07-11,33.845001220703125,33.45500183105469,33.755001068115234,33.70500183105469,15106400.0,30.579593658447266
2016-07-12,33.974998474121094,33.505001068115234,33.845001220703125,33.57500076293945,19438600.0,30.461647033691406
2016-07-13,33.685001373291016,33.35499954223633,33.59000015258789,33.415000915527344,17041400.0,30.31648826599121
2016-07-14,33.685001373291016,33.44499969482422,33.630001068115234,33.5099983215332,14941800.0,30.402673721313477
2016-07-15,33.814998626708984,33.34000015258789,33.779998779296875,33.439998626708984,14575600.0,30.33916664123535
2016-07-18,33.59000015258789,33.345001220703125,33.3849983215332,33.43000030517578,10137000.0,30.330093383789062
2016-07-19,33.61000061035156,33.244998931884766,33.334999084472656,33.54499816894531,15721200.0,30.43442153930664
2016-07-20,33.60499954223633,33.11000061035156,33.5099983215332,33.560001373291016,11885000.0,30.448034286499023
2016-07-21,33.68000030517578,33.30500030517578,33.48500061035156,33.5099983215332,14993600.0,30.402673721313477
2016-07-22,33.880001068115234,33.525001525878906,33.75,33.72999954223633,15377200.0,30.602272033691406
2016-07-25,33.849998474121094,33.63999938964844,33.779998779296875,33.73500061035156,12056200.0,30.60679817199707
2016-07-26,33.73500061035156,33.33000183105469,33.64500045776367,33.59000015258789,16981000.0,30.475255966186523
2016-07-27,34.15999984741211,33.2599983215332,34.099998474121094,33.959999084472656,23705200.0,30.81093978881836
2016-07-28,34.18000030517578,33.834999084472656,33.86000061035156,33.93000030517578,17688200.0,30.78372573852539
2016-07-29,33.970001220703125,33.53499984741211,33.935001373291016,33.625,19854800.0,30.50700569152832
2016-08-01,33.875,33.66999816894531,33.70000076293945,33.77000045776367,13197200.0,30.638559341430664
2016-08-02,33.81999969482422,33.44499969482422,33.81999969482422,33.45000076293945,14091400.0,30.348241806030273
2016-08-03,33.64500045776367,33.209999084472656,33.505001068115234,33.41999816894531,14937200.0,30.321022033691406
2016-08-04,33.6349983215332,33.34000015258789,33.34000015258789,33.59000015258789,13459400.0,30.475255966186523
2016-08-05,33.90999984741211,33.56999969482422,33.76499938964844,33.69499969482422,13828600.0,30.570512771606445
2016-08-08,33.599998474121094,33.375,33.54999923706055,33.53499984741211,14609600.0,30.42535400390625
2016-08-09,33.709999084472656,33.41999816894531,33.60499954223633,33.45000076293945,16783000.0,30.348241806030273
2016-08-10,33.67499923706055,33.314998626708984,33.45000076293945,33.61000061035156,15082200.0,30.493398666381836
2016-08-11,33.900001525878906,33.584999084472656,33.625,33.84000015258789,11836600.0,30.702072143554688
2016-08-12,33.900001525878906,33.65999984741211,33.665000915527344,33.755001068115234,8224800.0,30.62495231628418
2016-08-15,33.97999954223633,33.73500061035156,33.755001068115234,33.7599983215332,9572800.0,30.629497528076172
2016-08-16,33.83000183105469,33.57500076293945,33.619998931884766,33.654998779296875,9433400.0,30.534225463867188
2016-08-17,33.939998626708984,33.51499938964844,33.65999984741211,33.8849983215332,10987000.0,30.74289321899414
2016-08-18,33.935001373291016,33.540000915527344,33.935001373291016,33.70500183105469,11327400.0,30.579593658447266
2016-08-19,33.625,33.09000015258789,33.58000183105469,33.14500045776367,25660600.0,30.071521759033203
2016-08-22,33.23500061035156,32.90999984741211,33.18000030517578,33.220001220703125,11404000.0,30.139562606811523
2016-08-23,33.36000061035156,32.66999816894531,33.349998474121094,32.83000183105469,20160000.0,29.785728454589844
2016-08-24,32.935001373291016,32.689998626708984,32.7400016784668,32.845001220703125,17685800.0,29.799333572387695
2016-08-25,32.94499969482422,32.71500015258789,32.880001068115234,32.779998779296875,12948000.0,29.74036407470703
2016-08-26,33.095001220703125,32.58000183105469,32.869998931884766,32.755001068115234,13464600.0,29.717679977416992
2016-08-29,32.994998931884766,32.779998779296875,32.834999084472656,32.83000183105469,11631800.0,29.785728454589844
2016-08-30,32.834999084472656,32.55500030517578,32.834999084472656,32.775001525878906,12781200.0,29.73582649230957
2016-08-31,32.845001220703125,32.48500061035156,32.66999816894531,32.630001068115234,13573800.0,29.604270935058594
2016-09-01,33.040000915527344,32.6349983215332,32.79999923706055,32.94499969482422,17725200.0,29.89006996154785
2016-09-02,33.279998779296875,32.974998474121094,33.189998626708984,33.08000183105469,12015800.0,30.012540817260742
2016-09-06,33.20000076293945,32.814998626708984,33.02000045776367,33.16999816894531,14562000.0,30.094194412231445
2016-09-07,33.224998474121094,33.005001068115234,33.060001373291016,33.17499923706055,14253400.0,30.09874153137207
2016-09-08,33.220001220703125,32.93000030517578,33.11000061035156,33.08000183105469,16220200.0,30.012540817260742
2016-09-09,32.939998626708984,32.415000915527344,32.6150016784668,32.55500030517578,28325000.0,29.53622817993164
2016-09-12,32.95000076293945,32.42499923706055,32.474998474121094,32.880001068115234,17208200.0,29.831092834472656
2016-09-13,32.77000045776367,32.369998931884766,32.63999938964844,32.3849983215332,25159400.0,29.381990432739258
2016-09-14,32.71500015258789,32.375,32.4900016784668,32.584999084472656,15088800.0,29.56344223022461
2016-09-15,33.21500015258789,32.40999984741211,32.45500183105469,33.119998931884766,20158000.0,30.04883575439453
2016-09-16,33.06999969482422,32.63999938964844,32.9900016784668,32.959999084472656,27162800.0,29.90367317199707
2016-09-19,33.165000915527344,32.790000915527344,32.9900016784668,32.92499923706055,13588600.0,29.87192153930664
2016-09-20,33.380001068115234,33.0099983215332,33.154998779296875,33.1150016784668,15151800.0,30.044309616088867
2016-09-21,33.665000915527344,33.03499984741211,33.09000015258789,33.58000183105469,16920400.0,30.466182708740234
2016-09-22,33.76499938964844,33.43000030517578,33.75,33.650001525878906,17431000.0,30.529693603515625
2016-09-23,33.75,33.345001220703125,33.345001220703125,33.57500076293945,18402400.0,30.461647033691406
2016-09-26,33.625,32.849998474121094,33.625,32.904998779296875,15645000.0,29.85376739501953
2016-09-27,33.20000076293945,32.79999923706055,32.880001068115234,33.084999084472656,17256000.0,30.017087936401367
2016-09-28,33.35499954223633,33.0,33.084999084472656,33.34000015258789,15612200.0,30.24843406677246
2016-09-29,33.34000015258789,32.88999938964844,33.34000015258789,33.125,18664000.0,30.05337142944336
2016-09-30,33.28499984741211,33.099998474121094,33.27000045776367,33.16999816894531,21135600.0,30.094194412231445
2016-10-03,33.17499923706055,32.849998474121094,32.939998626708984,33.095001220703125,13470000.0,30.151145935058594
2016-10-04,33.189998626708984,32.81999969482422,33.03499984741211,32.915000915527344,14590000.0,29.987152099609375
2016-10-05,33.119998931884766,32.78499984741211,33.06999969482422,32.900001525878906,16502200.0,29.973493576049805
2016-10-06,32.89500045776367,32.540000915527344,32.79999923706055,32.70500183105469,14495400.0,29.79582977294922
2016-10-07,32.8650016784668,32.47999954223633,32.85499954223633,32.68000030517578,14942000.0,29.77305793762207
2016-10-10,32.994998931884766,32.71500015258789,32.73500061035156,32.88999938964844,14850000.0,29.964370727539062
2016-10-11,32.86000061035156,32.435001373291016,32.86000061035156,32.47999954223633,14763600.0,29.59084129333496
2016-10-12,32.78499984741211,32.45500183105469,32.54499816894531,32.619998931884766,12826000.0,29.718385696411133
2016-10-13,32.650001525878906,32.10499954223633,32.439998626708984,32.560001373291016,14289600.0,29.663734436035156
2016-10-14,32.869998931884766,32.494998931884766,32.599998474121094,32.599998474121094,15327600.0,29.70016860961914
2016-10-17,32.790000915527344,32.4900016784668,32.56999969482422,32.5099983215332,10784200.0,29.61817741394043
2016-10-18,32.75,32.404998779296875,32.73500061035156,32.439998626708984,15356400.0,29.55440330505371
2016-10-19,32.7599983215332,32.36000061035156,32.560001373291016,32.45500183105469,17066000.0,29.568071365356445
2016-10-20,32.45000076293945,32.09000015258789,32.38999938964844,32.17499923706055,21401200.0,29.31297492980957
2016-10-21,32.154998779296875,31.78499984741211,31.985000610351562,32.029998779296875,22887400.0,29.180871963500977
2016-10-24,32.79499816894531,32.30500030517578,32.79499816894531,32.47999954223633,19291800.0,29.59084129333496
2016-10-25,32.814998626708984,32.19499969482422,32.5,32.2599983215332,30403000.0,29.390411376953125
2016-10-26,32.46500015258789,31.190000534057617,32.46500015258789,31.280000686645508,42837600.0,28.497591018676758
2016-10-27,31.375,30.299999237060547,31.325000762939453,30.739999771118164,44967800.0,28.005619049072266
2016-10-28,31.360000610351562,30.739999771118164,30.739999771118164,30.940000534057617,28923200.0,28.187833786010742
2016-10-31,31.239999771118164,30.850000381469727,31.094999313354492,30.90999984741211,19390800.0,28.16050148010254
2016-11-01,31.260000228881836,30.56999969482422,31.260000228881836,30.725000381469727,21028000.0,27.99195098876953
2016-11-02,30.815000534057617,30.549999237060547,30.68000030517578,30.735000610351562,23440000.0,28.001066207885742
2016-11-03,30.975000381469727,30.420000076293945,30.780000686645508,30.475000381469727,19074000.0,27.76419448852539
2016-11-04,30.6200008392334,30.020000457763672,30.229999542236328,30.329999923706055,21598600.0,27.63208770751953
2016-11-07,30.875,30.524999618530273,30.764999389648438,30.7549991607666,19343000.0,28.019289016723633
2016-11-08,31.459999084472656,30.719999313354492,30.815000534057617,31.260000228881836,22331600.0,28.4793701171875
2016-11-09,32.04999923706055,31.0,31.0,31.725000381469727,40324200.0,28.903003692626953
2016-11-10,32.959999084472656,31.75,31.764999389648438,32.54999923706055,54804800.0,29.654619216918945
2016-11-11,33.28499984741211,32.29999923706055,32.369998931884766,33.22999954223633,31766800.0,30.27413558959961
2016-11-14,34.064998626708984,33.09000015258789,33.09000015258789,33.630001068115234,37671600.0,30.6385498046875
2016-11-15,33.845001220703125,33.279998779296875,33.540000915527344,33.4900016784668,31409400.0,30.51101303100586
2016-11-16,33.7599983215332,33.29499816894531,33.38999938964844,33.73500061035156,22868800.0,30.734203338623047
2016-11-17,34.36000061035156,33.400001525878906,33.70000076293945,34.244998931884766,23372800.0,31.1988468170166
2016-11-18,34.29999923706055,33.96500015258789,34.1150016784668,34.16999816894531,20925200.0,31.130510330200195
2016-11-21,34.35499954223633,33.98500061035156,34.165000915527344,34.099998474121094,17255200.0,31.066741943359375
2016-11-22,34.58000183105469,34.099998474121094,34.130001068115234,34.5099983215332,26432800.0,31.44028091430664
2016-11-23,34.959999084472656,34.459999084472656,34.55500030517578,34.47999954223633,18863000.0,31.412944793701172
2016-11-25,34.619998931884766,34.39500045776367,34.46500015258789,34.58000183105469,6963600.0,31.504045486450195
2016-11-28,34.5,34.0099983215332,34.39500045776367,34.154998779296875,19572400.0,31.116853713989258
2016-11-29,35.11000061035156,34.13999938964844,34.25,35.06999969482422,30491200.0,31.950454711914062
2016-11-30,35.13999938964844,34.625,35.040000915527344,34.755001068115234,23009000.0,31.663490295410156
2016-12-01,35.025001525878906,34.6150016784668,34.70500183105469,34.93000030517578,19346800.0,31.822914123535156
2016-12-02,35.165000915527344,34.31999969482422,34.974998474121094,34.38999938964844,26722800.0,31.330942153930664
2016-12-05,34.65999984741211,34.189998626708984,34.5099983215332,34.34000015258789,19691200.0,31.285398483276367
2016-12-06,34.4900016784668,34.11000061035156,34.310001373291016,34.349998474121094,21342600.0,31.294504165649414
2016-12-07,34.71500015258789,34.03499984741211,34.380001068115234,34.665000915527344,21098800.0,31.58148956298828
2016-12-08,34.7400016784668,34.470001220703125,34.584999084472656,34.6150016784668,17552600.0,31.535934448242188
2016-12-09,34.7400016784668,34.46500015258789,34.73500061035156,34.724998474121094,17161800.0,31.636146545410156
2016-12-12,34.63999938964844,34.255001068115234,34.51499938964844,34.5,14967000.0,31.431163787841797
2016-12-13,35.1150016784668,34.46500015258789,34.53499984741211,34.9900016784668,18628400.0,31.87757682800293
2016-12-14,35.345001220703125,34.81999969482422,34.970001220703125,35.0099983215332,20540600.0,31.895797729492188
2016-12-15,35.31999969482422,34.80500030517578,35.09000015258789,34.939998626708984,20198200.0,31.832012176513672
2016-12-16,35.20500183105469,34.775001525878906,35.10499954223633,34.93000030517578,29901200.0,31.822914123535156
2016-12-19,35.220001220703125,34.8849983215332,35.08000183105469,35.07500076293945,14040200.0,31.955020904541016
2016-12-20,35.599998474121094,34.9900016784668,35.15999984741211,35.505001068115234,20764400.0,32.346771240234375
2016-12-21,35.55500030517578,34.73500061035156,34.73500061035156,35.415000915527344,11220000.0,32.26477813720703
2016-12-22,35.5099983215332,35.11000061035156,35.29499816894531,35.5099983215332,18988600.0,32.35132598876953
2016-12-23,35.540000915527344,35.22999954223633,35.505001068115234,35.32500076293945,8513600.0,32.18277359008789
2016-12-27,35.65999984741211,35.25,35.400001525878906,35.435001373291016,6139200.0,32.282989501953125
2016-12-28,35.5,35.17499923706055,35.43000030517578,35.224998474121094,9248400.0,32.0916748046875
2016-12-29,35.33000183105469,34.98500061035156,35.20000076293945,35.04499816894531,11987000.0,31.927684783935547
2016-12-30,35.025001525878906,34.46500015258789,34.974998474121094,34.525001525878906,24376800.0,31.57784080505371
2017-01-03,34.94499969482422,34.1150016784668,34.834999084472656,34.525001525878906,23670400.0,31.57784080505371
2017-01-04,35.130001068115234,34.59000015258789,34.755001068115234,34.935001373291016,22010800.0,31.95284080505371
2017-01-05,35.130001068115234,34.70000076293945,34.79499816894531,35.07500076293945,16986000.0,32.08088684082031
2017-01-06,35.27000045776367,34.90999984741211,35.10499954223633,35.1349983215332,13528000.0,32.135765075683594
2017-01-09,35.47999954223633,35.025001525878906,35.06999969482422,35.415000915527344,18135400.0,32.39186477661133
2017-01-10,35.880001068115234,35.224998474121094,35.310001373291016,35.459999084472656,24547200.0,32.433021545410156
2017-01-11,35.869998931884766,35.349998474121094,35.3650016784668,35.85499954223633,23325000.0,32.79430389404297
2017-01-12,35.834999084472656,35.415000915527344,35.79999923706055,35.709999084472656,14599600.0,32.66168212890625
2017-01-13,36.470001220703125,35.880001068115234,36.0,36.3849983215332,23293600.0,33.27906799316406
2017-01-17,36.369998931884766,35.90999984741211,36.10499954223633,36.279998779296875,21143400.0,33.18301773071289
2017-01-18,36.3849983215332,36.095001220703125,36.334999084472656,36.14500045776367,18013800.0,33.05955123901367
2017-01-19,36.474998474121094,36.064998626708984,36.09000015258789,36.30500030517578,14471000.0,33.20589065551758
2017-01-20,36.80500030517578,36.369998931884766,36.53499984741211,36.78499984741211,25014600.0,33.64491653442383
2017-01-23,36.869998931884766,36.44499969482422,36.775001525878906,36.630001068115234,16937200.0,33.503143310546875
2017-01-24,36.89500045776367,36.5,36.599998474121094,36.79999923706055,17553000.0,33.658634185791016
2017-01-25,36.939998626708984,36.55500030517578,36.80500030517578,36.720001220703125,26600000.0,33.58546829223633
2017-01-26,38.435001373291016,36.5,36.560001373291016,37.75,52161400.0,34.52754211425781
2017-01-27,37.994998931884766,37.30500030517578,37.744998931884766,37.974998474121094,23326800.0,34.733333587646484
2017-01-30,37.95500183105469,37.25,37.92499923706055,37.66999816894531,26341800.0,34.45436477661133
2017-01-31,37.744998931884766,37.23500061035156,37.525001525878906,37.709999084472656,26925600.0,34.4909553527832
2017-02-01,38.095001220703125,37.625,37.64500045776367,37.80500030517578,18004000.0,34.577842712402344
2017-02-02,37.81999969482422,37.505001068115234,37.720001220703125,37.54499816894531,15387800.0,34.340030670166016
2017-02-03,37.724998474121094,37.470001220703125,37.650001525878906,37.630001068115234,13851000.0,34.41778564453125
2017-02-06,37.595001220703125,37.224998474121094,37.595001220703125,37.27000045776367,16223000.0,34.08850860595703
2017-02-07,37.599998474121094,37.2599983215332,37.33000183105469,37.43000030517578,15812400.0,34.234859466552734
2017-02-08,37.459999084472656,37.290000915527344,37.43000030517578,37.345001220703125,14212200.0,34.15711975097656
2017-02-09,37.619998931884766,37.279998779296875,37.5,37.51499938964844,14329400.0,34.312599182128906
2017-02-10,37.63999938964844,37.400001525878906,37.494998931884766,37.57500076293945,12684200.0,34.36748504638672
2017-02-13,37.86000061035156,37.54999923706055,37.599998474121094,37.85499954223633,20421800.0,34.62357711791992
2017-02-14,38.1150016784668,37.724998474121094,37.79999923706055,38.04499816894531,15477400.0,34.7973518371582
2017-02-15,38.33000183105469,37.845001220703125,37.875,38.29999923706055,13849200.0,35.03059005737305
2017-02-16,38.224998474121094,37.84000015258789,38.224998474121094,37.994998931884766,16599400.0,34.75163269042969
2017-02-17,38.02000045776367,37.5099983215332,37.970001220703125,37.65999984741211,19599800.0,34.44521713256836
2017-02-21,38.029998779296875,37.40999984741211,38.029998779296875,37.88999938964844,13556300.0,34.65558624267578
2017-02-22,38.220001220703125,37.81999969482422,37.869998931884766,37.939998626708984,13126100.0,34.70132064819336
2017-02-23,38.15999984741211,37.560001373291016,38.119998931884766,37.650001525878906,13258400.0,34.43606948852539
2017-02-24,37.900001525878906,37.470001220703125,37.720001220703125,37.88999938964844,11557800.0,34.65558624267578
2017-02-27,37.79999923706055,37.5,37.7599983215332,37.529998779296875,9563600.0,34.326316833496094
2017-02-28,37.619998931884766,37.18000030517578,37.619998931884766,37.41999816894531,16872300.0,34.225711822509766
2017-03-01,37.83000183105469,37.52000045776367,37.720001220703125,37.59000015258789,16486500.0,34.381202697753906
2017-03-02,37.54999923706055,37.189998626708984,37.52000045776367,37.45000076293945,11116100.0,34.25315475463867
2017-03-03,37.5,37.18000030517578,37.459999084472656,37.220001220703125,11067100.0,34.042781829833984
2017-03-06,37.5,36.900001525878906,37.06999969482422,37.439998626708984,13181100.0,34.24399948120117
2017-03-07,37.63999938964844,37.27000045776367,37.41999816894531,37.41999816894531,14812400.0,34.225711822509766
2017-03-08,37.34000015258789,37.09000015258789,37.16999816894531,37.11000061035156,12934300.0,33.94217300415039
2017-03-09,37.45000076293945,37.119998931884766,37.18000030517578,37.380001068115234,11213300.0,34.189125061035156
2017-03-10,37.61000061035156,37.130001068115234,37.599998474121094,37.31999969482422,12435000.0,34.134246826171875
2017-03-13,37.4900016784668,37.13999938964844,37.31999969482422,37.29999923706055,10991800.0,34.1159553527832
2017-03-14,37.61000061035156,37.15999984741211,37.209999084472656,37.40999984741211,9592100.0,34.2165641784668
2017-03-15,37.83000183105469,37.40999984741211,37.52000045776367,37.75,11142600.0,34.52754211425781
2017-03-16,37.9900016784668,37.58000183105469,37.70000076293945,37.68000030517578,13028300.0,34.46350860595703
2017-03-17,37.959999084472656,37.369998931884766,37.869998931884766,37.459999084472656,32703100.0,34.26229476928711
2017-03-20,37.75,37.40999984741211,37.529998779296875,37.47999954223633,11041000.0,34.28059387207031
2017-03-21,37.61000061035156,37.0,37.4900016784668,37.06999969482422,18806700.0,33.90558624267578
2017-03-22,37.2599983215332,36.810001373291016,37.16999816894531,37.040000915527344,11088900.0,33.878143310546875
2017-03-23,37.47999954223633,36.849998474121094,37.0099983215332,37.220001220703125,11690900.0,34.042781829833984
2017-03-24,37.56999969482422,37.08000183105469,37.2400016784668,37.380001068115234,17814800.0,34.189125061035156
2017-03-27,37.310001373291016,36.900001525878906,37.189998626708984,37.11000061035156,13473700.0,33.94217300415039
2017-03-28,37.279998779296875,36.689998626708984,36.95000076293945,37.09000015258789,14389600.0,33.92387771606445
2017-03-29,37.310001373291016,36.849998474121094,36.900001525878906,37.220001220703125,10407800.0,34.042781829833984
2017-03-30,37.54999923706055,37.130001068115234,37.130001068115234,37.5099983215332,10232300.0,34.30802536010742
2017-03-31,37.689998626708984,37.2599983215332,37.41999816894531,37.59000015258789,15556500.0,34.381202697753906
2017-04-03,37.88999938964844,37.380001068115234,37.470001220703125,37.560001373291016,16497700.0,34.49877166748047
2017-04-04,37.93000030517578,37.560001373291016,37.560001373291016,37.790000915527344,13177000.0,34.71002960205078
2017-04-05,37.9900016784668,37.2400016784668,37.83000183105469,37.34000015258789,18128600.0,34.296695709228516
2017-04-06,38.349998474121094,37.27000045776367,37.279998779296875,38.130001068115234,23316500.0,35.022308349609375
2017-04-07,38.27000045776367,37.91999816894531,38.2599983215332,38.029998779296875,14346000.0,34.930458068847656
2017-04-10,38.06999969482422,37.560001373291016,37.95000076293945,37.66999816894531,12640000.0,34.599796295166016
2017-04-11,37.66999816894531,37.16999816894531,37.66999816894531,37.22999954223633,20042400.0,34.1956672668457
2017-04-12,37.5099983215332,37.130001068115234,37.45000076293945,37.290000915527344,17486000.0,34.250770568847656
2017-04-13,37.38999938964844,36.9900016784668,37.369998931884766,37.13999938964844,18033900.0,34.112998962402344
2017-04-17,37.400001525878906,37.08000183105469,37.29999923706055,37.20000076293945,14475200.0,34.168113708496094
2017-04-18,37.790000915527344,37.04999923706055,37.18000030517578,37.59000015258789,23066600.0,34.52631378173828
2017-04-19,37.9900016784668,37.4900016784668,37.81999969482422,37.529998779296875,15479800.0,34.47121047973633
2017-04-20,38.119998931884766,37.650001525878906,37.77000045776367,38.0,17250100.0,34.902896881103516
2017-04-21,38.25,37.93000030517578,37.970001220703125,38.15999984741211,17106900.0,35.04987335205078
2017-04-24,38.630001068115234,37.9900016784668,38.59000015258789,38.0099983215332,20029900.0,34.9120979309082
2017-04-25,38.54999923706055,38.0099983215332,38.0099983215332,38.4900016784668,12523800.0,35.35297393798828
2017-04-26,39.18000030517578,38.5,38.68000030517578,38.790000915527344,31464100.0,35.62852478027344
2017-04-27,40.619998931884766,39.189998626708984,39.54999923706055,39.59000015258789,35177200.0,36.363319396972656
2017-04-28,39.540000915527344,38.9900016784668,39.5,39.189998626708984,19452000.0,35.99591827392578
2017-05-01,39.45000076293945,38.9900016784668,39.41999816894531,39.189998626708984,15976800.0,35.99591827392578
2017-05-02,39.349998474121094,39.060001373291016,39.31999969482422,39.34000015258789,14481800.0,36.133697509765625
2017-05-03,39.45000076293945,38.15999984741211,39.43000030517578,38.540000915527344,26298700.0,35.398895263671875
2017-05-04,38.66999816894531,37.90999984741211,38.380001068115234,38.290000915527344,17685300.0,35.16926193237305
2017-05-05,39.02000045776367,38.279998779296875,38.529998779296875,39.0099983215332,17640700.0,35.83059310913086
2017-05-08,39.36000061035156,38.779998779296875,39.33000183105469,39.20000076293945,17214400.0,36.00510787963867
2017-05-09,39.279998779296875,38.83000183105469,39.189998626708984,39.08000183105469,12511400.0,35.8948860168457
2017-05-10,39.099998474121094,38.779998779296875,39.02000045776367,39.099998474121094,12920700.0,35.91324996948242
2017-05-11,39.31999969482422,38.849998474121094,38.86000061035156,39.2599983215332,13483700.0,36.060203552246094
2017-05-12,39.22999954223633,38.88999938964844,39.220001220703125,38.97999954223633,12481000.0,35.80302810668945
2017-05-15,39.150001525878906,38.869998931884766,38.88999938964844,38.970001220703125,11902000.0,35.79384994506836
2017-05-16,39.09000015258789,38.689998626708984,39.09000015258789,38.81999969482422,17815900.0,35.65607452392578
2017-05-17,38.7400016784668,37.91999816894531,38.68000030517578,38.099998474121094,22168800.0,34.99475860595703
2017-05-18,39.0099983215332,38.099998474121094,38.45000076293945,38.66999816894531,20337400.0,35.5182991027832
2017-05-19,38.900001525878906,38.20000076293945,38.33000183105469,38.849998474121094,18739600.0,35.683624267578125
2017-05-22,39.560001373291016,38.7599983215332,39.02000045776367,39.4900016784668,13109600.0,36.27146530151367
2017-05-23,39.869998931884766,39.349998474121094,39.650001525878906,39.779998779296875,15488500.0,36.53782653808594
2017-05-24,40.400001525878906,39.68000030517578,39.849998474121094,40.33000183105469,17023700.0,37.04301452636719
2017-05-25,40.79999923706055,40.22999954223633,40.54999923706055,40.34000015258789,35101100.0,37.05218505859375
2017-05-26,40.9900016784668,40.209999084472656,40.209999084472656,40.90999984741211,18189500.0,37.57573318481445
2017-05-30,41.63999938964844,40.880001068115234,41.029998779296875,41.099998474121094,25469500.0,37.750247955322266
2017-05-31,41.709999084472656,41.06999969482422,41.11000061035156,41.689998626708984,26340500.0,38.29216003417969
2017-06-01,41.83000183105469,41.459999084472656,41.630001068115234,41.65999984741211,17969800.0,38.26460647583008
2017-06-02,42.16999816894531,41.54999923706055,41.70000076293945,41.9900016784668,17387000.0,38.567710876464844
2017-06-05,42.18000030517578,41.540000915527344,42.130001068115234,41.790000915527344,14300000.0,38.38401794433594
2017-06-06,41.849998474121094,41.54999923706055,41.83000183105469,41.720001220703125,12869000.0,38.3197135925293
2017-06-07,41.959999084472656,41.63999938964844,41.790000915527344,41.88999938964844,12862700.0,38.475860595703125
2017-06-08,41.900001525878906,40.72999954223633,41.810001373291016,40.939998626708984,25478600.0,37.6032829284668
2017-06-09,41.060001373291016,40.47999954223633,40.91999816894531,40.689998626708984,20497000.0,37.3736686706543
2017-06-12,41.52000045776367,40.560001373291016,40.560001373291016,40.970001220703125,15749200.0,37.63084411621094
2017-06-13,41.27000045776367,40.779998779296875,40.790000915527344,41.220001220703125,11430000.0,37.860469818115234
2017-06-14,41.40999984741211,40.86000061035156,41.40999984741211,41.09000015258789,12170800.0,37.741058349609375
2017-06-15,41.52000045776367,40.88999938964844,40.939998626708984,41.439998626708984,12179100.0,38.062538146972656
2017-06-16,41.349998474121094,40.68000030517578,41.16999816894531,41.279998779296875,27387600.0,37.91557693481445
2017-06-19,41.91999816894531,41.20000076293945,41.83000183105469,41.79999923706055,15147400.0,38.393192291259766
2017-06-20,41.0099983215332,39.91999816894531,40.5,40.38999938964844,27959000.0,37.09811019897461
2017-06-21,40.529998779296875,40.0099983215332,40.400001525878906,40.279998779296875,20115900.0,36.997074127197266
2017-06-22,40.59000015258789,39.91999816894531,40.34000015258789,39.939998626708984,18584000.0,36.684791564941406
2017-06-23,39.970001220703125,39.349998474121094,39.93000030517578,39.5,27861300.0,36.28065490722656
2017-06-26,39.75,39.16999816894531,39.68000030517578,39.59000015258789,18124300.0,36.363319396972656
2017-06-27,39.599998474121094,39.09000015258789,39.5099983215332,39.25,25062400.0,36.051025390625
2017-06-28,40.0,39.18000030517578,39.27000045776367,39.86000061035156,18067400.0,36.6113166809082
2017-06-29,39.77000045776367,38.279998779296875,39.56999969482422,38.869998931884766,24803600.0,35.70199966430664
2017-06-30,39.150001525878906,38.75,39.130001068115234,38.91999816894531,18261600.0,35.89382553100586
2017-07-03,39.25,38.31999969482422,39.08000183105469,38.36000061035156,11541700.0,35.37736892700195
2017-07-05,38.77000045776367,38.29999923706055,38.5099983215332,38.709999084472656,20074100.0,35.700157165527344
2017-07-06,38.59000015258789,38.13999938964844,38.5099983215332,38.25,14121900.0,35.27592086791992
2017-07-07,38.7400016784668,38.25,38.29999923706055,38.56999969482422,17471300.0,35.57103729248047
2017-07-10,38.95000076293945,38.5099983215332,38.560001373291016,38.7599983215332,13675400.0,35.74626541137695
2017-07-11,38.97999954223633,38.619998931884766,38.7400016784668,38.77000045776367,19858600.0,35.75550079345703
2017-07-12,39.310001373291016,38.9900016784668,39.22999954223633,39.02000045776367,13415500.0,35.986045837402344
2017-07-13,39.36000061035156,39.040000915527344,39.060001373291016,39.310001373291016,15999300.0,36.25349426269531
2017-07-14,39.4900016784668,38.619998931884766,39.459999084472656,39.20000076293945,19790200.0,36.152061462402344
2017-07-17,39.33000183105469,39.060001373291016,39.119998931884766,39.20000076293945,10835700.0,36.152061462402344
2017-07-18,39.29999923706055,38.79999923706055,39.290000915527344,39.18000030517578,11932000.0,36.13361358642578
2017-07-19,39.36000061035156,38.84000015258789,39.2599983215332,39.34000015258789,11517800.0,36.28117370605469
2017-07-20,39.70000076293945,39.16999816894531,39.34000015258789,39.4900016784668,14159300.0,36.41950607299805
2017-07-21,40.0,39.34000015258789,39.380001068115234,39.630001068115234,11648300.0,36.54861831665039
2017-07-24,39.70000076293945,39.2599983215332,39.650001525878906,39.470001220703125,11227300.0,36.40106201171875
2017-07-25,39.91999816894531,39.4900016784668,39.650001525878906,39.75,17875100.0,36.6592903137207
2017-07-26,39.970001220703125,39.150001525878906,39.630001068115234,39.349998474121094,25370700.0,36.2903938293457
2017-07-27,40.25,38.869998931884766,40.150001525878906,39.43000030517578,51419900.0,36.36417770385742
2017-07-28,39.599998474121094,39.13999938964844,39.349998474121094,39.52000045776367,20378100.0,36.447166442871094
2017-07-31,40.65999984741211,39.900001525878906,39.939998626708984,40.45000076293945,27131000.0,37.30487060546875
2017-08-01,40.849998474121094,40.11000061035156,40.400001525878906,40.34000015258789,18798800.0,37.20341110229492
2017-08-02,40.189998626708984,39.54999923706055,40.16999816894531,40.0099983215332,17281900.0,36.89907455444336
2017-08-03,39.9900016784668,39.5099983215332,39.630001068115234,39.70000076293945,16315000.0,36.613182067871094
2017-08-04,39.84000015258789,39.540000915527344,39.83000183105469,39.599998474121094,11476600.0,36.520957946777344
2017-08-07,39.70000076293945,39.45000076293945,39.630001068115234,39.61000061035156,12280800.0,36.53016662597656
2017-08-08,40.16999816894531,39.43000030517578,39.619998931884766,39.91999816894531,13626200.0,36.81607437133789
2017-08-09,40.66999816894531,39.349998474121094,39.540000915527344,40.630001068115234,17401800.0,37.470863342285156
2017-08-10,41.04999923706055,40.380001068115234,40.400001525878906,40.72999954223633,20578400.0,37.5630989074707
2017-08-11,41.279998779296875,40.66999816894531,40.7599983215332,41.11000061035156,16735300.0,37.913543701171875
2017-08-14,41.97999954223633,41.380001068115234,41.47999954223633,41.900001525878906,18477600.0,38.642120361328125
2017-08-15,41.9900016784668,41.2400016784668,41.959999084472656,41.5,13599400.0,38.273216247558594
2017-08-16,41.68000030517578,41.04999923706055,41.68000030517578,41.2400016784668,11617500.0,38.03343963623047
2017-08-17,41.2400016784668,40.2599983215332,41.20000076293945,40.27000045776367,15084600.0,37.13886260986328
2017-08-18,40.77000045776367,40.04999923706055,40.119998931884766,40.52000045776367,19547100.0,37.36942672729492
2017-08-21,40.939998626708984,40.470001220703125,40.529998779296875,40.79999923706055,16498100.0,37.62765121459961
2017-08-22,41.5099983215332,40.86000061035156,40.93000030517578,41.349998474121094,11752300.0,38.134883880615234
2017-08-23,41.29999923706055,40.619998931884766,41.25,40.650001525878906,11720800.0,37.48931121826172
2017-08-24,40.880001068115234,40.0099983215332,40.79999923706055,40.13999938964844,14401700.0,37.01896667480469
2017-08-25,40.54999923706055,39.91999816894531,40.31999969482422,40.20000076293945,13409700.0,37.074302673339844
2017-08-28,40.47999954223633,40.16999816894531,40.34000015258789,40.34000015258789,8330900.0,37.20341110229492
2017-08-29,40.41999816894531,40.08000183105469,40.16999816894531,40.15999984741211,9145800.0,37.03741455078125
2017-08-30,40.93000030517578,40.0099983215332,40.099998474121094,40.81999969482422,11902100.0,37.64609909057617
2017-08-31,40.97999954223633,40.52000045776367,40.88999938964844,40.61000061035156,14273400.0,37.452423095703125
2017-09-01,41.22999954223633,40.650001525878906,40.77000045776367,41.060001373291016,11343400.0,37.8674430847168
2017-09-05,41.150001525878906,40.400001525878906,40.970001220703125,40.66999816894531,11380700.0,37.50775909423828
2017-09-06,41.34000015258789,40.54999923706055,40.79999923706055,41.16999816894531,14572800.0,37.96887969970703
2017-09-07,41.25,38.209999084472656,41.25,38.599998474121094,70719000.0,35.59870529174805
2017-09-08,38.459999084472656,37.5099983215332,38.45000076293945,38.209999084472656,53868200.0,35.239036560058594
2017-09-11,38.41999816894531,37.560001373291016,38.29999923706055,37.83000183105469,29644600.0,34.888587951660156
2017-09-12,38.83000183105469,37.560001373291016,38.380001068115234,37.900001525878906,36773200.0,34.95313262939453
2017-09-13,38.310001373291016,37.880001068115234,37.88999938964844,37.959999084472656,23398200.0,35.00846481323242
2017-09-14,38.040000915527344,37.56999969482422,37.939998626708984,37.599998474121094,26552600.0,34.67646408081055
2017-09-15,37.54999923706055,36.439998626708984,37.54999923706055,36.93000030517578,62370100.0,34.05855941772461
2017-09-18,37.310001373291016,36.59000015258789,36.880001068115234,37.11000061035156,27256900.0,34.224552154541016
2017-09-19,37.41999816894531,36.66999816894531,37.06999969482422,37.29999923706055,38769700.0,34.399784088134766
2017-09-20,37.79999923706055,37.25,37.439998626708984,37.459999084472656,31081300.0,34.5473518371582
2017-09-21,37.7400016784668,37.369998931884766,37.380001068115234,37.470001220703125,18562700.0,34.55656814575195
2017-09-22,38.13999938964844,37.27000045776367,37.279998779296875,38.099998474121094,21749200.0,35.13758850097656
2017-09-25,38.11000061035156,37.529998779296875,38.06999969482422,37.90999984741211,21601800.0,34.96236038208008
2017-09-26,38.08000183105469,37.63999938964844,37.900001525878906,37.810001373291016,16012300.0,34.870147705078125
2017-09-27,38.84000015258789,37.720001220703125,37.83000183105469,38.529998779296875,24698700.0,35.534149169921875
2017-09-28,38.400001525878906,37.72999954223633,38.25,37.81999969482422,16361300.0,34.87936019897461
2017-09-29,38.5099983215332,37.61000061035156,37.81999969482422,38.47999954223633,19204300.0,35.488033294677734
2017-10-02,38.849998474121094,37.93000030517578,38.40999984741211,37.970001220703125,18158900.0,35.01769256591797
2017-10-03,38.380001068115234,37.689998626708984,37.779998779296875,38.29999923706055,18542100.0,35.46963119506836
2017-10-04,38.61000061035156,38.119998931884766,38.349998474121094,38.59000015258789,20979300.0,35.73819351196289
2017-10-05,38.779998779296875,38.09000015258789,38.599998474121094,38.349998474121094,20141600.0,35.515933990478516
2017-10-06,38.45000076293945,37.95000076293945,38.310001373291016,38.0099983215332,18821500.0,35.20106506347656
2017-10-09,38.25,37.720001220703125,37.9900016784668,37.79999923706055,10684800.0,35.00657653808594
2017-10-10,38.040000915527344,37.5099983215332,37.79999923706055,37.689998626708984,15016500.0,34.90470886230469
2017-10-11,37.63999938964844,37.20000076293945,37.63999938964844,37.41999816894531,26369100.0,34.6546630859375
2017-10-12,36.900001525878906,35.779998779296875,36.79999923706055,35.95000076293945,50704500.0,33.29328918457031
2017-10-13,36.15999984741211,35.2599983215332,35.91999816894531,36.0099983215332,43672500.0,33.3488655090332
2017-10-16,37.09000015258789,36.119998931884766,36.15999984741211,36.61000061035156,26664900.0,33.90452575683594
2017-10-17,36.72999954223633,36.439998626708984,36.56999969482422,36.470001220703125,14930300.0,33.774871826171875
2017-10-18,36.630001068115234,36.130001068115234,36.54999923706055,36.20000076293945,17992900.0,33.52482223510742
2017-10-19,37.0099983215332,36.04999923706055,36.150001525878906,36.900001525878906,25334200.0,34.173095703125
2017-10-20,37.220001220703125,36.869998931884766,37.20000076293945,37.220001220703125,14577700.0,34.46944046020508
2017-10-23,37.27000045776367,36.52000045776367,37.27000045776367,36.54999923706055,30745800.0,33.84895324707031
2017-10-24,36.880001068115234,36.2599983215332,36.63999938964844,36.5,25248400.0,33.80264663696289
2017-10-25,36.849998474121094,36.20000076293945,36.220001220703125,36.83000183105469,26233700.0,34.10826110839844
2017-10-26,37.20000076293945,35.52000045776367,35.88999938964844,36.27000045776367,58632000.0,33.58964920043945
2017-10-27,36.91999816894531,35.34000015258789,35.93000030517578,36.790000915527344,51081700.0,34.07122802734375
2017-10-30,36.70000076293945,36.060001373291016,36.66999816894531,36.5,29432200.0,33.80264663696289
2017-10-31,36.56999969482422,35.93000030517578,36.5099983215332,36.029998779296875,21828600.0,33.36738967895508
2017-11-01,36.41999816894531,35.939998626708984,36.25,36.08000183105469,18199800.0,33.413692474365234
2017-11-02,36.09000015258789,34.91999816894531,36.09000015258789,35.150001525878906,40319000.0,32.55242156982422
2017-11-03,35.689998626708984,34.779998779296875,35.08000183105469,35.68000030517578,30164300.0,33.043251037597656
2017-11-06,36.060001373291016,35.279998779296875,35.58000183105469,35.540000915527344,23362200.0,32.91359329223633
2017-11-07,36.90999984741211,35.56999969482422,35.56999969482422,36.38999938964844,38113900.0,33.700775146484375
2017-11-08,36.630001068115234,36.06999969482422,36.5099983215332,36.209999084472656,23914900.0,33.534080505371094
2017-11-09,36.91999816894531,35.83000183105469,35.97999954223633,36.560001373291016,16159800.0,33.85821533203125
2017-11-10,37.310001373291016,36.5,36.5,36.849998474121094,18010100.0,34.126773834228516
2017-11-13,37.279998779296875,36.59000015258789,36.689998626708984,37.25,16256600.0,34.497222900390625
2017-11-14,37.060001373291016,36.61000061035156,37.0099983215332,36.86000061035156,20192100.0,34.13605499267578
2017-11-15,37.279998779296875,36.66999816894531,36.900001525878906,37.18000030517578,20447100.0,34.43239212036133
2017-11-16,37.56999969482422,36.900001525878906,36.900001525878906,37.06999969482422,21597800.0,34.33052444458008
2017-11-17,37.0,36.119998931884766,37.0,36.15999984741211,38138600.0,33.48777770996094
2017-11-20,36.349998474121094,35.75,36.099998474121094,35.83000183105469,19409500.0,33.182159423828125
2017-11-21,36.5099983215332,36.0,36.13999938964844,36.41999816894531,22750400.0,33.72856140136719
2017-11-22,36.4900016784668,36.130001068115234,36.38999938964844,36.40999984741211,16402300.0,33.71929931640625
2017-11-24,36.349998474121094,35.779998779296875,36.290000915527344,35.869998931884766,12296300.0,33.21919631958008
2017-11-27,35.869998931884766,35.310001373291016,35.779998779296875,35.54999923706055,24580500.0,32.922855377197266
2017-11-28,36.25,35.2599983215332,35.560001373291016,36.25,34506700.0,33.57112121582031
2017-11-29,37.72999954223633,36.0099983215332,37.08000183105469,37.189998626708984,33941000.0,34.4416618347168
2017-11-30,37.63999938964844,36.47999954223633,36.970001220703125,37.540000915527344,42859900.0,34.76579284667969
2017-12-01,38.70000076293945,37.11000061035156,37.150001525878906,38.43000030517578,32532600.0,35.59002685546875
2017-12-04,40.72999954223633,39.41999816894531,39.41999816894531,40.31999969482422,55137400.0,37.34035110473633
2017-12-05,40.38999938964844,39.470001220703125,39.869998931884766,39.52000045776367,28738200.0,36.599464416503906
2017-12-06,39.84000015258789,38.54999923706055,39.83000183105469,38.630001068115234,25463700.0,35.77523422241211
2017-12-07,38.56999969482422,37.75,38.5,37.88999938964844,29281700.0,35.089927673339844
2017-12-08,38.5,37.869998931884766,38.5,37.95000076293945,22224000.0,35.145503997802734
2017-12-11,38.459999084472656,37.959999084472656,38.279998779296875,38.439998626708984,23772100.0,35.599281311035156
2017-12-12,40.150001525878906,39.0,39.400001525878906,39.5099983215332,33637600.0,36.590206146240234
2017-12-13,39.540000915527344,38.5,39.5099983215332,38.58000183105469,27981100.0,35.72894287109375
2017-12-14,39.709999084472656,38.189998626708984,38.810001373291016,39.119998931884766,23292300.0,36.229026794433594
2017-12-15,39.869998931884766,38.9900016784668,39.4900016784668,39.709999084472656,47358400.0,36.77543258666992
2017-12-18,40.08000183105469,39.45000076293945,39.97999954223633,39.540000915527344,18523300.0,36.61799621582031
2017-12-19,39.540000915527344,38.86000061035156,39.459999084472656,39.13999938964844,21131900.0,36.247554779052734
2017-12-20,39.59000015258789,38.959999084472656,39.400001525878906,39.380001068115234,17191000.0,36.469818115234375
2017-12-21,41.2400016784668,39.400001525878906,39.47999954223633,40.810001373291016,34401700.0,37.79414367675781
2017-12-22,41.09000015258789,40.540000915527344,40.84000015258789,40.779998779296875,13571500.0,37.766357421875
2017-12-26,41.0099983215332,40.630001068115234,40.63999938964844,40.81999969482422,10478700.0,37.80340576171875
2017-12-27,40.849998474121094,40.25,40.84000015258789,40.40999984741211,12029600.0,37.423702239990234
2017-12-28,40.58000183105469,40.029998779296875,40.58000183105469,40.290000915527344,9198000.0,37.31256866455078
2017-12-29,40.41999816894531,40.04999923706055,40.099998474121094,40.04999923706055,12231000.0,37.09029769897461
2018-01-02,41.11000061035156,40.04999923706055,40.86000061035156,41.06999969482422,18270300.0,38.185569763183594
2018-01-03,41.369998931884766,40.04999923706055,40.75,40.40999984741211,21062900.0,37.571922302246094
2018-01-04,40.720001220703125,40.099998474121094,40.470001220703125,40.66999816894531,18143800.0,37.813663482666016
2018-01-05,41.2400016784668,40.40999984741211,40.90999984741211,41.040000915527344,17007500.0,38.157676696777344
2018-01-08,41.029998779296875,40.290000915527344,40.77000045776367,40.47999954223633,15189500.0,37.63701248168945
2018-01-09,41.029998779296875,40.45000076293945,40.529998779296875,40.61000061035156,17026000.0,37.757877349853516
2018-01-10,41.16999816894531,40.15999984741211,40.43000030517578,41.09000015258789,20198100.0,38.204166412353516
2018-01-11,42.66999816894531,41.13999938964844,41.20000076293945,42.599998474121094,36703700.0,39.60810852050781
2018-01-12,42.709999084472656,41.93000030517578,42.56999969482422,42.439998626708984,18970000.0,39.45935821533203
2018-01-16,42.59000015258789,41.75,42.59000015258789,41.81999969482422,19018100.0,38.88289260864258
2018-01-17,42.209999084472656,41.40999984741211,42.04999923706055,41.68000030517578,17078100.0,38.75273513793945
2018-01-18,41.939998626708984,41.0099983215332,41.060001373291016,41.849998474121094,21817300.0,38.910789489746094
2018-01-19,42.58000183105469,41.790000915527344,41.95000076293945,42.5,23591700.0,39.515140533447266
2018-01-22,42.91999816894531,42.150001525878906,42.40999984741211,42.88999938964844,22437400.0,39.877750396728516
2018-01-23,42.84000015258789,41.959999084472656,42.5,42.439998626708984,19155500.0,39.45935821533203
2018-01-24,44.0,41.56999969482422,42.70000076293945,42.9900016784668,48918800.0,39.97072219848633
2018-01-25,43.529998779296875,41.97999954223633,43.119998931884766,42.13999938964844,27799100.0,39.180423736572266
2018-01-26,42.79999923706055,41.95000076293945,42.099998474121094,42.79999923706055,27999900.0,39.79407501220703
2018-01-29,42.34000015258789,41.349998474121094,42.29999923706055,41.97999954223633,21559300.0,39.03165817260742
2018-01-30,42.459999084472656,41.689998626708984,42.029998779296875,42.34000015258789,21398600.0,39.36637496948242
2018-01-31,42.72999954223633,42.08000183105469,42.290000915527344,42.529998779296875,26926300.0,39.543025970458984
2018-02-01,42.59000015258789,41.880001068115234,42.16999816894531,41.88999938964844,26485900.0,38.947975158691406
2018-02-02,42.15999984741211,40.83000183105469,41.5,41.11000061035156,32030600.0,38.22276306152344
2018-02-05,41.63999938964844,39.099998474121094,41.36000061035156,39.20000076293945,42367300.0,36.4469108581543
2018-02-06,39.79999923706055,38.5,38.91999816894531,39.66999816894531,48696300.0,36.8838996887207
2018-02-07,40.41999816894531,39.369998931884766,39.5,40.150001525878906,33065600.0,37.33018112182617
2018-02-08,40.15999984741211,38.150001525878906,39.900001525878906,38.189998626708984,34122900.0,35.50783920288086
2018-02-09,38.9900016784668,37.43000030517578,38.369998931884766,38.56999969482422,37376000.0,35.86114501953125
2018-02-12,39.06999969482422,38.27000045776367,38.599998474121094,38.540000915527344,30682500.0,35.833251953125
2018-02-13,39.16999816894531,38.099998474121094,38.15999984741211,38.959999084472656,18133300.0,36.223758697509766
2018-02-14,39.619998931884766,38.5,38.81999969482422,39.43000030517578,21982500.0,36.6607551574707
2018-02-15,40.119998931884766,39.2599983215332,39.7599983215332,40.08000183105469,21687700.0,37.26510238647461
2018-02-16,40.41999816894531,39.689998626708984,39.9900016784668,39.790000915527344,22563900.0,36.99546813964844
2018-02-20,39.689998626708984,39.040000915527344,39.540000915527344,39.470001220703125,18163800.0,36.69794845581055
2018-02-21,39.84000015258789,39.0,39.45000076293945,39.0099983215332,14230300.0,36.2702522277832
2018-02-22,39.56999969482422,38.56999969482422,39.060001373291016,38.79999923706055,18800900.0,36.07499694824219
2018-02-23,39.650001525878906,38.90999984741211,39.150001525878906,39.5,16514400.0,36.72583770751953
2018-02-26,39.7400016784668,39.369998931884766,39.529998779296875,39.58000183105469,14875600.0,36.80021667480469
2018-02-27,38.20000076293945,36.59000015258789,38.0,36.65999984741211,69200000.0,34.085296630859375
2018-02-28,37.08000183105469,35.75,36.900001525878906,36.209999084472656,69818500.0,33.66690444946289
2018-03-01,36.869998931884766,36.20000076293945,36.439998626708984,36.540000915527344,34517600.0,33.97372055053711
2018-03-02,36.58000183105469,36.060001373291016,36.25,36.4900016784668,28854900.0,33.92723846435547
2018-03-05,37.099998474121094,36.150001525878906,36.40999984741211,36.779998779296875,29259400.0,34.196861267089844
2018-03-06,37.09000015258789,36.38999938964844,37.08000183105469,36.869998931884766,19795200.0,34.28053665161133
2018-03-07,36.81999969482422,36.029998779296875,36.81999969482422,36.119998931884766,25136500.0,33.583221435546875
2018-03-08,37.0099983215332,36.11000061035156,36.369998931884766,36.880001068115234,23111100.0,34.28984069824219
2018-03-09,37.13999938964844,36.5,37.0,37.130001068115234,23737400.0,34.52228927612305
2018-03-12,37.220001220703125,36.869998931884766,37.09000015258789,36.959999084472656,17947700.0,34.364219665527344
2018-03-13,37.11000061035156,36.220001220703125,36.9900016784668,36.43000030517578,20580700.0,33.87144470214844
2018-03-14,36.54999923706055,35.959999084472656,36.45000076293945,36.02000045776367,26107400.0,33.4902458190918
2018-03-15,36.310001373291016,35.900001525878906,36.0,36.150001525878906,22205500.0,33.61111831665039
2018-03-16,36.619998931884766,35.779998779296875,36.290000915527344,35.83000183105469,46607100.0,33.31358337402344
2018-03-19,35.869998931884766,34.880001068115234,35.599998474121094,35.29999923706055,34417400.0,32.82080078125
2018-03-20,35.5,34.54999923706055,35.36000061035156,34.56999969482422,20893700.0,32.14208221435547
2018-03-21,35.150001525878906,34.45000076293945,34.54999923706055,34.4900016784668,21662600.0,32.06770706176758
2018-03-22,34.22999954223633,33.209999084472656,34.16999816894531,33.22999954223633,53922000.0,30.896190643310547
2018-03-23,33.72999954223633,33.150001525878906,33.650001525878906,33.16999816894531,43863100.0,30.84040069580078
2018-03-26,33.790000915527344,32.7400016784668,33.75,33.540000915527344,32248200.0,31.184410095214844
2018-03-27,33.880001068115234,32.75,33.650001525878906,32.9900016784668,31011300.0,30.673044204711914
2018-03-28,33.849998474121094,33.13999938964844,33.20000076293945,33.279998779296875,32906700.0,30.942676544189453
2018-03-29,34.52000045776367,33.33000183105469,33.459999084472656,34.16999816894531,32542600.0,31.770164489746094
2018-04-02,34.29999923706055,33.2599983215332,34.09000015258789,33.52000045776367,35584000.0,31.165821075439453
2018-04-03,33.54999923706055,32.91999816894531,33.41999816894531,33.470001220703125,29274500.0,31.29673194885254
2018-04-04,34.40999984741211,33.04999923706055,33.150001525878906,34.310001373291016,26401000.0,32.08218765258789
2018-04-05,34.810001373291016,34.349998474121094,34.56999969482422,34.599998474121094,23737400.0,32.35335922241211
2018-04-06,34.529998779296875,33.869998931884766,34.25,34.119998931884766,33780800.0,31.904525756835938
2018-04-09,34.560001373291016,33.91999816894531,34.38999938964844,33.95000076293945,17554700.0,31.745569229125977
2018-04-10,34.400001525878906,33.540000915527344,34.22999954223633,33.86000061035156,30537700.0,31.66141128540039
2018-04-11,34.06999969482422,33.540000915527344,33.59000015258789,33.560001373291016,21874300.0,31.380889892578125
2018-04-12,33.88999938964844,32.900001525878906,33.77000045776367,33.130001068115234,29449600.0,30.97881317138672
2018-04-13,33.45000076293945,32.869998931884766,33.2400016784668,33.02000045776367,24725500.0,30.875951766967773
2018-04-16,33.7400016784668,32.97999954223633,33.34000015258789,33.529998779296875,15267200.0,31.35283660888672
2018-04-17,33.849998474121094,33.04999923706055,33.75,33.27000045776367,33580500.0,31.109722137451172
2018-04-18,33.54999923706055,33.189998626708984,33.31999969482422,33.27000045776367,23564000.0,31.109722137451172
2018-04-19,33.7599983215332,33.06999969482422,33.2599983215332,33.47999954223633,21006800.0,31.306087493896484
2018-04-20,33.79999923706055,33.099998474121094,33.54999923706055,33.209999084472656,25272500.0,31.05360984802246
2018-04-23,33.91999816894531,33.16999816894531,33.2400016784668,33.869998931884766,20953200.0,31.67075538635254
2018-04-24,34.290000915527344,33.189998626708984,34.09000015258789,33.349998474121094,28917300.0,31.18452262878418
2018-04-25,34.779998779296875,33.04999923706055,33.18000030517578,34.2599983215332,39731600.0,32.03543472290039
2018-04-26,34.47999954223633,33.02000045776367,34.310001373291016,33.33000183105469,32554700.0,31.165821075439453
2018-04-27,33.11000061035156,31.799999237060547,33.06999969482422,31.809999465942383,51653800.0,29.744522094726562
2018-04-30,32.2400016784668,31.34000015258789,31.90999984741211,31.389999389648438,38337600.0,29.351789474487305
2018-05-01,32.099998474121094,31.209999084472656,31.3799991607666,32.060001373291016,25115000.0,29.97828483581543
2018-05-02,32.0,31.18000030517578,31.989999771118164,31.299999237060547,19864100.0,29.26763343811035
2018-05-03,31.260000228881836,30.549999237060547,31.149999618530273,31.010000228881836,21774300.0,28.99646759033203
2018-05-04,32.04999923706055,30.959999084472656,30.989999771118164,31.959999084472656,20750000.0,29.88477897644043
2018-05-07,32.40999984741211,31.81999969482422,32.029998779296875,32.38999938964844,18655600.0,30.28685760498047
2018-05-08,32.02000045776367,30.520000457763672,31.549999237060547,30.59000015258789,52988700.0,28.60373878479004
2018-05-09,30.969999313354492,30.43000030517578,30.56999969482422,30.729999542236328,22805200.0,28.734643936157227
2018-05-10,31.639999389648438,30.700000762939453,30.739999771118164,31.559999465942383,24505700.0,29.51074981689453
2018-05-11,31.950000762939453,31.510000228881836,31.540000915527344,31.899999618530273,14674200.0,29.828678131103516
2018-05-14,32.25,31.809999465942383,31.889999389648438,32.13999938964844,19657800.0,30.05309295654297
2018-05-15,32.029998779296875,31.729999542236328,31.979999542236328,32.0099983215332,23990300.0,29.93153190612793
2018-05-16,32.68000030517578,32.040000915527344,32.130001068115234,32.54999923706055,19169800.0,30.43647003173828
2018-05-17,32.84000015258789,32.380001068115234,32.65999984741211,32.40999984741211,23067300.0,30.305559158325195
2018-05-18,32.7599983215332,32.27000045776367,32.45000076293945,32.720001220703125,18067100.0,30.59543800354004
2018-05-21,32.88999938964844,32.20000076293945,32.77000045776367,32.34000015258789,18368400.0,30.24010467529297
2018-05-22,32.709999084472656,32.310001373291016,32.40999984741211,32.5099983215332,13577000.0,30.399065017700195
2018-05-23,32.2400016784668,31.799999237060547,31.850000381469727,31.8799991607666,27868200.0,29.809972763061523
2018-05-24,32.04999923706055,31.280000686645508,31.770000457763672,31.6299991607666,24034700.0,29.576204299926758
2018-05-25,32.0099983215332,31.579999923706055,31.59000015258789,31.75,13190300.0,29.688413619995117
2018-05-29,31.889999389648438,31.3799991607666,31.549999237060547,31.510000228881836,19084300.0,29.463998794555664
2018-05-30,31.700000762939453,31.31999969482422,31.68000030517578,31.479999542236328,17408700.0,29.43594741821289
2018-05-31,31.56999969482422,30.670000076293945,31.549999237060547,31.18000030517578,35462000.0,29.15542984008789
2018-06-01,31.450000762939453,31.1200008392334,31.34000015258789,31.260000228881836,18234100.0,29.23023223876953
2018-06-04,31.510000228881836,31.149999618530273,31.299999237060547,31.290000915527344,19434400.0,29.258283615112305
2018-06-05,31.31999969482422,31.040000915527344,31.260000228881836,31.079999923706055,22919900.0,29.061918258666992
2018-06-06,32.4900016784668,30.959999084472656,31.1299991607666,32.27000045776367,33711500.0,30.174650192260742
2018-06-07,32.65999984741211,31.950000762939453,32.41999816894531,32.0,26415000.0,29.92218017578125
2018-06-08,32.189998626708984,31.84000015258789,31.979999542236328,32.08000183105469,21775000.0,29.996990203857422
2018-06-11,32.439998626708984,31.8799991607666,31.969999313354492,32.0,25960600.0,29.92218017578125
2018-06-12,32.619998931884766,31.829999923706055,31.940000534057617,32.380001068115234,32994300.0,30.27750587463379
2018-06-13,32.650001525878906,30.989999771118164,31.030000686645508,32.31999969482422,45830100.0,30.221403121948242
2018-06-14,34.060001373291016,32.77000045776367,32.849998474121094,33.81999969482422,42639500.0,31.624006271362305
2018-06-15,34.400001525878906,33.59000015258789,34.38999938964844,33.880001068115234,53138700.0,31.680110931396484
2018-06-18,33.790000915527344,32.560001373291016,33.790000915527344,32.58000183105469,29986200.0,30.46452522277832
2018-06-19,33.08000183105469,32.16999816894531,32.16999816894531,32.810001373291016,29019100.0,30.679590225219727
2018-06-20,33.720001220703125,32.34000015258789,33.349998474121094,33.38999938964844,50020200.0,31.221927642822266
2018-06-21,33.650001525878906,32.650001525878906,33.349998474121094,32.790000915527344,35125600.0,30.660886764526367
2018-06-22,34.150001525878906,32.90999984741211,33.0,33.810001373291016,105512100.0,31.614654541015625
2018-06-25,34.11000061035156,32.90999984741211,33.79999923706055,33.119998931884766,33063300.0,30.96945571899414
2018-06-26,33.310001373291016,32.66999816894531,33.310001373291016,32.779998779296875,31471300.0,30.651533126831055
2018-06-27,32.900001525878906,32.290000915527344,32.560001373291016,32.290000915527344,28842400.0,30.19335174560547
2018-06-28,32.70000076293945,32.08000183105469,32.439998626708984,32.630001068115234,25199400.0,30.511276245117188
2018-06-29,33.599998474121094,32.5,32.5099983215332,32.810001373291016,37956600.0,30.679590225219727
2018-07-02,33.220001220703125,32.41999816894531,32.439998626708984,33.16999816894531,17165000.0,31.196866989135742
2018-07-03,33.61000061035156,32.9900016784668,33.20000076293945,33.09000015258789,12660800.0,31.12162971496582
2018-07-05,33.400001525878906,32.90999984741211,33.380001068115234,33.119998931884766,11330300.0,31.149843215942383
2018-07-06,33.61000061035156,33.0,33.27000045776367,33.58000183105469,11541300.0,31.582487106323242
2018-07-09,33.79999923706055,33.25,33.779998779296875,33.560001373291016,13664900.0,31.56367301940918
2018-07-10,33.720001220703125,33.189998626708984,33.709999084472656,33.34000015258789,12363300.0,31.356760025024414
2018-07-11,34.18000030517578,33.029998779296875,33.09000015258789,33.77000045776367,33639100.0,31.761178970336914
2018-07-12,34.56999969482422,33.599998474121094,33.68000030517578,34.54999923706055,22374100.0,32.49477767944336
2018-07-13,35.150001525878906,34.400001525878906,34.400001525878906,34.70000076293945,25167300.0,32.63584899902344
2018-07-16,35.27000045776367,34.650001525878906,34.7400016784668,34.970001220703125,22937600.0,32.889793395996094
2018-07-17,34.91999816894531,34.209999084472656,34.709999084472656,34.27000045776367,21119900.0,32.23143768310547
2018-07-18,34.45000076293945,33.97999954223633,34.119998931884766,34.040000915527344,16172600.0,32.01511764526367
2018-07-19,35.290000915527344,34.7400016784668,35.13999938964844,34.90999984741211,41627300.0,32.83336639404297
2018-07-20,34.95000076293945,34.290000915527344,34.77000045776367,34.29999923706055,24577000.0,32.25965118408203
2018-07-23,34.29999923706055,33.81999969482422,34.15999984741211,34.16999816894531,22336100.0,32.13737869262695
2018-07-24,34.290000915527344,33.349998474121094,34.16999816894531,33.38999938964844,21795000.0,31.403785705566406
2018-07-25,33.52000045776367,32.810001373291016,33.38999938964844,33.41999816894531,22055800.0,31.4320011138916
2018-07-26,35.099998474121094,33.77000045776367,34.84000015258789,34.75,40293000.0,32.68287658691406
2018-07-27,35.61000061035156,34.7599983215332,34.84000015258789,35.08000183105469,22686900.0,32.993255615234375
2018-07-30,35.70000076293945,35.02000045776367,35.060001373291016,35.459999084472656,21883100.0,33.350650787353516
2018-07-31,36.09000015258789,35.540000915527344,35.650001525878906,35.779998779296875,21644300.0,33.651615142822266
2018-08-01,35.900001525878906,35.31999969482422,35.900001525878906,35.400001525878906,20155600.0,33.294219970703125
2018-08-02,35.20000076293945,34.619998931884766,35.16999816894531,34.63999938964844,19240300.0,32.579429626464844
2018-08-03,35.43000030517578,34.72999954223633,34.939998626708984,35.40999984741211,16485800.0,33.30363082885742
2018-08-06,35.7599983215332,35.290000915527344,35.59000015258789,35.31999969482422,12087200.0,33.21897506713867
2018-08-07,35.52000045776367,35.189998626708984,35.45000076293945,35.400001525878906,10952200.0,33.294219970703125
2018-08-08,35.4900016784668,34.88999938964844,35.470001220703125,35.04999923706055,12297700.0,32.96503448486328
2018-08-09,35.810001373291016,35.04999923706055,35.099998474121094,35.4900016784668,17122800.0,33.37886047363281
2018-08-10,35.34000015258789,34.95000076293945,35.2599983215332,35.08000183105469,11873700.0,32.993255615234375
2018-08-13,35.189998626708984,34.779998779296875,35.119998931884766,35.040000915527344,15910600.0,32.95563507080078
2018-08-14,35.4900016784668,35.040000915527344,35.099998474121094,35.38999938964844,10478900.0,33.28481674194336
2018-08-15,35.27000045776367,34.66999816894531,35.20000076293945,34.970001220703125,15367600.0,32.889793395996094
2018-08-16,35.849998474121094,35.0099983215332,35.04999923706055,35.65999984741211,16394500.0,33.53875732421875
2018-08-17,35.849998474121094,35.349998474121094,35.560001373291016,35.599998474121094,12079500.0,33.482322692871094
2018-08-20,35.72999954223633,35.29999923706055,35.70000076293945,35.43000030517578,9957900.0,33.32243347167969
2018-08-21,36.0099983215332,35.43000030517578,35.45000076293945,35.7400016784668,11407000.0,33.613990783691406
2018-08-22,35.7400016784668,35.45000076293945,35.70000076293945,35.47999954223633,7951800.0,33.36946487426758
2018-08-23,35.47999954223633,35.2599983215332,35.380001068115234,35.310001373291016,11487500.0,33.20957565307617
2018-08-24,36.790000915527344,35.31999969482422,35.369998931884766,36.5,24501900.0,34.32878494262695
2018-08-27,36.70000076293945,36.400001525878906,36.63999938964844,36.43000030517578,11958300.0,34.2629508972168
2018-08-28,36.70000076293945,36.20000076293945,36.65999984741211,36.349998474121094,10815200.0,34.187705993652344
2018-08-29,36.900001525878906,36.220001220703125,36.27000045776367,36.75,13419100.0,34.563907623291016
2018-08-30,36.70000076293945,36.40999984741211,36.54999923706055,36.68000030517578,10563600.0,34.498077392578125
2018-08-31,37.06999969482422,36.58000183105469,36.599998474121094,36.9900016784668,20414900.0,34.78963851928711
2018-09-04,36.849998474121094,36.209999084472656,36.75,36.380001068115234,19158800.0,34.21592712402344
2018-09-05,36.47999954223633,36.150001525878906,36.290000915527344,36.279998779296875,16801100.0,34.12186813354492
2018-09-06,36.529998779296875,35.720001220703125,36.529998779296875,35.91999816894531,18329000.0,33.78328323364258
2018-09-07,36.369998931884766,35.75,35.900001525878906,36.16999816894531,18156300.0,34.01841735839844
2018-09-10,36.5099983215332,36.279998779296875,36.400001525878906,36.36000061035156,14292300.0,34.19710922241211
2018-09-11,36.5,36.220001220703125,36.439998626708984,36.29999923706055,20600900.0,34.14067840576172
2018-09-12,36.29999923706055,35.66999816894531,36.209999084472656,36.09000015258789,20877400.0,33.943172454833984
2018-09-13,37.22999954223633,36.08000183105469,36.150001525878906,37.040000915527344,22993900.0,34.8366584777832
2018-09-14,37.209999084472656,36.720001220703125,37.150001525878906,36.959999084472656,15004700.0,34.76142120361328
2018-09-17,37.209999084472656,36.720001220703125,37.029998779296875,36.959999084472656,13318500.0,34.76142120361328
2018-09-18,37.880001068115234,36.97999954223633,37.11000061035156,37.7400016784668,23443900.0,35.49502182006836
2018-09-19,37.939998626708984,37.290000915527344,37.650001525878906,37.31999969482422,17452200.0,35.099998474121094
2018-09-20,37.9900016784668,37.119998931884766,37.61000061035156,37.810001373291016,20489900.0,35.56085968017578
2018-09-21,38.060001373291016,37.47999954223633,37.95000076293945,37.900001525878906,57634200.0,35.6455078125
2018-09-24,36.27000045776367,34.75,35.95000076293945,35.630001068115234,67853400.0,33.510536193847656
2018-09-25,35.97999954223633,35.290000915527344,35.86000061035156,35.400001525878906,25533500.0,33.294219970703125
2018-09-26,35.90999984741211,35.29999923706055,35.599998474121094,35.369998931884766,19777000.0,33.265995025634766
2018-09-27,35.720001220703125,35.18000030517578,35.5,35.220001220703125,17055300.0,33.12493133544922
2018-09-28,35.65999984741211,35.150001525878906,35.25,35.40999984741211,17306300.0,33.30363082885742
2018-10-01,35.63999938964844,34.9900016784668,35.529998779296875,35.52000045776367,20430700.0,33.40707778930664
2018-10-02,35.88999938964844,35.0,35.279998779296875,35.70000076293945,25036400.0,33.756935119628906
2018-10-03,35.880001068115234,35.0099983215332,35.779998779296875,35.189998626708984,28967700.0,33.274696350097656
2018-10-04,35.279998779296875,34.84000015258789,35.04999923706055,35.209999084472656,23118400.0,33.29360580444336
2018-10-05,35.22999954223633,34.40999984741211,35.189998626708984,34.560001373291016,20433800.0,32.678993225097656
2018-10-08,35.22999954223633,34.45000076293945,34.5,35.18000030517578,18925400.0,33.26523971557617
2018-10-09,35.83000183105469,34.9900016784668,35.279998779296875,35.439998626708984,17407000.0,33.51109313964844
2018-10-10,35.650001525878906,34.22999954223633,35.369998931884766,34.279998779296875,25754000.0,32.41423416137695
2018-10-11,34.689998626708984,33.5099983215332,34.599998474121094,33.66999816894531,36284000.0,31.837427139282227
2018-10-12,34.790000915527344,33.88999938964844,34.04999923706055,34.619998931884766,31439300.0,32.73572540283203
2018-10-15,35.66999816894531,34.5099983215332,34.61000061035156,35.09000015258789,22877300.0,33.180137634277344
2018-10-16,36.099998474121094,35.20000076293945,35.220001220703125,36.0,26282200.0,34.040611267089844
2018-10-17,36.66999816894531,35.790000915527344,36.119998931884766,36.400001525878906,20386600.0,34.41884994506836
2018-10-18,36.63999938964844,35.81999969482422,36.279998779296875,35.939998626708984,27905800.0,33.98387908935547
2018-10-19,36.5099983215332,35.779998779296875,36.119998931884766,35.97999954223633,24405300.0,34.02169418334961
2018-10-22,36.25,35.59000015258789,36.099998474121094,35.75,24301900.0,33.804222106933594
2018-10-23,35.790000915527344,35.04999923706055,35.40999984741211,35.650001525878906,20100200.0,33.709659576416016
2018-10-24,36.2599983215332,34.04999923706055,35.97999954223633,34.119998931884766,29974900.0,32.26293182373047
2018-10-25,36.279998779296875,35.04999923706055,35.880001068115234,35.84000015258789,33839600.0,33.88932418823242
2018-10-26,36.41999816894531,34.91999816894531,35.63999938964844,35.2400016784668,42435100.0,33.32197952270508
2018-10-29,36.52000045776367,35.41999816894531,35.91999816894531,35.9900016784668,32373500.0,34.03115463256836
2018-10-30,37.77000045776367,36.119998931884766,36.4900016784668,37.709999084472656,36610600.0,35.657535552978516
2018-10-31,38.650001525878906,37.31999969482422,37.959999084472656,38.13999938964844,28182000.0,36.064144134521484
2018-11-01,38.16999816894531,37.65999984741211,38.099998474121094,37.95000076293945,23797500.0,35.884483337402344
2018-11-02,38.22999954223633,37.0099983215332,38.09000015258789,37.65999984741211,24593400.0,35.610260009765625
2018-11-05,38.349998474121094,37.849998474121094,37.939998626708984,38.02000045776367,18780000.0,35.95067596435547
2018-11-06,38.189998626708984,37.529998779296875,38.11000061035156,37.72999954223633,19682900.0,35.676448822021484
2018-11-07,38.34000015258789,37.63999938964844,37.970001220703125,38.29999923706055,21551900.0,36.215431213378906
2018-11-08,38.58000183105469,37.90999984741211,38.4900016784668,38.29999923706055,14327200.0,36.215431213378906
2018-11-09,38.709999084472656,37.95000076293945,38.15999984741211,38.34000015258789,17819200.0,36.25325393676758
2018-11-12,38.58000183105469,37.56999969482422,38.25,38.0,17042200.0,35.93175506591797
2018-11-13,38.4900016784668,37.5099983215332,38.25,37.720001220703125,17569500.0,35.6670036315918
2018-11-14,38.68000030517578,37.77000045776367,38.0099983215332,38.290000915527344,23447600.0,36.20596694946289
2018-11-15,38.4900016784668,37.81999969482422,38.11000061035156,38.4900016784668,20772100.0,36.39508819580078
2018-11-16,38.91999816894531,38.310001373291016,38.709999084472656,38.59000015258789,21542400.0,36.48964309692383
2018-11-19,38.90999984741211,37.9900016784668,38.59000015258789,38.18000030517578,19265800.0,36.10196304321289
2018-11-20,38.47999954223633,36.61000061035156,38.15999984741211,36.7599983215332,29276600.0,34.759246826171875
2018-11-21,37.72999954223633,36.65999984741211,36.70000076293945,37.5099983215332,16525400.0,35.46841812133789
2018-11-23,37.709999084472656,37.20000076293945,37.2599983215332,37.38999938964844,5743900.0,35.35496139526367
2018-11-26,37.9900016784668,37.439998626708984,37.779998779296875,37.77000045776367,13283800.0,35.71427917480469
2018-11-27,38.45000076293945,37.619998931884766,37.619998931884766,38.36000061035156,13718500.0,36.27216339111328
2018-11-28,39.06999969482422,38.189998626708984,38.22999954223633,39.060001373291016,17816000.0,36.93406677246094
2018-11-29,39.65999984741211,38.63999938964844,38.70000076293945,39.41999816894531,16362200.0,37.27446746826172
2018-11-30,39.599998474121094,38.720001220703125,39.45000076293945,39.0099983215332,38075200.0,36.88678741455078
2018-12-03,39.22999954223633,38.68000030517578,39.09000015258789,39.150001525878906,23382700.0,37.0191650390625
2018-12-04,39.290000915527344,37.36000061035156,39.20000076293945,37.689998626708984,30198200.0,35.63862609863281
2018-12-06,37.91999816894531,36.97999954223633,37.310001373291016,37.880001068115234,27455100.0,35.81829071044922
2018-12-07,38.02000045776367,37.08000183105469,37.65999984741211,37.40999984741211,20605200.0,35.37386703491211
2018-12-10,37.599998474121094,36.709999084472656,37.540000915527344,37.349998474121094,16235400.0,35.31713104248047
2018-12-11,37.93000030517578,36.7400016784668,37.790000915527344,36.84000015258789,24295000.0,34.83488845825195
2018-12-12,37.4900016784668,36.83000183105469,37.310001373291016,36.97999954223633,23589100.0,34.96727752685547
2018-12-13,37.29999923706055,36.38999938964844,37.029998779296875,36.7599983215332,18407300.0,34.759246826171875
2018-12-14,36.849998474121094,36.18000030517578,36.38999938964844,36.34000015258789,18146900.0,34.36211013793945
2018-12-17,36.86000061035156,36.0,36.38999938964844,36.209999084472656,20725300.0,34.23918533325195
2018-12-18,36.459999084472656,35.22999954223633,36.459999084472656,35.650001525878906,23690300.0,33.709659576416016
2018-12-19,36.560001373291016,34.95000076293945,35.81999969482422,35.189998626708984,32338800.0,33.274696350097656
2018-12-20,35.43000030517578,34.22999954223633,35.220001220703125,34.619998931884766,27230400.0,32.73572540283203
2018-12-21,36.0,33.66999816894531,34.66999816894531,33.75,40280400.0,31.913076400756836
2018-12-24,33.970001220703125,33.029998779296875,33.720001220703125,33.06999969482422,13391400.0,31.270084381103516
2018-12-26,34.16999816894531,32.61000061035156,33.2599983215332,34.13999938964844,22917200.0,32.28184127807617
2018-12-27,34.5,33.11000061035156,33.79999923706055,34.470001220703125,17456600.0,32.59388732910156
2018-12-28,35.36000061035156,34.18000030517578,34.86000061035156,34.349998474121094,16231300.0,32.48042297363281
2018-12-31,34.599998474121094,33.29999923706055,34.290000915527344,34.04999923706055,21613200.0,32.375816345214844
2019-01-02,34.45000076293945,33.41999816894531,33.4900016784668,34.369998931884766,16970400.0,32.68009567260742
2019-01-03,35.33000183105469,34.130001068115234,34.33000183105469,34.63999938964844,28750400.0,32.93681716918945
2019-01-04,35.84000015258789,34.86000061035156,35.029998779296875,35.810001373291016,22843800.0,34.049293518066406
2019-01-07,35.90999984741211,35.27000045776367,35.630001068115234,35.43000030517578,26180800.0,33.68798065185547
2019-01-08,35.88999938964844,35.36000061035156,35.65999984741211,35.720001220703125,20440700.0,33.963722229003906
2019-01-09,36.119998931884766,35.5099983215332,35.869998931884766,36.060001373291016,16045100.0,34.28700637817383
2019-01-10,36.0,35.5,35.90999984741211,35.81999969482422,16669600.0,34.05879592895508
2019-01-11,35.7400016784668,35.310001373291016,35.61000061035156,35.630001068115234,19161600.0,33.87813949584961
2019-01-14,35.9900016784668,35.349998474121094,35.40999984741211,35.77000045776367,16609400.0,34.011260986328125
2019-01-15,36.0,35.56999969482422,35.720001220703125,35.83000183105469,13450000.0,34.06830978393555
2019-01-16,36.31999969482422,35.880001068115234,36.0099983215332,35.900001525878906,20838500.0,34.134864807128906
2019-01-17,36.20000076293945,35.7400016784668,35.79999923706055,35.90999984741211,25457200.0,34.14438247680664
2019-01-18,36.279998779296875,35.529998779296875,36.130001068115234,36.209999084472656,22670000.0,34.42961883544922
2019-01-22,36.09000015258789,34.83000183105469,36.04999923706055,34.970001220703125,32850900.0,33.25059127807617
2019-01-23,37.41999816894531,35.959999084472656,36.09000015258789,36.88999938964844,36648300.0,35.076194763183594
2019-01-24,36.880001068115234,35.439998626708984,36.849998474121094,36.2400016784668,40436900.0,34.45815658569336
2019-01-25,36.83000183105469,35.560001373291016,36.630001068115234,35.779998779296875,25199500.0,34.0207633972168
2019-01-28,35.529998779296875,34.66999816894531,35.47999954223633,35.369998931884766,26457000.0,33.63092041015625
2019-01-29,36.33000183105469,35.380001068115234,35.380001068115234,36.08000183105469,19312300.0,34.3060188293457
2019-01-30,36.029998779296875,35.25,36.029998779296875,35.43000030517578,22674000.0,33.68798065185547
2019-01-31,36.810001373291016,35.77000045776367,35.880001068115234,36.56999969482422,31274500.0,34.77192687988281
2019-02-01,36.880001068115234,36.47999954223633,36.709999084472656,36.790000915527344,18712300.0,34.98111343383789
2019-02-04,36.869998931884766,36.27000045776367,36.7400016784668,36.77000045776367,22890300.0,34.96208572387695
2019-02-05,37.27000045776367,36.56999969482422,36.869998931884766,37.150001525878906,24378500.0,35.32340621948242
2019-02-06,37.290000915527344,36.790000915527344,37.13999938964844,37.16999816894531,20357300.0,35.34241485595703
2019-02-07,37.709999084472656,37.09000015258789,37.15999984741211,37.68000030517578,22902300.0,35.82734680175781
2019-02-08,37.7599983215332,36.9900016784668,37.5,37.599998474121094,18071000.0,35.75128173828125
2019-02-11,37.7400016784668,36.900001525878906,37.70000076293945,37.0,14761400.0,35.180782318115234
2019-02-12,37.45000076293945,37.040000915527344,37.310001373291016,37.2400016784668,14626400.0,35.40898513793945
2019-02-13,37.45000076293945,36.790000915527344,37.2400016784668,37.029998779296875,14326400.0,35.20931625366211
2019-02-14,37.459999084472656,36.75,36.959999084472656,37.2599983215332,16008400.0,35.42799377441406
2019-02-15,37.779998779296875,37.150001525878906,37.599998474121094,37.77000045776367,15877100.0,35.91292190551758
2019-02-19,37.939998626708984,37.47999954223633,37.75,37.54999923706055,12853500.0,35.703739166259766
2019-02-20,37.91999816894531,37.529998779296875,37.70000076293945,37.790000915527344,14970400.0,35.93194580078125
2019-02-21,38.470001220703125,37.439998626708984,37.61000061035156,38.470001220703125,22082200.0,36.57850646972656
2019-02-22,38.7400016784668,38.40999984741211,38.47999954223633,38.61000061035156,20376900.0,36.71162033081055
2019-02-25,38.79999923706055,38.310001373291016,38.65999984741211,38.56999969482422,16212000.0,36.673580169677734
2019-02-26,38.86000061035156,38.40999984741211,38.630001068115234,38.79999923706055,18127700.0,36.892276763916016
2019-02-27,38.720001220703125,38.38999938964844,38.63999938964844,38.529998779296875,17534900.0,36.63555145263672
2019-02-28,38.900001525878906,38.52000045776367,38.54999923706055,38.66999816894531,18315300.0,36.7686767578125
2019-03-01,39.5099983215332,38.81999969482422,38.849998474121094,39.099998474121094,24117200.0,37.177528381347656
2019-03-04,39.650001525878906,38.380001068115234,39.25,38.72999954223633,15970400.0,36.825721740722656
2019-03-05,38.9900016784668,38.54999923706055,38.790000915527344,38.720001220703125,14946000.0,36.81621551513672
2019-03-06,38.95000076293945,38.45000076293945,38.880001068115234,38.61000061035156,11051900.0,36.71162033081055
2019-03-07,38.65999984741211,38.13999938964844,38.56999969482422,38.380001068115234,14176700.0,36.49293518066406
2019-03-08,38.47999954223633,37.88999938964844,38.220001220703125,38.189998626708984,13652900.0,36.3122673034668
2019-03-11,39.2400016784668,38.099998474121094,38.25,39.16999816894531,25653900.0,37.24408721923828
2019-03-12,39.72999954223633,38.970001220703125,39.15999984741211,39.4900016784668,21376100.0,37.5483512878418
2019-03-13,39.86000061035156,39.369998931884766,39.689998626708984,39.560001373291016,21550400.0,37.61491394042969
2019-03-14,39.95000076293945,39.369998931884766,39.470001220703125,39.869998931884766,16567600.0,37.909671783447266
2019-03-15,40.52000045776367,39.540000915527344,39.90999984741211,40.470001220703125,66922700.0,38.480167388916016
2019-03-18,40.45000076293945,39.880001068115234,40.22999954223633,39.91999816894531,21799700.0,37.957210540771484
2019-03-19,40.349998474121094,39.70000076293945,39.97999954223633,39.779998779296875,16787000.0,37.824092864990234
2019-03-20,39.79999923706055,38.900001525878906,39.7599983215332,39.470001220703125,23337900.0,37.529335021972656
2019-03-21,40.16999816894531,39.25,39.45000076293945,40.04999923706055,17684000.0,38.080814361572266
2019-03-22,39.970001220703125,39.349998474121094,39.939998626708984,39.459999084472656,17030100.0,37.51982498168945
2019-03-25,39.52000045776367,38.939998626708984,39.47999954223633,39.18000030517578,15844100.0,37.253597259521484
2019-03-26,39.720001220703125,39.209999084472656,39.400001525878906,39.630001068115234,11188300.0,37.68147277832031
2019-03-27,40.38999938964844,39.68000030517578,39.68000030517578,40.209999084472656,18266600.0,38.232948303222656
2019-03-28,40.5,40.119998931884766,40.209999084472656,40.41999816894531,10454400.0,38.43262481689453
2019-03-29,40.34000015258789,39.59000015258789,40.20000076293945,39.97999954223633,21135700.0,38.01426315307617
2019-04-01,40.38999938964844,39.970001220703125,40.34000015258789,40.310001373291016,14326000.0,38.32803726196289
2019-04-02,40.38999938964844,39.810001373291016,40.16999816894531,40.02000045776367,14237200.0,38.25157165527344
2019-04-03,40.58000183105469,39.970001220703125,40.29999923706055,40.27000045776367,21040200.0,38.490516662597656
2019-04-04,40.619998931884766,40.119998931884766,40.31999969482422,40.40999984741211,12294800.0,38.62433624267578
2019-04-05,40.54999923706055,40.310001373291016,40.43000030517578,40.41999816894531,21141000.0,38.63389205932617
2019-04-08,40.75,40.16999816894531,40.349998474121094,40.709999084472656,12467200.0,38.911075592041016
2019-04-09,41.13999938964844,40.56999969482422,40.70000076293945,41.040000915527344,14949600.0,39.22649383544922
2019-04-10,41.290000915527344,40.779998779296875,41.18000030517578,41.08000183105469,13375200.0,39.264732360839844
2019-04-11,41.13999938964844,40.849998474121094,41.119998931884766,41.040000915527344,9249400.0,39.22649383544922
2019-04-12,41.33000183105469,40.95000076293945,41.06999969482422,41.29999923706055,11536400.0,39.47500228881836
2019-04-15,41.79999923706055,41.2599983215332,41.31999969482422,41.779998779296875,12729100.0,39.93379592895508
2019-04-16,42.18000030517578,41.5099983215332,41.84000015258789,41.970001220703125,10053600.0,40.11539840698242
2019-04-17,42.63999938964844,41.88999938964844,42.13999938964844,42.56999969482422,15338700.0,40.68889236450195
2019-04-18,42.83000183105469,42.040000915527344,42.7400016784668,42.43000030517578,13959300.0,40.555076599121094
2019-04-22,42.40999984741211,41.86000061035156,42.2599983215332,42.0,10179600.0,40.144073486328125
2019-04-23,42.189998626708984,41.709999084472656,41.970001220703125,41.9900016784668,16963600.0,40.134525299072266
2019-04-24,42.25,41.7400016784668,42.029998779296875,41.849998474121094,25514100.0,40.00069808959961
2019-04-25,43.810001373291016,42.11000061035156,42.45000076293945,42.93000030517578,27730500.0,41.032981872558594
2019-04-26,43.959999084472656,42.869998931884766,43.93000030517578,43.08000183105469,16530400.0,41.176353454589844
2019-04-29,43.5,42.90999984741211,43.16999816894531,43.45000076293945,11832500.0,41.53000259399414
2019-04-30,43.65999984741211,43.040000915527344,43.560001373291016,43.529998779296875,15703000.0,41.606468200683594
2019-05-01,43.79999923706055,43.29999923706055,43.47999954223633,43.41999816894531,14327500.0,41.50132369995117
2019-05-02,43.38999938964844,42.36000061035156,43.31999969482422,42.650001525878906,18051100.0,40.76535415649414
2019-05-03,43.5099983215332,42.7400016784668,42.970001220703125,43.290000915527344,12751000.0,41.377079010009766
2019-05-06,43.40999984741211,42.70000076293945,42.77000045776367,43.29999923706055,13307500.0,41.38663101196289
2019-05-07,43.11000061035156,42.369998931884766,43.0,42.7599983215332,15505200.0,40.87049102783203
2019-05-08,42.959999084472656,42.36000061035156,42.72999954223633,42.54999923706055,13076900.0,40.66977310180664
2019-05-09,42.97999954223633,42.15999984741211,42.290000915527344,42.91999816894531,13624400.0,41.02341842651367
2019-05-10,43.220001220703125,42.220001220703125,42.70000076293945,43.150001525878906,12931500.0,41.24325942993164
2019-05-13,43.060001373291016,42.13999938964844,42.56999969482422,42.279998779296875,17108700.0,40.411705017089844
2019-05-14,43.38999938964844,42.27000045776367,42.27000045776367,42.90999984741211,16592600.0,41.01386642456055
2019-05-15,42.91999816894531,42.150001525878906,42.75,42.4900016784668,37268400.0,40.612430572509766
2019-05-16,43.29999923706055,42.40999984741211,42.56999969482422,43.189998626708984,17593700.0,41.281494140625
2019-05-17,43.810001373291016,43.02000045776367,43.060001373291016,43.540000915527344,13915900.0,41.61602783203125
2019-05-20,43.380001068115234,42.40999984741211,43.380001068115234,42.779998779296875,14094100.0,40.88960647583008
2019-05-21,43.310001373291016,42.68000030517578,43.060001373291016,43.290000915527344,16482100.0,41.377079010009766
2019-05-22,43.5,43.08000183105469,43.2599983215332,43.29999923706055,11964300.0,41.38663101196289
2019-05-23,43.150001525878906,42.5,43.0,42.72999954223633,14755000.0,40.841819763183594
2019-05-24,43.060001373291016,42.630001068115234,42.810001373291016,42.66999816894531,9361800.0,40.78446960449219
2019-05-28,43.029998779296875,42.43000030517578,42.849998474121094,42.470001220703125,15224600.0,40.59330749511719
2019-05-29,42.369998931884766,41.75,42.2400016784668,41.91999816894531,16520000.0,40.067604064941406
2019-05-30,42.2400016784668,41.41999816894531,42.22999954223633,41.7400016784668,22663900.0,39.895565032958984
2019-05-31,41.47999954223633,40.77000045776367,41.38999938964844,41.0,22114400.0,39.188262939453125
2019-06-03,41.2599983215332,40.68000030517578,41.029998779296875,40.959999084472656,22205800.0,39.15003204345703
2019-06-04,41.869998931884766,41.25,41.45000076293945,41.400001525878906,21918500.0,39.570594787597656
2019-06-05,41.790000915527344,41.220001220703125,41.7599983215332,41.29999923706055,24325300.0,39.47500228881836
2019-06-06,41.34000015258789,40.810001373291016,41.27000045776367,41.150001525878906,23997700.0,39.331634521484375
2019-06-07,41.59000015258789,41.099998474121094,41.349998474121094,41.47999954223633,32287600.0,39.64704895019531
2019-06-10,41.630001068115234,41.119998931884766,41.47999954223633,41.290000915527344,16781700.0,39.465450286865234
2019-06-11,41.810001373291016,41.029998779296875,41.56999969482422,41.220001220703125,16895700.0,39.39854049682617
2019-06-12,41.790000915527344,41.25,41.290000915527344,41.45000076293945,24733900.0,39.61838150024414
2019-06-13,41.72999954223633,41.369998931884766,41.459999084472656,41.689998626708984,26154900.0,39.847774505615234
2019-06-14,42.5,41.70000076293945,41.970001220703125,42.310001373291016,20943700.0,40.44038009643555
2019-06-17,42.779998779296875,42.09000015258789,42.34000015258789,42.560001373291016,14562000.0,40.6793327331543
2019-06-18,43.61000061035156,42.95000076293945,42.97999954223633,43.25,21811300.0,41.33884048461914
2019-06-19,43.7599983215332,43.06999969482422,43.220001220703125,43.13999938964844,14863700.0,41.23370361328125
2019-06-20,43.77000045776367,43.310001373291016,43.63999938964844,43.68000030517578,18166000.0,41.74984359741211
2019-06-21,43.779998779296875,43.279998779296875,43.43000030517578,43.560001373291016,24679500.0,41.63514709472656
2019-06-24,43.86000061035156,43.43000030517578,43.54999923706055,43.599998474121094,12693300.0,41.673370361328125
2019-06-25,43.560001373291016,42.689998626708984,43.52000045776367,42.75,19622200.0,40.860931396484375
2019-06-26,42.849998474121094,41.939998626708984,42.65999984741211,42.11000061035156,17737600.0,40.24921798706055
2019-06-27,42.31999969482422,41.40999984741211,42.290000915527344,42.0,19009300.0,40.144073486328125
2019-06-28,42.310001373291016,41.86000061035156,42.16999816894531,42.279998779296875,49937900.0,40.411705017089844
2019-07-01,43.0,42.34000015258789,42.650001525878906,42.709999084472656,19530300.0,40.82270050048828
2019-07-02,42.88999938964844,42.459999084472656,42.56999969482422,42.88999938964844,14996100.0,41.19731521606445
2019-07-03,43.34000015258789,42.95000076293945,43.0,43.31999969482422,8404300.0,41.61034393310547
2019-07-05,43.349998474121094,42.869998931884766,43.150001525878906,43.279998779296875,11608800.0,41.57191467285156
2019-07-08,43.220001220703125,42.56999969482422,43.18000030517578,42.630001068115234,14804500.0,40.94757080078125
2019-07-09,43.13999938964844,42.36000061035156,42.560001373291016,42.97999954223633,15865000.0,41.28376388549805
2019-07-10,44.13999938964844,43.25,44.040000915527344,43.790000915527344,22178400.0,42.061790466308594
2019-07-11,44.130001068115234,43.75,43.810001373291016,44.08000183105469,15189100.0,42.34035110473633
2019-07-12,45.0099983215332,43.959999084472656,44.06999969482422,44.63999938964844,18076700.0,42.87824630737305
2019-07-15,44.869998931884766,44.47999954223633,44.869998931884766,44.720001220703125,15964900.0,42.95509338378906
2019-07-16,45.2599983215332,44.77000045776367,44.83000183105469,45.09000015258789,17468500.0,43.31048583984375
2019-07-17,45.04999923706055,44.349998474121094,45.029998779296875,44.43000030517578,16688200.0,42.67652893066406
2019-07-18,44.58000183105469,44.09000015258789,44.25,44.560001373291016,12460900.0,42.80140686035156
2019-07-19,44.7599983215332,44.02000045776367,44.75,44.060001373291016,18372000.0,42.32114028930664
2019-07-22,44.13999938964844,43.63999938964844,44.11000061035156,43.849998474121094,17162800.0,42.119422912597656
2019-07-23,44.41999816894531,43.95000076293945,44.0099983215332,44.31999969482422,16611000.0,42.57087326049805
2019-07-24,44.880001068115234,44.22999954223633,44.310001373291016,44.869998931884766,17642400.0,43.09916687011719
2019-07-25,45.29999923706055,43.810001373291016,44.310001373291016,44.61000061035156,25659200.0,42.84942626953125
2019-07-26,45.08000183105469,44.02000045776367,44.02000045776367,44.630001068115234,17000300.0,42.868648529052734
2019-07-29,44.709999084472656,44.119998931884766,44.70000076293945,44.22999954223633,9840700.0,42.484432220458984
2019-07-30,44.2599983215332,43.720001220703125,44.040000915527344,44.08000183105469,10335700.0,42.34035110473633
2019-07-31,43.900001525878906,42.70000076293945,43.79999923706055,43.16999816894531,18509200.0,41.46626663208008
2019-08-01,43.84000015258789,42.779998779296875,43.189998626708984,42.880001068115234,17420900.0,41.187705993652344
2019-08-02,42.91999816894531,42.20000076293945,42.75,42.650001525878906,20839500.0,40.96678161621094
2019-08-05,42.20000076293945,41.130001068115234,42.13999938964844,41.61000061035156,23618700.0,39.967830657958984
2019-08-06,42.189998626708984,41.29999923706055,41.689998626708984,42.06999969482422,18433400.0,40.40967559814453
2019-08-07,41.84000015258789,40.720001220703125,41.29999923706055,41.72999954223633,22674700.0,40.08309555053711
2019-08-08,42.880001068115234,41.900001525878906,41.970001220703125,42.65999984741211,14085300.0,40.97638702392578
2019-08-09,43.150001525878906,42.380001068115234,42.630001068115234,42.93000030517578,15782200.0,41.23573303222656
2019-08-12,42.77000045776367,42.20000076293945,42.72999954223633,42.459999084472656,15941500.0,40.784278869628906
2019-08-13,44.040000915527344,42.459999084472656,42.540000915527344,43.459999084472656,21465800.0,41.744815826416016
2019-08-14,43.4900016784668,42.189998626708984,43.4900016784668,42.369998931884766,18319400.0,40.69783401489258
2019-08-15,42.880001068115234,42.04999923706055,42.45000076293945,42.349998474121094,14375400.0,40.67862319946289
2019-08-16,43.31999969482422,42.5099983215332,42.779998779296875,43.18000030517578,14052100.0,41.475868225097656
2019-08-19,44.13999938964844,43.61000061035156,43.630001068115234,44.0,13908500.0,42.26350784301758
2019-08-20,44.459999084472656,43.689998626708984,43.880001068115234,43.939998626708984,15758100.0,42.205867767333984
2019-08-21,44.15999984741211,43.47999954223633,43.7599983215332,44.11000061035156,11329400.0,42.369163513183594
2019-08-22,44.40999984741211,43.619998931884766,44.22999954223633,43.77000045776367,9960500.0,42.04258346557617
2019-08-23,43.84000015258789,42.27000045776367,43.5,42.43000030517578,18196700.0,40.755470275878906
2019-08-26,43.5099983215332,42.54999923706055,42.7400016784668,43.349998474121094,13009600.0,41.63916015625
2019-08-27,43.91999816894531,43.41999816894531,43.900001525878906,43.599998474121094,12508000.0,41.87928771972656
2019-08-28,43.900001525878906,43.209999084472656,43.400001525878906,43.77000045776367,11761100.0,42.04258346557617
2019-08-29,44.5,43.95000076293945,44.150001525878906,44.16999816894531,11339500.0,42.426795959472656
2019-08-30,44.650001525878906,44.029998779296875,44.4900016784668,44.2599983215332,15484500.0,42.513240814208984
2019-09-03,44.08000183105469,43.529998779296875,43.88999938964844,43.880001068115234,12712000.0,42.14823913574219
2019-09-04,45.709999084472656,44.220001220703125,44.31999969482422,45.52000045776367,26196000.0,43.723514556884766
2019-09-05,46.619998931884766,45.9900016784668,46.43000030517578,46.40999984741211,22075600.0,44.57838821411133
2019-09-06,46.61000061035156,46.20000076293945,46.43000030517578,46.349998474121094,13101800.0,44.52075958251953
2019-09-09,46.689998626708984,46.13999938964844,46.650001525878906,46.41999816894531,16383100.0,44.587989807128906
2019-09-10,46.56999969482422,46.0099983215332,46.189998626708984,46.45000076293945,17566700.0,44.61681365966797
2019-09-11,46.56999969482422,46.09000015258789,46.279998779296875,46.400001525878906,12874400.0,44.568790435791016
2019-09-12,47.27000045776367,46.5,46.790000915527344,46.970001220703125,18660000.0,45.116294860839844
2019-09-13,47.15999984741211,46.790000915527344,46.959999084472656,46.880001068115234,11732700.0,45.029842376708984
2019-09-16,46.619998931884766,45.790000915527344,46.22999954223633,46.27000045776367,13581700.0,44.44391632080078
2019-09-17,46.709999084472656,45.880001068115234,46.119998931884766,46.66999816894531,9894800.0,44.82813262939453
2019-09-18,47.04999923706055,46.459999084472656,46.97999954223633,46.939998626708984,12996900.0,45.08747482299805
2019-09-19,47.15999984741211,46.56999969482422,47.040000915527344,46.68000030517578,10501200.0,44.837738037109375
2019-09-20,46.81999969482422,46.18000030517578,46.66999816894531,46.36000061035156,27252500.0,44.53036880493164
2019-09-23,46.5099983215332,46.15999984741211,46.16999816894531,46.220001220703125,13438500.0,44.39589309692383
2019-09-24,46.650001525878906,45.45000076293945,46.619998931884766,45.709999084472656,20731100.0,43.9060173034668
2019-09-25,45.97999954223633,45.31999969482422,45.790000915527344,45.83000183105469,22128500.0,44.02128982543945
2019-09-26,45.79999923706055,44.25,45.619998931884766,44.900001525878906,22216300.0,43.127986907958984
2019-09-27,45.29999923706055,44.33000183105469,45.15999984741211,44.810001373291016,15005300.0,43.04153823852539
2019-09-30,45.220001220703125,44.77000045776367,45.0,45.08000183105469,13892900.0,43.30088424682617
2019-10-01,45.709999084472656,44.47999954223633,45.18000030517578,44.52000045776367,15177800.0,42.9631233215332
2019-10-02,44.630001068115234,43.970001220703125,44.38999938964844,44.04999923706055,17195700.0,42.509559631347656
2019-10-03,44.16999816894531,43.61000061035156,44.06999969482422,44.060001373291016,11345000.0,42.51921081542969
2019-10-04,45.02000045776367,44.290000915527344,44.33000183105469,44.709999084472656,14900200.0,43.1464729309082
2019-10-07,44.959999084472656,44.33000183105469,44.38999938964844,44.59000015258789,12190800.0,43.03067398071289
2019-10-08,44.75,43.63999938964844,44.75,44.11000061035156,14241800.0,42.56746292114258
2019-10-09,44.52000045776367,44.04999923706055,44.4900016784668,44.380001068115234,10439800.0,42.82802200317383
2019-10-10,44.84000015258789,44.29999923706055,44.400001525878906,44.5,9366400.0,42.943824768066406
2019-10-11,45.939998626708984,44.630001068115234,44.84000015258789,45.54999923706055,22961800.0,43.95709991455078
2019-10-14,45.540000915527344,45.060001373291016,45.369998931884766,45.22999954223633,10105100.0,43.648292541503906
2019-10-15,45.81999969482422,45.099998474121094,45.310001373291016,45.66999816894531,9026200.0,44.072906494140625
2019-10-16,45.810001373291016,45.310001373291016,45.560001373291016,45.599998474121094,15002300.0,44.00535202026367
2019-10-17,45.959999084472656,45.5099983215332,45.83000183105469,45.93000030517578,9121100.0,44.32381057739258
2019-10-18,46.099998474121094,45.41999816894531,46.060001373291016,45.56999969482422,13553900.0,43.97640609741211
2019-10-21,46.220001220703125,45.810001373291016,45.88999938964844,46.08000183105469,10646900.0,44.468570709228516
2019-10-22,46.04999923706055,45.70000076293945,45.88999938964844,45.77000045776367,11926900.0,44.169410705566406
2019-10-23,46.189998626708984,45.470001220703125,46.0099983215332,45.720001220703125,23358700.0,44.121158599853516
2019-10-24,47.2400016784668,44.5,47.209999084472656,44.84000015258789,18968800.0,43.271934509277344
2019-10-25,45.779998779296875,44.93000030517578,45.18000030517578,45.650001525878906,15256800.0,44.05360412597656
2019-10-28,46.04999923706055,44.54999923706055,45.38999938964844,45.439998626708984,14824000.0,43.8509521484375
2019-10-29,45.650001525878906,45.119998931884766,45.189998626708984,45.349998474121094,12664500.0,43.764095306396484
2019-10-30,45.43000030517578,44.459999084472656,45.349998474121094,44.689998626708984,14443100.0,43.127174377441406
2019-10-31,44.849998474121094,43.88999938964844,44.75,44.81999969482422,23563100.0,43.25263214111328
2019-11-01,45.209999084472656,44.5099983215332,45.189998626708984,44.75,16314100.0,43.18507385253906
2019-11-04,45.220001220703125,43.75,45.11000061035156,43.88999938964844,20926400.0,42.35515213012695
2019-11-05,44.47999954223633,43.66999816894531,43.959999084472656,44.279998779296875,15991300.0,42.73151397705078
2019-11-06,44.349998474121094,43.529998779296875,44.31999969482422,44.220001220703125,19927400.0,42.673614501953125
2019-11-07,45.0099983215332,44.27000045776367,44.47999954223633,44.70000076293945,15632600.0,43.13682556152344
2019-11-08,45.20000076293945,44.43000030517578,44.68000030517578,45.189998626708984,13741700.0,43.60969161987305
2019-11-11,45.599998474121094,44.880001068115234,44.880001068115234,45.25,11169500.0,43.66759490966797
2019-11-12,45.310001373291016,44.95000076293945,45.18000030517578,45.22999954223633,12175300.0,43.648292541503906
2019-11-13,45.560001373291016,44.970001220703125,45.04999923706055,45.20000076293945,11379200.0,43.619346618652344
2019-11-14,45.56999969482422,45.040000915527344,45.13999938964844,45.45000076293945,11363900.0,43.860599517822266
2019-11-15,45.66999816894531,44.43000030517578,45.65999984741211,44.560001373291016,23178600.0,43.0017204284668
2019-11-18,44.619998931884766,44.08000183105469,44.310001373291016,44.61000061035156,16260100.0,43.04997253417969
2019-11-19,44.90999984741211,44.59000015258789,44.7599983215332,44.810001373291016,16469200.0,43.242984771728516
2019-11-20,44.630001068115234,43.880001068115234,44.38999938964844,44.220001220703125,15240200.0,42.673614501953125
2019-11-21,44.45000076293945,43.779998779296875,44.290000915527344,44.36000061035156,16252800.0,42.8087158203125
2019-11-22,44.900001525878906,44.290000915527344,44.529998779296875,44.79999923706055,14107400.0,43.23332977294922
2019-11-25,44.900001525878906,43.279998779296875,44.83000183105469,43.349998474121094,26194100.0,41.834041595458984
2019-11-26,43.849998474121094,43.25,43.470001220703125,43.54999923706055,38656500.0,42.027042388916016
2019-11-27,44.58000183105469,43.65999984741211,43.849998474121094,44.41999816894531,20426200.0,42.86661911010742
2019-11-29,44.599998474121094,44.040000915527344,44.599998474121094,44.150001525878906,8479300.0,42.60606384277344
2019-12-02,44.400001525878906,43.560001373291016,44.400001525878906,43.630001068115234,16787400.0,42.104248046875
2019-12-03,43.72999954223633,43.08000183105469,43.349998474121094,43.650001525878906,21830800.0,42.12355041503906
2019-12-04,43.7400016784668,43.349998474121094,43.70000076293945,43.5099983215332,16872600.0,41.988441467285156
2019-12-05,44.09000015258789,43.2599983215332,43.47999954223633,44.040000915527344,22569100.0,42.49991226196289
2019-12-06,44.41999816894531,44.0099983215332,44.36000061035156,44.2400016784668,14667700.0,42.69292068481445
2019-12-09,45.09000015258789,43.7400016784668,44.2599983215332,43.88999938964844,21538800.0,42.35515213012695
2019-12-10,43.79999923706055,42.709999084472656,43.72999954223633,42.77000045776367,30176400.0,41.274314880371094
2019-12-11,42.849998474121094,42.0099983215332,42.790000915527344,42.06999969482422,37611200.0,40.59880065917969
2019-12-12,43.20000076293945,42.16999816894531,42.189998626708984,43.0099983215332,35992600.0,41.50592803955078
2019-12-13,43.79999923706055,42.72999954223633,42.84000015258789,43.58000183105469,28975900.0,42.055992126464844
2019-12-16,44.08000183105469,43.31999969482422,43.88999938964844,43.529998779296875,23558800.0,42.00774002075195
2019-12-17,43.88999938964844,43.27000045776367,43.88999938964844,43.38999938964844,18742500.0,41.87263870239258
2019-12-18,43.880001068115234,43.13999938964844,43.45000076293945,43.189998626708984,27054900.0,41.67963409423828
2019-12-19,43.650001525878906,43.029998779296875,43.27000045776367,43.63999938964844,20723200.0,42.11389923095703
2019-12-20,44.189998626708984,43.22999954223633,43.7400016784668,44.09000015258789,41414500.0,42.54815673828125
2019-12-23,44.25,43.95000076293945,44.08000183105469,44.099998474121094,22609300.0,42.557804107666016
2019-12-24,44.70000076293945,44.099998474121094,44.099998474121094,44.529998779296875,6504700.0,42.97277069091797
2019-12-26,45.0,44.56999969482422,44.72999954223633,44.970001220703125,12019600.0,43.397396087646484
2019-12-27,45.220001220703125,44.86000061035156,45.099998474121094,45.099998474121094,12272100.0,43.5228385925293
2019-12-30,45.34000015258789,44.939998626708984,45.099998474121094,45.18000030517578,12896900.0,43.60004425048828
2019-12-31,45.18000030517578,44.77000045776367,45.119998931884766,44.970001220703125,13881700.0,43.397396087646484
2020-01-02,45.400001525878906,44.93000030517578,45.36000061035156,45.369998931884766,20170500.0,43.78339767456055
2020-01-03,45.220001220703125,44.56999969482422,44.83000183105469,45.0099983215332,20496400.0,43.43598937988281
2020-01-06,44.869998931884766,44.54999923706055,44.65999984741211,44.66999816894531,17628200.0,43.10787582397461
2020-01-07,45.0099983215332,44.220001220703125,44.25,44.93000030517578,24563700.0,43.56358337402344
2020-01-08,45.56999969482422,44.7599983215332,44.939998626708984,45.38999938964844,18097400.0,44.00959014892578
2020-01-09,45.61000061035156,45.18000030517578,45.38999938964844,45.5099983215332,14195400.0,44.12594223022461
2020-01-10,45.630001068115234,44.93000030517578,45.630001068115234,44.97999954223633,15896200.0,43.612064361572266
2020-01-13,45.869998931884766,44.900001525878906,44.91999816894531,45.79999923706055,21789300.0,44.407127380371094
2020-01-14,46.220001220703125,45.5,45.56999969482422,46.029998779296875,16711900.0,44.630130767822266
2020-01-15,46.54999923706055,46.0099983215332,46.060001373291016,46.279998779296875,15413500.0,44.872520446777344
2020-01-16,46.91999816894531,46.310001373291016,46.439998626708984,46.869998931884766,24424400.0,45.44458770751953
2020-01-17,47.7400016784668,47.11000061035156,47.68000030517578,47.5,27667100.0,46.055423736572266
2020-01-21,47.47999954223633,46.790000915527344,47.47999954223633,47.29999923706055,19141600.0,45.861507415771484
2020-01-22,47.70000076293945,47.27000045776367,47.5,47.439998626708984,18251600.0,45.99724578857422
2020-01-23,46.97999954223633,45.5099983215332,46.540000915527344,45.650001525878906,37753000.0,44.26168441772461
2020-01-24,45.060001373291016,44.209999084472656,44.900001525878906,44.59000015258789,39229300.0,43.23392105102539
2020-01-27,44.75,43.79999923706055,43.93000030517578,44.0,24048800.0,42.661869049072266
2020-01-28,44.41999816894531,43.810001373291016,44.06999969482422,44.040000915527344,15875700.0,42.700653076171875
2020-01-29,44.2599983215332,43.150001525878906,44.2599983215332,43.31999969482422,21913200.0,42.0025520324707
2020-01-30,44.189998626708984,42.70000076293945,42.869998931884766,44.13999938964844,25105100.0,42.797611236572266
2020-01-31,44.13999938964844,43.0,44.119998931884766,43.189998626708984,24008300.0,41.876502990722656
2020-02-03,43.650001525878906,42.619998931884766,43.560001373291016,42.65999984741211,26383600.0,41.36261749267578
2020-02-04,44.52000045776367,43.380001068115234,43.5,44.279998779296875,28143200.0,42.933349609375
2020-02-05,45.13999938964844,44.47999954223633,44.650001525878906,44.59000015258789,20332100.0,43.23392105102539
2020-02-06,45.060001373291016,44.290000915527344,44.7599983215332,44.599998474121094,15222400.0,43.243614196777344
2020-02-07,44.849998474121094,44.27000045776367,44.52000045776367,44.7400016784668,14104200.0,43.37936019897461
2020-02-10,44.72999954223633,44.2599983215332,44.63999938964844,44.65999984741211,15016100.0,43.30179214477539
2020-02-11,44.849998474121094,44.36000061035156,44.81999969482422,44.790000915527344,11075700.0,43.42783737182617
2020-02-12,46.13999938964844,44.90999984741211,44.97999954223633,46.02000045776367,23638000.0,44.62043380737305
2020-02-13,46.349998474121094,45.689998626708984,45.900001525878906,46.06999969482422,17913100.0,44.66891098022461
2020-02-14,46.18000030517578,45.75,46.08000183105469,46.09000015258789,15930600.0,44.68830490112305
2020-02-18,46.38999938964844,45.810001373291016,46.13999938964844,46.150001525878906,13694500.0,44.746482849121094
2020-02-19,46.2599983215332,45.86000061035156,46.220001220703125,45.970001220703125,14814400.0,44.57196044921875
2020-02-20,46.150001525878906,45.5,45.79999923706055,46.02000045776367,12037800.0,44.62043380737305
2020-02-21,46.41999816894531,45.65999984741211,45.7599983215332,45.81999969482422,21235400.0,44.42652130126953
2020-02-24,46.0099983215332,44.470001220703125,45.119998931884766,44.599998474121094,21720800.0,43.243614196777344
2020-02-25,44.88999938964844,43.029998779296875,44.75,43.16999816894531,22440600.0,41.85710906982422
2020-02-26,44.18000030517578,42.189998626708984,44.18000030517578,42.220001220703125,30526000.0,40.93600082397461
2020-02-27,42.599998474121094,40.9900016784668,41.86000061035156,41.04999923706055,36098100.0,39.801578521728516
2020-02-28,40.97999954223633,38.970001220703125,40.0,40.43000030517578,62186700.0,39.200435638427734
2020-03-02,42.529998779296875,39.400001525878906,40.34000015258789,42.52000045776367,40006900.0,41.22687530517578
2020-03-03,43.45000076293945,41.099998474121094,42.06999969482422,41.439998626708984,43253400.0,40.179718017578125
2020-03-04,42.560001373291016,41.5,41.970001220703125,42.5,24996900.0,41.20748519897461
2020-03-05,41.779998779296875,40.41999816894531,41.41999816894531,40.77000045776367,25284600.0,39.530094146728516
2020-03-06,40.599998474121094,38.83000183105469,38.90999984741211,40.369998931884766,31302100.0,39.14226150512695
2020-03-09,38.88999938964844,37.150001525878906,38.16999816894531,37.880001068115234,46926200.0,36.727989196777344
2020-03-10,39.150001525878906,36.66999816894531,38.63999938964844,39.099998474121094,48724300.0,37.91088104248047
2020-03-11,38.4900016784668,37.380001068115234,37.79999923706055,37.90999984741211,38865100.0,36.757076263427734
2020-03-12,37.849998474121094,34.439998626708984,35.58000183105469,34.939998626708984,63254500.0,33.87739944458008
2020-03-13,39.720001220703125,34.47999954223633,36.22999954223633,39.33000183105469,66243400.0,38.13389587402344
2020-03-16,38.9900016784668,34.5,34.63999938964844,36.040000915527344,41485700.0,34.94395065307617
2020-03-17,38.349998474121094,36.209999084472656,36.58000183105469,38.220001220703125,38934900.0,37.05765151977539
2020-03-18,36.75,33.27000045776367,36.22999954223633,35.68000030517578,42533400.0,34.59489822387695
2020-03-19,39.310001373291016,34.599998474121094,35.63999938964844,35.939998626708984,36830400.0,34.84698486328125
2020-03-20,36.09000015258789,32.63999938964844,36.09000015258789,33.369998931884766,47309000.0,32.35515213012695
2020-03-23,34.66999816894531,31.709999084472656,33.16999816894531,34.16999816894531,38600900.0,33.13081359863281
2020-03-24,35.369998931884766,33.529998779296875,35.369998931884766,34.63999938964844,46492800.0,33.586517333984375
2020-03-25,34.560001373291016,31.780000686645508,33.779998779296875,33.56999969482422,57834100.0,32.54906463623047
2020-03-26,37.310001373291016,33.060001373291016,33.189998626708984,36.7400016784668,38329500.0,35.62265396118164
2020-03-27,35.790000915527344,34.40999984741211,35.59000015258789,34.56999969482422,27910400.0,33.518653869628906
2020-03-30,35.630001068115234,34.54999923706055,34.7400016784668,35.4900016784668,31400200.0,34.41067886352539
2020-03-31,35.779998779296875,34.25,34.83000183105469,34.380001068115234,27786300.0,33.5518684387207
2020-04-01,33.7599983215332,32.04999923706055,33.15999984741211,32.41999816894531,26097200.0,31.639080047607422
2020-04-02,34.470001220703125,32.060001373291016,32.099998474121094,34.369998931884766,24683900.0,33.542110443115234
2020-04-03,34.63999938964844,33.40999984741211,34.099998474121094,33.95000076293945,19312300.0,33.13222885131836
2020-04-06,36.400001525878906,35.09000015258789,35.369998931884766,36.22999954223633,31583200.0,35.35730743408203
2020-04-07,37.970001220703125,36.72999954223633,36.95000076293945,36.939998626708984,26379000.0,36.050209045410156
2020-04-08,37.90999984741211,36.7599983215332,37.22999954223633,37.68000030517578,26522500.0,36.77238464355469
2020-04-09,38.04999923706055,36.79999923706055,37.4900016784668,38.0,28615800.0,37.08467102050781
2020-04-13,37.88999938964844,36.58000183105469,37.45000076293945,37.189998626708984,20237400.0,36.294185638427734
2020-04-14,38.63999938964844,37.22999954223633,37.560001373291016,38.52000045776367,21803300.0,37.59214782714844
2020-04-15,38.04999923706055,36.75,37.779998779296875,37.15999984741211,19786300.0,36.26491165161133
2020-04-16,38.02000045776367,36.65999984741211,37.529998779296875,37.83000183105469,20973800.0,36.91877365112305
2020-04-17,38.709999084472656,37.68000030517578,38.54999923706055,38.08000183105469,28736600.0,37.16274642944336
2020-04-20,38.220001220703125,37.119998931884766,37.68000030517578,37.209999084472656,18444500.0,36.31370544433594
2020-04-21,36.790000915527344,35.529998779296875,36.75,35.709999084472656,23004500.0,34.849830627441406
2020-04-22,36.349998474121094,35.68000030517578,36.22999954223633,35.72999954223633,20117300.0,34.869346618652344
2020-04-23,36.52000045776367,35.79999923706055,35.83000183105469,36.09000015258789,21194200.0,35.22067642211914
2020-04-24,37.220001220703125,36.150001525878906,36.150001525878906,37.15999984741211,19188000.0,36.26491165161133
2020-04-27,38.349998474121094,37.400001525878906,37.56999969482422,38.209999084472656,21775600.0,37.28961181640625
2020-04-28,39.06999969482422,37.90999984741211,38.630001068115234,38.08000183105469,15958700.0,37.16274642944336
2020-04-29,39.119998931884766,38.349998474121094,38.81999969482422,39.0,19110200.0,38.060585021972656
2020-04-30,38.029998779296875,36.0099983215332,36.5099983215332,37.630001068115234,33212500.0,36.72358703613281
2020-05-01,37.5099983215332,36.779998779296875,37.13999938964844,36.97999954223633,19951600.0,36.0892448425293
2020-05-04,37.20000076293945,35.91999816894531,37.150001525878906,36.220001220703125,24906000.0,35.3475456237793
2020-05-05,36.4900016784668,35.9900016784668,36.38999938964844,36.04999923706055,18784100.0,35.18164825439453
2020-05-06,36.2599983215332,35.099998474121094,36.220001220703125,35.13999938964844,20151900.0,34.2935676574707
2020-05-07,35.880001068115234,35.369998931884766,35.58000183105469,35.58000183105469,17462400.0,34.722965240478516
2020-05-08,36.650001525878906,36.0,36.25,36.529998779296875,12979000.0,35.65007400512695
2020-05-11,36.29999923706055,35.540000915527344,36.2599983215332,36.15999984741211,21758100.0,35.28899002075195
2020-05-12,36.22999954223633,35.34000015258789,36.06999969482422,35.349998474121094,17133000.0,34.49850082397461
2020-05-13,35.29999923706055,34.41999816894531,35.16999816894531,34.970001220703125,30898300.0,34.12765884399414
2020-05-14,35.84000015258789,34.16999816894531,34.779998779296875,35.7599983215332,24334900.0,34.89862823486328
2020-05-15,35.97999954223633,34.849998474121094,35.310001373291016,35.91999816894531,31571600.0,35.05477523803711
2020-05-18,38.349998474121094,36.83000183105469,36.939998626708984,38.09000015258789,24827400.0,37.172508239746094
2020-05-19,38.65999984741211,37.33000183105469,37.83000183105469,38.209999084472656,27763200.0,37.28961181640625
2020-05-20,39.2400016784668,38.5,38.61000061035156,39.16999816894531,23123500.0,38.22649002075195
2020-05-21,39.189998626708984,38.560001373291016,38.84000015258789,38.95000076293945,20744200.0,38.01179122924805
2020-05-22,39.0,38.470001220703125,38.66999816894531,38.7400016784668,12383000.0,37.806854248046875
2020-05-26,40.130001068115234,39.400001525878906,39.45000076293945,39.52000045776367,21584900.0,38.56806182861328
2020-05-27,40.470001220703125,39.619998931884766,39.630001068115234,39.93000030517578,20654900.0,38.96818542480469
2020-05-28,40.130001068115234,39.439998626708984,39.970001220703125,39.54999923706055,18254000.0,38.59733581542969
2020-05-29,39.81999969482422,38.79999923706055,39.560001373291016,39.599998474121094,20298700.0,38.6461296081543
2020-06-01,40.27000045776367,39.400001525878906,39.540000915527344,40.18000030517578,13350600.0,39.21216583251953
2020-06-02,40.83000183105469,40.119998931884766,40.130001068115234,40.779998779296875,19060100.0,39.79771041870117
2020-06-03,41.58000183105469,40.9900016784668,41.150001525878906,41.29999923706055,17141900.0,40.3051872253418
2020-06-04,41.380001068115234,40.84000015258789,40.970001220703125,41.290000915527344,12756500.0,40.29542922973633
2020-06-05,43.099998474121094,41.9900016784668,42.130001068115234,42.09000015258789,20271600.0,41.07615661621094
2020-06-08,43.18000030517578,41.900001525878906,41.93000030517578,43.119998931884766,17212000.0,42.08134460449219
2020-06-09,42.88999938964844,41.880001068115234,42.66999816894531,42.150001525878906,14413900.0,41.13471221923828
2020-06-10,42.119998931884766,41.130001068115234,42.099998474121094,41.36000061035156,15634600.0,40.36374282836914
2020-06-11,41.27000045776367,39.189998626708984,40.90999984741211,39.25,22805900.0,38.3045654296875
2020-06-12,39.970001220703125,38.52000045776367,39.59000015258789,39.459999084472656,18507300.0,38.50950241088867
2020-06-15,40.09000015258789,38.540000915527344,39.290000915527344,39.83000183105469,16585500.0,38.8705940246582
2020-06-16,41.04999923706055,39.13999938964844,40.540000915527344,39.75,21212400.0,38.79252243041992
2020-06-17,39.88999938964844,39.119998931884766,39.779998779296875,39.220001220703125,18935700.0,38.27528762817383
2020-06-18,39.599998474121094,38.95000076293945,39.189998626708984,39.439998626708984,17008200.0,38.489986419677734
2020-06-19,40.459999084472656,38.869998931884766,39.849998474121094,39.099998474121094,35341300.0,38.158172607421875
2020-06-22,39.04999923706055,38.31999969482422,38.79999923706055,38.439998626708984,20800700.0,37.51407241821289
2020-06-23,39.650001525878906,38.689998626708984,38.93000030517578,39.20000076293945,24917900.0,38.255767822265625
2020-06-24,39.47999954223633,38.130001068115234,39.47999954223633,38.560001373291016,20958900.0,37.63118362426758
2020-06-25,38.7400016784668,37.77000045776367,38.36000061035156,38.56999969482422,18159200.0,37.64093780517578
2020-06-26,38.7400016784668,38.029998779296875,38.29999923706055,38.650001525878906,50945600.0,37.71901321411133
2020-06-29,39.029998779296875,38.38999938964844,38.869998931884766,38.939998626708984,20573800.0,38.00203323364258
2020-06-30,39.130001068115234,38.119998931884766,38.5,38.97999954223633,22169400.0,38.267093658447266
2020-07-01,40.209999084472656,39.400001525878906,39.61000061035156,39.70000076293945,18269800.0,38.97393035888672
2020-07-02,40.279998779296875,39.16999816894531,40.040000915527344,39.25,23372800.0,38.53215408325195
2020-07-06,40.369998931884766,39.650001525878906,39.79999923706055,40.33000183105469,17551400.0,39.5924072265625
2020-07-07,40.349998474121094,40.0,40.040000915527344,40.06999969482422,19404700.0,39.337158203125
2020-07-08,40.2400016784668,39.52000045776367,40.130001068115234,39.7400016784668,12536000.0,39.0131950378418
2020-07-09,39.720001220703125,39.029998779296875,39.70000076293945,39.290000915527344,15335200.0,38.57142639160156
2020-07-10,40.540000915527344,39.13999938964844,39.22999954223633,40.5099983215332,19032700.0,39.76911163330078
2020-07-13,41.099998474121094,40.18000030517578,40.470001220703125,40.540000915527344,17464700.0,39.79856491088867
2020-07-14,41.290000915527344,39.83000183105469,39.95000076293945,41.18000030517578,21030600.0,40.426856994628906
2020-07-15,42.08000183105469,41.04999923706055,41.11000061035156,41.959999084472656,21068800.0,41.19259262084961
2020-07-16,42.18000030517578,41.65999984741211,41.709999084472656,42.13999938964844,14817900.0,41.369300842285156
2020-07-17,42.47999954223633,41.900001525878906,42.47999954223633,42.18000030517578,15912900.0,41.408565521240234
2020-07-20,42.11000061035156,41.7599983215332,41.9900016784668,41.95000076293945,12964100.0,41.182777404785156
2020-07-21,42.77000045776367,42.060001373291016,42.13999938964844,42.56999969482422,23363500.0,41.79143524169922
2020-07-22,42.7599983215332,42.40999984741211,42.52000045776367,42.56999969482422,16360500.0,41.79143524169922
2020-07-23,42.959999084472656,42.34000015258789,42.7599983215332,42.4900016784668,22357200.0,41.71289825439453
2020-07-24,43.900001525878906,42.709999084472656,43.43000030517578,43.349998474121094,21926100.0,42.55717086791992
2020-07-27,43.63999938964844,43.150001525878906,43.20000076293945,43.560001373291016,18268600.0,42.763328552246094
2020-07-28,43.56999969482422,42.79999923706055,42.86000061035156,43.209999084472656,17574600.0,42.41972732543945
2020-07-29,44.11000061035156,43.2599983215332,43.33000183105469,43.900001525878906,25499900.0,43.097110748291016
2020-07-30,45.20000076293945,43.119998931884766,44.47999954223633,43.66999816894531,17658600.0,42.87131881713867
2020-07-31,43.63999938964844,41.959999084472656,43.540000915527344,42.79999923706055,23913000.0,42.01722717285156
2020-08-03,43.13999938964844,42.40999984741211,42.689998626708984,42.880001068115234,13733000.0,42.09576416015625
2020-08-04,43.2400016784668,42.540000915527344,42.619998931884766,43.209999084472656,12102500.0,42.41972732543945
2020-08-05,43.470001220703125,42.25,43.290000915527344,42.290000915527344,16207600.0,41.51655578613281
2020-08-06,42.88999938964844,42.02000045776367,42.040000915527344,42.869998931884766,13772200.0,42.0859489440918
2020-08-07,42.91999816894531,42.470001220703125,42.59000015258789,42.810001373291016,10353000.0,42.02704620361328
2020-08-10,43.220001220703125,42.560001373291016,42.560001373291016,43.02000045776367,16375000.0,42.233211517333984
2020-08-11,44.0,42.91999816894531,43.25,42.9900016784668,17140700.0,42.20375442504883
2020-08-12,43.72999954223633,42.970001220703125,43.0099983215332,43.34000015258789,10407500.0,42.54735565185547
2020-08-13,43.43000030517578,42.9900016784668,43.099998474121094,43.38999938964844,12649500.0,42.596435546875
2020-08-14,44.18000030517578,43.20000076293945,43.619998931884766,43.77000045776367,15238000.0,42.969486236572266
2020-08-17,43.95000076293945,43.29999923706055,43.869998931884766,43.529998779296875,12333300.0,42.73387908935547
2020-08-18,43.7400016784668,43.279998779296875,43.709999084472656,43.540000915527344,8717300.0,42.74369812011719
2020-08-19,43.7599983215332,43.15999984741211,43.65999984741211,43.31999969482422,9857900.0,42.52771759033203
2020-08-20,43.439998626708984,42.900001525878906,43.22999954223633,43.27000045776367,11318700.0,42.47863006591797
2020-08-21,43.22999954223633,42.720001220703125,43.040000915527344,43.06999969482422,12931400.0,42.28228759765625
2020-08-24,43.81999969482422,42.849998474121094,42.86000061035156,43.79999923706055,15266700.0,42.998939514160156
2020-08-25,43.779998779296875,43.18000030517578,43.77000045776367,43.40999984741211,8413000.0,42.61607360839844
2020-08-26,44.36000061035156,42.90999984741211,43.02000045776367,44.20000076293945,14428200.0,43.39162826538086
2020-08-27,44.79999923706055,44.2400016784668,44.560001373291016,44.540000915527344,14317500.0,43.72540283203125
2020-08-28,44.56999969482422,43.93000030517578,44.529998779296875,44.560001373291016,10975100.0,43.74503707885742
2020-08-31,45.130001068115234,44.25,44.2599983215332,44.810001373291016,24898100.0,43.99047088623047
2020-09-01,45.09000015258789,44.2400016784668,44.439998626708984,45.04999923706055,16941900.0,44.22607421875
2020-09-02,45.93000030517578,45.0099983215332,45.04999923706055,45.16999816894531,20421100.0,44.3438835144043
2020-09-03,45.939998626708984,44.09000015258789,45.61000061035156,44.439998626708984,18515100.0,43.627235412597656
2020-09-04,44.970001220703125,43.900001525878906,44.90999984741211,44.43000030517578,16201700.0,43.61741256713867
2020-09-08,44.2599983215332,43.119998931884766,43.810001373291016,43.810001373291016,20897600.0,43.00876235961914
2020-09-09,44.9900016784668,43.709999084472656,43.9900016784668,44.599998474121094,15420900.0,43.78430938720703
2020-09-10,45.0099983215332,43.86000061035156,44.650001525878906,44.02000045776367,16023600.0,43.21492004394531
2020-09-11,44.7400016784668,43.970001220703125,44.09000015258789,44.66999816894531,18316200.0,43.85302734375
2020-09-14,45.4900016784668,44.709999084472656,45.02000045776367,45.27000045776367,11435700.0,44.442054748535156
2020-09-15,46.7400016784668,45.04999923706055,45.15999984741211,46.459999084472656,18415900.0,45.61029052734375
2020-09-16,47.5,46.70000076293945,47.04999923706055,46.810001373291016,26326900.0,45.953887939453125
2020-09-17,46.43000030517578,45.02000045776367,45.939998626708984,45.58000183105469,21253500.0,44.74638748168945
2020-09-18,45.849998474121094,44.290000915527344,45.47999954223633,45.2599983215332,39626000.0,44.43223571777344
2020-09-21,45.439998626708984,43.40999984741211,44.91999816894531,44.68000030517578,32257700.0,43.86284637451172
2020-09-22,46.47999954223633,44.84000015258789,44.939998626708984,46.189998626708984,32899300.0,45.34523391723633
2020-09-23,46.380001068115234,45.25,46.20000076293945,45.36000061035156,19671200.0,44.53041076660156
2020-09-24,46.08000183105469,44.90999984741211,45.189998626708984,45.70000076293945,14500600.0,44.86418914794922
2020-09-25,46.33000183105469,45.220001220703125,45.349998474121094,46.150001525878906,12556000.0,45.30596160888672
2020-09-28,47.06999969482422,46.2400016784668,46.88999938964844,46.7599983215332,16208800.0,45.90480422973633
2020-09-29,46.869998931884766,46.16999816894531,46.849998474121094,46.20000076293945,11873800.0,45.355045318603516
2020-09-30,46.720001220703125,45.75,46.540000915527344,46.2599983215332,27897300.0,45.41394805908203
2020-10-01,46.77000045776367,46.16999816894531,46.56999969482422,46.439998626708984,15524400.0,45.59065628051758
2020-10-02,45.9900016784668,45.11000061035156,45.79999923706055,45.150001525878906,18103900.0,44.32425308227539
2020-10-05,45.93000030517578,45.02000045776367,45.29999923706055,45.810001373291016,12599400.0,44.9721794128418
2020-10-06,45.52000045776367,44.369998931884766,45.279998779296875,44.5099983215332,17911200.0,43.916446685791016
2020-10-07,45.11000061035156,44.2599983215332,45.029998779296875,44.959999084472656,17829200.0,44.36044692993164
2020-10-08,45.38999938964844,44.83000183105469,45.09000015258789,45.29999923706055,15366000.0,44.6959114074707
2020-10-09,45.630001068115234,44.68000030517578,45.380001068115234,44.849998474121094,25103900.0,44.25191116333008
2020-10-12,46.2599983215332,44.91999816894531,45.29999923706055,45.9900016784668,19520100.0,45.376712799072266
2020-10-13,46.310001373291016,45.380001068115234,46.130001068115234,45.88999938964844,13854400.0,45.278045654296875
2020-10-14,46.0099983215332,44.9900016784668,45.79999923706055,45.279998779296875,15325000.0,44.676177978515625
2020-10-15,45.150001525878906,44.529998779296875,45.029998779296875,45.11000061035156,12904800.0,44.508445739746094
2020-10-16,45.88999938964844,44.900001525878906,45.22999954223633,45.560001373291016,13360900.0,44.952449798583984
2020-10-19,45.7599983215332,44.20000076293945,45.560001373291016,44.33000183105469,17520400.0,43.73884963989258
2020-10-20,44.65999984741211,44.130001068115234,44.630001068115234,44.27000045776367,13137400.0,43.67964553833008
2020-10-21,44.900001525878906,43.970001220703125,44.0,44.52000045776367,13198900.0,43.92631530761719
2020-10-22,45.2400016784668,44.36000061035156,44.5,45.11000061035156,15956600.0,44.508445739746094
2020-10-23,45.54999923706055,44.599998474121094,45.400001525878906,45.060001373291016,10529200.0,44.45911407470703
2020-10-26,44.81999969482422,43.54999923706055,44.709999084472656,43.77000045776367,15634600.0,43.186317443847656
2020-10-27,43.84000015258789,43.36000061035156,43.599998474121094,43.439998626708984,11134900.0,42.860713958740234
2020-10-28,43.08000183105469,41.90999984741211,42.90999984741211,41.97999954223633,20256200.0,41.42018508911133
2020-10-29,43.689998626708984,41.88999938964844,42.08000183105469,43.060001373291016,20354400.0,42.48578643798828
2020-10-30,43.04999923706055,41.75,42.470001220703125,42.2400016784668,22001800.0,41.67672348022461
2020-11-02,42.93000030517578,40.970001220703125,42.75,41.400001525878906,24480400.0,40.84791946411133
2020-11-03,42.97999954223633,41.75,41.95000076293945,42.619998931884766,20761600.0,42.05165100097656
2020-11-04,44.61000061035156,43.400001525878906,44.27000045776367,43.70000076293945,23064100.0,43.117252349853516
2020-11-05,44.810001373291016,44.209999084472656,44.58000183105469,44.349998474121094,18897400.0,43.75857925415039
2020-11-06,44.70000076293945,43.95000076293945,44.56999969482422,44.529998779296875,14129100.0,43.936180114746094
2020-11-09,48.22999954223633,46.720001220703125,47.599998474121094,47.18000030517578,37456800.0,46.55084228515625
2020-11-10,47.959999084472656,45.95000076293945,46.16999816894531,47.77000045776367,21103100.0,47.13297653198242
2020-11-11,47.970001220703125,47.119998931884766,47.779998779296875,47.66999816894531,11840000.0,47.03430938720703
2020-11-12,48.09000015258789,47.25,47.630001068115234,47.97999954223633,20020400.0,47.34017562866211
2020-11-13,49.25,47.72999954223633,47.810001373291016,49.0,17032600.0,48.3465690612793
2020-11-16,49.75,49.25,49.400001525878906,49.540000915527344,19426600.0,48.87937545776367
2020-11-17,49.9900016784668,48.97999954223633,49.189998626708984,49.779998779296875,19426000.0,49.11616897583008
2020-11-18,50.380001068115234,49.040000915527344,49.599998474121094,49.13999938964844,18279200.0,48.484703063964844
2020-11-19,49.7400016784668,49.0,49.209999084472656,49.47999954223633,13484500.0,48.82017135620117
2020-11-20,49.68000030517578,49.099998474121094,49.279998779296875,49.16999816894531,19830000.0,48.51430130004883
2020-11-23,49.97999954223633,48.790000915527344,49.09000015258789,49.810001373291016,14676800.0,49.14577102661133
2020-11-24,52.4900016784668,49.91999816894531,50.0,52.34000015258789,31754000.0,51.64202880859375
2020-11-25,52.20000076293945,50.779998779296875,52.16999816894531,51.79999923706055,19322100.0,51.10923385620117
2020-11-27,52.209999084472656,51.310001373291016,51.310001373291016,51.75,6243700.0,51.05990219116211
2020-11-30,51.47999954223633,49.84000015258789,51.130001068115234,50.2400016784668,34359800.0,49.570037841796875
2020-12-01,51.27000045776367,50.11000061035156,50.75,51.02000045776367,14369600.0,50.339637756347656
2020-12-02,51.34000015258789,50.810001373291016,50.93000030517578,51.04999923706055,14438000.0,50.369232177734375
2020-12-03,51.720001220703125,50.68000030517578,50.77000045776367,51.59000015258789,14677200.0,50.902034759521484
2020-12-04,51.90999984741211,51.4900016784668,51.75,51.689998626708984,12258100.0,51.00069808959961
2020-12-07,52.02000045776367,51.2400016784668,51.58000183105469,51.93000030517578,12195900.0,51.23749923706055
2020-12-08,51.79999923706055,51.209999084472656,51.29999923706055,51.40999984741211,13352400.0,50.72443389892578
2020-12-09,52.36000061035156,51.150001525878906,51.619998931884766,51.2599983215332,17327400.0,50.57643508911133
2020-12-10,51.279998779296875,50.25,51.279998779296875,50.47999954223633,17304100.0,49.80683898925781
2020-12-11,51.11000061035156,50.130001068115234,50.56999969482422,50.93000030517578,19640200.0,50.25083541870117
2020-12-14,51.27000045776367,50.75,50.849998474121094,50.9900016784668,14005700.0,50.310035705566406
2020-12-15,52.099998474121094,51.29999923706055,51.380001068115234,51.5099983215332,18869000.0,50.823097229003906
2020-12-16,52.06999969482422,51.0099983215332,51.68000030517578,51.43000030517578,13129800.0,50.744171142578125
2020-12-17,51.880001068115234,51.08000183105469,51.540000915527344,51.36000061035156,13464900.0,50.67510223388672
2020-12-18,51.599998474121094,50.400001525878906,51.560001373291016,50.900001525878906,31640400.0,50.22123718261719
2020-12-21,50.650001525878906,49.47999954223633,50.52000045776367,50.369998931884766,19672400.0,49.698299407958984
2020-12-22,50.310001373291016,49.79999923706055,50.0,50.02000045776367,13739800.0,49.352970123291016
2020-12-23,50.27000045776367,49.650001525878906,50.150001525878906,50.040000915527344,12934200.0,49.372703552246094
2020-12-24,50.439998626708984,50.09000015258789,50.20000076293945,50.380001068115234,3875300.0,49.70817184448242
2020-12-28,51.36000061035156,50.529998779296875,50.779998779296875,51.11000061035156,13510700.0,50.42844009399414
2020-12-29,51.72999954223633,51.040000915527344,51.15999984741211,51.54999923706055,11245200.0,50.86256790161133
2020-12-30,51.93000030517578,51.189998626708984,51.689998626708984,51.209999084472656,9954000.0,50.527099609375
2020-12-31,52.47999954223633,51.2400016784668,51.36000061035156,52.400001525878906,11651200.0,51.701236724853516
2021-01-04,52.400001525878906,49.619998931884766,52.279998779296875,50.5099983215332,22302100.0,49.8364372253418
2021-01-05,50.29999923706055,49.20000076293945,50.15999984741211,49.97999954223633,17854600.0,49.539085388183594
2021-01-06,50.77000045776367,49.099998474121094,49.119998931884766,50.560001373291016,22552600.0,50.11396789550781
2021-01-07,50.97999954223633,50.099998474121094,50.20000076293945,50.65999984741211,20230800.0,50.21308135986328
2021-01-08,51.65999984741211,50.310001373291016,50.36000061035156,51.540000915527344,22140400.0,51.085323333740234
2021-01-11,51.7400016784668,50.72999954223633,51.7400016784668,51.52000045776367,18794300.0,51.06549835205078
2021-01-12,51.54999923706055,49.61000061035156,51.290000915527344,50.0099983215332,20999500.0,49.568817138671875
2021-01-13,50.380001068115234,49.52000045776367,49.619998931884766,50.15999984741211,16227000.0,49.71749496459961
2021-01-14,50.27000045776367,49.439998626708984,50.15999984741211,49.58000183105469,18806000.0,49.14261245727539
2021-01-15,49.2599983215332,48.150001525878906,49.209999084472656,48.689998626708984,25973100.0,48.260459899902344
2021-01-19,49.09000015258789,48.310001373291016,48.66999816894531,48.849998474121094,18946300.0,48.41904830932617
2021-01-20,49.16999816894531,48.65999984741211,48.9900016784668,48.880001068115234,15814200.0,48.448787689208984
2021-01-21,49.27000045776367,48.2400016784668,48.5,49.130001068115234,22602300.0,48.69658279418945
2021-01-22,48.939998626708984,48.2599983215332,48.84000015258789,48.68000030517578,13960700.0,48.25054931640625
2021-01-25,49.130001068115234,48.31999969482422,48.5,48.970001220703125,16328400.0,48.53799057006836
2021-01-26,50.209999084472656,48.880001068115234,49.150001525878906,50.09000015258789,23562200.0,49.64811325073242
2021-01-27,50.22999954223633,48.31999969482422,49.470001220703125,48.41999816894531,24670000.0,47.99284362792969
2021-01-28,52.290000915527344,49.779998779296875,50.0,51.599998474121094,29163100.0,51.14479064941406
2021-01-29,51.20000076293945,49.4900016784668,50.310001373291016,49.56999969482422,27480200.0,49.13269805908203
2021-02-01,50.36000061035156,49.099998474121094,49.86000061035156,50.150001525878906,16865700.0,49.707584381103516
2021-02-02,51.47999954223633,50.06999969482422,50.349998474121094,51.18000030517578,17361400.0,50.72850036621094
2021-02-03,51.529998779296875,50.41999816894531,51.25,50.470001220703125,17253300.0,50.02476119995117
2021-02-04,51.5,50.22999954223633,50.33000183105469,51.45000076293945,18708100.0,50.996116638183594
2021-02-05,52.06999969482422,50.939998626708984,51.86000061035156,51.11000061035156,14203000.0,50.659114837646484
2021-02-08,52.08000183105469,51.02000045776367,51.060001373291016,51.849998474121094,14767100.0,51.392581939697266
2021-02-09,52.9900016784668,51.36000061035156,52.0,52.720001220703125,15090000.0,52.254913330078125
2021-02-10,53.060001373291016,52.040000915527344,53.040000915527344,52.75,16432700.0,52.284645080566406
2021-02-11,53.310001373291016,52.5099983215332,52.91999816894531,53.22999954223633,11176400.0,52.76041030883789
2021-02-12,53.599998474121094,52.95000076293945,53.31999969482422,53.22999954223633,10113300.0,52.76041030883789
2021-02-16,53.22999954223633,52.540000915527344,53.0,52.84000015258789,10818000.0,52.37385177612305
2021-02-17,53.25,52.40999984741211,52.72999954223633,52.9900016784668,10978500.0,52.52252960205078
2021-02-18,52.869998931884766,52.2599983215332,52.68000030517578,52.560001373291016,14533500.0,52.0963249206543
2021-02-19,52.599998474121094,51.77000045776367,52.40999984741211,52.099998474121094,15143500.0,51.640377044677734
2021-02-22,52.86000061035156,51.810001373291016,51.970001220703125,52.5,13478300.0,52.0368537902832
2021-02-23,53.41999816894531,52.08000183105469,52.79999923706055,53.34000015258789,18276000.0,52.869441986083984
2021-02-24,53.529998779296875,52.56999969482422,52.56999969482422,53.400001525878906,19295800.0,52.92891311645508
2021-02-25,53.40999984741211,51.95000076293945,53.09000015258789,52.2400016784668,22603700.0,51.77914810180664
2021-02-26,53.459999084472656,51.88999938964844,52.27000045776367,52.720001220703125,22782600.0,52.254913330078125
2021-03-01,54.709999084472656,52.880001068115234,53.220001220703125,54.45000076293945,17367300.0,53.96965026855469
2021-03-02,54.779998779296875,54.06999969482422,54.310001373291016,54.25,14983100.0,53.77141189575195
2021-03-03,54.79999923706055,53.63999938964844,53.91999816894531,53.72999954223633,22761200.0,53.25600051879883
2021-03-04,55.25,53.599998474121094,53.81999969482422,53.93000030517578,28187000.0,53.45423889160156
2021-03-05,55.27000045776367,53.93000030517578,54.689998626708984,55.09000015258789,22052700.0,54.60400390625
2021-03-08,55.83000183105469,54.66999816894531,54.81999969482422,55.47999954223633,25302400.0,54.990562438964844
2021-03-09,56.119998931884766,55.11000061035156,55.470001220703125,55.56999969482422,25293200.0,55.07976531982422
2021-03-10,57.689998626708984,55.77000045776367,56.099998474121094,57.209999084472656,23595800.0,56.705299377441406
2021-03-11,57.70000076293945,56.61000061035156,56.619998931884766,56.88999938964844,17490200.0,56.38812255859375
2021-03-12,57.38999938964844,56.209999084472656,56.849998474121094,57.09000015258789,18368400.0,56.586360931396484
2021-03-15,57.59000015258789,56.529998779296875,57.22999954223633,57.529998779296875,14733100.0,57.02248001098633
2021-03-16,58.59000015258789,57.369998931884766,57.59000015258789,58.040000915527344,15151700.0,57.52798080444336
2021-03-17,57.880001068115234,56.560001373291016,57.400001525878906,57.5,19237300.0,56.992740631103516
2021-03-18,57.119998931884766,55.79999923706055,56.68000030517578,55.869998931884766,18937700.0,55.37712097167969
2021-03-19,56.040000915527344,55.27000045776367,55.52000045776367,55.459999084472656,33957100.0,54.97073745727539
2021-03-22,56.52000045776367,55.25,55.70000076293945,56.369998931884766,18293000.0,55.872711181640625
2021-03-23,56.720001220703125,56.0,56.459999084472656,56.13999938964844,14716600.0,55.64474105834961
2021-03-24,56.5099983215332,55.86000061035156,56.04999923706055,55.91999816894531,15751200.0,55.42667770385742
2021-03-25,56.5,55.43000030517578,56.16999816894531,56.29999923706055,17462700.0,55.80332565307617
2021-03-26,56.560001373291016,53.86000061035156,56.20000076293945,55.18000030517578,24127300.0,54.69321060180664
2021-03-29,55.619998931884766,54.16999816894531,55.029998779296875,55.189998626708984,20468200.0,54.703121185302734
2021-03-30,55.52000045776367,54.560001373291016,55.380001068115234,54.97999954223633,12201700.0,54.494972229003906
2021-03-31,54.869998931884766,53.970001220703125,54.779998779296875,54.11000061035156,21976300.0,53.632652282714844
2021-04-01,55.08000183105469,54.22999954223633,54.619998931884766,54.75,16665000.0,54.26700210571289
2021-04-05,55.119998931884766,54.45000076293945,54.58000183105469,54.79999923706055,14837900.0,54.316558837890625
2021-04-06,55.04999923706055,54.13999938964844,54.380001068115234,54.84000015258789,15551900.0,54.60531997680664
2021-04-07,55.119998931884766,54.2400016784668,55.099998474121094,54.599998474121094,17331800.0,54.3663444519043
2021-04-08,54.630001068115234,54.099998474121094,54.58000183105469,54.33000183105469,10780300.0,54.097503662109375
2021-04-09,53.880001068115234,52.459999084472656,53.79999923706055,53.56999969482422,18205900.0,53.340755462646484
2021-04-12,53.70000076293945,53.119998931884766,53.459999084472656,53.31999969482422,14826200.0,53.09182357788086
2021-04-13,53.9900016784668,53.2599983215332,53.4900016784668,53.880001068115234,15783000.0,53.64942932128906
2021-04-14,53.880001068115234,53.150001525878906,53.52000045776367,53.29999923706055,13334600.0,53.07190704345703
2021-04-15,54.5,53.5099983215332,53.709999084472656,54.13999938964844,18330600.0,53.9083137512207
2021-04-16,55.5,54.59000015258789,55.0,55.11000061035156,19244100.0,54.87416458129883
2021-04-19,55.0099983215332,53.90999984741211,54.90999984741211,54.13999938964844,17005200.0,53.9083137512207
2021-04-20,54.27000045776367,53.65999984741211,53.810001373291016,54.15999984741211,14351200.0,53.92823028564453
2021-04-21,54.77000045776367,53.77000045776367,54.0099983215332,54.65999984741211,16122300.0,54.426090240478516
2021-04-22,54.7400016784668,54.13999938964844,54.310001373291016,54.400001525878906,15017600.0,54.16720199584961
2021-04-23,54.709999084472656,53.970001220703125,54.29999923706055,54.38999938964844,12252300.0,54.15724563598633
2021-04-26,54.58000183105469,54.0099983215332,54.380001068115234,54.31999969482422,12802300.0,54.08754348754883
2021-04-27,54.77000045776367,54.220001220703125,54.459999084472656,54.29999923706055,12420100.0,54.067630767822266
2021-04-28,54.58000183105469,53.95000076293945,54.150001525878906,54.099998474121094,12561800.0,53.86848449707031
2021-04-29,56.4900016784668,55.279998779296875,55.97999954223633,56.400001525878906,21710400.0,56.15864562988281
2021-04-30,56.380001068115234,54.72999954223633,56.380001068115234,56.150001525878906,21907400.0,55.90971374511719
2021-05-03,56.970001220703125,56.16999816894531,56.439998626708984,56.56999969482422,14498900.0,56.32791519165039
2021-05-04,56.849998474121094,56.18000030517578,56.36000061035156,56.630001068115234,25314100.0,56.38766098022461
2021-05-05,57.029998779296875,56.2599983215332,57.0099983215332,56.40999984741211,17858800.0,56.168601989746094
2021-05-06,57.099998474121094,56.45000076293945,56.66999816894531,56.97999954223633,13075800.0,56.73616027832031
2021-05-07,58.41999816894531,56.70000076293945,57.2599983215332,58.11000061035156,17847300.0,57.861324310302734
2021-05-10,59.11000061035156,57.4900016784668,58.34000015258789,57.5099983215332,19221200.0,57.263893127441406
2021-05-11,57.779998779296875,56.95000076293945,57.52000045776367,57.5,15397500.0,57.253936767578125
2021-05-12,57.13999938964844,56.560001373291016,56.90999984741211,56.619998931884766,19274400.0,56.37770080566406
2021-05-13,58.060001373291016,56.38999938964844,56.38999938964844,57.38999938964844,15645000.0,57.144405364990234
2021-05-14,58.880001068115234,57.380001068115234,57.849998474121094,58.68000030517578,15864400.0,58.42888641357422
2021-05-17,58.27000045776367,55.11000061035156,58.130001068115234,55.459999084472656,31534600.0,55.22266387939453
2021-05-18,55.95000076293945,54.68000030517578,55.599998474121094,54.95000076293945,34702100.0,54.714847564697266
2021-05-19,54.630001068115234,53.66999816894531,54.61000061035156,54.2400016784668,18582500.0,54.00788879394531
2021-05-20,55.33000183105469,54.09000015258789,54.119998931884766,55.040000915527344,15317200.0,54.80446243286133
2021-05-21,55.4900016784668,54.91999816894531,55.33000183105469,55.08000183105469,16449300.0,54.844295501708984
2021-05-24,55.77000045776367,54.869998931884766,55.369998931884766,55.65999984741211,13206400.0,55.421810150146484
2021-05-25,56.22999954223633,55.5,56.22999954223633,55.70000076293945,11993900.0,55.461639404296875
2021-05-26,57.529998779296875,55.61000061035156,55.90999984741211,56.849998474121094,23719200.0,56.60671615600586
2021-05-27,57.470001220703125,56.790000915527344,57.0099983215332,57.34000015258789,25521100.0,57.09461975097656
2021-05-28,57.86000061035156,57.220001220703125,57.68000030517578,57.34000015258789,13017700.0,57.09461975097656
2021-06-01,57.91999816894531,56.84000015258789,57.90999984741211,56.95000076293945,12070200.0,56.70629119873047
2021-06-02,57.029998779296875,56.22999954223633,57.029998779296875,56.689998626708984,13816500.0,56.4473991394043
2021-06-03,56.630001068115234,55.849998474121094,56.52000045776367,56.38999938964844,10671400.0,56.148685455322266
2021-06-04,57.209999084472656,56.43000030517578,56.65999984741211,57.0,11314900.0,56.75607681274414
2021-06-07,57.2400016784668,56.630001068115234,56.72999954223633,56.91999816894531,11099400.0,56.676414489746094
2021-06-08,56.939998626708984,56.130001068115234,56.790000915527344,56.43000030517578,14745600.0,56.188514709472656
2021-06-09,56.91999816894531,56.220001220703125,56.790000915527344,56.2599983215332,9220900.0,56.01924133300781
2021-06-10,57.040000915527344,56.349998474121094,56.459999084472656,56.599998474121094,12373300.0,56.357784271240234
2021-06-11,56.88999938964844,56.41999816894531,56.54999923706055,56.880001068115234,9737900.0,56.63658905029297
2021-06-14,57.290000915527344,56.2599983215332,56.779998779296875,57.279998779296875,12473900.0,57.03487777709961
2021-06-15,57.77000045776367,57.220001220703125,57.27000045776367,57.31999969482422,12092700.0,57.07470703125
2021-06-16,58.099998474121094,56.84000015258789,57.66999816894531,57.119998931884766,14960000.0,56.87556076049805
2021-06-17,57.869998931884766,56.75,56.97999954223633,57.52000045776367,15549400.0,57.27384948730469
2021-06-18,57.47999954223633,56.439998626708984,57.25,56.709999084472656,26722700.0,56.467315673828125
2021-06-21,57.400001525878906,56.86000061035156,56.97999954223633,57.279998779296875,12966100.0,57.03487777709961
2021-06-22,57.810001373291016,57.290000915527344,57.459999084472656,57.630001068115234,14324500.0,57.38338088989258
2021-06-23,57.79999923706055,54.90999984741211,57.470001220703125,55.47999954223633,34001700.0,55.24258041381836
2021-06-24,56.310001373291016,55.599998474121094,55.70000076293945,56.060001373291016,20521500.0,55.820098876953125
2021-06-25,56.599998474121094,55.900001525878906,55.959999084472656,56.41999816894531,17280700.0,56.17855453491211
2021-06-28,56.689998626708984,55.81999969482422,56.630001068115234,56.099998474121094,13483900.0,55.85992431640625
2021-06-29,57.029998779296875,56.16999816894531,56.16999816894531,56.540000915527344,12496400.0,56.29804611206055
2021-06-30,57.13999938964844,56.380001068115234,56.529998779296875,57.02000045776367,12985100.0,56.7759895324707
2021-07-01,57.9900016784668,57.02000045776367,57.06999969482422,57.75,10033900.0,57.502864837646484
2021-07-02,58.529998779296875,57.83000183105469,58.0,58.41999816894531,10668500.0,58.16999816894531
2021-07-06,58.27000045776367,56.93000030517578,57.9900016784668,57.65999984741211,12866600.0,57.65999984741211
2021-07-07,58.29999923706055,57.72999954223633,57.97999954223633,58.16999816894531,12869000.0,58.16999816894531
2021-07-08,58.369998931884766,57.40999984741211,57.79999923706055,58.22999954223633,21483600.0,58.22999954223633
2021-07-09,58.709999084472656,58.0099983215332,58.220001220703125,58.029998779296875,14741400.0,58.029998779296875
2021-07-12,58.369998931884766,57.52000045776367,58.2599983215332,58.2599983215332,11576300.0,58.2599983215332
2021-07-13,58.45000076293945,57.70000076293945,58.2599983215332,57.81999969482422,11367100.0,57.81999969482422
2021-07-14,58.18000030517578,57.61000061035156,58.130001068115234,57.77000045776367,9776800.0,57.77000045776367
2021-07-15,58.130001068115234,57.4900016784668,57.63999938964844,57.95000076293945,12757300.0,57.95000076293945
2021-07-16,58.349998474121094,57.5,57.91999816894531,57.54999923706055,12409600.0,57.54999923706055
2021-07-19,57.56999969482422,56.31999969482422,57.47999954223633,56.630001068115234,18287500.0,56.630001068115234
2021-07-20,57.439998626708984,56.52000045776367,56.72999954223633,57.08000183105469,17575300.0,57.08000183105469
2021-07-21,58.11000061035156,56.7599983215332,56.93000030517578,57.810001373291016,13990300.0,57.810001373291016
2021-07-22,57.970001220703125,56.88999938964844,57.83000183105469,57.790000915527344,13377400.0,57.790000915527344
2021-07-23,58.59000015258789,57.779998779296875,57.91999816894531,58.36000061035156,8550800.0,58.36000061035156
2021-07-26,58.77000045776367,58.0,58.209999084472656,58.70000076293945,11595400.0,58.70000076293945
2021-07-27,59.08000183105469,58.279998779296875,58.66999816894531,58.560001373291016,11625300.0,58.560001373291016
2021-07-28,58.540000915527344,57.380001068115234,58.25,57.97999954223633,13239600.0,57.97999954223633
2021-07-29,59.70000076293945,58.060001373291016,59.20000076293945,58.11000061035156,19769600.0,58.11000061035156
2021-07-30,59.22999954223633,57.90999984741211,58.06999969482422,58.83000183105469,22478300.0,58.83000183105469
2021-08-02,59.27000045776367,58.0099983215332,58.959999084472656,58.470001220703125,11634300.0,58.470001220703125
2021-08-03,58.75,57.2400016784668,58.70000076293945,58.22999954223633,11207500.0,58.22999954223633
2021-08-04,58.43000030517578,57.4900016784668,58.0099983215332,57.970001220703125,9507600.0,57.970001220703125
2021-08-05,58.630001068115234,58.02000045776367,58.29999923706055,58.34000015258789,8723500.0,58.34000015258789
2021-08-06,58.970001220703125,58.13999938964844,58.20000076293945,58.689998626708984,10589100.0,58.689998626708984
2021-08-09,58.689998626708984,58.029998779296875,58.65999984741211,58.279998779296875,12119200.0,58.279998779296875
2021-08-10,58.459999084472656,58.04999923706055,58.220001220703125,58.45000076293945,8229300.0,58.45000076293945
2021-08-11,59.150001525878906,58.470001220703125,58.90999984741211,59.09000015258789,8849700.0,59.09000015258789
2021-08-12,59.13999938964844,58.59000015258789,59.04999923706055,59.029998779296875,9314900.0,59.029998779296875
2021-08-13,59.5,58.9900016784668,59.369998931884766,59.31999969482422,7542700.0,59.31999969482422
2021-08-16,59.58000183105469,58.86000061035156,59.13999938964844,59.25,12221300.0,59.25
2021-08-17,59.5,58.810001373291016,59.119998931884766,59.470001220703125,12911600.0,59.470001220703125
2021-08-18,59.68000030517578,58.97999954223633,59.470001220703125,59.029998779296875,12514000.0,59.029998779296875
2021-08-19,59.209999084472656,58.52000045776367,59.029998779296875,58.959999084472656,10460100.0,58.959999084472656
2021-08-20,59.689998626708984,58.70000076293945,58.86000061035156,59.40999984741211,11537700.0,59.40999984741211
2021-08-23,60.119998931884766,59.0,59.11000061035156,59.79999923706055,12419800.0,59.79999923706055
2021-08-24,60.04999923706055,59.400001525878906,59.86000061035156,59.529998779296875,9613500.0,59.529998779296875
2021-08-25,59.81999969482422,59.209999084472656,59.5099983215332,59.47999954223633,7757000.0,59.47999954223633
2021-08-26,59.70000076293945,58.970001220703125,59.59000015258789,59.0,8118600.0,59.0
2021-08-27,59.5099983215332,58.959999084472656,59.11000061035156,59.400001525878906,13129600.0,59.400001525878906
2021-08-30,59.75,59.099998474121094,59.22999954223633,59.709999084472656,11995100.0,59.709999084472656
2021-08-31,60.7599983215332,59.40999984741211,59.470001220703125,60.68000030517578,16718700.0,60.68000030517578
2021-09-01,61.52000045776367,60.560001373291016,61.0099983215332,61.13999938964844,15040100.0,61.13999938964844
2021-09-02,61.79999923706055,61.279998779296875,61.369998931884766,61.75,10223700.0,61.75
2021-09-03,61.79999923706055,61.33000183105469,61.400001525878906,61.720001220703125,8080400.0,61.720001220703125
2021-09-07,61.56999969482422,60.20000076293945,61.43000030517578,60.29999923706055,15979000.0,60.29999923706055
2021-09-08,60.52000045776367,60.040000915527344,60.15999984741211,60.13999938964844,16750400.0,60.13999938964844
2021-09-09,60.369998931884766,59.43000030517578,60.369998931884766,59.560001373291016,10390500.0,59.560001373291016
2021-09-10,59.849998474121094,59.060001373291016,59.439998626708984,59.29999923706055,10211200.0,59.29999923706055
2021-09-13,60.59000015258789,59.529998779296875,59.97999954223633,59.970001220703125,14017800.0,59.970001220703125
2021-09-14,60.849998474121094,55.400001525878906,60.349998474121094,55.59000015258789,54749300.0,55.59000015258789
2021-09-15,57.68000030517578,55.5,55.5,57.0,37041400.0,57.0
2021-09-16,57.72999954223633,56.400001525878906,57.25,57.279998779296875,18590800.0,57.279998779296875
2021-09-17,57.650001525878906,56.810001373291016,56.93000030517578,57.11000061035156,23758600.0,57.11000061035156
2021-09-20,56.9900016784668,55.86000061035156,56.88999938964844,56.4900016784668,19287200.0,56.4900016784668
2021-09-21,57.29999923706055,55.75,56.970001220703125,56.060001373291016,13698000.0,56.060001373291016
2021-09-22,57.060001373291016,55.90999984741211,56.869998931884766,56.02000045776367,17508100.0,56.02000045776367
2021-09-23,56.88999938964844,55.869998931884766,56.06999969482422,56.16999816894531,15254700.0,56.16999816894531
2021-09-24,56.47999954223633,55.75,55.91999816894531,56.2400016784668,11417800.0,56.2400016784668
2021-09-27,56.33000183105469,55.75,55.849998474121094,56.290000915527344,10188100.0,56.290000915527344
2021-09-28,55.83000183105469,54.599998474121094,55.54999923706055,54.75,21386700.0,54.75
2021-09-29,56.189998626708984,54.709999084472656,54.95000076293945,55.93000030517578,16926800.0,55.93000030517578
2021-09-30,56.91999816894531,55.91999816894531,56.0099983215332,55.93000030517578,19457300.0,55.93000030517578
2021-10-01,57.47999954223633,56.08000183105469,56.38999938964844,57.209999084472656,15489500.0,57.209999084472656
2021-10-04,57.20000076293945,56.52000045776367,57.20000076293945,56.779998779296875,14261500.0,56.779998779296875
2021-10-05,57.310001373291016,56.27000045776367,56.33000183105469,56.790000915527344,15620500.0,56.790000915527344
2021-10-06,56.970001220703125,55.90999984741211,56.09000015258789,56.900001525878906,22844900.0,56.900001525878906
2021-10-07,57.959999084472656,57.279998779296875,57.41999816894531,57.400001525878906,13838400.0,57.400001525878906
2021-10-08,56.97999954223633,54.56999969482422,56.97999954223633,54.70000076293945,24008200.0,54.70000076293945
2021-10-11,54.099998474121094,52.16999816894531,53.93000030517578,52.220001220703125,31934900.0,52.220001220703125
2021-10-12,52.630001068115234,51.5099983215332,52.369998931884766,52.33000183105469,27671100.0,52.33000183105469
2021-10-13,53.29999923706055,52.11000061035156,53.2400016784668,52.689998626708984,19948200.0,52.689998626708984
2021-10-14,54.310001373291016,52.77000045776367,52.77000045776367,53.9900016784668,20940500.0,53.9900016784668
2021-10-15,54.540000915527344,53.689998626708984,54.25,54.02000045776367,18875600.0,54.02000045776367
2021-10-18,53.7400016784668,52.88999938964844,53.61000061035156,53.220001220703125,20106100.0,53.220001220703125
2021-10-19,54.25,53.4900016784668,53.709999084472656,54.2400016784668,15335000.0,54.2400016784668
2021-10-20,54.880001068115234,53.90999984741211,54.52000045776367,54.709999084472656,12658700.0,54.709999084472656
2021-10-21,54.7400016784668,53.779998779296875,54.7400016784668,54.029998779296875,13686600.0,54.029998779296875
2021-10-22,54.349998474121094,53.5,54.04999923706055,54.220001220703125,14850000.0,54.220001220703125
2021-10-25,54.279998779296875,53.650001525878906,54.130001068115234,54.08000183105469,13469800.0,54.08000183105469
