Date,High,Low,Open,Close,Volume,Adj Close
2019-05-03,58.0,48.560001373291016,55.0,50.25,149900.0,49.84980010986328
2019-05-06,50.733001708984375,47.45000076293945,49.5,48.38999938964844,13300.0,48.00461196899414
2019-05-07,49.72100067138672,48.209999084472656,48.25,48.25,10700.0,47.8657341003418
2019-05-08,54.558998107910156,48.16999816894531,48.16999816894531,50.11000061035156,24200.0,49.71091842651367
2019-05-09,50.75,49.54999923706055,50.650001525878906,49.54999923706055,7800.0,49.15538024902344
2019-05-10,50.75,50.220001220703125,50.5,50.75,3300.0,50.34581756591797
2019-05-13,50.7400016784668,49.900001525878906,50.7400016784668,50.689998626708984,4700.0,50.28629684448242
2019-05-14,50.75,50.25,50.75,50.4900016784668,15900.0,50.08789825439453
2019-05-15,50.599998474121094,50.0,50.59000015258789,50.529998779296875,8200.0,50.1275749206543
2019-05-16,50.599998474121094,49.5,50.54999923706055,50.599998474121094,27900.0,50.197017669677734
2019-05-17,50.54999923706055,49.7599983215332,50.54999923706055,49.7599983215332,400.0,49.36370086669922
2019-05-20,50.04999923706055,49.5,50.04999923706055,49.939998626708984,2000.0,49.54227066040039
2019-05-21,49.9900016784668,49.5,49.9900016784668,49.720001220703125,4800.0,49.32402038574219
2019-05-22,49.95000076293945,49.7599983215332,49.95000076293945,49.7599983215332,1400.0,49.36370086669922
2019-05-23,49.970001220703125,48.04999923706055,49.27000045776367,48.20000076293945,13800.0,47.816131591796875
2019-05-24,48.9900016784668,47.5099983215332,48.375,48.439998626708984,13700.0,48.05421829223633
2019-05-28,49.340999603271484,47.65999984741211,49.340999603271484,49.0,12400.0,48.60975646972656
2019-05-29,49.935001373291016,47.32500076293945,48.18000030517578,49.0,4100.0,48.60975646972656
2019-05-30,49.0,49.0,49.0,49.0,700.0,48.60975646972656
2019-05-31,49.0,47.27000045776367,48.9900016784668,48.779998779296875,1500.0,48.39150619506836
2019-06-03,48.9900016784668,48.5,48.5,48.970001220703125,10000.0,48.57999801635742
2019-06-04,49.0,47.119998931884766,49.0,48.0099983215332,25400.0,47.62763977050781
2019-06-05,48.970001220703125,48.060001373291016,48.060001373291016,48.060001373291016,5500.0,47.677249908447266
2019-06-06,48.75,47.70000076293945,48.41999816894531,48.400001525878906,7200.0,48.0145378112793
2019-06-07,48.5,48.02199935913086,48.22999954223633,48.2599983215332,6500.0,47.87565231323242
2019-06-10,48.5,48.0,48.47999954223633,48.30500030517578,8000.0,47.92029571533203
2019-06-11,48.4900016784668,48.04999923706055,48.4900016784668,48.04999923706055,3000.0,47.667327880859375
2019-06-12,49.0,47.779998779296875,48.34000015258789,49.0,7700.0,48.60975646972656
2019-06-13,49.0,48.0,49.0,48.25,4900.0,47.8657341003418
2019-06-14,48.33000183105469,47.86000061035156,48.33000183105469,48.099998474121094,2100.0,47.716922760009766
2019-06-17,48.5,47.67499923706055,48.099998474121094,47.81999969482422,7400.0,47.43915557861328
2019-06-18,48.47999954223633,47.79999923706055,48.47999954223633,47.86000061035156,4600.0,47.47883987426758
2019-06-19,48.25,47.83000183105469,48.0099983215332,48.04999923706055,1600.0,47.667327880859375
2019-06-20,48.45000076293945,47.79999923706055,48.45000076293945,47.81999969482422,5100.0,47.43915557861328
2019-06-21,47.849998474121094,47.79999923706055,47.79999923706055,47.79999923706055,1000.0,47.4193115234375
2019-06-24,47.900001525878906,47.900001525878906,47.900001525878906,47.900001525878906,1000.0,47.51852035522461
2019-06-25,48.25,48.25,48.25,48.25,400.0,47.8657341003418
2019-06-26,48.099998474121094,47.68000030517578,48.099998474121094,48.099998474121094,900.0,47.716922760009766
2019-06-27,48.25,47.65999984741211,48.064998626708984,48.0,9900.0,47.61772918701172
2019-06-28,48.45000076293945,47.72999954223633,48.130001068115234,48.45000076293945,108900.0,48.06414031982422
2019-07-01,48.75,47.94499969482422,48.47999954223633,48.150001525878906,2900.0,47.76653289794922
2019-07-02,48.91999816894531,48.12900161743164,48.12900161743164,48.91999816894531,32600.0,48.530391693115234
2019-07-03,48.97999954223633,47.81999969482422,48.97999954223633,47.849998474121094,2500.0,47.46891784667969
2019-07-05,48.7400016784668,47.79999923706055,47.79999923706055,48.7400016784668,1300.0,48.351829528808594
2019-07-08,48.869998931884766,48.11000061035156,48.310001373291016,48.220001220703125,6100.0,47.835975646972656
2019-07-09,48.4900016784668,48.05500030517578,48.05500030517578,48.4900016784668,600.0,48.10382843017578
2019-07-10,48.5,48.11000061035156,48.5,48.119998931884766,6600.0,47.736759185791016
2019-07-11,48.5,47.82500076293945,48.11000061035156,48.4900016784668,8800.0,48.10382843017578
2019-07-12,48.4900016784668,48.099998474121094,48.099998474121094,48.4900016784668,2500.0,48.10382843017578
2019-07-15,48.18000030517578,47.959999084472656,48.18000030517578,47.959999084472656,2100.0,47.57804489135742
2019-07-16,48.09000015258789,47.83000183105469,47.83000183105469,48.09000015258789,700.0,47.70700454711914
2019-07-17,47.81999969482422,47.81999969482422,47.81999969482422,47.81999969482422,600.0,47.43915557861328
2019-07-18,48.0,47.709999084472656,47.79999923706055,48.0,1400.0,47.61772918701172
2019-07-19,48.0,48.0,48.0,48.0,300.0,47.61772918701172
2019-07-22,48.0,47.72999954223633,47.72999954223633,48.0,1500.0,47.61772918701172
2019-07-23,48.04999923706055,47.88600158691406,48.0,48.04999923706055,2000.0,47.667327880859375
2019-07-24,48.0,48.0,48.0,48.0,800.0,47.61772918701172
2019-07-25,47.77000045776367,47.599998474121094,47.77000045776367,47.709999084472656,2700.0,47.33002853393555
2019-07-26,47.54999923706055,47.400001525878906,47.43000030517578,47.400001525878906,3600.0,47.02250289916992
2019-07-29,48.0,47.4010009765625,47.4010009765625,48.0,500.0,47.61772918701172
2019-07-30,47.7400016784668,47.29999923706055,47.29999923706055,47.7400016784668,4900.0,47.35978698730469
2019-07-31,48.04999923706055,47.119998931884766,47.33000183105469,47.119998931884766,13300.0,46.744728088378906
2019-08-01,47.40299987792969,47.02000045776367,47.20000076293945,47.04999923706055,9200.0,46.67528533935547
2019-08-02,47.099998474121094,46.61000061035156,46.61000061035156,47.099998474121094,5000.0,46.724884033203125
2019-08-05,46.619998931884766,46.5,46.619998931884766,46.5,900.0,46.129669189453125
2019-08-06,46.5,46.27000045776367,46.5,46.349998474121094,2600.0,45.98086166381836
2019-08-07,46.119998931884766,46.06999969482422,46.119998931884766,46.06999969482422,2400.0,45.703086853027344
2019-08-08,46.97100067138672,46.04199981689453,46.97100067138672,46.2599983215332,2800.0,45.89157485961914
2019-08-09,45.862998962402344,45.75,45.81999969482422,45.862998962402344,1900.0,45.49774169921875
2019-08-12,45.75400161743164,45.150001525878906,45.75400161743164,45.15999984741211,4100.0,44.80033493041992
2019-08-13,46.400001525878906,45.54999923706055,46.0,46.34000015258789,8100.0,45.97093963623047
2019-08-14,46.165000915527344,45.0,45.275001525878906,45.88999938964844,5400.0,45.52452850341797
2019-08-15,45.599998474121094,45.0,45.25,45.099998474121094,8300.0,44.740814208984375
2019-08-16,46.20000076293945,44.849998474121094,45.79999923706055,45.099998474121094,9200.0,44.740814208984375
2019-08-19,45.91400146484375,45.099998474121094,45.2599983215332,45.29999923706055,20000.0,44.93922805786133
2019-08-20,45.33599853515625,44.97999954223633,45.2599983215332,45.189998626708984,14700.0,44.830101013183594
2019-08-21,45.5,45.25,45.5,45.25,500.0,44.889625549316406
2019-08-22,45.25,45.25,45.25,45.25,300.0,44.889625549316406
2019-08-23,45.28799819946289,44.77000045776367,45.28799819946289,45.20000076293945,15800.0,44.840023040771484
2019-08-26,45.400001525878906,45.400001525878906,45.400001525878906,45.400001525878906,300.0,45.03843307495117
2019-08-27,44.86000061035156,44.86000061035156,44.86000061035156,44.86000061035156,400.0,44.50273132324219
2019-08-28,45.0,44.560001373291016,44.81999969482422,45.0,4400.0,44.64161682128906
2019-08-29,44.7599983215332,44.119998931884766,44.7599983215332,44.119998931884766,2900.0,43.76862335205078
2019-08-30,44.27000045776367,42.5099983215332,44.04999923706055,42.75,3400.0,42.40953826904297
2019-09-03,42.83000183105469,42.349998474121094,42.349998474121094,42.81999969482422,700.0,42.478973388671875
2019-09-04,44.3849983215332,43.70000076293945,43.70000076293945,43.79999923706055,1100.0,43.45116424560547
2019-09-05,43.5,43.0,43.5,43.0,2000.0,42.65753936767578
2019-09-06,44.5,43.0,43.0,44.099998474121094,5300.0,43.748779296875
2019-09-09,43.85200119018555,43.43000030517578,43.79999923706055,43.625,3700.0,43.277565002441406
2019-09-10,43.75,43.7400016784668,43.7400016784668,43.75,1400.0,43.40156936645508
2019-09-11,43.75,43.06999969482422,43.75,43.099998474121094,5800.0,42.756744384765625
2019-09-12,43.20000076293945,43.02000045776367,43.06999969482422,43.20000076293945,2200.0,42.85594940185547
2019-09-13,43.20000076293945,43.02000045776367,43.20000076293945,43.02000045776367,1100.0,42.67738342285156
2019-09-16,43.040000915527344,43.040000915527344,43.040000915527344,43.040000915527344,400.0,42.69722366333008
2019-09-17,43.20000076293945,43.02000045776367,43.20000076293945,43.02000045776367,2300.0,42.67738342285156
2019-09-18,43.20000076293945,42.8849983215332,43.02000045776367,43.099998474121094,9200.0,42.756744384765625
2019-09-19,43.5,43.02000045776367,43.20000076293945,43.060001373291016,2400.0,42.71706771850586
2019-09-20,43.42499923706055,43.375999450683594,43.400001525878906,43.42499923706055,2900.0,43.07916259765625
2019-09-23,43.42499923706055,43.099998474121094,43.099998474121094,43.099998474121094,1700.0,42.756744384765625
2019-09-24,43.38999938964844,43.029998779296875,43.060001373291016,43.029998779296875,600.0,42.68730545043945
2019-09-25,43.349998474121094,43.099998474121094,43.349998474121094,43.099998474121094,700.0,42.756744384765625
2019-09-26,43.42499923706055,43.130001068115234,43.42499923706055,43.130001068115234,700.0,42.7865104675293
2019-09-27,43.130001068115234,43.130001068115234,43.130001068115234,43.130001068115234,100.0,42.7865104675293
2019-09-30,43.75,43.369998931884766,43.5,43.369998931884766,1200.0,43.02459716796875
2019-10-01,43.75,43.374000549316406,43.439998626708984,43.75,600.0,43.40156936645508
2019-10-02,43.75,43.18000030517578,43.75,43.435001373291016,1000.0,43.089080810546875
2019-10-03,43.7400016784668,43.2599983215332,43.7400016784668,43.2599983215332,4000.0,42.91547393798828
2019-10-04,43.75,43.119998931884766,43.75,43.5,40800.0,43.15355682373047
2019-10-07,43.5099983215332,43.29999923706055,43.5,43.5099983215332,5600.0,43.16347885131836
2019-10-08,43.75,43.5,43.75,43.5,900.0,43.15355682373047
2019-10-09,44.099998474121094,43.5,43.75,43.70199966430664,5700.0,43.35395050048828
2019-10-10,43.75,43.75,43.75,43.75,300.0,43.40156936645508
2019-10-11,43.75,43.36000061035156,43.75,43.36000061035156,500.0,43.014678955078125
2019-10-14,43.75,43.72999954223633,43.75,43.72999954223633,600.0,43.38172912597656
2019-10-15,43.75,43.27000045776367,43.75,43.27000045776367,1900.0,42.925392150878906
2019-10-16,43.4900016784668,43.38399887084961,43.4900016784668,43.38399887084961,500.0,43.03848648071289
2019-10-17,43.5,43.47999954223633,43.5,43.47999954223633,900.0,43.13371658325195
2019-10-18,43.5,43.0,43.5,43.45000076293945,6100.0,43.10395812988281
2019-10-21,43.439998626708984,43.060001373291016,43.439998626708984,43.25,2500.0,42.905555725097656
2019-10-22,43.5,43.0,43.5,43.08000183105469,2400.0,42.736907958984375
2019-10-23,43.5,43.45000076293945,43.45000076293945,43.5,600.0,43.15355682373047
2019-10-24,43.5,43.5,43.5,43.5,600.0,43.15355682373047
2019-10-25,43.5,43.249000549316406,43.5,43.47999954223633,900.0,43.13371658325195
2019-10-28,43.29999923706055,43.02000045776367,43.29999923706055,43.02000045776367,1300.0,42.67738342285156
2019-10-29,43.5,43.099998474121094,43.5,43.439998626708984,3300.0,43.09403610229492
2019-10-30,43.5,43.349998474121094,43.349998474121094,43.36000061035156,7100.0,43.014678955078125
2019-10-31,44.099998474121094,43.46200180053711,43.4900016784668,44.0,4400.0,43.64957809448242
2019-11-01,43.650001525878906,43.494998931884766,43.5,43.650001525878906,1100.0,43.302364349365234
2019-11-04,44.0,43.04999923706055,43.04999923706055,44.0,6700.0,43.64957809448242
2019-11-05,46.5,43.847999572753906,44.0,46.5,5700.0,46.129669189453125
2019-11-06,45.9900016784668,45.959999084472656,45.959999084472656,45.9900016784668,500.0,45.62373352050781
2019-11-07,46.0,45.380001068115234,45.380001068115234,46.0,500.0,45.63365173339844
2019-11-08,46.0,45.959999084472656,46.0,46.0,500.0,45.63365173339844
2019-11-11,46.0,45.60599899291992,45.60599899291992,46.0,500.0,45.63365173339844
2019-11-12,48.0,46.0,46.0,48.0,2700.0,47.61772918701172
2019-11-13,47.744998931884766,44.904998779296875,46.0,47.7400016784668,4600.0,47.35978698730469
2019-11-14,48.20000076293945,47.380001068115234,48.099998474121094,48.20000076293945,21200.0,47.816131591796875
2019-11-15,48.20000076293945,46.380001068115234,46.380001068115234,47.560001373291016,5100.0,47.18122863769531
2019-11-18,48.0,45.875,46.88999938964844,48.0,4700.0,47.61772918701172
2019-11-19,48.349998474121094,46.8849983215332,46.8849983215332,48.349998474121094,14900.0,47.96493148803711
2019-11-20,48.29999923706055,47.619998931884766,47.619998931884766,48.29999923706055,1200.0,47.91533279418945
2019-11-21,48.29999923706055,47.79999923706055,48.04999923706055,47.880001068115234,7300.0,47.49868392944336
2019-11-22,48.29999923706055,47.724998474121094,47.9900016784668,48.25,5200.0,47.8657341003418
2019-11-25,48.650001525878906,47.935001373291016,48.130001068115234,48.650001525878906,22200.0,48.26254653930664
2019-11-26,50.529998779296875,48.08000183105469,48.40999984741211,50.029998779296875,40700.0,49.631553649902344
2019-11-27,50.54999923706055,47.720001220703125,49.599998474121094,49.54999923706055,12100.0,49.15538024902344
2019-11-29,50.54999923706055,48.849998474121094,48.849998474121094,50.5,9000.0,50.097816467285156
2019-12-02,51.849998474121094,49.31999969482422,50.04999923706055,51.45000076293945,25100.0,51.04024887084961
2019-12-03,51.5,49.7400016784668,50.27000045776367,51.47999954223633,25100.0,51.07000732421875
2019-12-04,51.5,48.0099983215332,48.88999938964844,50.459999084472656,15200.0,50.058135986328125
2019-12-05,51.0,48.099998474121094,49.5,50.02000045776367,21600.0,49.62163543701172
2019-12-06,51.0,46.31999969482422,49.369998931884766,51.0,33100.0,50.593833923339844
2019-12-09,50.755001068115234,47.77000045776367,49.650001525878906,48.6150016784668,17200.0,48.22782897949219
2019-12-10,50.5,47.400001525878906,48.95000076293945,50.45000076293945,12100.0,50.04821014404297
2019-12-11,56.0,50.5,50.5,51.68000030517578,26600.0,51.268409729003906
2019-12-12,52.099998474121094,50.5,51.650001525878906,51.5,8900.0,51.08985137939453
2019-12-13,52.68000030517578,51.150001525878906,51.334999084472656,52.36000061035156,38300.0,51.94300079345703
2019-12-16,52.494998931884766,51.869998931884766,52.2400016784668,51.869998931884766,16300.0,51.456905364990234
2019-12-17,53.25,51.75,52.4900016784668,52.599998474121094,13200.0,52.18108367919922
2019-12-18,54.0,52.7400016784668,52.7400016784668,52.86000061035156,24000.0,52.43901443481445
2019-12-19,53.79999923706055,52.75,53.369998931884766,53.349998474121094,34900.0,52.925113677978516
2019-12-20,53.630001068115234,52.09000015258789,53.16999816894531,53.5,519900.0,53.07392501831055
2019-12-23,53.5,52.619998931884766,53.18000030517578,53.25,11900.0,52.82591247558594
2019-12-24,53.90999984741211,52.560001373291016,53.90999984741211,53.290000915527344,7400.0,52.86559295654297
2019-12-26,54.0,53.310001373291016,53.61000061035156,53.900001525878906,20000.0,53.47073745727539
2019-12-27,55.5,54.14500045776367,54.56999969482422,54.689998626708984,24800.0,54.25444030761719
2019-12-30,58.0,54.369998931884766,55.029998779296875,55.650001525878906,23300.0,55.2067985534668
2019-12-31,59.0,54.303001403808594,55.400001525878906,56.060001373291016,25300.0,55.61353302001953
2020-01-02,58.900001525878906,55.0,55.369998931884766,55.18000030517578,18400.0,54.74053955078125
2020-01-03,56.099998474121094,53.66999816894531,54.81999969482422,56.0,18500.0,55.55400848388672
2020-01-06,56.0,54.31999969482422,56.0,56.0,25100.0,55.55400848388672
2020-01-07,56.5,55.13999938964844,55.52000045776367,56.400001525878906,16700.0,55.95082092285156
2020-01-08,56.47999954223633,55.130001068115234,56.27000045776367,56.25,10300.0,55.80202102661133
2020-01-09,56.5,55.59000015258789,56.34000015258789,56.36000061035156,10400.0,55.91114044189453
2020-01-10,56.29999923706055,55.58000183105469,55.689998626708984,55.93000030517578,9100.0,55.48457336425781
2020-01-13,56.0,55.380001068115234,55.9900016784668,55.9900016784668,18800.0,55.544090270996094
2020-01-14,57.16999816894531,55.31999969482422,55.810001373291016,55.59000015258789,22300.0,55.14727783203125
2020-01-15,56.630001068115234,55.185001373291016,55.63999938964844,55.7599983215332,11200.0,55.31592559814453
2020-01-16,55.86000061035156,55.17499923706055,55.86000061035156,55.529998779296875,10000.0,55.08774948120117
2020-01-17,55.970001220703125,54.41999816894531,55.7400016784668,55.290000915527344,11900.0,54.84965896606445
2020-01-21,55.54999923706055,55.11000061035156,55.16999816894531,55.470001220703125,10000.0,55.02823257446289
2020-01-22,55.599998474121094,54.5890007019043,55.599998474121094,55.5,4800.0,55.05799102783203
2020-01-23,55.5,54.709999084472656,55.194000244140625,55.13999938964844,5100.0,54.70085906982422
2020-01-24,55.266998291015625,52.5099983215332,54.81399917602539,54.56999969482422,8000.0,54.135398864746094
2020-01-27,55.095001220703125,53.099998474121094,54.27000045776367,53.7400016784668,8900.0,53.312007904052734
2020-01-28,55.470001220703125,53.77399826049805,54.29999923706055,54.119998931884766,6800.0,53.68898391723633
2020-01-29,55.47999954223633,53.64500045776367,53.68000030517578,55.38999938964844,13900.0,54.9488639831543
2020-01-30,55.0,54.04999923706055,54.959999084472656,54.439998626708984,4800.0,54.00643539428711
2020-01-31,54.959999084472656,52.95000076293945,54.369998931884766,52.95000076293945,8500.0,52.528297424316406
2020-02-03,54.91999816894531,52.849998474121094,54.06999969482422,53.2400016784668,9700.0,52.81599044799805
2020-02-04,54.59000015258789,53.630001068115234,53.630001068115234,53.709999084472656,1700.0,53.28224563598633
2020-02-05,54.974998474121094,54.060001373291016,54.060001373291016,54.880001068115234,1900.0,54.44293212890625
2020-02-06,54.75,54.11000061035156,54.689998626708984,54.529998779296875,3700.0,54.0957145690918
2020-02-07,54.970001220703125,53.810001373291016,54.13999938964844,54.86000061035156,4000.0,54.423091888427734
2020-02-10,55.0,54.11000061035156,55.0,54.619998931884766,9600.0,54.18499755859375
2020-02-11,55.0,54.22100067138672,54.75,54.869998931884766,7200.0,54.43301010131836
2020-02-12,55.0,54.04999923706055,54.900001525878906,54.650001525878906,7400.0,54.21476364135742
2020-02-13,55.0,54.52000045776367,54.52000045776367,54.95000076293945,4800.0,54.51237106323242
2020-02-14,55.0,53.94499969482422,54.709999084472656,55.0,8300.0,54.561973571777344
2020-02-18,54.959999084472656,53.66999816894531,54.37900161743164,53.66999816894531,3600.0,53.2425651550293
2020-02-19,55.0,54.22999954223633,54.22999954223633,54.72999954223633,3800.0,54.29412078857422
2020-02-20,54.88999938964844,54.599998474121094,54.599998474121094,54.88999938964844,1900.0,54.452850341796875
2020-02-21,54.97999954223633,54.54100036621094,54.97999954223633,54.61000061035156,3300.0,54.17508316040039
2020-02-24,54.97999954223633,53.48500061035156,53.790000915527344,54.650001525878906,10100.0,54.21476364135742
2020-02-25,54.70000076293945,53.571998596191406,54.59000015258789,54.599998474121094,7400.0,54.1651611328125
2020-02-26,54.79999923706055,53.61399841308594,53.96799850463867,54.29999923706055,12400.0,53.86754608154297
2020-02-27,53.9900016784668,51.689998626708984,53.810001373291016,51.70000076293945,8600.0,51.28825378417969
2020-02-28,51.97999954223633,49.33000183105469,50.45000076293945,51.97999954223633,8300.0,51.5660285949707
2020-03-02,52.0,50.060001373291016,52.0,52.0,12800.0,51.58586502075195
2020-03-03,52.0,49.4900016784668,51.9900016784668,51.93000030517578,8400.0,51.51642608642578
2020-03-04,51.125,48.5,51.0,49.779998779296875,16700.0,49.383544921875
2020-03-05,49.880001068115234,45.02000045776367,49.5099983215332,45.97999954223633,6000.0,45.61381149291992
2020-03-06,49.58000183105469,45.06999969482422,45.06999969482422,49.150001525878906,6400.0,48.758567810058594
2020-03-09,47.95000076293945,43.2599983215332,47.95000076293945,44.0099983215332,10700.0,43.65950012207031
2020-03-10,46.130001068115234,38.650001525878906,44.20000076293945,45.0,21200.0,44.64161682128906
2020-03-11,45.0,43.40999984741211,44.994998931884766,44.0,8400.0,43.64957809448242
2020-03-12,43.5,38.55500030517578,39.80699920654297,39.52000045776367,30900.0,39.205257415771484
2020-03-13,41.779998779296875,38.5,41.64899826049805,39.95000076293945,20800.0,39.69209289550781
2020-03-16,38.54999923706055,29.899999618530273,38.5,29.899999618530273,13000.0,29.706974029541016
2020-03-17,42.060001373291016,29.90999984741211,29.90999984741211,42.060001373291016,20700.0,41.78847122192383
2020-03-18,39.900001525878906,36.58000183105469,39.45000076293945,39.0,14700.0,38.748226165771484
2020-03-19,40.0,37.33000183105469,39.0,39.0099983215332,16800.0,38.75815963745117
2020-03-20,40.07500076293945,32.63999938964844,37.72999954223633,39.38999938964844,47100.0,39.13570785522461
2020-03-23,40.0,37.70000076293945,40.0,38.29999923706055,11400.0,38.05274200439453
2020-03-24,40.79999923706055,37.56999969482422,40.79999923706055,40.08000183105469,16100.0,39.82126235961914
2020-03-25,40.0,37.40999984741211,40.0,38.2599983215332,9400.0,38.01300048828125
2020-03-26,41.25,37.43000030517578,41.25,39.279998779296875,19600.0,39.02641677856445
2020-03-27,38.0,35.09000015258789,37.5,35.83000183105469,23800.0,35.598690032958984
2020-03-30,35.900001525878906,33.5,35.72999954223633,35.2599983215332,8700.0,35.032371520996094
2020-03-31,38.06999969482422,33.70000076293945,33.70000076293945,37.220001220703125,23600.0,36.97971725463867
2020-04-01,36.29999923706055,33.91999816894531,36.25,34.790000915527344,16000.0,34.565406799316406
2020-04-02,38.0,34.875,34.875,36.599998474121094,20200.0,36.36371612548828
2020-04-03,38.47999954223633,35.0,36.0,35.29999923706055,12400.0,35.072113037109375
2020-04-06,39.625,36.13999938964844,37.566001892089844,38.849998474121094,27600.0,38.59919738769531
2020-04-07,40.0,35.93000030517578,39.34000015258789,36.810001373291016,13700.0,36.57236099243164
2020-04-08,38.900001525878906,36.0099983215332,36.79999923706055,38.31999969482422,11200.0,38.0726203918457
2020-04-09,42.9900016784668,37.41999816894531,40.81999969482422,41.439998626708984,30800.0,41.1724739074707
2020-04-13,41.415000915527344,38.755001068115234,41.06999969482422,39.79999923706055,18800.0,39.543060302734375
2020-04-14,40.59000015258789,38.5,40.130001068115234,38.5,16200.0,38.25145721435547
2020-04-15,38.869998931884766,34.689998626708984,37.0099983215332,34.689998626708984,17000.0,34.46604919433594
2020-04-16,34.81999969482422,30.799999237060547,34.81999969482422,32.70000076293945,21000.0,32.48889923095703
2020-04-17,35.310001373291016,31.200000762939453,33.04999923706055,33.0,28000.0,32.786964416503906
2020-04-20,35.28900146484375,31.559999465942383,32.33000183105469,32.0,25100.0,31.79341697692871
2020-04-21,33.900001525878906,30.489999771118164,31.610000610351562,33.900001525878906,23900.0,33.681148529052734
2020-04-22,35.290000915527344,33.45000076293945,33.45000076293945,34.93000030517578,6600.0,34.704505920410156
2020-04-23,34.5,33.720001220703125,34.5,34.45000076293945,9700.0,34.227603912353516
2020-04-24,35.31999969482422,33.060001373291016,34.470001220703125,35.31999969482422,10700.0,35.091983795166016
2020-04-27,39.4900016784668,33.98500061035156,35.060001373291016,38.150001525878906,10900.0,37.90371322631836
2020-04-28,39.14500045776367,36.529998779296875,39.14500045776367,37.54999923706055,9300.0,37.307586669921875
2020-04-29,42.599998474121094,39.18600082397461,39.290000915527344,41.900001525878906,7800.0,41.62950897216797
2020-04-30,40.79999923706055,38.290000915527344,40.529998779296875,38.290000915527344,17700.0,38.04281234741211
2020-05-01,39.099998474121094,35.915000915527344,38.099998474121094,37.79999923706055,21700.0,37.555973052978516
2020-05-04,39.06999969482422,37.099998474121094,37.5,37.099998474121094,8700.0,36.86048889160156
2020-05-05,40.20600128173828,37.70000076293945,40.20600128173828,38.0,8900.0,37.75468444824219
2020-05-06,39.119998931884766,37.5,38.540000915527344,37.5,11300.0,37.257911682128906
2020-05-07,38.529998779296875,36.0,38.529998779296875,37.06999969482422,8100.0,36.830684661865234
2020-05-08,40.2400016784668,37.0,37.66999816894531,38.099998474121094,11300.0,37.85403823852539
2020-05-11,39.97999954223633,37.099998474121094,38.45000076293945,37.099998474121094,7000.0,36.86048889160156
2020-05-12,39.40999984741211,36.75,38.540000915527344,36.75,8500.0,36.51274871826172
2020-05-13,37.72999954223633,34.290000915527344,37.060001373291016,37.72999954223633,13600.0,37.48643112182617
2020-05-14,37.31999969482422,34.75,36.5099983215332,37.150001525878906,13400.0,36.9101676940918
2020-05-15,38.18000030517578,36.209999084472656,37.130001068115234,37.97999954223633,9700.0,37.73481369018555
2020-05-18,43.689998626708984,38.79999923706055,38.79999923706055,42.29999923706055,18100.0,42.02692413330078
2020-05-19,42.07500076293945,40.099998474121094,41.869998931884766,41.70000076293945,12100.0,41.4307975769043
2020-05-20,42.400001525878906,41.02000045776367,41.5,41.63999938964844,9500.0,41.371185302734375
2020-05-21,42.0,40.07500076293945,42.0,40.77000045776367,17000.0,40.506805419921875
2020-05-22,41.2599983215332,40.0,40.599998474121094,40.04999923706055,10300.0,39.791446685791016
2020-05-26,41.900001525878906,40.84000015258789,41.5,41.27000045776367,7000.0,41.00357437133789
2020-05-27,42.49300003051758,40.5099983215332,40.5099983215332,41.97999954223633,15600.0,41.708988189697266
2020-05-28,42.869998931884766,40.5099983215332,42.70000076293945,40.5099983215332,12800.0,40.24847412109375
2020-05-29,41.0,39.380001068115234,40.540000915527344,40.25,8200.0,39.99015426635742
2020-06-01,40.2599983215332,39.25,40.16999816894531,39.25,12800.0,38.99661636352539
2020-06-02,40.45000076293945,39.0,39.900001525878906,39.0,3800.0,38.748226165771484
2020-06-03,41.0,39.2599983215332,39.2599983215332,39.43000030517578,9400.0,39.17544937133789
2020-06-04,40.154998779296875,38.52000045776367,40.0,38.52000045776367,5900.0,38.27132797241211
2020-06-05,40.77000045776367,39.2400016784668,39.2400016784668,40.5,12900.0,40.23854064941406
2020-06-08,40.5,39.220001220703125,40.5,40.5,13000.0,40.23854064941406
2020-06-09,40.5,39.560001373291016,40.0,40.13999938964844,8500.0,39.880863189697266
2020-06-10,40.9900016784668,39.72999954223633,40.209999084472656,40.349998474121094,99700.0,40.089508056640625
2020-06-11,40.4900016784668,38.56999969482422,38.959999084472656,38.880001068115234,14200.0,38.629005432128906
2020-06-12,40.45000076293945,36.4900016784668,39.279998779296875,38.959999084472656,13400.0,38.768314361572266
2020-06-15,42.04999923706055,37.5099983215332,37.5099983215332,40.75,75600.0,40.54950714111328
2020-06-16,42.39500045776367,40.54999923706055,40.75,41.369998931884766,52400.0,41.16645812988281
2020-06-17,42.5,40.5,41.11000061035156,42.04999923706055,40500.0,41.84311294555664
2020-06-18,44.0,41.20000076293945,41.20000076293945,43.209999084472656,45900.0,42.997398376464844
2020-06-19,49.22999954223633,42.95500183105469,43.95000076293945,44.5099983215332,259800.0,44.29100799560547
2020-06-22,45.380001068115234,42.744998931884766,44.720001220703125,42.790000915527344,14300.0,42.579471588134766
2020-06-23,44.04999923706055,42.52000045776367,43.29999923706055,43.11000061035156,10900.0,42.897891998291016
2020-06-24,43.79999923706055,42.0099983215332,43.356998443603516,42.06999969482422,10600.0,41.86301040649414
2020-06-25,44.5099983215332,41.97999954223633,41.97999954223633,44.16999816894531,11700.0,43.95268249511719
2020-06-26,45.79999923706055,41.0,44.16999816894531,41.84000015258789,43400.0,41.63414001464844
2020-06-29,43.31999969482422,41.349998474121094,41.61000061035156,43.2599983215332,21400.0,43.04715347290039
2020-06-30,43.88999938964844,41.68000030517578,42.709999084472656,43.88999938964844,12000.0,43.67405700683594
2020-07-01,43.70000076293945,42.20000076293945,43.29999923706055,42.349998474121094,12300.0,42.14163589477539
2020-07-02,43.229000091552734,41.75899887084961,42.93000030517578,42.209999084472656,10700.0,42.002323150634766
2020-07-06,42.88999938964844,41.70000076293945,42.79999923706055,42.29999923706055,17700.0,42.091880798339844
2020-07-07,42.0,40.5099983215332,42.0,40.720001220703125,14600.0,40.519657135009766
2020-07-08,41.9900016784668,39.775001525878906,40.099998474121094,40.0,9500.0,39.80319595336914
2020-07-09,40.875,38.04999923706055,40.25,38.04999923706055,16400.0,37.86279296875
2020-07-10,40.47999954223633,38.25,38.3129997253418,40.150001525878906,21000.0,39.952457427978516
2020-07-13,41.290000915527344,39.91999816894531,40.54999923706055,40.540000915527344,7100.0,40.340538024902344
2020-07-14,40.91999816894531,39.983001708984375,40.540000915527344,40.720001220703125,5500.0,40.519657135009766
2020-07-15,42.95000076293945,41.099998474121094,41.47999954223633,41.099998474121094,8200.0,40.89778518676758
2020-07-16,41.869998931884766,40.564998626708984,41.439998626708984,41.04999923706055,8900.0,40.84803009033203
2020-07-17,42.08000183105469,39.79999923706055,41.06999969482422,41.29999923706055,9900.0,41.0968017578125
2020-07-20,41.349998474121094,40.70000076293945,41.220001220703125,40.88999938964844,6100.0,40.688819885253906
2020-07-21,41.720001220703125,40.75,40.88999938964844,41.130001068115234,10900.0,40.927635192871094
2020-07-22,41.5,41.130001068115234,41.130001068115234,41.16999816894531,7200.0,40.96744155883789
2020-07-23,41.900001525878906,40.65999984741211,41.0,41.459999084472656,7900.0,41.256011962890625
2020-07-24,41.88999938964844,40.88999938964844,41.29999923706055,41.5099983215332,5500.0,41.305763244628906
2020-07-27,42.744998931884766,41.5099983215332,41.5099983215332,42.470001220703125,4200.0,42.261043548583984
2020-07-28,42.0,41.380001068115234,42.0,41.380001068115234,3800.0,41.17641067504883
2020-07-29,42.38999938964844,41.2400016784668,41.59000015258789,41.2400016784668,9400.0,41.03709411621094
2020-07-30,41.29999923706055,40.709999084472656,41.130001068115234,41.29999923706055,5700.0,41.0968017578125
2020-07-31,41.900001525878906,40.0,41.29999923706055,40.040000915527344,10700.0,39.84299850463867
2020-08-03,42.0,40.77000045776367,42.0,41.29999923706055,5000.0,41.0968017578125
2020-08-04,41.20000076293945,40.27000045776367,41.0099983215332,41.20000076293945,5300.0,40.997291564941406
2020-08-05,41.900001525878906,40.94499969482422,41.13999938964844,41.900001525878906,5700.0,41.693851470947266
2020-08-06,41.7400016784668,41.470001220703125,41.560001373291016,41.7400016784668,1800.0,41.534637451171875
2020-08-07,41.75,40.928001403808594,41.5,41.54999923706055,10300.0,41.3455696105957
2020-08-10,41.86000061035156,41.150001525878906,41.70000076293945,41.209999084472656,21200.0,41.00724411010742
2020-08-11,45.20000076293945,41.79999923706055,41.79999923706055,44.29999923706055,12100.0,44.08203887939453
2020-08-12,44.54999923706055,43.5,44.54999923706055,43.5,4700.0,43.28597640991211
2020-08-13,43.90999984741211,42.86000061035156,42.86000061035156,43.90999984741211,3000.0,43.6939582824707
2020-08-14,44.25,43.099998474121094,43.369998931884766,44.25,5500.0,44.03228759765625
2020-08-17,44.70000076293945,43.404998779296875,43.66999816894531,44.5,11000.0,44.28105926513672
2020-08-18,44.599998474121094,42.97999954223633,44.279998779296875,43.689998626708984,12200.0,43.475040435791016
2020-08-19,43.970001220703125,42.790000915527344,43.529998779296875,43.400001525878906,5000.0,43.186466217041016
2020-08-20,43.97999954223633,42.20800018310547,42.880001068115234,43.97999954223633,9500.0,43.763614654541016
2020-08-21,44.79999923706055,43.125,43.52000045776367,44.779998779296875,18100.0,44.55967712402344
2020-08-24,46.849998474121094,43.5099983215332,44.61000061035156,45.900001525878906,8800.0,45.67416763305664
2020-08-25,46.79999923706055,44.40999984741211,46.0099983215332,45.5099983215332,12100.0,45.28608703613281
2020-08-26,47.0,44.71500015258789,46.0099983215332,44.95000076293945,9200.0,44.728843688964844
2020-08-27,45.880001068115234,44.63999938964844,44.88999938964844,44.70000076293945,9500.0,44.480072021484375
2020-08-28,45.470001220703125,43.02000045776367,44.70000076293945,44.150001525878906,10800.0,43.93278121948242
2020-08-31,44.4900016784668,43.5099983215332,43.93000030517578,43.52000045776367,12600.0,43.305877685546875
2020-09-01,43.099998474121094,42.5,43.099998474121094,42.849998474121094,6500.0,42.6391716003418
2020-09-02,44.720001220703125,42.0,42.56999969482422,43.91999816894531,18800.0,43.70390701293945
2020-09-03,44.0,43.22999954223633,43.47999954223633,43.900001525878906,5300.0,43.68401336669922
2020-09-04,44.470001220703125,43.5099983215332,43.650001525878906,44.20000076293945,4800.0,43.9825325012207
2020-09-08,49.2400016784668,43.4900016784668,43.70000076293945,49.15999984741211,31700.0,48.918128967285156
2020-09-09,50.77000045776367,47.810001373291016,48.97999954223633,47.810001373291016,23300.0,47.574771881103516
2020-09-10,49.290000915527344,47.439998626708984,49.290000915527344,48.0,14700.0,47.76383972167969
2020-09-11,48.48500061035156,46.02000045776367,48.220001220703125,46.02000045776367,12700.0,45.850894927978516
2020-09-14,48.709999084472656,45.60499954223633,46.45000076293945,47.130001068115234,20000.0,46.956817626953125
2020-09-15,48.86000061035156,46.31999969482422,48.0,46.810001373291016,18100.0,46.63798904418945
2020-09-16,48.875,46.810001373291016,47.0099983215332,46.95000076293945,38900.0,46.7774772644043
2020-09-17,47.5,45.209999084472656,47.099998474121094,45.400001525878906,36100.0,45.23317337036133
2020-09-18,46.959999084472656,44.84000015258789,46.099998474121094,45.599998474121094,62400.0,45.432437896728516
2020-09-21,46.09000015258789,43.02000045776367,45.0,43.119998931884766,36200.0,42.9615478515625
2020-09-22,43.72999954223633,42.78499984741211,43.560001373291016,43.13999938964844,38800.0,42.981475830078125
2020-09-23,43.77000045776367,41.5,43.2599983215332,41.7599983215332,15100.0,41.606544494628906
2020-09-24,41.900001525878906,40.97999954223633,41.7599983215332,40.97999954223633,7400.0,40.829410552978516
2020-09-25,43.025001525878906,41.25,41.25,41.400001525878906,9300.0,41.247867584228516
2020-09-28,43.43000030517578,42.2599983215332,42.2599983215332,43.04999923706055,4900.0,42.89180374145508
2020-09-29,43.2400016784668,41.7599983215332,43.119998931884766,42.959999084472656,3400.0,42.8021354675293
2020-09-30,43.779998779296875,42.72999954223633,43.52000045776367,43.0,4300.0,42.84198760986328
2020-10-01,43.93000030517578,42.93000030517578,43.775001525878906,42.93000030517578,5500.0,42.772247314453125
2020-10-02,44.22999954223633,42.58000183105469,42.58000183105469,43.5099983215332,5300.0,43.35011291503906
2020-10-05,45.0,43.630001068115234,44.56999969482422,43.849998474121094,7500.0,43.688865661621094
2020-10-06,45.81999969482422,43.849998474121094,43.849998474121094,44.91999816894531,10800.0,44.75493240356445
2020-10-07,46.349998474121094,44.939998626708984,45.130001068115234,46.25,9200.0,46.080047607421875
2020-10-08,47.150001525878906,45.81999969482422,45.849998474121094,46.27000045776367,7900.0,46.099971771240234
2020-10-09,46.310001373291016,45.599998474121094,46.04499816894531,46.0,2700.0,45.83096694946289
2020-10-12,47.0,45.709999084472656,46.689998626708984,46.70000076293945,7200.0,46.52839279174805
2020-10-13,46.79999923706055,46.02000045776367,46.70000076293945,46.150001525878906,5000.0,45.98041534423828
2020-10-14,46.68000030517578,44.709999084472656,46.470001220703125,44.709999084472656,6400.0,44.54570770263672
2020-10-15,45.45000076293945,43.63999938964844,44.290000915527344,45.45000076293945,4000.0,45.28298568725586
2020-10-16,45.45000076293945,44.79999923706055,45.040000915527344,44.79999923706055,5000.0,44.6353759765625
2020-10-19,45.4900016784668,44.678001403808594,45.40999984741211,45.04999923706055,3600.0,44.884456634521484
2020-10-20,45.880001068115234,45.29999923706055,45.29999923706055,45.880001068115234,1200.0,45.71140670776367
2020-10-21,46.5,45.779998779296875,45.79999923706055,46.5,3100.0,46.32912826538086
2020-10-22,46.75,46.0,46.29899978637695,46.52000045776367,7800.0,46.349056243896484
2020-10-23,48.0,46.810001373291016,46.88999938964844,47.5099983215332,10700.0,47.335418701171875
2020-10-26,47.43000030517578,46.05500030517578,47.43000030517578,46.400001525878906,3300.0,46.22949981689453
2020-10-27,46.5,45.900001525878906,46.18000030517578,46.209999084472656,6200.0,46.040191650390625
2020-10-28,46.0,45.125,45.70000076293945,45.779998779296875,7100.0,45.61177062988281
2020-10-29,46.20000076293945,45.150001525878906,45.25,46.0,8800.0,45.83096694946289
2020-10-30,46.0,43.900001525878906,45.45000076293945,45.40999984741211,10500.0,45.243133544921875
2020-11-02,46.47999954223633,44.63999938964844,46.189998626708984,45.599998474121094,11000.0,45.432437896728516
2020-11-03,48.0,46.5,46.5,47.900001525878906,11900.0,47.72398376464844
2020-11-04,47.779998779296875,46.75,47.310001373291016,47.029998779296875,4600.0,46.857177734375
2020-11-05,47.9900016784668,46.45000076293945,47.43000030517578,47.7400016784668,3900.0,47.564571380615234
2020-11-06,47.349998474121094,46.619998931884766,47.13999938964844,46.619998931884766,3200.0,46.44868850708008
2020-11-09,50.0,47.380001068115234,48.0,48.0099983215332,55200.0,47.83357620239258
2020-11-10,50.22999954223633,48.5,48.5,49.97999954223633,19900.0,49.79634094238281
2020-11-11,49.9900016784668,49.06999969482422,49.5099983215332,49.93000030517578,8300.0,49.746524810791016
2020-11-12,49.68000030517578,48.43000030517578,49.599998474121094,49.650001525878906,4300.0,49.46755599975586
2020-11-13,50.0,49.22999954223633,49.279998779296875,49.75,6700.0,49.56718826293945
2020-11-16,51.209999084472656,49.939998626708984,50.0,50.75,13100.0,50.56351089477539
2020-11-17,51.0,50.0,50.209999084472656,50.54999923706055,8700.0,50.3642463684082
2020-11-18,51.189998626708984,50.0099983215332,50.0099983215332,51.189998626708984,5700.0,51.00189208984375
2020-11-19,50.5,47.7400016784668,50.5,49.720001220703125,6100.0,49.537296295166016
2020-11-20,50.34000015258789,48.880001068115234,48.880001068115234,49.31999969482422,7700.0,49.138763427734375
2020-11-23,50.959999084472656,48.9900016784668,49.34000015258789,49.09000015258789,10300.0,48.90961456298828
2020-11-24,50.88999938964844,49.45000076293945,49.505001068115234,50.849998474121094,16800.0,50.663143157958984
2020-11-25,52.27000045776367,50.220001220703125,50.5,52.27000045776367,6000.0,52.07792282104492
2020-11-27,51.90999984741211,50.400001525878906,51.90999984741211,50.70000076293945,5400.0,50.513694763183594
2020-11-30,50.400001525878906,48.61000061035156,49.459999084472656,49.7400016784668,4800.0,49.557228088378906
2020-12-01,50.189998626708984,49.560001373291016,50.189998626708984,49.900001525878906,5400.0,49.716636657714844
2020-12-02,50.290000915527344,49.0099983215332,50.290000915527344,49.209999084472656,5800.0,49.02916717529297
2020-12-03,50.0,48.9900016784668,49.77000045776367,49.349998474121094,4000.0,49.16865539550781
2020-12-04,51.189998626708984,49.5,49.5,51.189998626708984,5400.0,51.0639762878418
2020-12-07,50.900001525878906,49.40999984741211,50.560001373291016,50.5,6300.0,50.375675201416016
2020-12-08,51.564998626708984,50.209999084472656,50.209999084472656,51.27000045776367,16800.0,51.14378356933594
2020-12-09,51.75,50.86000061035156,51.5,50.86000061035156,9000.0,50.73479080200195
2020-12-10,51.20000076293945,50.5,50.5,51.20000076293945,3800.0,51.07395553588867
2020-12-11,51.20000076293945,50.619998931884766,51.20000076293945,50.70000076293945,4400.0,50.5751838684082
2020-12-14,50.849998474121094,49.53300094604492,50.849998474121094,49.880001068115234,6700.0,49.7572021484375
2020-12-15,51.5,49.880001068115234,49.880001068115234,50.65999984741211,10500.0,50.535282135009766
2020-12-16,51.5,50.18000030517578,50.900001525878906,50.18000030517578,12500.0,50.05646514892578
2020-12-17,51.75,50.939998626708984,50.95000076293945,51.38999938964844,8400.0,51.263484954833984
2020-12-18,51.439998626708984,49.880001068115234,51.439998626708984,50.0,37900.0,49.87690734863281
2020-12-21,49.90999984741211,48.5,49.65999984741211,49.2400016784668,8900.0,49.11878204345703
2020-12-22,49.95000076293945,48.84400177001953,48.84400177001953,49.58000183105469,1900.0,49.45794677734375
2020-12-23,49.82500076293945,49.0,49.279998779296875,49.4900016784668,7400.0,49.368167877197266
2020-12-24,48.97999954223633,48.84000015258789,48.97999954223633,48.84000015258789,900.0,48.719764709472656
2020-12-28,49.584999084472656,48.68000030517578,48.84000015258789,49.0,8500.0,48.879371643066406
2020-12-29,49.400001525878906,48.72999954223633,49.0,49.20000076293945,5700.0,49.078880310058594
2020-12-30,49.97999954223633,49.029998779296875,49.099998474121094,49.97999954223633,6000.0,49.856956481933594
2020-12-31,49.959999084472656,49.0,49.709999084472656,49.54999923706055,8600.0,49.428016662597656
2021-01-04,50.150001525878906,49.099998474121094,49.95000076293945,49.099998474121094,5500.0,48.979122161865234
2021-01-05,49.95000076293945,48.619998931884766,48.619998931884766,49.54999923706055,5600.0,49.428016662597656
2021-01-06,52.869998931884766,49.84000015258789,49.9900016784668,52.27000045776367,10900.0,52.141319274902344
2021-01-07,52.8650016784668,51.68000030517578,52.59000015258789,51.68000030517578,4600.0,51.552772521972656
2021-01-08,52.27000045776367,50.071998596191406,52.27000045776367,51.93000030517578,7200.0,51.80215835571289
2021-01-11,51.79999923706055,50.5,51.060001373291016,51.79999923706055,3700.0,51.67247772216797
2021-01-12,52.400001525878906,50.529998779296875,51.459999084472656,52.400001525878906,13000.0,52.270999908447266
2021-01-13,52.4900016784668,51.95000076293945,52.02000045776367,52.150001525878906,5200.0,52.02161407470703
2021-01-14,52.47999954223633,52.15999984741211,52.189998626708984,52.15999984741211,5500.0,52.03158950805664
2021-01-15,52.5,51.79999923706055,52.0,52.209999084472656,7400.0,52.08146667480469
2021-01-19,52.689998626708984,52.0,52.5,52.0,9300.0,51.871986389160156
2021-01-20,52.154998779296875,52.0,52.0,52.0,7200.0,51.871986389160156
2021-01-21,52.25,52.0,52.0,52.0,7600.0,51.871986389160156
2021-01-22,52.9900016784668,51.70000076293945,52.040000915527344,52.970001220703125,8000.0,52.839595794677734
2021-01-25,52.380001068115234,51.470001220703125,52.34000015258789,51.95000076293945,10800.0,51.82210922241211
2021-01-26,52.150001525878906,51.22999954223633,51.79999923706055,51.5,10100.0,51.37321853637695
2021-01-27,51.25,49.720001220703125,50.779998779296875,50.709999084472656,9800.0,50.58515930175781
2021-01-28,51.15999984741211,49.720001220703125,51.15999984741211,49.849998474121094,4300.0,49.72727584838867
2021-01-29,49.709999084472656,46.099998474121094,49.709999084472656,46.58000183105469,9100.0,46.46533203125
2021-02-01,47.959999084472656,46.86000061035156,47.220001220703125,47.900001525878906,10400.0,47.78207778930664
2021-02-02,48.83700180053711,46.970001220703125,47.58000183105469,47.900001525878906,10200.0,47.78207778930664
2021-02-03,48.52000045776367,46.75,47.79999923706055,47.29999923706055,9200.0,47.183555603027344
2021-02-04,48.70000076293945,47.689998626708984,48.0,48.70000076293945,3000.0,48.580108642578125
2021-02-05,50.0,49.04999923706055,49.314998626708984,49.54999923706055,7000.0,49.428016662597656
2021-02-08,50.91999816894531,49.119998931884766,49.880001068115234,50.900001525878906,17300.0,50.77469253540039
2021-02-09,50.790000915527344,49.38999938964844,50.0,50.52000045776367,47000.0,50.3956298828125
2021-02-10,51.43000030517578,49.810001373291016,50.220001220703125,49.810001373291016,5900.0,49.687374114990234
2021-02-11,50.63999938964844,50.099998474121094,50.63999938964844,50.529998779296875,5200.0,50.405601501464844
2021-02-12,50.314998626708984,49.875,50.314998626708984,50.0,4300.0,49.87690734863281
2021-02-16,50.52000045776367,49.41999816894531,50.52000045776367,49.41999816894531,1900.0,49.298336029052734
2021-02-17,49.95000076293945,49.150001525878906,49.22999954223633,49.150001525878906,2600.0,49.02900314331055
2021-02-18,49.5,48.52000045776367,49.5,48.529998779296875,6200.0,48.410526275634766
2021-02-19,51.38999938964844,48.54999923706055,48.54999923706055,51.0,18800.0,50.874446868896484
2021-02-22,51.47999954223633,50.70000076293945,50.75,51.0099983215332,2700.0,50.884422302246094
2021-02-23,52.0,50.540000915527344,50.900001525878906,51.04999923706055,15300.0,50.92432403564453
2021-02-24,52.86000061035156,50.400001525878906,51.439998626708984,52.130001068115234,14000.0,52.00166320800781
2021-02-25,53.029998779296875,51.4900016784668,52.17499923706055,51.939998626708984,14600.0,51.8121337890625
2021-02-26,53.2599983215332,51.55500030517578,52.47999954223633,51.900001525878906,8100.0,51.77223587036133
2021-03-01,54.189998626708984,52.849998474121094,52.900001525878906,53.650001525878906,6200.0,53.51792526245117
2021-03-02,53.650001525878906,51.439998626708984,53.06999969482422,52.70000076293945,16400.0,52.57026290893555
2021-03-03,55.5,53.400001525878906,53.400001525878906,55.27000045776367,15700.0,55.133934020996094
2021-03-04,57.5,55.06999969482422,55.06999969482422,56.5,16700.0,56.36090850830078
2021-03-05,59.65999984741211,55.0,56.0,59.20000076293945,22600.0,59.05426025390625
2021-03-08,61.0,58.900001525878906,59.5,60.66999816894531,18200.0,60.5206413269043
2021-03-09,60.119998931884766,59.0099983215332,60.11000061035156,59.29999923706055,21600.0,59.15401077270508
2021-03-10,60.95000076293945,59.4900016784668,59.5,60.95000076293945,11200.0,60.79995346069336
2021-03-11,61.0,59.47999954223633,59.47999954223633,61.0,8400.0,60.849830627441406
2021-03-12,65.06999969482422,60.45000076293945,60.75,62.720001220703125,26500.0,62.637474060058594
2021-03-15,62.34000015258789,61.040000915527344,62.22999954223633,62.27000045776367,8700.0,62.18806838989258
2021-03-16,60.76499938964844,57.56999969482422,59.97999954223633,58.5099983215332,9100.0,58.433013916015625
2021-03-17,58.91999816894531,56.970001220703125,57.099998474121094,57.349998474121094,8700.0,57.274539947509766
2021-03-18,58.95000076293945,57.04999923706055,57.790000915527344,58.20000076293945,4900.0,58.1234245300293
2021-03-19,61.029998779296875,56.93000030517578,58.75,60.88999938964844,55300.0,60.80988311767578
2021-03-22,60.61000061035156,57.66999816894531,60.61000061035156,57.66999816894531,6600.0,57.5941162109375
2021-03-23,56.0,49.66999816894531,56.0,54.15999984741211,35000.0,54.08873748779297
2021-03-24,59.0,54.709999084472656,55.189998626708984,56.5,19100.0,56.4256591796875
2021-03-25,58.970001220703125,56.20500183105469,56.869998931884766,58.02000045776367,13000.0,57.943660736083984
2021-03-26,59.900001525878906,58.130001068115234,58.310001373291016,59.20000076293945,11200.0,59.122108459472656
2021-03-29,59.900001525878906,58.0,58.310001373291016,58.0,9000.0,57.92368698120117
2021-03-30,57.9900016784668,55.779998779296875,57.9900016784668,56.20000076293945,14800.0,56.12605285644531
2021-03-31,56.75,55.5,56.51100158691406,56.0099983215332,8400.0,55.936302185058594
2021-04-01,56.33000183105469,55.0,55.0,55.5,5500.0,55.42697525024414
2021-04-05,56.84000015258789,55.70000076293945,55.70000076293945,56.5099983215332,7400.0,56.43564224243164
2021-04-06,56.900001525878906,55.790000915527344,56.20000076293945,56.5,11100.0,56.4256591796875
2021-04-07,56.79899978637695,55.47999954223633,56.349998474121094,55.59000015258789,14500.0,55.5168571472168
2021-04-08,55.84000015258789,55.29999923706055,55.59000015258789,55.70000076293945,6700.0,55.626712799072266
2021-04-09,56.11000061035156,55.56999969482422,56.11000061035156,55.56999969482422,2900.0,55.496883392333984
2021-04-12,56.290000915527344,55.70000076293945,55.790000915527344,55.95000076293945,3900.0,55.87638473510742
2021-04-13,56.04999923706055,56.04999923706055,56.04999923706055,56.04999923706055,1100.0,55.97624969482422
2021-04-14,57.29999923706055,55.54999923706055,56.27000045776367,56.31999969482422,7400.0,56.24589538574219
2021-04-15,56.75,55.95000076293945,56.52000045776367,56.560001373291016,7000.0,56.48558044433594
2021-04-16,57.5,56.18000030517578,56.95000076293945,56.29999923706055,10300.0,56.225921630859375
2021-04-19,55.5099983215332,55.08000183105469,55.08000183105469,55.22999954223633,2900.0,55.15732955932617
2021-04-20,55.599998474121094,54.2400016784668,55.599998474121094,54.2400016784668,2800.0,54.16863250732422
2021-04-21,55.77000045776367,54.65999984741211,54.68000030517578,54.65999984741211,5500.0,54.58808135986328
2021-04-22,55.6609992980957,54.0,54.029998779296875,54.4900016784668,4700.0,54.418304443359375
2021-04-23,56.060001373291016,54.630001068115234,54.630001068115234,55.70000076293945,5300.0,55.626712799072266
2021-04-26,56.29999923706055,53.7599983215332,56.290000915527344,54.709999084472656,16000.0,54.63801193237305
2021-04-27,55.14500045776367,54.099998474121094,55.06999969482422,54.27000045776367,5200.0,54.19859313964844
2021-04-28,55.79999923706055,54.0,54.70000076293945,54.45000076293945,10200.0,54.37835693359375
2021-04-29,55.88999938964844,54.5,55.29999923706055,55.66999816894531,4500.0,55.59674835205078
2021-04-30,56.0,54.880001068115234,54.880001068115234,55.63999938964844,8100.0,55.56679153442383
2021-05-03,57.40999984741211,55.279998779296875,55.58000183105469,56.84000015258789,13700.0,56.76521301269531
2021-05-04,56.5,55.0,56.39899826049805,55.310001373291016,8800.0,55.23722457885742
2021-05-05,56.141998291015625,54.400001525878906,55.0,54.9900016784668,8000.0,54.91764831542969
2021-05-06,55.349998474121094,54.400001525878906,54.5,55.349998474121094,6600.0,55.27717208862305
2021-05-07,54.599998474121094,54.5,54.5,54.599998474121094,1900.0,54.52815628051758
2021-05-10,55.20000076293945,54.0,54.060001373291016,54.0,6800.0,53.92894744873047
2021-05-11,54.349998474121094,54.0,54.0,54.130001068115234,4900.0,54.05877685546875
2021-05-12,54.41999816894531,54.0,54.41999816894531,54.11000061035156,9600.0,54.03880310058594
2021-05-13,54.81999969482422,54.0,54.0,54.470001220703125,4900.0,54.39833068847656
2021-05-14,55.36000061035156,54.97999954223633,55.02000045776367,55.349998474121094,6000.0,55.27717208862305
2021-05-17,55.5,54.959999084472656,55.349998474121094,55.470001220703125,5100.0,55.39701461791992
2021-05-18,55.5,54.03499984741211,54.03499984741211,54.400001525878906,5100.0,54.32842254638672
2021-05-19,54.54999923706055,53.93000030517578,54.369998931884766,54.0099983215332,6600.0,53.938934326171875
2021-05-20,55.75,54.0,54.029998779296875,55.70000076293945,10100.0,55.626712799072266
2021-05-21,56.099998474121094,54.59000015258789,55.9900016784668,56.099998474121094,6600.0,56.02618408203125
2021-05-24,56.5,54.540000915527344,56.5,55.099998474121094,6600.0,55.02750015258789
2021-05-25,55.52000045776367,54.0099983215332,55.52000045776367,54.0099983215332,7000.0,53.938934326171875
2021-05-26,54.04999923706055,53.849998474121094,54.02399826049805,54.0,9300.0,53.92894744873047
2021-05-27,55.599998474121094,54.50299835205078,54.70500183105469,55.599998474121094,6700.0,55.52684020996094
2021-05-28,55.750999450683594,54.459999084472656,55.20000076293945,54.61000061035156,3500.0,54.53814697265625
2021-06-01,56.20000076293945,54.34400177001953,55.209999084472656,55.79999923706055,12000.0,55.72657775878906
2021-06-02,56.5,54.93000030517578,55.54999923706055,55.25,7500.0,55.177303314208984
2021-06-03,55.459999084472656,54.279998779296875,55.290000915527344,54.900001525878906,15400.0,54.82776641845703
2021-06-04,55.084999084472656,53.59000015258789,54.880001068115234,53.59000015258789,17200.0,53.51948928833008
2021-06-07,54.26300048828125,52.94599914550781,54.09000015258789,53.02000045776367,16300.0,52.95023727416992
2021-06-08,53.689998626708984,52.58000183105469,53.119998931884766,53.5,19400.0,53.42960739135742
2021-06-09,53.650001525878906,52.0,53.529998779296875,52.369998931884766,18900.0,52.301090240478516
2021-06-10,53.650001525878906,52.040000915527344,52.790000915527344,53.20000076293945,16800.0,53.130001068115234
2021-06-11,53.20000076293945,52.685001373291016,52.95000076293945,53.20000076293945,6800.0,53.20000076293945
2021-06-14,52.40999984741211,52.0099983215332,52.349998474121094,52.0099983215332,3300.0,52.0099983215332
2021-06-15,54.0,52.119998931884766,52.119998931884766,53.939998626708984,63800.0,53.939998626708984
2021-06-16,53.599998474121094,52.18000030517578,53.45500183105469,52.95000076293945,9200.0,52.95000076293945
2021-06-17,54.5,52.11000061035156,53.36000061035156,52.11000061035156,8500.0,52.11000061035156
2021-06-18,51.97999954223633,50.70000076293945,51.709999084472656,51.16999816894531,15600.0,51.16999816894531
2021-06-21,51.90999984741211,51.06999969482422,51.06999969482422,51.630001068115234,6200.0,51.630001068115234
2021-06-22,52.720001220703125,51.5099983215332,51.70199966430664,52.04999923706055,10600.0,52.04999923706055
2021-06-23,52.290000915527344,51.119998931884766,51.279998779296875,52.130001068115234,13600.0,52.130001068115234
2021-06-24,53.25,51.650001525878906,52.09000015258789,52.849998474121094,9600.0,52.849998474121094
2021-06-25,52.279998779296875,50.45000076293945,52.150001525878906,50.45000076293945,115000.0,50.45000076293945
2021-06-28,51.38999938964844,49.68000030517578,50.880001068115234,50.540000915527344,8500.0,50.540000915527344
2021-06-29,51.582000732421875,50.09000015258789,50.95500183105469,50.54999923706055,6200.0,50.54999923706055
2021-06-30,52.029998779296875,50.5099983215332,51.0,50.5099983215332,8800.0,50.5099983215332
2021-07-01,51.33000183105469,50.0,51.08000183105469,50.56999969482422,4400.0,50.56999969482422
2021-07-02,50.599998474121094,50.029998779296875,50.599998474121094,50.029998779296875,3100.0,50.029998779296875
2021-07-06,51.178001403808594,49.11000061035156,51.178001403808594,49.11000061035156,6800.0,49.11000061035156
2021-07-07,50.970001220703125,49.189998626708984,49.47999954223633,49.189998626708984,8100.0,49.189998626708984
2021-07-08,49.22999954223633,48.880001068115234,48.880001068115234,49.08000183105469,4800.0,49.08000183105469
2021-07-09,48.849998474121094,48.560001373291016,48.849998474121094,48.79999923706055,4800.0,48.79999923706055
2021-07-12,49.779998779296875,48.06999969482422,48.560001373291016,49.369998931884766,7100.0,49.369998931884766
2021-07-13,50.06999969482422,49.20000076293945,49.20000076293945,50.0,10000.0,50.0
2021-07-14,50.88999938964844,49.79999923706055,49.79999923706055,50.0099983215332,8600.0,50.0099983215332
2021-07-15,50.939998626708984,49.7599983215332,50.27000045776367,50.88999938964844,7600.0,50.88999938964844
2021-07-16,51.880001068115234,50.88999938964844,51.220001220703125,51.38999938964844,9800.0,51.38999938964844
2021-07-19,51.474998474121094,50.75,51.15999984741211,50.75,11200.0,50.75
2021-07-20,52.9900016784668,51.400001525878906,51.400001525878906,52.119998931884766,18800.0,52.119998931884766
2021-07-21,52.619998931884766,51.93000030517578,52.619998931884766,52.150001525878906,6900.0,52.150001525878906
2021-07-22,52.4900016784668,51.70000076293945,52.08000183105469,52.4900016784668,6400.0,52.4900016784668
2021-07-23,52.375,50.220001220703125,52.279998779296875,50.220001220703125,7100.0,50.220001220703125
2021-07-26,51.47999954223633,51.38999938964844,51.47999954223633,51.38999938964844,1200.0,51.38999938964844
2021-07-27,51.65999984741211,49.90700149536133,49.90700149536133,50.9900016784668,2100.0,50.9900016784668
2021-07-28,50.95000076293945,50.4900016784668,50.7400016784668,50.95000076293945,3500.0,50.95000076293945
2021-07-29,51.5,51.0,51.04999923706055,51.45000076293945,3900.0,51.45000076293945
2021-07-30,51.43000030517578,50.310001373291016,51.29999923706055,50.95000076293945,4800.0,50.95000076293945
2021-08-02,51.4900016784668,49.75,49.75,51.380001068115234,5000.0,51.380001068115234
2021-08-03,52.27000045776367,51.275001525878906,51.275001525878906,51.400001525878906,3400.0,51.400001525878906
2021-08-04,52.50899887084961,51.66999816894531,52.064998626708984,51.900001525878906,6000.0,51.900001525878906
2021-08-05,52.72999954223633,51.880001068115234,51.880001068115234,52.72999954223633,2300.0,52.72999954223633
2021-08-06,53.0,52.41999816894531,52.900001525878906,52.849998474121094,2700.0,52.849998474121094
2021-08-09,51.41999816894531,51.41999816894531,51.41999816894531,51.41999816894531,1000.0,51.41999816894531
2021-08-10,53.220001220703125,51.5,51.880001068115234,52.150001525878906,5400.0,52.150001525878906
2021-08-11,52.970001220703125,51.79999923706055,52.209999084472656,52.22999954223633,9700.0,52.22999954223633
2021-08-12,52.720001220703125,52.02000045776367,52.720001220703125,52.54999923706055,6200.0,52.54999923706055
2021-08-13,52.5,51.77000045776367,52.5,51.77000045776367,2800.0,51.77000045776367
2021-08-16,52.0,51.310001373291016,52.0,51.79999923706055,2700.0,51.79999923706055
2021-08-17,51.54999923706055,51.310001373291016,51.310001373291016,51.310001373291016,3500.0,51.310001373291016
2021-08-18,52.0,49.83100128173828,51.310001373291016,51.599998474121094,11400.0,51.599998474121094
2021-08-19,51.650001525878906,51.310001373291016,51.630001068115234,51.310001373291016,2500.0,51.310001373291016
2021-08-20,51.76900100708008,50.34000015258789,51.11000061035156,50.54999923706055,32000.0,50.54999923706055
2021-08-23,51.7599983215332,50.0,50.0,50.7400016784668,9000.0,50.7400016784668
2021-08-24,52.0,50.45000076293945,50.79999923706055,50.54999923706055,9100.0,50.54999923706055
2021-08-25,51.540000915527344,51.029998779296875,51.04999923706055,51.029998779296875,3200.0,51.029998779296875
2021-08-26,51.72999954223633,50.11000061035156,50.66999816894531,50.11000061035156,5100.0,50.11000061035156
2021-08-27,50.75,50.68000030517578,50.75,50.68000030517578,4100.0,50.68000030517578
2021-08-30,51.290000915527344,50.5,51.290000915527344,50.5,2200.0,50.5
2021-08-31,50.540000915527344,49.29999923706055,50.12799835205078,50.15999984741211,21000.0,50.15999984741211
2021-09-01,50.90999984741211,50.5,50.61000061035156,50.5,1200.0,50.5
2021-09-02,50.70000076293945,50.70000076293945,50.70000076293945,50.70000076293945,900.0,50.70000076293945
2021-09-03,51.209999084472656,50.5,50.5,50.650001525878906,5000.0,50.650001525878906
2021-09-07,50.79999923706055,49.220001220703125,50.65999984741211,50.04999923706055,8000.0,50.04999923706055
2021-09-08,49.869998931884766,49.61000061035156,49.869998931884766,49.68000030517578,4500.0,49.68000030517578
2021-09-09,50.01499938964844,49.709999084472656,50.01499938964844,49.709999084472656,5700.0,49.709999084472656
2021-09-10,49.720001220703125,49.36000061035156,49.709999084472656,49.36000061035156,4200.0,49.36000061035156
2021-09-13,50.14500045776367,49.119998931884766,49.130001068115234,49.150001525878906,2600.0,49.150001525878906
2021-09-14,49.46500015258789,48.70000076293945,49.220001220703125,48.70000076293945,5400.0,48.70000076293945
2021-09-15,49.459999084472656,48.650001525878906,49.459999084472656,49.150001525878906,4100.0,49.150001525878906
2021-09-16,48.869998931884766,47.97999954223633,48.810001373291016,48.29999923706055,8700.0,48.29999923706055
2021-09-17,48.5,46.93000030517578,48.5,47.61000061035156,60000.0,47.61000061035156
2021-09-20,48.805999755859375,47.380001068115234,47.61000061035156,47.380001068115234,7500.0,47.380001068115234
2021-09-21,48.79999923706055,47.95000076293945,47.95000076293945,48.0,3600.0,48.0
2021-09-22,48.29999923706055,47.5,48.29999923706055,47.66999816894531,3800.0,47.66999816894531
2021-09-23,51.189998626708984,49.0,49.0,50.4900016784668,25300.0,50.4900016784668
2021-09-24,51.75,49.9900016784668,50.25,50.400001525878906,13500.0,50.400001525878906
2021-09-27,51.790000915527344,49.5,50.349998474121094,50.63999938964844,7300.0,50.63999938964844
2021-09-28,50.93000030517578,49.029998779296875,50.93000030517578,49.56999969482422,6100.0,49.56999969482422
2021-09-29,50.90999984741211,49.9900016784668,50.369998931884766,50.650001525878906,3200.0,50.650001525878906
2021-09-30,50.25,49.029998779296875,49.029998779296875,49.849998474121094,4000.0,49.849998474121094
2021-10-01,51.189998626708984,49.75,49.75,50.29999923706055,5500.0,50.29999923706055
2021-10-04,51.0099983215332,50.189998626708984,50.310001373291016,50.5099983215332,10700.0,50.5099983215332
2021-10-05,50.66999816894531,49.810001373291016,50.34000015258789,50.16999816894531,4300.0,50.16999816894531
2021-10-06,51.665000915527344,49.849998474121094,50.400001525878906,51.06999969482422,14300.0,51.06999969482422
2021-10-07,52.20000076293945,51.27799987792969,51.689998626708984,52.20000076293945,7700.0,52.20000076293945
2021-10-08,52.900001525878906,51.279998779296875,52.900001525878906,51.279998779296875,2300.0,51.279998779296875
2021-10-11,52.04999923706055,50.95000076293945,52.04999923706055,50.95000076293945,5500.0,50.95000076293945
2021-10-12,51.869998931884766,51.20000076293945,51.20000076293945,51.869998931884766,2700.0,51.869998931884766
2021-10-13,52.630001068115234,51.992000579833984,52.10499954223633,52.09000015258789,5800.0,52.09000015258789
2021-10-14,52.650001525878906,51.470001220703125,52.650001525878906,52.4900016784668,3000.0,52.4900016784668
2021-10-15,53.0099983215332,51.70000076293945,53.0099983215332,51.70000076293945,7100.0,51.70000076293945
2021-10-18,52.415000915527344,50.97999954223633,52.290000915527344,51.70000076293945,7200.0,51.70000076293945
2021-10-19,51.83000183105469,50.90999984741211,51.650001525878906,50.90999984741211,4400.0,50.90999984741211
2021-10-20,52.459999084472656,51.349998474121094,51.38999938964844,51.709999084472656,17800.0,51.709999084472656
2021-10-21,51.89500045776367,51.349998474121094,51.81999969482422,51.349998474121094,2700.0,51.349998474121094
2021-10-22,52.25,51.75,51.75,52.15999984741211,4700.0,52.15999984741211
2021-10-25,52.7599983215332,52.09000015258789,52.09000015258789,52.7599983215332,1400.0,52.7599983215332
