Date,High,Low,Open,Close,Volume,Adj Close
2000-01-03,8.541666984558105,8.5,8.5,8.541666984558105,30000.0,5.021027088165283
2000-01-04,8.541666984558105,8.541666984558105,8.541666984558105,8.541666984558105,0.0,5.021027088165283
2000-01-05,8.541666984558105,8.541666984558105,8.541666984558105,8.541666984558105,0.0,5.021027088165283
2000-01-06,8.541666984558105,8.541666984558105,8.541666984558105,8.541666984558105,0.0,5.021027088165283
2000-01-07,8.541666984558105,8.541666984558105,8.541666984558105,8.541666984558105,0.0,5.021027088165283
2000-01-10,8.333333015441895,8.333333015441895,8.333333015441895,8.333333015441895,3900.0,4.898561954498291
2000-01-11,8.333333015441895,8.333333015441895,8.333333015441895,8.333333015441895,600.0,4.898561954498291
2000-01-12,8.333333015441895,8.333333015441895,8.333333015441895,8.333333015441895,0.0,4.898561954498291
2000-01-13,8.333333015441895,8.333333015441895,8.333333015441895,8.333333015441895,0.0,4.898561954498291
2000-01-14,8.333333015441895,8.333333015441895,8.333333015441895,8.333333015441895,4200.0,4.898561954498291
2000-01-18,8.333333015441895,8.333333015441895,8.333333015441895,8.333333015441895,0.0,4.898561954498291
2000-01-19,8.333333015441895,8.333333015441895,8.333333015441895,8.333333015441895,0.0,4.898561954498291
2000-01-20,8.333333015441895,8.333333015441895,8.333333015441895,8.333333015441895,10200.0,4.898561954498291
2000-01-21,8.333333015441895,8.333333015441895,8.333333015441895,8.333333015441895,0.0,4.898561954498291
2000-01-24,8.333333015441895,8.333333015441895,8.333333015441895,8.333333015441895,900.0,4.898561954498291
2000-01-25,8.333333015441895,8.333333015441895,8.333333015441895,8.333333015441895,4500.0,4.898561954498291
2000-01-26,8.375,8.333333015441895,8.333333015441895,8.375,27300.0,4.923055648803711
2000-01-27,8.375,8.375,8.375,8.375,0.0,4.923055648803711
2000-01-28,8.0,8.0,8.0,8.0,9000.0,4.702619552612305
2000-01-31,8.0,8.0,8.0,8.0,3000.0,4.702619552612305
2000-02-01,8.083333015441895,8.0,8.083333015441895,8.0,4500.0,4.702619552612305
2000-02-02,8.0,8.0,8.0,8.0,2400.0,4.702619552612305
2000-02-03,8.0,8.0,8.0,8.0,9600.0,4.702619552612305
2000-02-04,7.7916669845581055,7.7916669845581055,7.7916669845581055,7.7916669845581055,600.0,4.580154895782471
2000-02-07,7.7916669845581055,7.7916669845581055,7.7916669845581055,7.7916669845581055,0.0,4.580154895782471
2000-02-08,7.7916669845581055,7.7916669845581055,7.7916669845581055,7.7916669845581055,0.0,4.580154895782471
2000-02-09,7.8333330154418945,7.8333330154418945,7.8333330154418945,7.8333330154418945,6000.0,4.604647159576416
2000-02-10,7.8333330154418945,7.5,7.8333330154418945,7.5,3000.0,4.408705711364746
2000-02-11,8.166666984558105,7.8958330154418945,7.9166669845581055,8.166666984558105,11700.0,4.800589561462402
2000-02-14,7.9166669845581055,7.8958330154418945,7.9166669845581055,7.8958330154418945,6000.0,4.641387462615967
2000-02-15,7.9166669845581055,7.75,7.75,7.9166669845581055,19200.0,4.653635025024414
2000-02-16,7.9166669845581055,7.9166669845581055,7.9166669845581055,7.9166669845581055,3600.0,4.653635025024414
2000-02-17,7.6666669845581055,7.6666669845581055,7.6666669845581055,7.6666669845581055,30000.0,4.506677627563477
2000-02-18,7.8333330154418945,7.8333330154418945,7.8333330154418945,7.8333330154418945,1200.0,4.604647159576416
2000-02-22,7.8333330154418945,7.8333330154418945,7.8333330154418945,7.8333330154418945,8400.0,4.604647159576416
2000-02-23,7.8333330154418945,7.8333330154418945,7.8333330154418945,7.8333330154418945,0.0,4.604647159576416
2000-02-24,8.083333015441895,8.083333015441895,8.083333015441895,8.083333015441895,1200.0,4.751605033874512
2000-02-25,8.083333015441895,8.083333015441895,8.083333015441895,8.083333015441895,0.0,4.751605033874512
2000-02-28,8.083333015441895,7.9166669845581055,7.9166669845581055,8.083333015441895,68400.0,4.751605033874512
2000-02-29,8.0,7.9166669845581055,8.0,7.9166669845581055,6300.0,4.653635025024414
2000-03-01,8.145833015441895,8.145833015441895,8.145833015441895,8.145833015441895,900.0,4.7883453369140625
2000-03-02,7.9166669845581055,7.9166669845581055,7.9166669845581055,7.9166669845581055,900.0,4.672754287719727
2000-03-03,7.9166669845581055,7.9166669845581055,7.9166669845581055,7.9166669845581055,0.0,4.672754287719727
2000-03-06,8.145833015441895,7.9166669845581055,8.145833015441895,7.9166669845581055,3300.0,4.672754287719727
2000-03-07,8.0625,7.9375,8.0625,7.9375,7800.0,4.6850504875183105
2000-03-08,7.9375,7.9375,7.9375,7.9375,5700.0,4.6850504875183105
2000-03-09,7.9583330154418945,7.9375,7.9583330154418945,7.9375,1200.0,4.6850504875183105
2000-03-10,8.0,7.9583330154418945,7.9583330154418945,7.9791669845581055,25800.0,4.709645748138428
2000-03-13,7.9791669845581055,7.9791669845581055,7.9791669845581055,7.9791669845581055,0.0,4.709645748138428
2000-03-14,7.9791669845581055,7.9791669845581055,7.9791669845581055,7.9791669845581055,0.0,4.709645748138428
2000-03-15,7.9791669845581055,7.9791669845581055,7.9791669845581055,7.9791669845581055,0.0,4.709645748138428
2000-03-16,8.333333015441895,7.875,7.9583330154418945,7.9166669845581055,52500.0,4.672754287719727
2000-03-17,7.9583330154418945,7.8333330154418945,7.9583330154418945,7.8333330154418945,2700.0,4.623565196990967
2000-03-20,7.9583330154418945,7.8333330154418945,7.9583330154418945,7.8333330154418945,15300.0,4.623565196990967
2000-03-21,7.9583330154418945,7.8333330154418945,7.8333330154418945,7.9583330154418945,6600.0,4.697347164154053
2000-03-22,7.8333330154418945,7.8333330154418945,7.8333330154418945,7.8333330154418945,600.0,4.623565196990967
2000-03-23,7.8333330154418945,7.8333330154418945,7.8333330154418945,7.8333330154418945,0.0,4.623565196990967
2000-03-24,7.8333330154418945,7.8333330154418945,7.8333330154418945,7.8333330154418945,0.0,4.623565196990967
2000-03-27,7.8333330154418945,7.8333330154418945,7.8333330154418945,7.8333330154418945,0.0,4.623565196990967
2000-03-28,7.9583330154418945,7.9583330154418945,7.9583330154418945,7.9583330154418945,18000.0,4.697347164154053
2000-03-29,8.166666984558105,8.0,8.0,8.166666984558105,6000.0,4.820312976837158
2000-03-30,7.875,7.8333330154418945,7.875,7.8333330154418945,2400.0,4.623565196990967
2000-03-31,8.083333015441895,8.083333015441895,8.083333015441895,8.083333015441895,1500.0,4.7711262702941895
2000-04-03,8.083333015441895,8.083333015441895,8.083333015441895,8.083333015441895,600.0,4.7711262702941895
2000-04-04,7.9583330154418945,7.6666669845581055,7.8333330154418945,7.75,15900.0,4.5743794441223145
2000-04-05,7.9166669845581055,7.75,7.75,7.8333330154418945,23400.0,4.623565196990967
2000-04-06,7.8333330154418945,7.8333330154418945,7.8333330154418945,7.8333330154418945,0.0,4.623565196990967
2000-04-07,7.8333330154418945,7.8333330154418945,7.8333330154418945,7.8333330154418945,600.0,4.623565196990967
2000-04-10,7.8333330154418945,7.8333330154418945,7.8333330154418945,7.8333330154418945,0.0,4.623565196990967
2000-04-11,7.8333330154418945,7.8333330154418945,7.8333330154418945,7.8333330154418945,0.0,4.623565196990967
2000-04-12,7.8333330154418945,7.8333330154418945,7.8333330154418945,7.8333330154418945,2700.0,4.623565196990967
2000-04-13,7.9166669845581055,7.8333330154418945,7.8333330154418945,7.9166669845581055,7800.0,4.672754287719727
2000-04-14,7.9166669845581055,7.9166669845581055,7.9166669845581055,7.9166669845581055,0.0,4.672754287719727
2000-04-17,7.8333330154418945,7.8333330154418945,7.8333330154418945,7.8333330154418945,300.0,4.623565196990967
2000-04-18,7.8333330154418945,7.8333330154418945,7.8333330154418945,7.8333330154418945,0.0,4.623565196990967
2000-04-19,7.8333330154418945,7.8333330154418945,7.8333330154418945,7.8333330154418945,0.0,4.623565196990967
2000-04-20,7.9166669845581055,7.8333330154418945,7.8333330154418945,7.9166669845581055,7200.0,4.672754287719727
2000-04-24,7.8333330154418945,7.8333330154418945,7.8333330154418945,7.8333330154418945,1500.0,4.623565196990967
2000-04-25,8.083333015441895,7.9166669845581055,7.9166669845581055,8.083333015441895,5100.0,4.7711262702941895
2000-04-26,8.083333015441895,8.083333015441895,8.083333015441895,8.083333015441895,0.0,4.7711262702941895
2000-04-27,8.083333015441895,8.083333015441895,8.083333015441895,8.083333015441895,0.0,4.7711262702941895
2000-04-28,8.125,8.083333015441895,8.083333015441895,8.125,5700.0,4.795721530914307
2000-05-01,8.125,8.125,8.125,8.125,0.0,4.795721530914307
2000-05-02,7.8333330154418945,7.8333330154418945,7.8333330154418945,7.8333330154418945,3600.0,4.623565196990967
2000-05-03,7.8333330154418945,7.8333330154418945,7.8333330154418945,7.8333330154418945,1200.0,4.623565196990967
2000-05-04,7.8333330154418945,7.8333330154418945,7.8333330154418945,7.8333330154418945,0.0,4.623565196990967
2000-05-05,7.8333330154418945,7.8333330154418945,7.8333330154418945,7.8333330154418945,15000.0,4.623565196990967
2000-05-08,7.8333330154418945,7.8333330154418945,7.8333330154418945,7.8333330154418945,0.0,4.623565196990967
2000-05-09,7.875,7.8333330154418945,7.8333330154418945,7.875,22800.0,4.648159980773926
2000-05-10,7.9166669845581055,7.9166669845581055,7.9166669845581055,7.9166669845581055,2400.0,4.672754287719727
2000-05-11,8.0,8.0,8.0,8.0,2700.0,4.721940994262695
2000-05-12,8.0,8.0,8.0,8.0,0.0,4.721940994262695
2000-05-15,8.0,8.0,8.0,8.0,0.0,4.721940994262695
2000-05-16,8.0,8.0,8.0,8.0,600.0,4.721940994262695
2000-05-17,8.166666984558105,8.0,8.0,8.083333015441895,20400.0,4.7711262702941895
2000-05-18,8.083333015441895,8.083333015441895,8.083333015441895,8.083333015441895,0.0,4.7711262702941895
2000-05-19,8.083333015441895,8.083333015441895,8.083333015441895,8.083333015441895,0.0,4.7711262702941895
2000-05-22,8.083333015441895,8.083333015441895,8.083333015441895,8.083333015441895,0.0,4.7711262702941895
2000-05-23,8.083333015441895,8.083333015441895,8.083333015441895,8.083333015441895,0.0,4.7711262702941895
2000-05-24,8.083333015441895,8.083333015441895,8.083333015441895,8.083333015441895,0.0,4.7711262702941895
2000-05-25,8.083333015441895,8.083333015441895,8.083333015441895,8.083333015441895,0.0,4.7711262702941895
2000-05-26,8.083333015441895,8.083333015441895,8.083333015441895,8.083333015441895,0.0,4.7711262702941895
2000-05-30,8.208333015441895,8.166666984558105,8.166666984558105,8.208333015441895,30600.0,4.8669867515563965
2000-05-31,8.166666984558105,8.166666984558105,8.166666984558105,8.166666984558105,4500.0,4.842280387878418
2000-06-01,8.333333015441895,8.166666984558105,8.166666984558105,8.166666984558105,22800.0,4.842280387878418
2000-06-02,8.166666984558105,8.166666984558105,8.166666984558105,8.166666984558105,0.0,4.842280387878418
2000-06-05,8.166666984558105,8.166666984558105,8.166666984558105,8.166666984558105,0.0,4.842280387878418
2000-06-06,8.333333015441895,8.333333015441895,8.333333015441895,8.333333015441895,1500.0,4.941103458404541
2000-06-07,8.333333015441895,8.333333015441895,8.333333015441895,8.333333015441895,0.0,4.941103458404541
2000-06-08,8.416666984558105,8.333333015441895,8.416666984558105,8.333333015441895,10800.0,4.941103458404541
2000-06-09,8.333333015441895,8.333333015441895,8.333333015441895,8.333333015441895,0.0,4.941103458404541
2000-06-12,8.333333015441895,8.333333015441895,8.333333015441895,8.333333015441895,0.0,4.941103458404541
2000-06-13,8.333333015441895,8.333333015441895,8.333333015441895,8.333333015441895,600.0,4.941103458404541
2000-06-14,8.333333015441895,8.333333015441895,8.333333015441895,8.333333015441895,0.0,4.941103458404541
2000-06-15,8.333333015441895,8.333333015441895,8.333333015441895,8.333333015441895,0.0,4.941103458404541
2000-06-16,8.333333015441895,8.333333015441895,8.333333015441895,8.333333015441895,0.0,4.941103458404541
2000-06-19,8.333333015441895,8.333333015441895,8.333333015441895,8.333333015441895,0.0,4.941103458404541
2000-06-20,8.333333015441895,8.333333015441895,8.333333015441895,8.333333015441895,0.0,4.941103458404541
2000-06-21,8.333333015441895,8.333333015441895,8.333333015441895,8.333333015441895,0.0,4.941103458404541
2000-06-22,8.333333015441895,8.333333015441895,8.333333015441895,8.333333015441895,4800.0,4.941103458404541
2000-06-23,8.333333015441895,8.333333015441895,8.333333015441895,8.333333015441895,7200.0,4.941103458404541
2000-06-26,8.5,8.354166984558105,8.354166984558105,8.375,19200.0,4.9658098220825195
2000-06-27,8.375,8.333333015441895,8.375,8.333333015441895,3300.0,4.941103458404541
2000-06-28,8.333333015441895,8.333333015441895,8.333333015441895,8.333333015441895,7200.0,4.941103458404541
2000-06-29,8.541666984558105,8.375,8.375,8.416666984558105,24300.0,4.99051570892334
2000-06-30,8.5,8.416666984558105,8.416666984558105,8.5,4800.0,5.039924621582031
2000-07-03,8.5,8.5,8.5,8.5,0.0,5.039924621582031
2000-07-05,8.416666984558105,8.416666984558105,8.416666984558105,8.416666984558105,3900.0,4.99051570892334
2000-07-06,8.416666984558105,8.416666984558105,8.416666984558105,8.416666984558105,0.0,4.99051570892334
2000-07-07,8.416666984558105,8.416666984558105,8.416666984558105,8.416666984558105,1500.0,4.99051570892334
2000-07-10,8.416666984558105,8.416666984558105,8.416666984558105,8.416666984558105,3000.0,4.99051570892334
2000-07-11,8.5,8.416666984558105,8.416666984558105,8.458333015441895,28200.0,5.015220642089844
2000-07-12,8.458333015441895,8.458333015441895,8.458333015441895,8.458333015441895,0.0,5.015220642089844
2000-07-13,8.458333015441895,8.458333015441895,8.458333015441895,8.458333015441895,0.0,5.015220642089844
2000-07-14,8.458333015441895,8.458333015441895,8.458333015441895,8.458333015441895,0.0,5.015220642089844
2000-07-17,8.75,8.75,8.75,8.75,2400.0,5.188157558441162
2000-07-18,8.666666984558105,8.666666984558105,8.666666984558105,8.666666984558105,2400.0,5.138745307922363
2000-07-19,8.583333015441895,8.5,8.5,8.583333015441895,1200.0,5.089336395263672
2000-07-20,8.583333015441895,8.583333015441895,8.583333015441895,8.583333015441895,0.0,5.089336395263672
2000-07-21,8.583333015441895,8.583333015441895,8.583333015441895,8.583333015441895,0.0,5.089336395263672
2000-07-24,8.583333015441895,8.583333015441895,8.583333015441895,8.583333015441895,0.0,5.089336395263672
2000-07-25,8.416666984558105,8.416666984558105,8.416666984558105,8.416666984558105,300.0,4.99051570892334
2000-07-26,8.333333015441895,8.333333015441895,8.333333015441895,8.333333015441895,3000.0,4.941103458404541
2000-07-27,8.333333015441895,8.333333015441895,8.333333015441895,8.333333015441895,0.0,4.941103458404541
2000-07-28,8.333333015441895,8.333333015441895,8.333333015441895,8.333333015441895,0.0,4.941103458404541
2000-07-31,8.333333015441895,8.333333015441895,8.333333015441895,8.333333015441895,0.0,4.941103458404541
2000-08-01,8.333333015441895,8.333333015441895,8.333333015441895,8.333333015441895,1500.0,4.941103458404541
2000-08-02,8.333333015441895,8.333333015441895,8.333333015441895,8.333333015441895,0.0,4.941103458404541
2000-08-03,8.333333015441895,8.333333015441895,8.333333015441895,8.333333015441895,900.0,4.941103458404541
2000-08-04,8.333333015441895,8.333333015441895,8.333333015441895,8.333333015441895,1800.0,4.941103458404541
2000-08-07,8.333333015441895,8.333333015441895,8.333333015441895,8.333333015441895,0.0,4.941103458404541
2000-08-08,8.666666984558105,8.333333015441895,8.666666984558105,8.333333015441895,9900.0,4.941103458404541
2000-08-09,8.333333015441895,8.333333015441895,8.333333015441895,8.333333015441895,0.0,4.941103458404541
2000-08-10,8.333333015441895,8.333333015441895,8.333333015441895,8.333333015441895,0.0,4.941103458404541
2000-08-11,8.333333015441895,8.333333015441895,8.333333015441895,8.333333015441895,0.0,4.941103458404541
2000-08-14,8.333333015441895,8.333333015441895,8.333333015441895,8.333333015441895,0.0,4.941103458404541
2000-08-15,8.875,8.875,8.875,8.875,600.0,5.262274742126465
2000-08-16,8.875,8.875,8.875,8.875,0.0,5.262274742126465
2000-08-17,8.875,8.875,8.875,8.875,0.0,5.262274742126465
2000-08-18,8.875,8.875,8.875,8.875,0.0,5.262274742126465
2000-08-21,8.416666984558105,8.416666984558105,8.416666984558105,8.416666984558105,8400.0,4.99051570892334
2000-08-22,8.416666984558105,8.416666984558105,8.416666984558105,8.416666984558105,0.0,4.99051570892334
2000-08-23,8.416666984558105,8.416666984558105,8.416666984558105,8.416666984558105,0.0,4.99051570892334
2000-08-24,8.416666984558105,8.416666984558105,8.416666984558105,8.416666984558105,0.0,4.99051570892334
2000-08-25,8.416666984558105,8.416666984558105,8.416666984558105,8.416666984558105,0.0,4.99051570892334
2000-08-28,8.416666984558105,8.416666984558105,8.416666984558105,8.416666984558105,0.0,4.99051570892334
2000-08-29,8.416666984558105,8.416666984558105,8.416666984558105,8.416666984558105,0.0,4.99051570892334
2000-08-30,8.375,8.375,8.375,8.375,0.0,4.987540245056152
2000-08-31,8.75,8.75,8.75,8.75,300.0,5.210860252380371
2000-09-01,8.75,8.416666984558105,8.75,8.416666984558105,600.0,5.012355327606201
2000-09-05,8.791666984558105,8.416666984558105,8.416666984558105,8.458333015441895,183300.0,5.037167549133301
2000-09-06,8.458333015441895,8.458333015441895,8.458333015441895,8.458333015441895,0.0,5.037167549133301
2000-09-07,8.458333015441895,8.458333015441895,8.458333015441895,8.458333015441895,0.0,5.037167549133301
2000-09-08,8.458333015441895,8.458333015441895,8.458333015441895,8.458333015441895,0.0,5.037167549133301
2000-09-11,8.458333015441895,8.458333015441895,8.458333015441895,8.458333015441895,0.0,5.037167549133301
2000-09-12,8.458333015441895,8.458333015441895,8.458333015441895,8.458333015441895,0.0,5.037167549133301
2000-09-13,8.458333015441895,8.458333015441895,8.458333015441895,8.458333015441895,0.0,5.037167549133301
2000-09-14,8.458333015441895,8.458333015441895,8.458333015441895,8.458333015441895,0.0,5.037167549133301
2000-09-15,8.416666984558105,8.416666984558105,8.416666984558105,8.416666984558105,5400.0,5.012355327606201
2000-09-18,8.416666984558105,8.416666984558105,8.416666984558105,8.416666984558105,0.0,5.012355327606201
2000-09-19,8.416666984558105,8.416666984558105,8.416666984558105,8.416666984558105,0.0,5.012355327606201
2000-09-20,8.416666984558105,8.416666984558105,8.416666984558105,8.416666984558105,6000.0,5.012355327606201
2000-09-21,8.416666984558105,8.416666984558105,8.416666984558105,8.416666984558105,0.0,5.012355327606201
2000-09-22,8.583333015441895,8.416666984558105,8.416666984558105,8.5,11100.0,5.061980247497559
2000-09-25,8.5,8.5,8.5,8.5,0.0,5.061980247497559
2000-09-26,8.5,8.5,8.5,8.5,0.0,5.061980247497559
2000-09-27,8.5,8.5,8.5,8.5,0.0,5.061980247497559
2000-09-28,8.5,8.5,8.5,8.5,0.0,5.061980247497559
2000-09-29,8.5,8.5,8.5,8.5,0.0,5.061980247497559
2000-10-02,8.25,8.25,8.25,8.25,2100.0,4.913097381591797
2000-10-03,8.375,8.3125,8.333333015441895,8.3125,29400.0,4.950319766998291
2000-10-04,8.3125,8.3125,8.3125,8.3125,0.0,4.950319766998291
2000-10-05,8.333333015441895,8.333333015441895,8.333333015441895,8.333333015441895,10200.0,4.962725639343262
2000-10-06,8.333333015441895,8.333333015441895,8.333333015441895,8.333333015441895,0.0,4.962725639343262
2000-10-09,8.333333015441895,8.333333015441895,8.333333015441895,8.333333015441895,0.0,4.962725639343262
2000-10-10,8.333333015441895,8.333333015441895,8.333333015441895,8.333333015441895,0.0,4.962725639343262
2000-10-11,8.333333015441895,8.333333015441895,8.333333015441895,8.333333015441895,0.0,4.962725639343262
2000-10-12,8.395833015441895,8.375,8.375,8.375,11400.0,4.987540245056152
2000-10-13,8.375,8.375,8.375,8.375,0.0,4.987540245056152
2000-10-16,8.375,8.375,8.375,8.375,0.0,4.987540245056152
2000-10-17,8.375,8.375,8.375,8.375,0.0,4.987540245056152
2000-10-18,8.375,8.375,8.375,8.375,0.0,4.987540245056152
2000-10-19,8.833333015441895,8.541666984558105,8.791666984558105,8.541666984558105,12600.0,5.086794376373291
2000-10-20,8.875,8.875,8.875,8.875,600.0,5.285300254821777
2000-10-23,8.875,8.5,8.5,8.875,3900.0,5.285300254821777
2000-10-24,8.875,8.875,8.875,8.875,0.0,5.285300254821777
2000-10-25,8.875,8.875,8.875,8.875,0.0,5.285300254821777
2000-10-26,8.875,8.875,8.875,8.875,0.0,5.285300254821777
2000-10-27,8.875,8.875,8.875,8.875,0.0,5.285300254821777
2000-10-30,8.520833015441895,8.5,8.5,8.520833015441895,900.0,5.074385643005371
2000-10-31,8.520833015441895,8.520833015441895,8.520833015441895,8.520833015441895,0.0,5.074385643005371
2000-11-01,8.5,8.5,8.5,8.5,900.0,5.061980247497559
2000-11-02,8.5,8.5,8.5,8.5,1200.0,5.061980247497559
2000-11-03,8.5,8.5,8.5,8.5,0.0,5.061980247497559
2000-11-06,8.5,8.5,8.5,8.5,0.0,5.061980247497559
2000-11-07,8.5,8.5,8.5,8.5,0.0,5.061980247497559
2000-11-08,8.5,8.5,8.5,8.5,0.0,5.061980247497559
2000-11-09,8.333333015441895,8.333333015441895,8.333333015441895,8.333333015441895,4500.0,4.962725639343262
2000-11-10,8.333333015441895,8.333333015441895,8.333333015441895,8.333333015441895,0.0,4.962725639343262
2000-11-13,8.333333015441895,8.333333015441895,8.333333015441895,8.333333015441895,2400.0,4.962725639343262
2000-11-14,8.333333015441895,8.333333015441895,8.333333015441895,8.333333015441895,0.0,4.962725639343262
2000-11-15,8.333333015441895,8.333333015441895,8.333333015441895,8.333333015441895,0.0,4.962725639343262
2000-11-16,8.333333015441895,8.291666984558105,8.291666984558105,8.333333015441895,15000.0,4.962725639343262
2000-11-17,8.333333015441895,8.333333015441895,8.333333015441895,8.333333015441895,0.0,4.962725639343262
2000-11-20,8.333333015441895,8.333333015441895,8.333333015441895,8.333333015441895,0.0,4.962725639343262
2000-11-21,8.25,8.25,8.25,8.25,1200.0,4.913097381591797
2000-11-22,8.25,8.25,8.25,8.25,0.0,4.913097381591797
2000-11-24,8.25,8.25,8.25,8.25,0.0,4.913097381591797
2000-11-27,8.25,8.25,8.25,8.25,0.0,4.913097381591797
2000-11-28,8.25,8.25,8.25,8.25,0.0,4.913097381591797
2000-11-29,8.166666984558105,8.166666984558105,8.166666984558105,8.166666984558105,300.0,4.885185718536377
2000-11-30,8.166666984558105,8.166666984558105,8.166666984558105,8.166666984558105,0.0,4.885185718536377
2000-12-01,8.166666984558105,8.166666984558105,8.166666984558105,8.166666984558105,0.0,4.885185718536377
2000-12-04,8.166666984558105,7.9583330154418945,8.166666984558105,7.9583330154418945,444300.0,4.760562419891357
2000-12-05,7.9583330154418945,7.9583330154418945,7.9583330154418945,7.9583330154418945,600.0,4.760562419891357
2000-12-06,7.9583330154418945,7.9583330154418945,7.9583330154418945,7.9583330154418945,0.0,4.760562419891357
2000-12-07,7.9583330154418945,7.9583330154418945,7.9583330154418945,7.9583330154418945,0.0,4.760562419891357
2000-12-08,7.9583330154418945,7.9583330154418945,7.9583330154418945,7.9583330154418945,0.0,4.760562419891357
2000-12-11,8.0,8.0,8.0,8.0,300.0,4.785486698150635
2000-12-12,8.25,8.25,8.25,8.25,300.0,4.935033798217773
2000-12-13,8.25,8.25,8.25,8.25,0.0,4.935033798217773
2000-12-14,8.333333015441895,8.0,8.0,8.041666984558105,16500.0,4.810410976409912
2000-12-15,8.0,8.0,8.0,8.0,600.0,4.785486698150635
2000-12-18,8.0,8.0,8.0,8.0,0.0,4.785486698150635
2000-12-19,8.0,8.0,8.0,8.0,0.0,4.785486698150635
2000-12-20,8.0,8.0,8.0,8.0,0.0,4.785486698150635
2000-12-21,8.0,8.0,8.0,8.0,1500.0,4.785486698150635
2000-12-22,8.0,8.0,8.0,8.0,0.0,4.785486698150635
2000-12-26,8.0,8.0,8.0,8.0,0.0,4.785486698150635
2000-12-27,8.041666984558105,8.041666984558105,8.041666984558105,8.041666984558105,1800.0,4.810410976409912
2000-12-28,8.041666984558105,8.041666984558105,8.041666984558105,8.041666984558105,0.0,4.810410976409912
2000-12-29,8.041666984558105,8.041666984558105,8.041666984558105,8.041666984558105,1200.0,4.810410976409912
2001-01-02,8.041666984558105,8.041666984558105,8.041666984558105,8.041666984558105,0.0,4.810410976409912
2001-01-03,8.041666984558105,8.041666984558105,8.041666984558105,8.041666984558105,900.0,4.810410976409912
2001-01-04,8.041666984558105,8.041666984558105,8.041666984558105,8.041666984558105,600.0,4.810410976409912
2001-01-05,8.041666984558105,8.041666984558105,8.041666984558105,8.041666984558105,0.0,4.810410976409912
2001-01-08,8.208333015441895,8.208333015441895,8.208333015441895,8.208333015441895,600.0,4.91010856628418
2001-01-09,8.208333015441895,8.208333015441895,8.208333015441895,8.208333015441895,0.0,4.91010856628418
2001-01-10,8.208333015441895,8.208333015441895,8.208333015441895,8.208333015441895,0.0,4.91010856628418
2001-01-11,8.041666984558105,8.041666984558105,8.041666984558105,8.041666984558105,1800.0,4.810410976409912
2001-01-12,8.041666984558105,8.041666984558105,8.041666984558105,8.041666984558105,0.0,4.810410976409912
2001-01-16,8.25,8.208333015441895,8.25,8.208333015441895,13500.0,4.91010856628418
2001-01-17,8.208333015441895,8.208333015441895,8.208333015441895,8.208333015441895,0.0,4.91010856628418
2001-01-18,8.125,8.041666984558105,8.041666984558105,8.125,7200.0,4.860260486602783
2001-01-19,8.125,8.125,8.125,8.125,1200.0,4.860260486602783
2001-01-22,8.125,8.125,8.125,8.125,0.0,4.860260486602783
2001-01-23,8.0625,8.041666984558105,8.041666984558105,8.0625,31500.0,4.822873592376709
2001-01-24,8.0625,8.0625,8.0625,8.0625,0.0,4.822873592376709
2001-01-25,8.0625,8.0625,8.0625,8.0625,0.0,4.822873592376709
2001-01-26,8.0625,8.0625,8.0625,8.0625,0.0,4.822873592376709
2001-01-29,8.0625,8.0625,8.0625,8.0625,0.0,4.822873592376709
2001-01-30,8.0625,8.0625,8.0625,8.0625,0.0,4.822873592376709
2001-01-31,8.0625,8.0625,8.0625,8.0625,0.0,4.822873592376709
2001-02-01,8.0625,8.0625,8.0625,8.0625,0.0,4.822873592376709
2001-02-02,8.083333015441895,8.083333015441895,8.083333015441895,8.083333015441895,1500.0,4.835335731506348
2001-02-05,8.083333015441895,8.083333015441895,8.083333015441895,8.083333015441895,0.0,4.835335731506348
2001-02-06,8.083333015441895,8.083333015441895,8.083333015441895,8.083333015441895,0.0,4.835335731506348
2001-02-07,8.125,8.125,8.125,8.125,600.0,4.860260486602783
2001-02-08,8.125,8.125,8.125,8.125,0.0,4.860260486602783
2001-02-09,8.083333015441895,8.083333015441895,8.083333015441895,8.083333015441895,300.0,4.835335731506348
2001-02-12,8.083333015441895,8.083333015441895,8.083333015441895,8.083333015441895,3600.0,4.835335731506348
2001-02-13,8.166666984558105,8.166666984558105,8.166666984558105,8.166666984558105,5400.0,4.885185718536377
2001-02-14,8.083333015441895,8.083333015441895,8.083333015441895,8.083333015441895,1200.0,4.835335731506348
2001-02-15,8.125,8.125,8.125,8.125,600.0,4.860260486602783
2001-02-16,8.125,8.125,8.125,8.125,0.0,4.860260486602783
2001-02-20,8.125,8.125,8.125,8.125,600.0,4.860260486602783
2001-02-21,8.125,8.125,8.125,8.125,900.0,4.860260486602783
2001-02-22,8.166666984558105,8.083333015441895,8.166666984558105,8.083333015441895,2700.0,4.835335731506348
2001-02-23,8.083333015441895,8.083333015441895,8.083333015441895,8.083333015441895,0.0,4.835335731506348
2001-02-26,8.083333015441895,8.083333015441895,8.083333015441895,8.083333015441895,0.0,4.835335731506348
2001-02-27,8.083333015441895,8.083333015441895,8.083333015441895,8.083333015441895,0.0,4.835335731506348
2001-02-28,8.083333015441895,8.083333015441895,8.083333015441895,8.083333015441895,0.0,4.835335731506348
2001-03-01,8.041666984558105,8.041666984558105,8.041666984558105,8.041666984558105,0.0,4.832333564758301
2001-03-02,8.041666984558105,8.041666984558105,8.041666984558105,8.041666984558105,0.0,4.832333564758301
2001-03-05,8.041666984558105,8.0,8.041666984558105,8.041666984558105,2400.0,4.832333564758301
2001-03-06,8.041666984558105,8.041666984558105,8.041666984558105,8.041666984558105,0.0,4.832333564758301
2001-03-07,8.041666984558105,8.041666984558105,8.041666984558105,8.041666984558105,5400.0,4.832333564758301
2001-03-08,8.041666984558105,8.041666984558105,8.041666984558105,8.041666984558105,0.0,4.832333564758301
2001-03-09,8.041666984558105,8.041666984558105,8.041666984558105,8.041666984558105,0.0,4.832333564758301
2001-03-12,8.0,8.0,8.0,8.0,1800.0,4.807295799255371
2001-03-13,8.0,8.0,8.0,8.0,0.0,4.807295799255371
2001-03-14,8.0,8.0,8.0,8.0,3000.0,4.807295799255371
2001-03-15,8.0625,8.0625,8.0625,8.0625,6900.0,4.844852924346924
2001-03-16,8.0625,8.0625,8.0625,8.0625,0.0,4.844852924346924
2001-03-19,8.0625,8.0625,8.0625,8.0625,0.0,4.844852924346924
2001-03-20,8.0625,8.0625,8.0625,8.0625,0.0,4.844852924346924
2001-03-21,8.0625,8.0625,8.0625,8.0625,0.0,4.844852924346924
2001-03-22,8.0625,8.0625,8.0625,8.0625,0.0,4.844852924346924
2001-03-23,8.0625,8.0625,8.0625,8.0625,0.0,4.844852924346924
2001-03-26,8.0625,8.0625,8.0625,8.0625,0.0,4.844852924346924
2001-03-27,8.125,8.0,8.0,8.0,75900.0,4.807295799255371
2001-03-28,8.145833015441895,8.0,8.020833015441895,8.041666984558105,33900.0,4.832333564758301
2001-03-29,8.145833015441895,8.0,8.0,8.0,51000.0,4.807295799255371
2001-03-30,8.041666984558105,7.9583330154418945,8.0,7.9583330154418945,160200.0,4.782257080078125
2001-04-02,7.7916669845581055,7.7916669845581055,7.7916669845581055,7.7916669845581055,600.0,4.682104110717773
2001-04-03,7.7916669845581055,7.7916669845581055,7.7916669845581055,7.7916669845581055,0.0,4.682104110717773
2001-04-04,7.8125,7.8125,7.8125,7.8125,29100.0,4.694625377655029
2001-04-05,7.8125,7.8125,7.8125,7.8125,0.0,4.694625377655029
2001-04-06,7.8125,7.8125,7.8125,7.8125,0.0,4.694625377655029
2001-04-09,7.813333034515381,7.813333034515381,7.813333034515381,7.813333034515381,0.0,4.695125579833984
2001-04-10,7.813333034515381,7.813333034515381,7.813333034515381,7.813333034515381,0.0,4.695125579833984
2001-04-11,7.9166669845581055,7.9166669845581055,7.9166669845581055,7.9166669845581055,300.0,4.757220268249512
2001-04-12,7.9166669845581055,7.9166669845581055,7.9166669845581055,7.9166669845581055,0.0,4.757220268249512
2001-04-16,7.9166669845581055,7.9166669845581055,7.9166669845581055,7.9166669845581055,1800.0,4.757220268249512
2001-04-17,7.9166669845581055,7.9166669845581055,7.9166669845581055,7.9166669845581055,300.0,4.757220268249512
2001-04-18,7.6666669845581055,7.6666669845581055,7.6666669845581055,7.6666669845581055,6300.0,4.606992244720459
2001-04-19,7.6666669845581055,7.6666669845581055,7.6666669845581055,7.6666669845581055,0.0,4.606992244720459
2001-04-20,7.6666669845581055,7.6666669845581055,7.6666669845581055,7.6666669845581055,0.0,4.606992244720459
2001-04-23,7.6666669845581055,7.6666669845581055,7.6666669845581055,7.6666669845581055,0.0,4.606992244720459
2001-04-24,7.6666669845581055,7.6666669845581055,7.6666669845581055,7.6666669845581055,0.0,4.606992244720459
2001-04-25,7.983333110809326,7.983333110809326,7.983333110809326,7.983333110809326,1500.0,4.797278881072998
2001-04-26,7.983333110809326,7.983333110809326,7.983333110809326,7.983333110809326,0.0,4.797278881072998
2001-04-27,8.0,7.6666669845581055,7.933332920074463,7.6666669845581055,655200.0,4.606992244720459
2001-04-30,8.0,8.0,8.0,8.0,300.0,4.807295799255371
2001-05-01,8.0,8.0,8.0,8.0,0.0,4.807295799255371
2001-05-02,8.0,8.0,8.0,8.0,0.0,4.807295799255371
2001-05-03,7.75,7.650000095367432,7.650000095367432,7.710000038146973,60600.0,4.633032321929932
2001-05-04,7.710000038146973,7.710000038146973,7.710000038146973,7.710000038146973,0.0,4.633032321929932
2001-05-07,7.710000038146973,7.710000038146973,7.710000038146973,7.710000038146973,0.0,4.633032321929932
2001-05-08,7.75,7.75,7.75,7.75,5700.0,4.65706729888916
2001-05-09,7.75,7.75,7.75,7.75,0.0,4.65706729888916
2001-05-10,7.75,7.75,7.75,7.75,600.0,4.65706729888916
2001-05-11,7.6666669845581055,7.6666669845581055,7.6666669845581055,7.6666669845581055,3900.0,4.606992244720459
2001-05-14,7.6666669845581055,7.6666669845581055,7.6666669845581055,7.6666669845581055,600.0,4.606992244720459
2001-05-15,7.75333309173584,7.633333206176758,7.633333206176758,7.699999809265137,2400.0,4.627021312713623
2001-05-16,7.699999809265137,7.699999809265137,7.699999809265137,7.699999809265137,0.0,4.627021312713623
2001-05-17,7.6666669845581055,7.6666669845581055,7.6666669845581055,7.6666669845581055,600.0,4.606992244720459
2001-05-18,7.6666669845581055,7.6666669845581055,7.6666669845581055,7.6666669845581055,0.0,4.606992244720459
2001-05-21,7.6666669845581055,7.6666669845581055,7.6666669845581055,7.6666669845581055,0.0,4.606992244720459
2001-05-22,7.6666669845581055,7.6666669845581055,7.6666669845581055,7.6666669845581055,600.0,4.606992244720459
2001-05-23,7.6666669845581055,7.6666669845581055,7.6666669845581055,7.6666669845581055,4200.0,4.606992244720459
2001-05-24,7.6666669845581055,7.6666669845581055,7.6666669845581055,7.6666669845581055,3300.0,4.606992244720459
2001-05-25,7.6666669845581055,7.6666669845581055,7.6666669845581055,7.6666669845581055,0.0,4.606992244720459
2001-05-29,7.6666669845581055,7.6666669845581055,7.6666669845581055,7.6666669845581055,0.0,4.606992244720459
2001-05-30,7.75,7.75,7.75,7.75,300.0,4.681493282318115
2001-05-31,7.800000190734863,7.699999809265137,7.699999809265137,7.783332824707031,22200.0,4.701626777648926
2001-06-01,7.783332824707031,7.783332824707031,7.783332824707031,7.783332824707031,0.0,4.701626777648926
2001-06-04,7.783332824707031,7.783332824707031,7.783332824707031,7.783332824707031,0.0,4.701626777648926
2001-06-05,7.783332824707031,7.783332824707031,7.783332824707031,7.783332824707031,0.0,4.701626777648926
2001-06-06,7.783332824707031,7.783332824707031,7.783332824707031,7.783332824707031,0.0,4.701626777648926
2001-06-07,7.783332824707031,7.783332824707031,7.783332824707031,7.783332824707031,0.0,4.701626777648926
2001-06-08,7.783332824707031,7.783332824707031,7.783332824707031,7.783332824707031,0.0,4.701626777648926
2001-06-11,7.8333330154418945,7.75,7.8333330154418945,7.766666889190674,3600.0,4.691559791564941
2001-06-12,7.766666889190674,7.766666889190674,7.766666889190674,7.766666889190674,0.0,4.691559791564941
2001-06-13,7.766666889190674,7.766666889190674,7.766666889190674,7.766666889190674,0.0,4.691559791564941
2001-06-14,7.766666889190674,7.766666889190674,7.766666889190674,7.766666889190674,0.0,4.691559791564941
2001-06-15,7.766666889190674,7.766666889190674,7.766666889190674,7.766666889190674,300.0,4.691559791564941
2001-06-18,7.766666889190674,7.75,7.766666889190674,7.75,2100.0,4.681493282318115
2001-06-19,7.75,7.75,7.75,7.75,0.0,4.681493282318115
2001-06-20,7.75,7.75,7.75,7.75,0.0,4.681493282318115
2001-06-21,7.75,7.75,7.75,7.75,0.0,4.681493282318115
2001-06-22,7.75,7.75,7.75,7.75,1200.0,4.681493282318115
2001-06-25,7.75,7.75,7.75,7.75,0.0,4.681493282318115
2001-06-26,7.75,7.75,7.75,7.75,0.0,4.681493282318115
2001-06-27,7.75,7.75,7.75,7.75,0.0,4.681493282318115
2001-06-28,7.75,7.75,7.75,7.75,0.0,4.681493282318115
2001-06-29,7.75,7.75,7.75,7.75,0.0,4.681493282318115
2001-07-02,7.75,7.75,7.75,7.75,0.0,4.681493282318115
2001-07-03,7.75,7.75,7.75,7.75,0.0,4.681493282318115
2001-07-05,7.75,7.75,7.75,7.75,0.0,4.681493282318115
2001-07-06,7.75,7.75,7.75,7.75,0.0,4.681493282318115
2001-07-09,7.75,7.75,7.75,7.75,300.0,4.681493282318115
2001-07-10,7.75,7.75,7.75,7.75,0.0,4.681493282318115
2001-07-11,7.75,7.75,7.75,7.75,0.0,4.681493282318115
2001-07-12,7.75,7.75,7.75,7.75,0.0,4.681493282318115
2001-07-13,7.75,7.75,7.75,7.75,0.0,4.681493282318115
2001-07-16,7.75,7.75,7.75,7.75,0.0,4.681493282318115
2001-07-17,7.75,7.75,7.75,7.75,0.0,4.681493282318115
2001-07-18,7.75,7.75,7.75,7.75,0.0,4.681493282318115
2001-07-19,7.75,7.75,7.75,7.75,4500.0,4.681493282318115
2001-07-20,7.75,7.75,7.75,7.75,0.0,4.681493282318115
2001-07-23,7.75,7.75,7.75,7.75,0.0,4.681493282318115
2001-07-24,7.75,7.75,7.75,7.75,0.0,4.681493282318115
2001-07-25,7.75,7.75,7.75,7.75,0.0,4.681493282318115
2001-07-26,7.75,7.75,7.75,7.75,300.0,4.681493282318115
2001-07-27,7.8333330154418945,7.8333330154418945,7.8333330154418945,7.8333330154418945,900.0,4.731828212738037
2001-07-30,7.8333330154418945,7.8333330154418945,7.8333330154418945,7.8333330154418945,0.0,4.731828212738037
2001-07-31,7.8333330154418945,7.8333330154418945,7.8333330154418945,7.8333330154418945,0.0,4.731828212738037
2001-08-01,7.8333330154418945,7.8333330154418945,7.8333330154418945,7.8333330154418945,0.0,4.731828212738037
2001-08-02,7.8333330154418945,7.8333330154418945,7.8333330154418945,7.8333330154418945,0.0,4.731828212738037
2001-08-03,7.8333330154418945,7.8333330154418945,7.8333330154418945,7.8333330154418945,0.0,4.731828212738037
2001-08-06,7.8333330154418945,7.8333330154418945,7.8333330154418945,7.8333330154418945,0.0,4.731828212738037
2001-08-07,7.873332977294922,7.873332977294922,7.873332977294922,7.873332977294922,7200.0,4.7559943199157715
2001-08-08,7.873332977294922,7.873332977294922,7.873332977294922,7.873332977294922,0.0,4.7559943199157715
2001-08-09,7.873332977294922,7.873332977294922,7.873332977294922,7.873332977294922,0.0,4.7559943199157715
2001-08-10,7.8333330154418945,7.6666669845581055,7.8333330154418945,7.8333330154418945,4200.0,4.731828212738037
2001-08-13,7.900000095367432,7.8333330154418945,7.8333330154418945,7.883333206176758,27900.0,4.762032508850098
2001-08-14,7.9633331298828125,7.849999904632568,7.9633331298828125,7.849999904632568,6600.0,4.7418975830078125
2001-08-15,7.849999904632568,7.849999904632568,7.849999904632568,7.849999904632568,0.0,4.7418975830078125
2001-08-16,7.849999904632568,7.849999904632568,7.849999904632568,7.849999904632568,0.0,4.7418975830078125
2001-08-17,7.849999904632568,7.849999904632568,7.849999904632568,7.849999904632568,0.0,4.7418975830078125
2001-08-20,7.849999904632568,7.849999904632568,7.849999904632568,7.849999904632568,0.0,4.7418975830078125
2001-08-21,7.8333330154418945,7.8333330154418945,7.8333330154418945,7.8333330154418945,4500.0,4.731828212738037
2001-08-22,7.8333330154418945,7.8333330154418945,7.8333330154418945,7.8333330154418945,2700.0,4.731828212738037
2001-08-23,7.866666793823242,7.866666793823242,7.866666793823242,7.866666793823242,4800.0,4.75196647644043
2001-08-24,8.083333015441895,7.866666793823242,8.0,7.866666793823242,2700.0,4.75196647644043
2001-08-27,7.866666793823242,7.866666793823242,7.866666793823242,7.866666793823242,0.0,4.75196647644043
2001-08-28,7.866666793823242,7.866666793823242,7.866666793823242,7.866666793823242,0.0,4.75196647644043
2001-08-29,7.826666831970215,7.826666831970215,7.826666831970215,7.826666831970215,0.0,4.751965522766113
2001-08-30,7.826666831970215,7.826666831970215,7.826666831970215,7.826666831970215,0.0,4.751965522766113
2001-08-31,7.826666831970215,7.826666831970215,7.826666831970215,7.826666831970215,0.0,4.751965522766113
2001-09-04,7.8333330154418945,7.8333330154418945,7.8333330154418945,7.8333330154418945,33600.0,4.756012916564941
2001-09-05,7.8333330154418945,7.8333330154418945,7.8333330154418945,7.8333330154418945,0.0,4.756012916564941
2001-09-06,7.8333330154418945,7.8333330154418945,7.8333330154418945,7.8333330154418945,0.0,4.756012916564941
2001-09-07,7.8333330154418945,7.8333330154418945,7.8333330154418945,7.8333330154418945,0.0,4.756012916564941
2001-09-10,7.8333330154418945,7.8333330154418945,7.8333330154418945,7.8333330154418945,0.0,4.756012916564941
2001-09-17,7.8333330154418945,7.8333330154418945,7.8333330154418945,7.8333330154418945,0.0,4.756012916564941
2001-09-18,7.8333330154418945,7.8333330154418945,7.8333330154418945,7.8333330154418945,0.0,4.756012916564941
2001-09-19,8.0,7.8333330154418945,8.0,7.8333330154418945,3300.0,4.756012916564941
2001-09-20,8.050000190734863,7.9166669845581055,8.050000190734863,7.933332920074463,31500.0,4.816728591918945
2001-09-21,8.0,8.0,8.0,8.0,3000.0,4.857205390930176
2001-09-24,8.333333015441895,8.0,8.083333015441895,8.100000381469727,66000.0,4.9179205894470215
2001-09-25,8.233332633972168,8.233332633972168,8.233332633972168,8.233332633972168,8100.0,4.998873710632324
2001-09-26,8.333333015441895,8.333333015441895,8.333333015441895,8.333333015441895,4800.0,5.059587001800537
2001-09-27,8.5,8.366666793823242,8.366666793823242,8.390000343322754,21000.0,5.093995094299316
2001-09-28,8.390000343322754,8.390000343322754,8.390000343322754,8.390000343322754,0.0,5.093995094299316
2001-10-01,8.390000343322754,8.390000343322754,8.390000343322754,8.390000343322754,0.0,5.093995094299316
2001-10-02,8.390000343322754,8.390000343322754,8.390000343322754,8.390000343322754,0.0,5.093995094299316
2001-10-03,8.416666984558105,8.416666984558105,8.416666984558105,8.416666984558105,2400.0,5.110187530517578
2001-10-04,8.416666984558105,8.416666984558105,8.416666984558105,8.416666984558105,0.0,5.110187530517578
2001-10-05,8.416666984558105,8.416666984558105,8.416666984558105,8.416666984558105,0.0,5.110187530517578
2001-10-08,8.416666984558105,8.416666984558105,8.416666984558105,8.416666984558105,0.0,5.110187530517578
2001-10-09,8.416666984558105,8.416666984558105,8.416666984558105,8.416666984558105,0.0,5.110187530517578
2001-10-10,8.416666984558105,8.416666984558105,8.416666984558105,8.416666984558105,0.0,5.110187530517578
2001-10-11,8.416666984558105,8.416666984558105,8.416666984558105,8.416666984558105,0.0,5.110187530517578
2001-10-12,8.416666984558105,8.416666984558105,8.416666984558105,8.416666984558105,0.0,5.110187530517578
2001-10-15,8.416666984558105,8.416666984558105,8.416666984558105,8.416666984558105,0.0,5.110187530517578
2001-10-16,8.416666984558105,8.416666984558105,8.416666984558105,8.416666984558105,0.0,5.110187530517578
2001-10-17,8.416666984558105,8.416666984558105,8.416666984558105,8.416666984558105,0.0,5.110187530517578
2001-10-18,8.416666984558105,8.416666984558105,8.416666984558105,8.416666984558105,0.0,5.110187530517578
2001-10-19,8.416666984558105,8.416666984558105,8.416666984558105,8.416666984558105,0.0,5.110187530517578
2001-10-22,8.416666984558105,8.416666984558105,8.416666984558105,8.416666984558105,0.0,5.110187530517578
2001-10-23,8.666666984558105,8.666666984558105,8.666666984558105,8.666666984558105,300.0,5.261973857879639
2001-10-24,8.666666984558105,8.666666984558105,8.666666984558105,8.666666984558105,0.0,5.261973857879639
2001-10-25,8.666666984558105,8.666666984558105,8.666666984558105,8.666666984558105,0.0,5.261973857879639
2001-10-26,8.666666984558105,8.666666984558105,8.666666984558105,8.666666984558105,300.0,5.261973857879639
2001-10-29,8.666666984558105,8.666666984558105,8.666666984558105,8.666666984558105,0.0,5.261973857879639
2001-10-30,8.5,8.5,8.5,8.5,1500.0,5.160781383514404
2001-10-31,8.5,8.5,8.5,8.5,0.0,5.160781383514404
2001-11-01,8.66333293914795,8.5,8.66333293914795,8.5,1800.0,5.160781383514404
2001-11-02,8.666666984558105,8.666666984558105,8.666666984558105,8.666666984558105,300.0,5.261973857879639
2001-11-05,8.666666984558105,8.666666984558105,8.666666984558105,8.666666984558105,0.0,5.261973857879639
2001-11-06,8.666666984558105,8.666666984558105,8.666666984558105,8.666666984558105,0.0,5.261973857879639
2001-11-07,8.666666984558105,8.666666984558105,8.666666984558105,8.666666984558105,0.0,5.261973857879639
2001-11-08,8.666666984558105,8.666666984558105,8.666666984558105,8.666666984558105,0.0,5.261973857879639
2001-11-09,8.5,8.5,8.5,8.5,2400.0,5.160781383514404
2001-11-12,8.5,8.5,8.5,8.5,0.0,5.160781383514404
2001-11-13,8.5,8.5,8.5,8.5,300.0,5.160781383514404
2001-11-14,8.5,8.5,8.5,8.5,600.0,5.160781383514404
2001-11-15,8.5,8.5,8.5,8.5,11400.0,5.160781383514404
2001-11-16,8.5,8.5,8.5,8.5,0.0,5.160781383514404
2001-11-19,8.5,8.5,8.5,8.5,0.0,5.160781383514404
2001-11-20,8.5,8.5,8.5,8.5,0.0,5.160781383514404
2001-11-21,8.5,8.5,8.5,8.5,0.0,5.160781383514404
2001-11-23,8.5,8.5,8.5,8.5,0.0,5.160781383514404
2001-11-26,8.550000190734863,8.5,8.5,8.550000190734863,1800.0,5.191138744354248
2001-11-27,8.5,8.5,8.5,8.5,300.0,5.160781383514404
2001-11-28,8.5,8.5,8.5,8.5,900.0,5.185181617736816
2001-11-29,8.5,8.5,8.5,8.5,0.0,5.185181617736816
2001-11-30,8.5,8.5,8.5,8.5,0.0,5.185181617736816
2001-12-03,8.5,8.5,8.5,8.5,0.0,5.185181617736816
2001-12-04,8.5,8.5,8.5,8.5,0.0,5.185181617736816
2001-12-05,8.5,8.5,8.5,8.5,0.0,5.185181617736816
2001-12-06,8.583333015441895,8.583333015441895,8.583333015441895,8.583333015441895,1500.0,5.236017227172852
2001-12-07,8.59333324432373,8.59333324432373,8.59333324432373,8.59333324432373,900.0,5.2421183586120605
2001-12-10,8.526666641235352,8.5,8.526666641235352,8.5,4200.0,5.185181617736816
2001-12-11,8.5,8.5,8.5,8.5,0.0,5.185181617736816
2001-12-12,8.5,8.5,8.5,8.5,0.0,5.185181617736816
2001-12-13,8.5,8.5,8.5,8.5,0.0,5.185181617736816
2001-12-14,8.5,8.476667404174805,8.5,8.476667404174805,1500.0,5.170947551727295
2001-12-17,8.5,8.5,8.5,8.5,300.0,5.185181617736816
2001-12-18,8.550000190734863,8.539999961853027,8.539999961853027,8.550000190734863,7800.0,5.215682029724121
2001-12-19,8.59000015258789,8.5,8.516667366027832,8.59000015258789,1800.0,5.24008321762085
2001-12-20,8.59000015258789,8.59000015258789,8.59000015258789,8.59000015258789,0.0,5.24008321762085
2001-12-21,8.59000015258789,8.59000015258789,8.59000015258789,8.59000015258789,0.0,5.24008321762085
2001-12-24,8.609999656677246,8.609999656677246,8.609999656677246,8.609999656677246,300.0,5.252285480499268
2001-12-26,8.516667366027832,8.466667175292969,8.516667366027832,8.466667175292969,3600.0,5.164849281311035
2001-12-27,8.456666946411133,8.449999809265137,8.456666946411133,8.449999809265137,4500.0,5.1546807289123535
2001-12-28,8.449999809265137,8.449999809265137,8.449999809265137,8.449999809265137,0.0,5.1546807289123535
2001-12-31,8.449999809265137,8.449999809265137,8.449999809265137,8.449999809265137,8700.0,5.1546807289123535
2002-01-02,8.449999809265137,8.449999809265137,8.449999809265137,8.449999809265137,23400.0,5.1546807289123535
2002-01-03,8.449999809265137,8.449999809265137,8.449999809265137,8.449999809265137,0.0,5.1546807289123535
2002-01-04,8.449999809265137,8.449999809265137,8.449999809265137,8.449999809265137,0.0,5.1546807289123535
2002-01-07,8.536666870117188,8.536666870117188,8.536666870117188,8.536666870117188,300.0,5.207549095153809
2002-01-08,8.536666870117188,8.536666870117188,8.536666870117188,8.536666870117188,0.0,5.207549095153809
2002-01-09,8.536666870117188,8.536666870117188,8.536666870117188,8.536666870117188,0.0,5.207549095153809
2002-01-10,8.5,8.449999809265137,8.5,8.449999809265137,8700.0,5.1546807289123535
2002-01-11,8.449999809265137,8.449999809265137,8.449999809265137,8.449999809265137,900.0,5.1546807289123535
2002-01-14,8.466667175292969,8.449999809265137,8.466667175292969,8.449999809265137,2700.0,5.1546807289123535
2002-01-15,8.449999809265137,8.449999809265137,8.449999809265137,8.449999809265137,0.0,5.1546807289123535
2002-01-16,8.466667175292969,8.466667175292969,8.466667175292969,8.466667175292969,1800.0,5.164849281311035
2002-01-17,8.466667175292969,8.466667175292969,8.466667175292969,8.466667175292969,0.0,5.164849281311035
2002-01-18,8.449999809265137,8.449999809265137,8.449999809265137,8.449999809265137,900.0,5.1546807289123535
2002-01-22,8.449999809265137,8.449999809265137,8.449999809265137,8.449999809265137,0.0,5.1546807289123535
2002-01-23,8.449999809265137,8.449999809265137,8.449999809265137,8.449999809265137,0.0,5.1546807289123535
2002-01-24,8.626667022705078,8.626667022705078,8.626667022705078,8.626667022705078,300.0,5.262452602386475
2002-01-25,8.539999961853027,8.539999961853027,8.539999961853027,8.539999961853027,1500.0,5.20958137512207
2002-01-28,8.716667175292969,8.630000114440918,8.630000114440918,8.716667175292969,3900.0,5.317353248596191
2002-01-29,8.716667175292969,8.716667175292969,8.716667175292969,8.716667175292969,0.0,5.317353248596191
2002-01-30,8.716667175292969,8.716667175292969,8.716667175292969,8.716667175292969,0.0,5.317353248596191
2002-01-31,8.716667175292969,8.716667175292969,8.716667175292969,8.716667175292969,0.0,5.317353248596191
2002-02-01,9.0,8.833333015441895,8.833333015441895,9.0,1500.0,5.4901933670043945
2002-02-04,9.166666984558105,9.166666984558105,9.166666984558105,9.166666984558105,300.0,5.591863632202148
2002-02-05,9.0,9.0,9.0,9.0,3600.0,5.4901933670043945
2002-02-06,9.079999923706055,9.079999923706055,9.079999923706055,9.079999923706055,900.0,5.538993835449219
2002-02-07,9.24666690826416,9.166666984558105,9.166666984558105,9.24666690826416,600.0,5.640663146972656
2002-02-08,9.25,9.126667022705078,9.126667022705078,9.25,3000.0,5.642699241638184
2002-02-11,9.393333435058594,9.25,9.326666831970215,9.25,3000.0,5.642699241638184
2002-02-12,9.5,9.300000190734863,9.300000190734863,9.5,2700.0,5.795202732086182
2002-02-13,9.5,9.5,9.5,9.5,0.0,5.795202732086182
2002-02-14,9.5,9.5,9.5,9.5,0.0,5.795202732086182
2002-02-15,9.5,9.5,9.5,9.5,0.0,5.795202732086182
2002-02-19,9.5,9.5,9.5,9.5,0.0,5.795202732086182
2002-02-20,9.666666984558105,9.66333293914795,9.66333293914795,9.666666984558105,600.0,5.896873950958252
2002-02-21,9.666666984558105,9.666666984558105,9.666666984558105,9.666666984558105,0.0,5.896873950958252
2002-02-22,9.833333015441895,9.673333168029785,9.833333015441895,9.673333168029785,1500.0,5.900941848754883
2002-02-25,9.916666984558105,9.833333015441895,9.833333015441895,9.916666984558105,3000.0,6.049379825592041
2002-02-26,9.916666984558105,9.75,9.916666984558105,9.75,3300.0,5.947710990905762
2002-02-27,10.0,9.75,10.0,9.75,1500.0,5.947710990905762
2002-02-28,10.0,10.0,10.0,10.0,1500.0,6.1253461837768555
2002-03-01,9.706666946411133,9.666666984558105,9.666666984558105,9.706666946411133,2700.0,5.945667266845703
2002-03-04,10.033332824707031,9.74666690826416,9.74666690826416,10.033332824707031,11700.0,6.145763397216797
2002-03-05,10.446666717529297,9.833333015441895,9.833333015441895,10.333333015441895,8400.0,6.32952356338501
2002-03-06,10.666666984558105,10.329999923706055,10.329999923706055,10.666666984558105,2400.0,6.5337018966674805
2002-03-07,10.833333015441895,10.0,10.666666984558105,10.333333015441895,22500.0,6.32952356338501
2002-03-08,10.583333015441895,9.983332633972168,10.583333015441895,10.5,7500.0,6.431612491607666
2002-03-11,10.5,10.24666690826416,10.5,10.333333015441895,3000.0,6.32952356338501
2002-03-12,10.350000381469727,10.329999923706055,10.329999923706055,10.333333015441895,15000.0,6.32952356338501
2002-03-13,10.333333015441895,10.0,10.333333015441895,10.0,8400.0,6.1253461837768555
2002-03-14,9.986666679382324,9.986666679382324,9.986666679382324,9.986666679382324,3000.0,6.117177963256836
2002-03-15,9.983332633972168,9.983332633972168,9.983332633972168,9.983332633972168,2700.0,6.11513614654541
2002-03-18,9.983332633972168,9.983332633972168,9.983332633972168,9.983332633972168,7800.0,6.11513614654541
2002-03-19,9.983332633972168,9.983332633972168,9.983332633972168,9.983332633972168,300.0,6.11513614654541
2002-03-20,9.983332633972168,9.983332633972168,9.983332633972168,9.983332633972168,9900.0,6.11513614654541
2002-03-21,9.983332633972168,9.983332633972168,9.983332633972168,9.983332633972168,0.0,6.11513614654541
2002-03-22,9.983332633972168,9.75,9.983332633972168,9.75,1500.0,5.972212314605713
2002-03-25,10.333333015441895,9.916666984558105,9.916666984558105,9.933333396911621,12600.0,6.084509372711182
2002-03-26,9.933333396911621,9.933333396911621,9.933333396911621,9.933333396911621,0.0,6.084509372711182
2002-03-27,10.166666984558105,10.039999961853027,10.039999961853027,10.166666984558105,900.0,6.227432727813721
2002-03-28,9.916666984558105,9.75,9.916666984558105,9.75,2700.0,5.972212314605713
2002-04-01,9.75,9.75,9.75,9.75,0.0,5.972212314605713
2002-04-02,10.333333015441895,9.75,10.333333015441895,9.75,2100.0,5.972212314605713
2002-04-03,9.75,9.75,9.75,9.75,0.0,5.972212314605713
2002-04-04,9.75,9.75,9.75,9.75,0.0,5.972212314605713
2002-04-05,9.850000381469727,9.666666984558105,9.833333015441895,9.75,33900.0,5.972212314605713
2002-04-08,9.75,9.75,9.75,9.75,0.0,5.972212314605713
2002-04-09,9.666666984558105,9.666666984558105,9.666666984558105,9.666666984558105,900.0,5.92116641998291
2002-04-10,9.666666984558105,9.666666984558105,9.666666984558105,9.666666984558105,0.0,5.92116641998291
2002-04-11,9.666666984558105,9.666666984558105,9.666666984558105,9.666666984558105,0.0,5.92116641998291
2002-04-12,9.666666984558105,9.666666984558105,9.666666984558105,9.666666984558105,0.0,5.92116641998291
2002-04-15,10.333333015441895,9.933333396911621,9.933333396911621,10.333333015441895,37800.0,6.32952356338501
2002-04-16,9.966667175292969,9.800000190734863,9.966667175292969,9.800000190734863,3000.0,6.002838134765625
2002-04-17,10.183333396911621,10.0,10.183333396911621,10.183333396911621,51900.0,6.237641334533691
2002-04-18,10.183333396911621,10.183333396911621,10.183333396911621,10.183333396911621,0.0,6.237641334533691
2002-04-19,10.183333396911621,10.183333396911621,10.183333396911621,10.183333396911621,0.0,6.237641334533691
2002-04-22,10.333333015441895,9.833333015441895,10.166666984558105,10.0,51000.0,6.1253461837768555
2002-04-23,10.533332824707031,10.166666984558105,10.199999809265137,10.533332824707031,19200.0,6.452029228210449
2002-04-24,10.166666984558105,10.166666984558105,10.166666984558105,10.166666984558105,1200.0,6.227432727813721
2002-04-25,10.166666984558105,10.166666984558105,10.166666984558105,10.166666984558105,0.0,6.227432727813721
2002-04-26,10.166666984558105,10.166666984558105,10.166666984558105,10.166666984558105,0.0,6.227432727813721
2002-04-29,10.166666984558105,10.166666984558105,10.166666984558105,10.166666984558105,7800.0,6.227432727813721
2002-04-30,10.166666984558105,10.166666984558105,10.166666984558105,10.166666984558105,0.0,6.227432727813721
2002-05-01,10.166666984558105,10.166666984558105,10.166666984558105,10.166666984558105,0.0,6.227432727813721
2002-05-02,10.373332977294922,10.326666831970215,10.326666831970215,10.369999885559082,9300.0,6.351982116699219
2002-05-03,10.583333015441895,10.399999618530273,10.399999618530273,10.399999618530273,15000.0,6.370357513427734
2002-05-06,10.33666706085205,10.33666706085205,10.33666706085205,10.33666706085205,300.0,6.331565856933594
2002-05-07,10.33666706085205,10.33666706085205,10.33666706085205,10.33666706085205,0.0,6.331565856933594
2002-05-08,10.583333015441895,10.583333015441895,10.583333015441895,10.583333015441895,1500.0,6.4826555252075195
2002-05-09,10.33666706085205,10.066666603088379,10.333333015441895,10.263333320617676,21000.0,6.286649227142334
2002-05-10,10.313332557678223,10.300000190734863,10.300000190734863,10.313332557678223,6000.0,6.317271709442139
2002-05-13,10.623332977294922,10.25,10.300000190734863,10.260000228881836,12600.0,6.284604549407959
2002-05-14,10.566666603088379,10.303333282470703,10.566666603088379,10.303333282470703,1200.0,6.311147689819336
2002-05-15,10.220000267028809,10.220000267028809,10.220000267028809,10.220000267028809,900.0,6.26010274887085
2002-05-16,10.356666564941406,10.220000267028809,10.356666564941406,10.220000267028809,15900.0,6.26010274887085
2002-05-17,10.300000190734863,10.183333396911621,10.300000190734863,10.183333396911621,3600.0,6.237641334533691
2002-05-20,10.366666793823242,10.366666793823242,10.366666793823242,10.366666793823242,300.0,6.349941253662109
2002-05-21,10.239999771118164,10.233332633972168,10.239999771118164,10.233332633972168,1200.0,6.2682695388793945
2002-05-22,10.416666984558105,10.40666675567627,10.40666675567627,10.416666984558105,8100.0,6.380565643310547
2002-05-23,10.350000381469727,10.333333015441895,10.350000381469727,10.333333015441895,1800.0,6.32952356338501
2002-05-24,10.573332786560059,10.403332710266113,10.403332710266113,10.573332786560059,1500.0,6.476532936096191
2002-05-28,11.916666984558105,10.75,10.75,11.5,16500.0,7.04414701461792
2002-05-29,11.166666984558105,10.649999618530273,11.166666984558105,10.783332824707031,5100.0,6.630145072937012
2002-05-30,11.166666984558105,11.0,11.0,11.166666984558105,3000.0,6.865838527679443
2002-05-31,11.0,11.0,11.0,11.0,1200.0,6.763363838195801
2002-06-03,11.333333015441895,10.5,11.333333015441895,10.5,15900.0,6.455934524536133
2002-06-04,10.5,10.166666984558105,10.5,10.5,16800.0,6.455934524536133
2002-06-05,10.833333015441895,10.416666984558105,10.833333015441895,10.416666984558105,10500.0,6.404698848724365
2002-06-06,10.826666831970215,10.826666831970215,10.826666831970215,10.826666831970215,600.0,6.656789302825928
2002-06-07,10.826666831970215,10.826666831970215,10.826666831970215,10.826666831970215,0.0,6.656789302825928
2002-06-10,10.666666984558105,10.463333129882812,10.666666984558105,10.463333129882812,9300.0,6.433394432067871
2002-06-11,11.666666984558105,10.800000190734863,10.800000190734863,11.666666984558105,15300.0,7.173264026641846
2002-06-12,12.329999923706055,11.50333309173584,11.50333309173584,12.329999923706055,44700.0,7.581114292144775
2002-06-13,13.583333015441895,11.666666984558105,11.686667442321777,13.026666641235352,92400.0,8.009462356567383
2002-06-14,12.966667175292969,12.166666984558105,12.666666984558105,12.473333358764648,3000.0,7.669245719909668
2002-06-17,13.296667098999023,12.630000114440918,12.630000114440918,12.739999771118164,3900.0,7.833201885223389
2002-06-18,12.829999923706055,12.583333015441895,12.736666679382324,12.583333015441895,7800.0,7.736877918243408
2002-06-19,13.0,12.583333015441895,12.600000381469727,12.916666984558105,55200.0,7.941824913024902
2002-06-20,13.66333293914795,13.166666984558105,13.463333129882812,13.66333293914795,4800.0,8.40091323852539
2002-06-21,13.5,13.039999961853027,13.039999961853027,13.5,600.0,8.300491333007812
2002-06-24,13.66333293914795,13.216667175292969,13.66333293914795,13.216667175292969,7200.0,8.12628173828125
2002-06-25,13.333333015441895,12.966667175292969,13.333333015441895,13.149999618530273,35100.0,8.08528995513916
2002-06-26,13.433333396911621,13.066666603088379,13.066666603088379,13.333333015441895,12900.0,8.198016166687012
2002-06-27,13.333333015441895,13.333333015441895,13.333333015441895,13.333333015441895,0.0,8.198016166687012
2002-06-28,13.329999923706055,12.833333015441895,13.016667366027832,13.326666831970215,14100.0,8.19391918182373
2002-07-01,13.166666984558105,13.0,13.0,13.166666984558105,2400.0,8.095540046691895
2002-07-02,13.216667175292969,13.0,13.0,13.216667175292969,4200.0,8.12628173828125
2002-07-03,13.333333015441895,13.216667175292969,13.216667175292969,13.333333015441895,7200.0,8.198016166687012
2002-07-05,13.333333015441895,13.166666984558105,13.329999923706055,13.216667175292969,10800.0,8.12628173828125
2002-07-08,13.25,13.216667175292969,13.216667175292969,13.25,8100.0,8.146778106689453
2002-07-09,13.24666690826416,13.166666984558105,13.24666690826416,13.166666984558105,2700.0,8.095540046691895
2002-07-10,13.166666984558105,13.149999618530273,13.166666984558105,13.149999618530273,12000.0,8.08528995513916
2002-07-11,13.333333015441895,13.0,13.00333309173584,13.0,10800.0,7.993065357208252
2002-07-12,13.0,13.0,13.0,13.0,0.0,7.993065357208252
2002-07-15,13.333333015441895,12.783332824707031,12.783332824707031,13.333333015441895,1800.0,8.198016166687012
2002-07-16,13.166666984558105,12.783332824707031,12.783332824707031,13.166666984558105,3300.0,8.095540046691895
2002-07-17,12.729999542236328,12.699999809265137,12.729999542236328,12.699999809265137,9000.0,7.808608055114746
2002-07-18,12.703332901000977,12.699999809265137,12.699999809265137,12.699999809265137,10800.0,7.808608055114746
2002-07-19,12.633333206176758,12.333333015441895,12.633333206176758,12.333333015441895,14700.0,7.583162307739258
2002-07-22,12.333333015441895,12.333333015441895,12.333333015441895,12.333333015441895,0.0,7.583162307739258
2002-07-23,12.039999961853027,11.703332901000977,12.039999961853027,11.703332901000977,1800.0,7.1958088874816895
2002-07-24,12.0,11.609999656677246,11.619999885559082,12.0,2100.0,7.378213405609131
2002-07-25,12.333333015441895,12.166666984558105,12.166666984558105,12.266667366027832,1500.0,7.54217529296875
2002-07-26,12.266667366027832,12.266667366027832,12.266667366027832,12.266667366027832,0.0,7.54217529296875
2002-07-29,12.566666603088379,10.666666984558105,10.666666984558105,12.566666603088379,1500.0,7.726626396179199
2002-07-30,12.566666603088379,12.566666603088379,12.566666603088379,12.566666603088379,0.0,7.726626396179199
2002-07-31,12.563332557678223,12.563332557678223,12.563332557678223,12.563332557678223,600.0,7.724576473236084
2002-08-01,12.566666603088379,12.566666603088379,12.566666603088379,12.566666603088379,2400.0,7.726626396179199
2002-08-02,12.566666603088379,12.566666603088379,12.566666603088379,12.566666603088379,0.0,7.726626396179199
2002-08-05,12.566666603088379,12.566666603088379,12.566666603088379,12.566666603088379,0.0,7.726626396179199
2002-08-06,12.0,12.0,12.0,12.0,600.0,7.378213405609131
2002-08-07,12.0,12.0,12.0,12.0,0.0,7.378213405609131
2002-08-08,12.0,12.0,12.0,12.0,0.0,7.378213405609131
2002-08-09,12.566666603088379,12.0,12.0,12.566666603088379,3300.0,7.726626396179199
2002-08-12,12.566666603088379,12.566666603088379,12.566666603088379,12.566666603088379,1800.0,7.726626396179199
2002-08-13,12.566666603088379,12.566666603088379,12.566666603088379,12.566666603088379,0.0,7.726626396179199
2002-08-14,12.566666603088379,12.566666603088379,12.566666603088379,12.566666603088379,0.0,7.726626396179199
2002-08-15,12.566666603088379,12.566666603088379,12.566666603088379,12.566666603088379,0.0,7.726626396179199
2002-08-16,12.566666603088379,12.333333015441895,12.333333015441895,12.566666603088379,1500.0,7.726626396179199
2002-08-19,12.5,12.333333015441895,12.5,12.333333015441895,10800.0,7.583162307739258
2002-08-20,12.333333015441895,12.333333015441895,12.333333015441895,12.333333015441895,0.0,7.583162307739258
2002-08-21,12.0,12.0,12.0,12.0,900.0,7.378213405609131
2002-08-22,12.00333309173584,12.0,12.00333309173584,12.0,2400.0,7.378213405609131
2002-08-23,11.666666984558105,11.0,11.666666984558105,11.396666526794434,14100.0,7.0072550773620605
2002-08-26,11.333333015441895,11.333333015441895,11.333333015441895,11.333333015441895,600.0,6.968307971954346
2002-08-27,11.333333015441895,11.333333015441895,11.333333015441895,11.333333015441895,0.0,6.968307971954346
2002-08-28,11.083333015441895,11.083333015441895,11.083333015441895,11.083333015441895,2100.0,6.840755462646484
2002-08-29,10.75,10.703332901000977,10.75,10.703332901000977,900.0,6.606215953826904
2002-08-30,10.666666984558105,10.289999961853027,10.666666984558105,10.630000114440918,12600.0,6.560954570770264
2002-09-03,10.666666984558105,10.666666984558105,10.666666984558105,10.666666984558105,6600.0,6.583585262298584
2002-09-04,10.666666984558105,10.666666984558105,10.666666984558105,10.666666984558105,1800.0,6.583585262298584
2002-09-05,10.666666984558105,10.666666984558105,10.666666984558105,10.666666984558105,0.0,6.583585262298584
2002-09-06,10.666666984558105,10.333333015441895,10.666666984558105,10.333333015441895,3600.0,6.377847671508789
2002-09-09,11.666666984558105,10.333333015441895,10.333333015441895,11.34000015258789,25500.0,6.999172687530518
2002-09-10,12.666666984558105,11.833333015441895,12.5,12.066666603088379,15600.0,7.447676181793213
2002-09-11,12.600000381469727,11.880000114440918,12.399999618530273,12.0,5100.0,7.406529426574707
2002-09-12,12.183333396911621,11.99666690826416,11.99666690826416,12.183333396911621,5400.0,7.5196852684021
2002-09-13,12.316666603088379,12.229999542236328,12.229999542236328,12.316666603088379,600.0,7.601978302001953
2002-09-16,12.316666603088379,12.316666603088379,12.316666603088379,12.316666603088379,0.0,7.601978302001953
2002-09-17,12.333333015441895,12.073332786560059,12.216667175292969,12.333333015441895,19200.0,7.6122660636901855
2002-09-18,12.333333015441895,12.333333015441895,12.333333015441895,12.333333015441895,0.0,7.6122660636901855
2002-09-19,12.566666603088379,12.50333309173584,12.50333309173584,12.566666603088379,1500.0,7.756284713745117
2002-09-20,12.566666603088379,12.566666603088379,12.566666603088379,12.566666603088379,600.0,7.756284713745117
2002-09-23,12.566666603088379,12.566666603088379,12.566666603088379,12.566666603088379,0.0,7.756284713745117
2002-09-24,12.50333309173584,12.50333309173584,12.50333309173584,12.50333309173584,300.0,7.717192649841309
2002-09-25,12.369999885559082,12.199999809265137,12.369999885559082,12.199999809265137,4500.0,7.529972553253174
2002-09-26,12.566666603088379,12.566666603088379,12.566666603088379,12.566666603088379,3000.0,7.756284713745117
2002-09-27,12.566666603088379,12.566666603088379,12.566666603088379,12.566666603088379,0.0,7.756284713745117
2002-09-30,12.566666603088379,12.566666603088379,12.566666603088379,12.566666603088379,0.0,7.756284713745117
2002-10-01,12.50333309173584,12.5,12.50333309173584,12.5,2700.0,7.715135097503662
2002-10-02,12.520000457763672,12.520000457763672,12.520000457763672,12.520000457763672,1200.0,7.727480888366699
2002-10-03,12.520000457763672,12.520000457763672,12.520000457763672,12.520000457763672,600.0,7.727480888366699
2002-10-04,12.5,12.053333282470703,12.5,12.333333015441895,39900.0,7.6122660636901855
2002-10-07,12.5,12.0,12.5,12.0,6300.0,7.406529426574707
2002-10-08,12.5,12.460000038146973,12.5,12.460000038146973,4500.0,7.690445899963379
2002-10-09,12.5,12.5,12.5,12.5,3600.0,7.715135097503662
2002-10-10,12.333333015441895,12.329999923706055,12.329999923706055,12.333333015441895,1500.0,7.6122660636901855
2002-10-11,12.333333015441895,12.333333015441895,12.333333015441895,12.333333015441895,0.0,7.6122660636901855
2002-10-14,12.333333015441895,12.006667137145996,12.333333015441895,12.006667137145996,11700.0,7.410648822784424
2002-10-15,12.006667137145996,12.006667137145996,12.006667137145996,12.006667137145996,0.0,7.410648822784424
2002-10-16,12.5,12.49666690826416,12.5,12.49666690826416,1200.0,7.713078022003174
2002-10-17,12.49666690826416,12.49666690826416,12.49666690826416,12.49666690826416,0.0,7.713078022003174
2002-10-18,12.5,12.5,12.5,12.5,600.0,7.715135097503662
2002-10-21,12.333333015441895,11.866666793823242,12.0,12.333333015441895,4500.0,7.6122660636901855
2002-10-22,12.333333015441895,12.333333015441895,12.333333015441895,12.333333015441895,8700.0,7.6122660636901855
2002-10-23,12.5,12.333333015441895,12.5,12.33666706085205,9900.0,7.614325523376465
2002-10-24,12.566666603088379,12.5,12.5,12.566666603088379,900.0,7.756284713745117
2002-10-25,12.33666706085205,12.333333015441895,12.33666706085205,12.333333015441895,3600.0,7.6122660636901855
2002-10-28,12.0,11.333333015441895,11.920000076293945,12.0,21900.0,7.406529426574707
2002-10-29,12.0,12.0,12.0,12.0,3900.0,7.406529426574707
2002-10-30,12.0,12.0,12.0,12.0,2100.0,7.406529426574707
2002-10-31,12.0,12.0,12.0,12.0,0.0,7.406529426574707
2002-11-01,12.0,12.0,12.0,12.0,0.0,7.406529426574707
2002-11-04,12.49666690826416,12.16333293914795,12.49666690826416,12.166666984558105,4500.0,7.509399890899658
2002-11-05,12.49666690826416,12.49666690826416,12.49666690826416,12.49666690826416,2400.0,7.713078022003174
2002-11-06,12.566666603088379,12.566666603088379,12.566666603088379,12.566666603088379,7800.0,7.756284713745117
2002-11-07,12.566666603088379,12.566666603088379,12.566666603088379,12.566666603088379,0.0,7.756284713745117
2002-11-08,12.5600004196167,12.33666706085205,12.5600004196167,12.33666706085205,600.0,7.614325523376465
2002-11-11,12.33666706085205,12.33666706085205,12.33666706085205,12.33666706085205,0.0,7.614325523376465
2002-11-12,12.566666603088379,12.563332557678223,12.566666603088379,12.566666603088379,3300.0,7.756284713745117
2002-11-13,12.366666793823242,12.0,12.333333015441895,12.366666793823242,7200.0,7.632841110229492
2002-11-14,12.563332557678223,12.563332557678223,12.563332557678223,12.563332557678223,900.0,7.7542266845703125
2002-11-15,12.00333309173584,11.670000076293945,12.0,12.00333309173584,4200.0,7.408587455749512
2002-11-18,12.00333309173584,11.670000076293945,12.0,11.916666984558105,2400.0,7.35509729385376
2002-11-19,11.916666984558105,11.916666984558105,11.916666984558105,11.916666984558105,0.0,7.35509729385376
2002-11-20,12.140000343322754,11.930000305175781,11.930000305175781,11.976667404174805,3900.0,7.392131328582764
2002-11-21,11.976667404174805,11.976667404174805,11.976667404174805,11.976667404174805,0.0,7.392131328582764
2002-11-22,11.976667404174805,11.976667404174805,11.976667404174805,11.976667404174805,0.0,7.392131328582764
2002-11-25,11.976667404174805,11.976667404174805,11.976667404174805,11.976667404174805,0.0,7.392131328582764
2002-11-26,11.933333396911621,11.916666984558105,11.916666984558105,11.933333396911621,3000.0,7.365384101867676
2002-11-27,11.973333358764648,11.890000343322754,11.973333358764648,11.890000343322754,600.0,7.365382194519043
2002-11-29,12.0,11.99666690826416,11.99666690826416,12.0,1500.0,7.4335246086120605
2002-12-02,12.0,12.0,12.0,12.0,0.0,7.4335246086120605
2002-12-03,12.0,12.0,12.0,12.0,0.0,7.4335246086120605
2002-12-04,12.063332557678223,12.063332557678223,12.063332557678223,12.063332557678223,300.0,7.472753524780273
2002-12-05,12.033332824707031,11.90999984741211,11.973333358764648,12.033332824707031,1500.0,7.45416784286499
2002-12-06,12.033332824707031,12.033332824707031,12.033332824707031,12.033332824707031,0.0,7.45416784286499
2002-12-09,12.146666526794434,12.0,12.0,12.146666526794434,10200.0,7.524374485015869
2002-12-10,12.256667137145996,12.119999885559082,12.149999618530273,12.256667137145996,1800.0,7.592517375946045
2002-12-11,12.176667213439941,12.100000381469727,12.100000381469727,12.140000343322754,6000.0,7.5202436447143555
2002-12-12,12.140000343322754,12.140000343322754,12.140000343322754,12.140000343322754,0.0,7.5202436447143555
2002-12-13,12.140000343322754,12.140000343322754,12.140000343322754,12.140000343322754,0.0,7.5202436447143555
2002-12-16,12.013333320617676,11.896666526794434,12.013333320617676,11.896666526794434,3900.0,7.369510173797607
2002-12-17,11.893333435058594,11.893333435058594,11.893333435058594,11.893333435058594,600.0,7.367448806762695
2002-12-18,11.893333435058594,11.893333435058594,11.893333435058594,11.893333435058594,0.0,7.367448806762695
2002-12-19,11.850000381469727,11.850000381469727,11.850000381469727,11.850000381469727,300.0,7.340601444244385
2002-12-20,11.833333015441895,11.736666679382324,11.833333015441895,11.829999923706055,4200.0,7.328213214874268
2002-12-23,11.829999923706055,11.829999923706055,11.829999923706055,11.829999923706055,900.0,7.328213214874268
2002-12-24,11.829999923706055,11.829999923706055,11.829999923706055,11.829999923706055,0.0,7.328213214874268
2002-12-26,11.903332710266113,11.903332710266113,11.903332710266113,11.903332710266113,300.0,7.373641490936279
2002-12-27,11.816666603088379,11.350000381469727,11.816666603088379,11.726667404174805,32700.0,7.26420259475708
2002-12-30,12.303333282470703,10.920000076293945,11.640000343322754,11.65999984741211,20700.0,7.222906589508057
2002-12-31,11.680000305175781,11.326666831970215,11.666666984558105,11.4399995803833,3000.0,7.086623668670654
2003-01-02,11.5,10.65999984741211,11.5,11.006667137145996,5100.0,6.818192481994629
2003-01-03,11.079999923706055,10.886667251586914,10.886667251586914,11.079999923706055,600.0,6.863619804382324
2003-01-06,11.133333206176758,10.166666984558105,11.133333206176758,10.416666984558105,8700.0,6.4527082443237305
2003-01-07,10.666666984558105,10.616666793823242,10.616666793823242,10.666666984558105,1200.0,6.607576370239258
2003-01-08,11.236666679382324,11.113332748413086,11.113332748413086,11.236666679382324,2100.0,6.960664749145508
2003-01-09,11.333333015441895,11.256667137145996,11.30666732788086,11.256667137145996,2700.0,6.973054885864258
2003-01-10,11.41333293914795,11.3100004196167,11.390000343322754,11.41333293914795,900.0,7.070104598999023
2003-01-13,11.666666984558105,11.5,11.5,11.666666984558105,5700.0,7.2270331382751465
2003-01-14,11.666666984558105,11.666666984558105,11.666666984558105,11.666666984558105,0.0,7.2270331382751465
2003-01-15,12.05666732788086,11.966667175292969,11.966667175292969,12.033332824707031,47700.0,7.45416784286499
2003-01-16,12.5,12.166666984558105,12.166666984558105,12.493332862854004,3000.0,7.739121437072754
2003-01-17,12.833333015441895,12.529999732971191,12.666666984558105,12.640000343322754,12000.0,7.82997989654541
2003-01-21,12.833333015441895,12.66333293914795,12.66333293914795,12.833333015441895,1800.0,7.949737548828125
2003-01-22,12.796667098999023,12.796667098999023,12.796667098999023,12.796667098999023,600.0,7.9270243644714355
2003-01-23,13.326666831970215,12.833333015441895,12.833333015441895,13.316666603088379,6300.0,8.249147415161133
2003-01-24,13.260000228881836,12.886667251586914,13.216667175292969,13.16333293914795,5400.0,8.154157638549805
2003-01-27,13.293333053588867,12.99666690826416,12.99666690826416,13.279999732971191,2700.0,8.226428985595703
2003-01-28,13.30666732788086,13.029999732971191,13.24666690826416,13.029999732971191,5700.0,8.071566581726074
2003-01-29,13.0600004196167,13.0,13.039999961853027,13.0,2100.0,8.052979469299316
2003-01-30,12.993332862854004,12.850000381469727,12.993332862854004,12.850000381469727,1200.0,7.9600629806518555
2003-01-31,12.880000114440918,12.833333015441895,12.833333015441895,12.880000114440918,600.0,7.978641986846924
2003-02-03,12.993332862854004,12.83666706085205,12.83666706085205,12.993332862854004,600.0,8.048852920532227
2003-02-04,12.976667404174805,12.976667404174805,12.976667404174805,12.976667404174805,300.0,8.03852653503418
2003-02-05,13.19333267211914,12.99666690826416,12.99666690826416,13.046667098999023,5100.0,8.081892013549805
2003-02-06,13.25333309173584,13.033332824707031,13.09333324432373,13.033332824707031,2400.0,8.073630332946777
2003-02-07,13.210000038146973,12.99666690826416,12.99666690826416,13.210000038146973,4200.0,8.183069229125977
2003-02-10,13.233332633972168,13.026666641235352,13.146666526794434,13.026666641235352,2700.0,8.069501876831055
2003-02-11,13.183333396911621,12.50333309173584,13.183333396911621,12.826666831970215,3900.0,7.945603370666504
2003-02-12,13.096667289733887,12.963333129882812,12.963333129882812,13.0,3300.0,8.052979469299316
2003-02-13,13.0,12.5,12.5,13.0,8400.0,8.052979469299316
2003-02-14,13.0,12.993332862854004,12.993332862854004,13.0,1500.0,8.052979469299316
2003-02-18,13.166666984558105,13.0,13.0,13.166666984558105,3300.0,8.15622329711914
2003-02-19,12.896666526794434,12.766667366027832,12.829999923706055,12.766667366027832,2700.0,7.908442974090576
2003-02-20,13.116666793823242,12.813332557678223,12.813332557678223,13.0,6000.0,8.052979469299316
2003-02-21,13.09333324432373,12.539999961853027,13.016667366027832,12.966667175292969,18300.0,8.032331466674805
2003-02-24,13.199999809265137,12.833333015441895,12.90666675567627,13.08666706085205,4500.0,8.106668472290039
2003-02-25,13.25,13.046667098999023,13.25,13.166666984558105,11100.0,8.15622329711914
2003-02-26,13.603333473205566,12.606666564941406,13.183333396911621,13.553333282470703,43200.0,8.395747184753418
2003-02-27,13.916666984558105,13.466667175292969,13.550000190734863,13.916666984558105,63300.0,8.648469924926758
2003-02-28,14.633333206176758,13.516667366027832,13.516667366027832,13.623332977294922,22500.0,8.46617603302002
2003-03-03,14.666666984558105,13.65999984741211,13.65999984741211,14.666666984558105,13800.0,9.114555358886719
2003-03-04,14.65999984741211,13.869999885559082,14.176667213439941,14.383333206176758,24600.0,8.938475608825684
2003-03-05,14.399999618530273,13.876667022705078,13.973333358764648,14.020000457763672,74100.0,8.712689399719238
2003-03-06,14.010000228881836,13.606666564941406,14.010000228881836,13.703332901000977,9600.0,8.515892028808594
2003-03-07,13.779999732971191,13.609999656677246,13.713333129882812,13.699999809265137,7200.0,8.513824462890625
2003-03-10,13.756667137145996,13.373332977294922,13.756667137145996,13.470000267028809,7800.0,8.370891571044922
2003-03-11,13.666666984558105,13.34000015258789,13.666666984558105,13.626667022705078,6600.0,8.468250274658203
2003-03-12,13.636667251586914,13.416666984558105,13.636667251586914,13.493332862854004,2400.0,8.38538932800293
2003-03-13,13.433333396911621,13.333333015441895,13.373332977294922,13.403332710266113,6300.0,8.329461097717285
2003-03-14,13.433333396911621,13.333333015441895,13.433333396911621,13.34000015258789,2700.0,8.29010009765625
2003-03-17,13.466667175292969,13.166666984558105,13.303333282470703,13.166666984558105,16200.0,8.18238353729248
2003-03-18,13.329999923706055,13.0,13.329999923706055,13.166666984558105,9300.0,8.18238353729248
2003-03-19,13.333333015441895,13.100000381469727,13.25,13.333333015441895,2100.0,8.28596019744873
2003-03-20,13.333333015441895,13.216667175292969,13.333333015441895,13.333333015441895,3000.0,8.28596019744873
2003-03-21,13.416666984558105,13.25,13.333333015441895,13.416666984558105,62100.0,8.337745666503906
2003-03-24,13.466667175292969,13.383333206176758,13.466667175292969,13.466667175292969,1500.0,8.368813514709473
2003-03-25,13.466667175292969,13.466667175292969,13.466667175292969,13.466667175292969,300.0,8.368813514709473
2003-03-26,13.75,13.369999885559082,13.466667175292969,13.75,7200.0,8.544896125793457
2003-03-27,14.473333358764648,13.649999618530273,13.949999809265137,14.473333358764648,7800.0,8.994405746459961
2003-03-28,14.5,14.300000190734863,14.399999618530273,14.5,3900.0,9.010979652404785
2003-03-31,14.583333015441895,14.553333282470703,14.553333282470703,14.583333015441895,2400.0,9.062767028808594
2003-04-01,14.619999885559082,14.213333129882812,14.576666831970215,14.213333129882812,7800.0,8.83283519744873
2003-04-02,14.893333435058594,14.603333473205566,14.603333473205566,14.893333435058594,3300.0,9.255417823791504
2003-04-03,15.369999885559082,13.853333473205566,13.853333473205566,15.369999885559082,20100.0,9.551636695861816
2003-04-04,16.1200008392334,15.34000015258789,15.600000381469727,16.1200008392334,5400.0,10.017722129821777
2003-04-07,16.453332901000977,16.209999084472656,16.333332061767578,16.336666107177734,7500.0,10.152366638183594
2003-04-08,16.433332443237305,16.083332061767578,16.336666107177734,16.206666946411133,5400.0,10.071581840515137
2003-04-09,16.19333267211914,15.550000190734863,15.59333324432373,16.19333267211914,7200.0,10.063297271728516
2003-04-10,16.420000076293945,15.899999618530273,16.166667938232422,16.420000076293945,8100.0,10.204158782958984
2003-04-11,16.433332443237305,16.333332061767578,16.333332061767578,16.433332443237305,5400.0,10.212441444396973
2003-04-14,17.0,16.343332290649414,16.600000381469727,16.733333587646484,8100.0,10.39887809753418
2003-04-15,17.649999618530273,17.17333221435547,17.333332061767578,17.399999618530273,8400.0,10.813175201416016
2003-04-16,17.733333587646484,16.959999084472656,17.666667938232422,17.133333206176758,5700.0,10.647457122802734
2003-04-17,17.136667251586914,17.136667251586914,17.136667251586914,17.136667251586914,300.0,10.649528503417969
2003-04-21,17.459999084472656,16.950000762939453,17.14666748046875,17.156667709350586,37800.0,10.661961555480957
2003-04-22,17.996667861938477,17.546667098999023,17.649999618530273,17.71666717529297,31800.0,11.009966850280762
2003-04-23,17.676666259765625,17.066667556762695,17.670000076293945,17.366666793823242,21300.0,10.792460441589355
2003-04-24,17.336666107177734,17.18666648864746,17.333332061767578,17.333332061767578,12300.0,10.77174186706543
2003-04-25,17.149999618530273,16.5,17.149999618530273,16.610000610351562,35700.0,10.322230339050293
2003-04-28,17.163333892822266,16.333332061767578,16.610000610351562,17.163333892822266,8400.0,10.666098594665527
2003-04-29,17.09000015258789,16.666667938232422,16.666667938232422,16.953332901000977,9000.0,10.535595893859863
2003-04-30,17.0,16.666667938232422,16.666667938232422,16.996667861938477,5400.0,10.562525749206543
2003-05-01,16.99333381652832,16.666667938232422,16.963333129882812,16.796667098999023,35100.0,10.438240051269531
2003-05-02,16.796667098999023,16.350000381469727,16.796667098999023,16.753332138061523,9900.0,10.411308288574219
2003-05-05,16.75666618347168,16.40999984741211,16.753332138061523,16.48666763305664,9000.0,10.245588302612305
2003-05-06,16.850000381469727,16.399999618530273,16.489999771118164,16.766666412353516,12600.0,10.419594764709473
2003-05-07,17.71666717529297,17.0,17.01333236694336,17.46666717529297,49800.0,10.854607582092285
2003-05-08,17.700000762939453,17.450000762939453,17.46666717529297,17.583332061767578,17700.0,10.927107810974121
2003-05-09,17.65999984741211,17.50666618347168,17.583332061767578,17.59000015258789,8100.0,10.931246757507324
2003-05-12,17.80666732788086,17.633333206176758,17.663333892822266,17.666667938232422,9900.0,10.978890419006348
2003-05-13,17.829999923706055,17.50666618347168,17.829999923706055,17.623332977294922,1500.0,10.951966285705566
2003-05-14,17.71666717529297,17.239999771118164,17.71666717529297,17.309999465942383,11100.0,10.757244110107422
2003-05-15,17.51333236694336,16.93000030517578,17.336666107177734,17.510000228881836,17700.0,10.881534576416016
2003-05-16,17.71666717529297,17.363332748413086,17.363332748413086,17.530000686645508,14400.0,10.893962860107422
2003-05-19,17.34666633605957,16.233333587646484,16.893333435058594,16.766666412353516,27600.0,10.419594764709473
2003-05-20,16.803333282470703,16.383333206176758,16.663333892822266,16.676666259765625,15300.0,10.363662719726562
2003-05-21,16.78333282470703,16.690000534057617,16.78333282470703,16.719999313354492,8100.0,10.390592575073242
2003-05-22,16.746667861938477,16.579999923706055,16.65333366394043,16.579999923706055,10800.0,10.303587913513184
2003-05-23,16.700000762939453,16.520000457763672,16.520000457763672,16.613332748413086,14700.0,10.324301719665527
2003-05-27,16.760000228881836,16.583332061767578,16.606666564941406,16.760000228881836,3000.0,10.415448188781738
2003-05-28,16.833332061767578,16.356666564941406,16.360000610351562,16.356666564941406,8100.0,10.193182945251465
2003-05-29,16.833332061767578,16.416667938232422,16.416667938232422,16.75,3300.0,10.438302993774414
2003-05-30,16.833332061767578,16.363332748413086,16.426666259765625,16.80666732788086,14400.0,10.473615646362305
2003-06-02,16.81333351135254,16.803333282470703,16.803333282470703,16.81333351135254,600.0,10.477768898010254
2003-06-03,16.81999969482422,16.433332443237305,16.81999969482422,16.433332443237305,14400.0,10.240960121154785
2003-06-04,16.696666717529297,16.246667861938477,16.696666717529297,16.246667861938477,5100.0,10.124632835388184
2003-06-05,16.25,15.243332862854004,16.25,15.256667137145996,15300.0,9.507681846618652
2003-06-06,15.99666690826416,15.25333309173584,15.25333309173584,15.856666564941406,13500.0,9.881589889526367
2003-06-09,16.046667098999023,15.833333015441895,15.833333015441895,15.983332633972168,2100.0,9.960528373718262
2003-06-10,16.583332061767578,15.666666984558105,15.983332633972168,16.583332061767578,13200.0,10.334437370300293
2003-06-11,16.863332748413086,16.510000228881836,16.510000228881836,16.52666664123535,11100.0,10.299126625061035
2003-06-12,17.07666778564453,16.796667098999023,16.899999618530273,16.963333129882812,5100.0,10.571247100830078
2003-06-13,17.59000015258789,16.833332061767578,17.03333282470703,16.84000015258789,21900.0,10.494389533996582
2003-06-16,16.843332290649414,16.469999313354492,16.843332290649414,16.516666412353516,18900.0,10.292892456054688
2003-06-17,17.5,16.200000762939453,16.469999313354492,17.246667861938477,5100.0,10.747817039489746
2003-06-18,17.043333053588867,16.616666793823242,17.043333053588867,16.799999237060547,5400.0,10.469461441040039
2003-06-19,16.829999923706055,16.549999237060547,16.823333740234375,16.64666748046875,3600.0,10.373908996582031
2003-06-20,16.649999618530273,16.3700008392334,16.633333206176758,16.453332901000977,12600.0,10.253422737121582
2003-06-23,17.040000915527344,16.333332061767578,16.333332061767578,16.586666107177734,13500.0,10.336518287658691
2003-06-24,16.85333251953125,16.333332061767578,16.48666763305664,16.85333251953125,9300.0,10.502697944641113
2003-06-25,16.280000686645508,15.603333473205566,15.699999809265137,16.170000076293945,38700.0,10.076852798461914
2003-06-26,15.833333015441895,15.333333015441895,15.716667175292969,15.373332977294922,27600.0,9.580388069152832
2003-06-27,15.833333015441895,14.833333015441895,15.350000381469727,15.300000190734863,53100.0,9.534686088562012
2003-06-30,15.729999542236328,15.016667366027832,15.016667366027832,15.33666706085205,115500.0,9.557536125183105
2003-07-01,15.383333206176758,14.600000381469727,15.363332748413086,14.666666984558105,32100.0,9.140005111694336
2003-07-02,15.726667404174805,14.463333129882812,15.726667404174805,14.899999618530273,13500.0,9.28541374206543
2003-07-03,14.466667175292969,14.333333015441895,14.420000076293945,14.416666984558105,2700.0,8.984211921691895
2003-07-07,15.010000228881836,14.483332633972168,14.666666984558105,14.949999809265137,14700.0,9.316575050354004
2003-07-08,15.649999618530273,14.666666984558105,15.649999618530273,14.80666732788086,9300.0,9.227252006530762
2003-07-09,15.9399995803833,14.643333435058594,14.803333282470703,15.716667175292969,18000.0,9.794346809387207
2003-07-10,15.49666690826416,15.166666984558105,15.49666690826416,15.166666984558105,2400.0,9.451597213745117
2003-07-11,15.666666984558105,14.936667442321777,15.076666831970215,14.936667442321777,4800.0,9.308262825012207
2003-07-14,15.813332557678223,14.856666564941406,15.813332557678223,14.873332977294922,6600.0,9.268798828125
2003-07-15,14.873332977294922,14.873332977294922,14.873332977294922,14.873332977294922,600.0,9.268798828125
2003-07-16,15.456666946411133,15.143333435058594,15.143333435058594,15.456666946411133,3300.0,9.632320404052734
2003-07-17,15.676667213439941,15.266667366027832,15.273332595825195,15.676667213439941,10500.0,9.769423484802246
2003-07-18,15.716667175292969,15.716667175292969,15.716667175292969,15.716667175292969,2400.0,9.794346809387207
2003-07-21,15.933333396911621,15.083333015441895,15.933333396911621,15.083333015441895,5700.0,9.399665832519531
2003-07-22,15.583333015441895,14.963333129882812,14.963333129882812,15.383333206176758,4800.0,9.586616516113281
2003-07-23,15.99666690826416,15.489999771118164,15.550000190734863,15.666666984558105,28500.0,9.763188362121582
2003-07-24,15.966667175292969,15.119999885559082,15.966667175292969,15.119999885559082,7800.0,9.422511100769043
2003-07-25,15.563332557678223,15.119999885559082,15.119999885559082,15.363332748413086,2400.0,9.574153900146484
2003-07-28,15.5,14.876667022705078,14.983332633972168,15.34333324432373,10800.0,9.561692237854004
2003-07-29,15.833333015441895,15.34333324432373,15.833333015441895,15.770000457763672,900.0,9.827583312988281
2003-07-30,15.833333015441895,15.49666690826416,15.766667366027832,15.833333015441895,2100.0,9.867053985595703
2003-07-31,16.833332061767578,15.916666984558105,15.986666679382324,16.166667938232422,15300.0,10.074780464172363
2003-08-01,16.166667938232422,15.666666984558105,16.0,15.666666984558105,3000.0,9.763188362121582
2003-08-04,15.956666946411133,15.449999809265137,15.789999961853027,15.90999984741211,3600.0,9.914830207824707
2003-08-05,16.02666664123535,15.119999885559082,15.489999771118164,15.119999885559082,3000.0,9.422511100769043
2003-08-06,15.486666679382324,15.00333309173584,15.00333309173584,15.483332633972168,6900.0,9.64893627166748
2003-08-07,15.34000015258789,15.15999984741211,15.15999984741211,15.180000305175781,1500.0,9.459904670715332
2003-08-08,15.223333358764648,15.00333309173584,15.223333358764648,15.149999618530273,1200.0,9.441207885742188
2003-08-11,15.00333309173584,15.00333309173584,15.00333309173584,15.00333309173584,1200.0,9.349812507629395
2003-08-12,15.226667404174805,15.00333309173584,15.00333309173584,15.19333267211914,1800.0,9.468217849731445
2003-08-13,15.233332633972168,15.220000267028809,15.229999542236328,15.233332633972168,1800.0,9.493139266967773
2003-08-14,15.166666984558105,15.133333206176758,15.166666984558105,15.133333206176758,2400.0,9.430827140808105
2003-08-15,15.666666984558105,15.133333206176758,15.173333168029785,15.15666675567627,6000.0,9.445364952087402
2003-08-18,15.666666984558105,15.1899995803833,15.516667366027832,15.470000267028809,12600.0,9.640624046325684
2003-08-19,16.100000381469727,15.833333015441895,15.833333015441895,16.00666618347168,5100.0,9.975069999694824
2003-08-20,16.166667938232422,16.149999618530273,16.166667938232422,16.166667938232422,9600.0,10.074780464172363
2003-08-21,16.643333435058594,16.333332061767578,16.566667556762695,16.333332061767578,7500.0,10.178640365600586
2003-08-22,16.540000915527344,15.483332633972168,16.376667022705078,15.50333309173584,9900.0,9.661396980285645
2003-08-25,15.960000038146973,15.473333358764648,15.960000038146973,15.50333309173584,2400.0,9.661396980285645
2003-08-26,15.533332824707031,15.376667022705078,15.533332824707031,15.399999618530273,2400.0,9.597002983093262
2003-08-27,15.733332633972168,15.630000114440918,15.733332633972168,15.633333206176758,1500.0,9.763547897338867
2003-08-28,15.696666717529297,15.436667442321777,15.55666732788086,15.630000114440918,1800.0,9.761466026306152
2003-08-29,15.983332633972168,15.796667098999023,15.983332633972168,15.796667098999023,1500.0,9.865553855895996
2003-09-02,16.0,15.789999961853027,15.983332633972168,16.0,2100.0,9.992538452148438
2003-09-03,16.0,15.516667366027832,16.0,15.779999732971191,4800.0,9.855143547058105
2003-09-04,15.890000343322754,15.623332977294922,15.890000343322754,15.623332977294922,2700.0,9.757303237915039
2003-09-05,15.90666675567627,15.673333168029785,15.90666675567627,15.683333396911621,2700.0,9.79477596282959
2003-09-08,15.90666675567627,15.683333396911621,15.856666564941406,15.833333015441895,1800.0,9.888452529907227
2003-09-09,15.833333015441895,15.833333015441895,15.833333015441895,15.833333015441895,300.0,9.888452529907227
2003-09-10,15.65999984741211,15.133333206176758,15.65999984741211,15.133333206176758,2700.0,9.45128345489502
2003-09-11,15.833333015441895,15.376667022705078,15.596667289733887,15.44333267211914,20700.0,9.644885063171387
2003-09-12,15.766667366027832,15.600000381469727,15.600000381469727,15.766667366027832,900.0,9.846816062927246
2003-09-15,15.833333015441895,15.329999923706055,15.833333015441895,15.4399995803833,3900.0,9.642800331115723
2003-09-16,15.84000015258789,15.403332710266113,15.6899995803833,15.833333015441895,9000.0,9.888452529907227
2003-09-17,16.139999389648438,15.510000228881836,15.510000228881836,16.139999389648438,15600.0,10.079974174499512
2003-09-18,16.363332748413086,16.116666793823242,16.116666793823242,16.360000610351562,8700.0,10.217374801635742
2003-09-19,16.416667938232422,16.26333236694336,16.26333236694336,16.303333282470703,9600.0,10.181984901428223
2003-09-22,16.406667709350586,16.073333740234375,16.24333381652832,16.24333381652832,1800.0,10.144512176513672
2003-09-23,16.50666618347168,16.233333587646484,16.40333366394043,16.50666618347168,6000.0,10.30897045135498
2003-09-24,16.666667938232422,16.219999313354492,16.573333740234375,16.309999465942383,4800.0,10.18614387512207
2003-09-25,16.389999389648438,16.280000686645508,16.286666870117188,16.383333206176758,3900.0,10.231945991516113
2003-09-26,16.40333366394043,16.333332061767578,16.3700008392334,16.333332061767578,2700.0,10.200716972351074
2003-09-29,16.440000534057617,16.333332061767578,16.440000534057617,16.366666793823242,3600.0,10.221536636352539
2003-09-30,16.5,16.28333282470703,16.440000534057617,16.496667861938477,10200.0,10.302728652954102
2003-10-01,16.886667251586914,16.5,16.5,16.883333206176758,8400.0,10.54421329498291
2003-10-02,17.4950008392334,16.825000762939453,16.825000762939453,17.40999984741211,19400.0,10.873133659362793
2003-10-03,18.614999771118164,18.03499984741211,18.110000610351562,18.4950008392334,16400.0,11.550756454467773
2003-10-06,18.5049991607666,18.4950008392334,18.5,18.5,3800.0,11.553879737854004
2003-10-07,19.170000076293945,18.479999542236328,18.5,19.170000076293945,19400.0,11.972315788269043
2003-10-08,19.0,18.719999313354492,18.90999984741211,18.760000228881836,2000.0,11.716256141662598
2003-10-09,19.235000610351562,18.795000076293945,19.040000915527344,18.795000076293945,6400.0,11.73811149597168
2003-10-10,18.795000076293945,18.09000015258789,18.795000076293945,18.200000762939453,23600.0,11.3665132522583
2003-10-13,18.90999984741211,18.389999389648438,18.389999389648438,18.739999771118164,7000.0,11.70376205444336
2003-10-14,18.834999084472656,18.18000030517578,18.674999237060547,18.575000762939453,10600.0,11.600715637207031
2003-10-15,18.725000381469727,18.690000534057617,18.71500015258789,18.725000381469727,1200.0,11.694398880004883
2003-10-16,18.760000228881836,18.625,18.725000381469727,18.7450008392334,17200.0,11.706888198852539
2003-10-17,18.719999313354492,18.514999389648438,18.514999389648438,18.594999313354492,7200.0,11.613207817077637
2003-10-20,18.68000030517578,18.549999237060547,18.68000030517578,18.549999237060547,800.0,11.585099220275879
2003-10-21,18.809999465942383,18.30500030517578,18.760000228881836,18.30500030517578,5200.0,11.43209457397461
2003-10-22,18.610000610351562,18.19499969482422,18.610000610351562,18.19499969482422,23400.0,11.363391876220703
2003-10-23,18.149999618530273,14.875,18.149999618530273,15.25,231000.0,9.524141311645508
2003-10-24,15.25,13.395000457763672,15.25,14.130000114440918,40000.0,8.824664115905762
2003-10-27,14.354999542236328,14.069999694824219,14.1899995803833,14.199999809265137,14800.0,8.868383407592773
2003-10-28,14.359999656677246,14.125,14.359999656677246,14.149999618530273,22800.0,8.837157249450684
2003-10-29,14.244999885559082,14.005000114440918,14.005000114440918,14.125,3600.0,8.821541786193848
2003-10-30,14.244999885559082,13.975000381469727,14.244999885559082,14.164999961853027,14800.0,8.84652328491211
2003-10-31,14.484999656677246,13.850000381469727,14.25,13.859999656677246,6600.0,8.656035423278809
2003-11-03,14.5,14.125,14.15999984741211,14.5,3600.0,9.055742263793945
2003-11-04,15.25,14.5,14.614999771118164,15.0,11200.0,9.368008613586426
2003-11-05,15.494999885559082,15.0,15.005000114440918,15.279999732971191,15000.0,9.542879104614258
2003-11-06,15.5,15.005000114440918,15.375,15.5,4000.0,9.68027400970459
2003-11-07,15.970000267028809,14.725000381469727,15.970000267028809,15.475000381469727,10000.0,9.664661407470703
2003-11-10,15.859999656677246,15.604999542236328,15.859999656677246,15.75,2000.0,9.836407661437988
2003-11-11,16.344999313354492,15.46500015258789,15.979999542236328,15.46500015258789,2800.0,9.65841293334961
2003-11-12,16.325000762939453,15.800000190734863,15.859999656677246,15.800000190734863,2800.0,9.867635726928711
2003-11-13,16.225000381469727,15.460000038146973,16.225000381469727,15.529999732971191,2400.0,9.699010848999023
2003-11-14,16.155000686645508,15.220000267028809,16.155000686645508,15.220000267028809,2000.0,9.50540828704834
2003-11-17,15.609999656677246,14.850000381469727,15.609999656677246,15.135000228881836,4400.0,9.452320098876953
2003-11-18,15.71500015258789,15.0,15.199999809265137,15.0,10800.0,9.368008613586426
2003-11-19,15.670000076293945,14.854999542236328,15.274999618530273,15.074999809265137,5000.0,9.414846420288086
2003-11-20,15.0,14.454999923706055,15.0,14.454999923706055,7800.0,9.027637481689453
2003-11-21,14.845000267028809,14.255000114440918,14.5,14.845000267028809,4000.0,9.27120590209961
2003-11-24,15.380000114440918,14.579999923706055,14.859999656677246,15.380000114440918,9600.0,9.605332374572754
2003-11-25,15.494999885559082,15.4399995803833,15.4399995803833,15.494999885559082,5200.0,9.677152633666992
2003-11-26,15.864999771118164,15.5,15.515000343322754,15.800000190734863,5600.0,9.899581909179688
2003-11-28,16.25,15.375,15.975000381469727,16.25,11600.0,10.181529998779297
2003-12-01,17.8700008392334,15.880000114440918,15.880000114440918,17.8700008392334,6400.0,11.196550369262695
2003-12-02,18.0,17.0,17.0,17.889999389648438,7600.0,11.209078788757324
2003-12-03,17.850000381469727,17.06999969482422,17.850000381469727,17.06999969482422,3400.0,10.695305824279785
2003-12-04,17.899999618530273,16.315000534057617,17.05500030517578,17.899999618530273,5600.0,11.215350151062012
2003-12-05,17.774999618530273,17.280000686645508,17.565000534057617,17.30500030517578,1600.0,10.842547416687012
2003-12-08,17.834999084472656,17.239999771118164,17.239999771118164,17.834999084472656,3400.0,11.1746187210083
2003-12-09,17.899999618530273,17.260000228881836,17.454999923706055,17.69499969482422,11600.0,11.086902618408203
2003-12-10,17.8799991607666,16.979999542236328,17.764999389648438,17.309999465942383,14400.0,10.84567642211914
2003-12-11,16.979999542236328,15.260000228881836,16.565000534057617,16.905000686645508,5600.0,10.591924667358398
2003-12-12,17.010000228881836,16.75,16.790000915527344,16.75,3600.0,10.494810104370117
2003-12-15,16.770000457763672,16.229999542236328,16.670000076293945,16.7450008392334,34400.0,10.491673469543457
2003-12-16,16.7450008392334,15.899999618530273,16.079999923706055,16.155000686645508,22400.0,10.122008323669434
2003-12-17,16.309999465942383,15.484999656677246,16.309999465942383,15.65999984741211,2800.0,9.811861991882324
2003-12-18,16.204999923706055,15.710000038146973,15.944999694824219,15.914999961853027,2800.0,9.971633911132812
2003-12-19,15.96500015258789,15.0,15.96500015258789,15.550000190734863,1800.0,9.742938041687012
2003-12-22,15.380000114440918,15.005000114440918,15.380000114440918,15.005000114440918,3200.0,9.401466369628906
2003-12-23,15.729999542236328,15.069999694824219,15.069999694824219,15.71500015258789,4000.0,9.846323013305664
2003-12-24,16.25,16.25,16.25,16.25,200.0,10.181529998779297
2003-12-26,16.020000457763672,16.020000457763672,16.020000457763672,16.020000457763672,200.0,10.037423133850098
2003-12-29,16.739999771118164,16.34000015258789,16.549999237060547,16.549999237060547,2400.0,10.369499206542969
2003-12-30,17.030000686645508,16.219999313354492,16.739999771118164,16.989999771118164,6000.0,10.645177841186523
2003-12-31,17.770000457763672,16.024999618530273,17.0,16.825000762939453,4800.0,10.541799545288086
2004-01-02,16.969999313354492,16.7450008392334,16.7450008392334,16.7450008392334,2400.0,10.491673469543457
2004-01-05,16.454999923706055,16.09000015258789,16.40999984741211,16.424999237060547,4000.0,10.291178703308105
2004-01-06,16.795000076293945,15.949999809265137,16.795000076293945,16.459999084472656,5800.0,10.31310749053955
2004-01-07,16.579999923706055,15.90999984741211,16.415000915527344,15.920000076293945,3600.0,9.97476863861084
2004-01-08,17.0,15.850000381469727,16.190000534057617,17.0,6600.0,10.651448249816895
2004-01-09,16.7450008392334,16.049999237060547,16.7450008392334,16.670000076293945,3400.0,10.444684028625488
2004-01-12,16.895000457763672,16.045000076293945,16.780000686645508,16.875,1800.0,10.573127746582031
2004-01-13,16.885000228881836,16.600000381469727,16.600000381469727,16.875,1200.0,10.573127746582031
2004-01-14,17.19499969482422,16.024999618530273,16.06999969482422,16.975000381469727,7200.0,10.635782241821289
2004-01-15,17.575000762939453,16.600000381469727,16.600000381469727,17.575000762939453,2400.0,11.011717796325684
2004-01-16,17.700000762939453,17.5,17.700000762939453,17.5,800.0,10.96472454071045
2004-01-20,17.770000457763672,15.100000381469727,17.0,17.079999923706055,13400.0,10.70157241821289
2004-01-21,17.125,16.200000762939453,16.735000610351562,16.75,4600.0,10.494810104370117
2004-01-22,16.75,16.174999237060547,16.75,16.299999237060547,2200.0,10.21285629272461
2004-01-23,16.5,16.079999923706055,16.084999084472656,16.5,3200.0,10.338168144226074
2004-01-26,16.5049991607666,16.030000686645508,16.5049991607666,16.4950008392334,2400.0,10.335040092468262
2004-01-27,16.44499969482422,16.200000762939453,16.44499969482422,16.344999313354492,10400.0,10.241053581237793
2004-01-28,16.0,15.505000114440918,15.869999885559082,15.550000190734863,2800.0,9.742938041687012
2004-01-29,16.040000915527344,15.399999618530273,15.399999618530273,15.970000267028809,2600.0,10.00609302520752
2004-01-30,16.0,15.494999885559082,16.0,15.550000190734863,3800.0,9.742938041687012
2004-02-02,15.5649995803833,15.300000190734863,15.300000190734863,15.324999809265137,2400.0,9.601964950561523
2004-02-03,16.0,15.274999618530273,15.274999618530273,16.0,2000.0,10.02488899230957
2004-02-04,16.25,14.925000190734863,16.25,15.069999694824219,14400.0,9.442192077636719
2004-02-05,16.5,15.225000381469727,16.239999771118164,16.2549991607666,15800.0,10.184663772583008
2004-02-06,16.834999084472656,16.450000762939453,16.5,16.450000762939453,2400.0,10.306840896606445
2004-02-09,17.0,16.125,17.0,17.0,4200.0,10.651448249816895
2004-02-10,17.375,16.825000762939453,16.9950008392334,17.375,2600.0,10.886405944824219
2004-02-11,17.5,16.5049991607666,17.489999771118164,16.56999969482422,4600.0,10.382028579711914
2004-02-12,16.3799991607666,16.149999618530273,16.3799991607666,16.149999618530273,3400.0,10.118875503540039
2004-02-13,16.149999618530273,16.149999618530273,16.149999618530273,16.149999618530273,1000.0,10.118875503540039
2004-02-17,16.774999618530273,15.520000457763672,15.645000457763672,16.545000076293945,3600.0,10.366365432739258
2004-02-18,16.625,16.309999465942383,16.625,16.579999923706055,1200.0,10.38829517364502
2004-02-19,16.729999542236328,16.479999542236328,16.729999542236328,16.479999542236328,2200.0,10.325639724731445
2004-02-20,16.405000686645508,15.289999961853027,16.114999771118164,15.5,7000.0,9.7116117477417
2004-02-23,15.78499984741211,15.5,15.569999694824219,15.78499984741211,1200.0,9.890183448791504
2004-02-24,16.645000457763672,15.90999984741211,15.90999984741211,16.635000228881836,6600.0,10.422755241394043
2004-02-25,17.0,16.524999618530273,16.53499984741211,17.0,12000.0,10.651448249816895
2004-02-26,17.5,16.979999542236328,16.9950008392334,17.014999389648438,5600.0,10.660845756530762
2004-02-27,17.5,17.235000610351562,17.5,17.25,6600.0,10.808085441589355
2004-03-01,18.25,17.30500030517578,17.334999084472656,18.25,8800.0,11.434643745422363
2004-03-02,18.4950008392334,16.885000228881836,18.0,16.885000228881836,14000.0,10.579392433166504
2004-03-03,17.875,17.010000228881836,17.010000228881836,17.59000015258789,1000.0,11.021111488342285
2004-03-04,16.959999084472656,16.655000686645508,16.959999084472656,16.655000686645508,1800.0,10.465033531188965
2004-03-05,17.389999389648438,16.514999389648438,16.969999313354492,17.385000228881836,1600.0,10.923726081848145
2004-03-08,17.30500030517578,17.18000030517578,17.30500030517578,17.184999465942383,1600.0,10.798050880432129
2004-03-09,17.65999984741211,16.7549991607666,17.395000457763672,16.875,4800.0,10.603269577026367
2004-03-10,17.53499984741211,16.625,16.625,17.53499984741211,2000.0,11.017970085144043
2004-03-11,17.295000076293945,16.920000076293945,17.295000076293945,17.0,2200.0,10.68181324005127
2004-03-12,17.905000686645508,16.649999618530273,17.0,17.905000686645508,4200.0,11.250459671020508
2004-03-15,17.3700008392334,16.850000381469727,17.34000015258789,17.0,6000.0,10.68181324005127
2004-03-16,17.649999618530273,16.78499984741211,17.454999923706055,17.274999618530273,5200.0,10.854606628417969
2004-03-17,17.834999084472656,17.584999084472656,17.584999084472656,17.625,2800.0,11.074522972106934
2004-03-18,17.6299991607666,16.485000610351562,17.6299991607666,16.674999237060547,5000.0,10.4775972366333
2004-03-19,17.235000610351562,16.524999618530273,16.540000915527344,16.6299991607666,1400.0,10.449325561523438
2004-03-22,17.96500015258789,16.665000915527344,17.375,16.7549991607666,13000.0,10.527867317199707
2004-03-23,17.360000610351562,16.5,16.5,17.094999313354492,1800.0,10.74150276184082
2004-03-24,17.850000381469727,17.06999969482422,17.06999969482422,17.850000381469727,15000.0,11.215903282165527
2004-03-25,18.094999313354492,16.645000457763672,16.959999084472656,18.094999313354492,7000.0,11.369845390319824
2004-03-26,18.25,16.780000686645508,17.2549991607666,18.25,6000.0,11.46723747253418
2004-03-29,18.5,18.274999618530273,18.274999618530273,18.4950008392334,4400.0,11.621183395385742
2004-03-30,18.5,17.975000381469727,17.975000381469727,18.5,2200.0,11.624323844909668
2004-03-31,18.5,18.1200008392334,18.1200008392334,18.5,6600.0,11.624323844909668
2004-04-01,18.920000076293945,18.684999465942383,18.684999465942383,18.920000076293945,800.0,11.888222694396973
2004-04-02,19.094999313354492,18.15999984741211,18.65999984741211,19.020000457763672,8000.0,11.951064109802246
2004-04-05,19.1200008392334,18.645000457763672,19.100000381469727,18.645000457763672,6000.0,11.715435028076172
2004-04-06,18.8700008392334,17.875,18.799999237060547,18.645000457763672,3800.0,11.715435028076172
2004-04-07,19.049999237060547,18.200000762939453,18.200000762939453,18.739999771118164,3000.0,11.775121688842773
2004-04-08,18.725000381469727,17.924999237060547,17.924999237060547,18.71500015258789,600.0,11.759415626525879
2004-04-12,18.649999618530273,18.454999923706055,18.454999923706055,18.649999618530273,1200.0,11.718571662902832
2004-04-13,18.479999542236328,17.709999084472656,18.450000762939453,18.18000030517578,5600.0,11.42325210571289
2004-04-14,18.19499969482422,17.53499984741211,18.174999237060547,18.0,4800.0,11.310153007507324
2004-04-15,18.274999618530273,18.0,18.155000686645508,18.0,3800.0,11.310153007507324
2004-04-16,18.5,18.0,18.145000457763672,18.139999389648438,4000.0,11.398122787475586
2004-04-19,17.969999313354492,17.719999313354492,17.969999313354492,17.93000030517578,1400.0,11.266167640686035
2004-04-20,17.950000762939453,17.350000381469727,17.950000762939453,17.375,10400.0,10.917438507080078
2004-04-21,17.295000076293945,17.0049991607666,17.0049991607666,17.110000610351562,3400.0,10.75092887878418
2004-04-22,17.565000534057617,17.31999969482422,17.31999969482422,17.565000534057617,5000.0,11.036822319030762
2004-04-23,17.55500030517578,17.200000762939453,17.200000762939453,17.5,1600.0,10.995980262756348
2004-04-26,17.56999969482422,17.299999237060547,17.299999237060547,17.56999969482422,1600.0,11.03996753692627
2004-04-27,17.7450008392334,17.56999969482422,17.56999969482422,17.739999771118164,4000.0,11.146781921386719
2004-04-28,17.834999084472656,17.44499969482422,17.739999771118164,17.579999923706055,3000.0,11.046253204345703
2004-04-29,17.434999465942383,16.75,17.2549991607666,16.75,5400.0,10.524726867675781
2004-04-30,16.5,16.174999237060547,16.5,16.225000381469727,7400.0,10.194845199584961
2004-05-03,16.325000762939453,16.059999465942383,16.174999237060547,16.325000762939453,9600.0,10.257680892944336
2004-05-04,16.6200008392334,16.325000762939453,16.325000762939453,16.6200008392334,2800.0,10.443039894104004
2004-05-05,16.81999969482422,16.625,16.81999969482422,16.81999969482422,1600.0,10.568706512451172
2004-05-06,16.8799991607666,16.139999389648438,16.8799991607666,16.139999389648438,5600.0,10.141433715820312
2004-05-07,16.030000686645508,15.5,15.8100004196167,15.520000457763672,7400.0,9.751864433288574
2004-05-10,16.040000915527344,15.104999542236328,16.040000915527344,15.335000038146973,4000.0,9.635618209838867
2004-05-11,15.65999984741211,15.489999771118164,15.489999771118164,15.65999984741211,3600.0,9.83983039855957
2004-05-12,15.824999809265137,15.4399995803833,15.5,15.755000114440918,4800.0,9.899523735046387
2004-05-13,16.049999237060547,15.295000076293945,16.049999237060547,15.399999618530273,5400.0,9.676460266113281
2004-05-14,15.520000457763672,15.100000381469727,15.520000457763672,15.135000228881836,6600.0,9.509952545166016
2004-05-17,15.220000267028809,15.0,15.220000267028809,15.1850004196167,6400.0,9.54136848449707
2004-05-18,15.164999961853027,15.079999923706055,15.164999961853027,15.079999923706055,400.0,9.475391387939453
2004-05-19,15.395000457763672,15.010000228881836,15.335000038146973,15.010000228881836,4800.0,9.43140983581543
2004-05-20,15.15999984741211,15.005000114440918,15.0649995803833,15.135000228881836,14200.0,9.509952545166016
2004-05-21,15.454999923706055,15.1899995803833,15.194999694824219,15.454999923706055,8200.0,9.71102237701416
2004-05-24,15.460000038146973,15.454999923706055,15.454999923706055,15.454999923706055,2400.0,9.71102237701416
2004-05-25,16.5,15.75,15.75,16.5,7200.0,10.367637634277344
2004-05-26,16.875,16.56999969482422,16.56999969482422,16.665000915527344,7800.0,10.471315383911133
2004-05-27,16.985000610351562,16.514999389648438,16.985000610351562,16.549999237060547,2600.0,10.433493614196777
2004-05-28,16.549999237060547,16.549999237060547,16.549999237060547,16.549999237060547,0.0,10.433493614196777
2004-06-01,17.3700008392334,16.735000610351562,16.8700008392334,17.110000610351562,8600.0,10.786530494689941
2004-06-02,17.80500030517578,17.024999618530273,17.405000686645508,17.770000457763672,2200.0,11.202601432800293
2004-06-03,17.924999237060547,17.46500015258789,17.46500015258789,17.829999923706055,4600.0,11.240431785583496
2004-06-04,17.985000610351562,17.55500030517578,17.719999313354492,17.704999923706055,9800.0,11.161626815795898
2004-06-07,18.739999771118164,17.899999618530273,17.9950008392334,18.739999771118164,13200.0,11.814114570617676
2004-06-08,19.0,18.6299991607666,18.6299991607666,18.75,13800.0,11.820418357849121
2004-06-09,18.854999542236328,18.510000228881836,18.854999542236328,18.540000915527344,2000.0,11.688036918640137
2004-06-10,18.834999084472656,18.3799991607666,18.6200008392334,18.770000457763672,14800.0,11.833029747009277
2004-06-14,18.274999618530273,17.979999542236328,18.274999618530273,17.979999542236328,17200.0,11.334993362426758
2004-06-15,17.7549991607666,17.0,17.639999389648438,17.030000686645508,17000.0,10.736096382141113
2004-06-16,17.149999618530273,16.875,16.875,17.024999618530273,3000.0,10.732942581176758
2004-06-17,17.5,16.735000610351562,17.375,17.415000915527344,7600.0,10.978809356689453
2004-06-18,17.625,16.799999237060547,17.184999465942383,16.799999237060547,16200.0,10.591096878051758
2004-06-21,17.614999771118164,16.875,17.614999771118164,17.334999084472656,1200.0,10.928373336791992
2004-06-22,17.329999923706055,16.315000534057617,17.329999923706055,16.454999923706055,14400.0,10.3735990524292
2004-06-23,16.905000686645508,16.415000915527344,16.645000457763672,16.415000915527344,5200.0,10.348384857177734
2004-06-24,17.0,16.5,17.0,16.799999237060547,5400.0,10.591096878051758
2004-06-25,17.059999465942383,16.309999465942383,16.75,16.329999923706055,80600.0,10.29479694366455
2004-06-28,17.084999084472656,16.424999237060547,16.670000076293945,16.815000534057617,8600.0,10.600550651550293
2004-06-29,17.290000915527344,16.2549991607666,16.81999969482422,17.104999542236328,4000.0,10.783373832702637
2004-06-30,17.28499984741211,16.885000228881836,16.895000457763672,16.954999923706055,2200.0,10.688813209533691
2004-07-01,16.649999618530273,16.309999465942383,16.649999618530273,16.309999465942383,4800.0,10.282188415527344
2004-07-02,16.69499969482422,16.34000015258789,16.53499984741211,16.399999618530273,5200.0,10.3389253616333
2004-07-06,16.655000686645508,16.2450008392334,16.325000762939453,16.645000457763672,3200.0,10.493377685546875
2004-07-07,16.729999542236328,16.225000381469727,16.225000381469727,16.729999542236328,4400.0,10.546968460083008
2004-07-08,16.729999542236328,16.325000762939453,16.729999542236328,16.434999465942383,9800.0,10.360991477966309
2004-07-09,16.4950008392334,16.344999313354492,16.344999313354492,16.40999984741211,3400.0,10.345230102539062
2004-07-12,16.5,16.475000381469727,16.475000381469727,16.5,2200.0,10.401970863342285
2004-07-13,16.5,16.264999389648438,16.290000915527344,16.405000686645508,1400.0,10.342080116271973
2004-07-14,17.059999465942383,17.040000915527344,17.059999465942383,17.045000076293945,1400.0,10.7455472946167
2004-07-15,16.440000534057617,16.440000534057617,16.440000534057617,16.440000534057617,1000.0,10.364143371582031
2004-07-16,16.53499984741211,16.315000534057617,16.325000762939453,16.5049991607666,4200.0,10.405119895935059
2004-07-19,17.290000915527344,16.725000381469727,16.899999618530273,17.290000915527344,3800.0,10.90000057220459
2004-07-20,17.375,17.0,17.375,17.0,4000.0,10.717182159423828
2004-07-21,17.375,16.614999771118164,17.375,16.614999771118164,5200.0,10.474468231201172
2004-07-22,17.385000228881836,16.350000381469727,17.385000228881836,16.5,5400.0,10.401970863342285
2004-07-23,16.5,16.34000015258789,16.360000610351562,16.5,9600.0,10.401970863342285
2004-07-26,16.575000762939453,16.014999389648438,16.5,16.014999389648438,9000.0,10.096220016479492
2004-07-27,16.264999389648438,15.869999885559082,16.25,15.975000381469727,12800.0,10.07099723815918
2004-07-28,15.755000114440918,15.045000076293945,15.755000114440918,15.5,14600.0,9.771547317504883
2004-07-29,15.550000190734863,15.225000381469727,15.550000190734863,15.494999885559082,13000.0,9.768393516540527
2004-07-30,15.494999885559082,15.380000114440918,15.399999618530273,15.449999809265137,5200.0,9.74002742767334
2004-08-02,15.449999809265137,15.199999809265137,15.305000305175781,15.449999809265137,13000.0,9.74002742767334
2004-08-03,15.529999732971191,15.329999923706055,15.5,15.380000114440918,9600.0,9.695895195007324
2004-08-04,15.404999732971191,15.25,15.25,15.404999732971191,600.0,9.711655616760254
2004-08-05,15.385000228881836,14.994999885559082,15.149999618530273,14.994999885559082,4000.0,9.453182220458984
2004-08-06,15.425000190734863,15.0,15.300000190734863,15.0,24600.0,9.456338882446289
2004-08-09,15.0,14.859999656677246,14.984999656677246,14.875,2400.0,9.377535820007324
2004-08-10,15.0,14.854999542236328,14.944999694824219,14.885000228881836,2600.0,9.383837699890137
2004-08-11,15.0,14.739999771118164,14.845000267028809,15.0,44600.0,9.456338882446289
2004-08-12,15.114999771118164,14.960000038146973,14.96500015258789,15.114999771118164,1400.0,9.528834342956543
2004-08-13,15.279999732971191,15.020000457763672,15.175000190734863,15.100000381469727,7600.0,9.519376754760742
2004-08-16,15.489999771118164,15.114999771118164,15.454999923706055,15.395000457763672,15200.0,9.705354690551758
2004-08-17,15.414999961853027,15.125,15.3100004196167,15.300000190734863,33200.0,9.645463943481445
2004-08-18,15.289999961853027,15.005000114440918,15.289999961853027,15.25,2200.0,9.613940238952637
2004-08-19,15.25,15.25,15.25,15.25,600.0,9.613940238952637
2004-08-20,15.5,15.244999885559082,15.5,15.460000038146973,3000.0,9.746333122253418
2004-08-23,15.880000114440918,15.725000381469727,15.725000381469727,15.880000114440918,1200.0,10.011106491088867
2004-08-24,16.135000228881836,16.0049991607666,16.0049991607666,16.135000228881836,400.0,10.17186450958252
2004-08-25,16.25,16.155000686645508,16.25,16.25,5000.0,10.244362831115723
2004-08-26,16.440000534057617,16.235000610351562,16.235000610351562,16.2549991607666,37800.0,10.247517585754395
2004-08-27,17.0,16.5,16.674999237060547,16.954999923706055,9200.0,10.688813209533691
2004-08-30,17.25,16.934999465942383,17.25,16.9950008392334,5800.0,10.748895645141602
2004-08-31,16.75,16.610000610351562,16.75,16.6200008392334,1600.0,10.51172161102295
2004-09-01,17.844999313354492,16.2549991607666,16.799999237060547,17.014999389648438,12400.0,10.761543273925781
2004-09-02,17.264999389648438,16.924999237060547,16.924999237060547,16.969999313354492,8000.0,10.73308277130127
2004-09-03,17.625,16.959999084472656,17.440000534057617,17.55500030517578,14400.0,11.103082656860352
2004-09-07,17.75,17.21500015258789,17.75,17.28499984741211,9200.0,10.932317733764648
2004-09-08,17.725000381469727,17.174999237060547,17.299999237060547,17.299999237060547,8800.0,10.941800117492676
2004-09-09,17.725000381469727,17.024999618530273,17.190000534057617,17.725000381469727,3000.0,11.210604667663574
2004-09-10,17.7450008392334,17.209999084472656,17.6299991607666,17.7450008392334,6800.0,11.223255157470703
2004-09-13,18.375,17.75,17.75,18.190000534057617,17400.0,11.504701614379883
2004-09-14,18.469999313354492,17.905000686645508,17.905000686645508,18.190000534057617,7800.0,11.504701614379883
2004-09-15,18.450000762939453,17.90999984741211,18.110000610351562,18.450000762939453,9400.0,11.669146537780762
2004-09-16,18.415000915527344,18.0,18.0,18.415000915527344,12600.0,11.64700984954834
2004-09-17,18.5,18.03499984741211,18.5,18.350000381469727,14400.0,11.605897903442383
2004-09-20,18.395000457763672,17.979999542236328,17.979999542236328,18.139999389648438,7800.0,11.473077774047852
2004-09-21,18.479999542236328,18.1299991607666,18.139999389648438,18.43000030517578,2600.0,11.656497955322266
2004-09-22,18.329999923706055,18.075000762939453,18.145000457763672,18.239999771118164,6200.0,11.53632926940918
2004-09-23,18.3799991607666,18.200000762939453,18.25,18.200000762939453,1600.0,11.511025428771973
2004-09-24,18.25,18.25,18.25,18.25,15000.0,11.542652130126953
2004-09-27,18.514999389648438,18.1200008392334,18.514999389648438,18.219999313354492,7400.0,11.523676872253418
2004-09-28,18.094999313354492,18.049999237060547,18.049999237060547,18.049999237060547,5000.0,11.416154861450195
2004-09-29,18.434999465942383,18.059999465942383,18.075000762939453,18.43000030517578,4200.0,11.656497955322266
2004-09-30,18.5,18.219999313354492,18.219999313354492,18.5,1200.0,11.700773239135742
2004-10-01,18.625,18.21500015258789,18.21500015258789,18.5,7400.0,11.700773239135742
2004-10-04,18.850000381469727,18.594999313354492,18.594999313354492,18.75,7600.0,11.858887672424316
2004-10-05,18.875,18.739999771118164,18.875,18.739999771118164,2600.0,11.852563858032227
2004-10-06,19.489999771118164,18.7450008392334,18.7450008392334,19.30500030517578,20800.0,12.20991325378418
2004-10-07,19.0,18.90999984741211,19.0,18.950000762939453,3400.0,11.985384941101074
2004-10-08,19.024999618530273,18.579999923706055,19.024999618530273,18.579999923706055,3800.0,11.75136947631836
2004-10-11,18.520000457763672,18.0049991607666,18.0049991607666,18.520000457763672,6200.0,11.713424682617188
2004-10-12,18.575000762939453,18.114999771118164,18.34000015258789,18.575000762939453,1800.0,11.748208045959473
2004-10-13,18.75,18.385000228881836,18.385000228881836,18.690000534057617,12400.0,11.820940971374512
2004-10-14,18.709999084472656,18.395000457763672,18.610000610351562,18.709999084472656,2600.0,11.833586692810059
2004-10-15,18.8700008392334,18.225000381469727,18.225000381469727,18.8700008392334,1200.0,11.934788703918457
2004-10-18,18.875,18.479999542236328,18.479999542236328,18.8700008392334,1800.0,11.934788703918457
2004-10-19,18.790000915527344,18.559999465942383,18.559999465942383,18.655000686645508,1200.0,11.798802375793457
2004-10-20,18.809999465942383,18.2450008392334,18.739999771118164,18.809999465942383,5200.0,11.896835327148438
2004-10-21,18.9950008392334,18.71500015258789,18.799999237060547,18.71500015258789,4800.0,11.836752891540527
2004-10-22,19.014999389648438,18.420000076293945,18.7450008392334,18.78499984741211,3200.0,11.881021499633789
2004-10-25,19.204999923706055,18.59000015258789,18.59000015258789,19.18000030517578,3000.0,12.130855560302734
2004-10-26,19.5,19.075000762939453,19.075000762939453,19.260000228881836,3600.0,12.181448936462402
2004-10-27,19.485000610351562,19.479999542236328,19.479999542236328,19.485000610351562,1600.0,12.323759078979492
2004-10-28,19.485000610351562,19.350000381469727,19.350000381469727,19.485000610351562,9600.0,12.323759078979492
2004-10-29,19.485000610351562,19.1200008392334,19.1200008392334,19.299999237060547,5200.0,12.206745147705078
2004-11-01,19.485000610351562,19.170000076293945,19.395000457763672,19.485000610351562,4800.0,12.323759078979492
2004-11-02,19.5,19.065000534057617,19.485000610351562,19.075000762939453,4800.0,12.064443588256836
2004-11-03,19.440000534057617,18.575000762939453,18.575000762939453,18.899999618530273,9000.0,11.953758239746094
2004-11-04,19.299999237060547,19.25,19.299999237060547,19.25,4600.0,12.175127029418945
2004-11-05,19.375,19.25,19.375,19.264999389648438,6400.0,12.184611320495605
2004-11-08,19.3700008392334,19.25,19.25,19.25,10600.0,12.175127029418945
2004-11-09,19.334999084472656,19.25,19.299999237060547,19.25,4200.0,12.175127029418945
2004-11-10,19.389999389648438,19.260000228881836,19.334999084472656,19.315000534057617,3400.0,12.216235160827637
2004-11-11,20.139999389648438,19.450000762939453,19.450000762939453,20.139999389648438,4600.0,12.738029479980469
2004-11-12,20.450000762939453,20.15999984741211,20.15999984741211,20.450000762939453,3200.0,12.93409538269043
2004-11-15,20.450000762939453,20.174999237060547,20.174999237060547,20.450000762939453,4000.0,12.93409538269043
2004-11-16,20.385000228881836,19.989999771118164,19.989999771118164,20.104999542236328,2400.0,12.715888977050781
2004-11-17,20.46500015258789,19.809999465942383,20.450000762939453,20.18000030517578,4400.0,12.763325691223145
2004-11-18,20.155000686645508,19.145000457763672,19.5,20.020000457763672,6200.0,12.662128448486328
2004-11-19,20.264999389648438,19.364999771118164,20.065000534057617,19.364999771118164,1800.0,12.247859001159668
2004-11-22,20.274999618530273,19.799999237060547,19.799999237060547,20.135000228881836,6400.0,12.734865188598633
2004-11-23,20.354999542236328,20.049999237060547,20.354999542236328,20.200000762939453,1600.0,12.775975227355957
2004-11-24,20.65999984741211,20.415000915527344,20.415000915527344,20.65999984741211,2800.0,13.066911697387695
2004-11-26,20.75,20.5,20.5,20.5049991607666,5400.0,12.968878746032715
2004-11-29,20.5,20.25,20.479999542236328,20.4950008392334,2600.0,12.997418403625488
2004-11-30,20.5,20.170000076293945,20.170000076293945,20.260000228881836,1000.0,12.848387718200684
2004-12-01,20.5,20.385000228881836,20.5,20.424999237060547,5400.0,12.953025817871094
2004-12-02,20.420000076293945,20.219999313354492,20.219999313354492,20.34000015258789,4000.0,12.899116516113281
2004-12-03,20.30500030517578,20.020000457763672,20.225000381469727,20.239999771118164,5200.0,12.835701942443848
2004-12-06,20.290000915527344,19.684999465942383,19.684999465942383,20.2450008392334,5200.0,12.838875770568848
2004-12-07,20.264999389648438,19.524999618530273,19.524999618530273,19.889999389648438,13600.0,12.613743782043457
2004-12-08,20.219999313354492,19.979999542236328,19.9950008392334,20.219999313354492,2200.0,12.823022842407227
2004-12-09,20.229999542236328,19.764999389648438,19.764999389648438,19.969999313354492,2000.0,12.664474487304688
2004-12-10,20.174999237060547,19.920000076293945,20.174999237060547,19.920000076293945,2200.0,12.63276481628418
2004-12-13,20.684999465942383,19.594999313354492,20.30500030517578,20.684999465942383,16200.0,13.117911338806152
2004-12-14,20.854999542236328,20.514999389648438,20.524999618530273,20.854999542236328,8400.0,13.22571849822998
2004-12-15,20.969999313354492,20.25,20.25,20.969999313354492,2400.0,13.298646926879883
2004-12-16,20.850000381469727,20.575000762939453,20.850000381469727,20.80500030517578,123600.0,13.194015502929688
2004-12-17,21.024999618530273,20.5,20.5,21.024999618530273,4800.0,13.333529472351074
2004-12-20,21.299999237060547,21.125,21.1299991607666,21.145000457763672,4000.0,13.409634590148926
2004-12-21,21.364999771118164,21.065000534057617,21.299999237060547,21.364999771118164,9800.0,13.549147605895996
2004-12-22,22.0,21.600000381469727,21.600000381469727,21.825000762939453,4800.0,13.840873718261719
2004-12-23,21.825000762939453,21.825000762939453,21.825000762939453,21.825000762939453,0.0,13.840873718261719
2004-12-27,22.170000076293945,21.93000030517578,22.0,22.0,5000.0,13.951851844787598
2004-12-28,22.5,22.100000381469727,22.100000381469727,22.5,8600.0,14.268939971923828
2004-12-29,22.530000686645508,22.2549991607666,22.530000686645508,22.2549991607666,800.0,14.113560676574707
2004-12-30,22.2549991607666,21.93000030517578,22.2549991607666,21.975000381469727,3200.0,13.935995101928711
2004-12-31,22.19499969482422,21.565000534057617,21.895000457763672,21.704999923706055,11600.0,13.76476764678955
2005-01-03,22.395000457763672,21.5,22.389999389648438,21.700000762939453,8200.0,13.761602401733398
2005-01-04,22.415000915527344,21.655000686645508,22.415000915527344,22.110000610351562,3400.0,14.02160930633545
2005-01-05,22.100000381469727,21.549999237060547,21.549999237060547,21.725000381469727,2600.0,13.777460098266602
2005-01-06,21.93000030517578,21.469999313354492,21.5,21.75,2400.0,13.793304443359375
2005-01-07,21.809999465942383,21.25,21.25,21.684999465942383,5000.0,13.75208568572998
2005-01-10,22.5,21.8700008392334,21.8700008392334,22.264999389648438,16800.0,14.11990737915039
2005-01-11,22.200000762939453,21.850000381469727,22.190000534057617,22.125,1800.0,14.031121253967285
2005-01-12,22.09000015258789,21.559999465942383,21.559999465942383,22.09000015258789,7400.0,14.008927345275879
2005-01-13,22.34000015258789,21.774999618530273,22.34000015258789,21.78499984741211,12400.0,13.815507888793945
2005-01-14,22.059999465942383,21.40999984741211,21.53499984741211,22.059999465942383,6200.0,13.989898681640625
2005-01-18,22.479999542236328,22.104999542236328,22.34000015258789,22.30500030517578,10400.0,14.145275115966797
2005-01-19,22.375,21.875,22.375,22.290000915527344,7000.0,14.135767936706543
2005-01-20,22.0049991607666,21.655000686645508,21.670000076293945,21.959999084472656,4400.0,13.926482200622559
2005-01-21,21.625,21.625,21.625,21.625,3400.0,13.714035987854004
2005-01-24,21.625,21.5,21.5,21.5049991607666,1600.0,13.637938499450684
2005-01-25,21.344999313354492,21.274999618530273,21.274999618530273,21.344999313354492,600.0,13.536460876464844
2005-01-26,21.5,21.375,21.40999984741211,21.5,5200.0,13.63476848602295
2005-01-27,21.975000381469727,21.6200008392334,21.735000610351562,21.934999465942383,1800.0,13.910630226135254
2005-01-28,21.75,21.469999313354492,21.700000762939453,21.65999984741211,2600.0,13.73622989654541
2005-01-31,22.25,21.375,21.969999313354492,21.700000762939453,16800.0,13.761602401733398
2005-02-01,22.354999542236328,22.0,22.350000381469727,22.045000076293945,34600.0,13.980386734008789
2005-02-02,22.329999923706055,21.875,22.329999923706055,21.875,26800.0,13.872581481933594
2005-02-03,22.235000610351562,21.575000762939453,21.575000762939453,22.09000015258789,5800.0,14.008927345275879
2005-02-04,22.25,22.020000457763672,22.25,22.100000381469727,7800.0,14.015273094177246
2005-02-07,22.229999542236328,21.93000030517578,22.125,21.975000381469727,18000.0,13.935995101928711
2005-02-08,22.079999923706055,21.895000457763672,22.024999618530273,21.895000457763672,3400.0,13.885261535644531
2005-02-09,21.875,21.635000228881836,21.844999313354492,21.7549991607666,15200.0,13.796477317810059
2005-02-10,21.985000610351562,21.575000762939453,21.575000762939453,21.975000381469727,4800.0,13.935995101928711
2005-02-11,22.19499969482422,21.825000762939453,21.834999084472656,22.049999237060547,18400.0,13.983560562133789
2005-02-14,22.25,21.69499969482422,22.25,22.200000762939453,7000.0,14.096270561218262
2005-02-15,22.325000762939453,21.799999237060547,22.204999923706055,22.03499984741211,10800.0,13.991498947143555
2005-02-16,22.350000381469727,21.899999618530273,22.229999542236328,22.170000076293945,40800.0,14.077220916748047
2005-02-17,22.299999237060547,22.079999923706055,22.100000381469727,22.299999237060547,9600.0,14.159760475158691
2005-02-18,22.3700008392334,22.065000534057617,22.3700008392334,22.065000534057617,2000.0,14.010540962219238
2005-02-22,22.350000381469727,21.885000228881836,22.350000381469727,21.959999084472656,9200.0,13.943873405456543
2005-02-23,22.375,21.920000076293945,22.0,22.375,7400.0,14.20738697052002
2005-02-24,22.350000381469727,21.834999084472656,22.344999313354492,22.0,8000.0,13.969273567199707
2005-02-25,22.25,21.864999771118164,22.25,22.075000762939453,10200.0,14.01689624786377
2005-02-28,22.065000534057617,21.93000030517578,22.045000076293945,21.975000381469727,7800.0,13.95339584350586
2005-03-01,22.049999237060547,21.799999237060547,21.924999237060547,21.924999237060547,99600.0,13.921656608581543
2005-03-02,22.200000762939453,21.80500030517578,21.80500030517578,22.174999237060547,4000.0,14.08039379119873
2005-03-03,22.25,22.024999618530273,22.149999618530273,22.25,10800.0,14.128010749816895
2005-03-04,22.25,22.25,22.25,22.25,0.0,14.128010749816895
2005-03-07,22.350000381469727,22.09000015258789,22.350000381469727,22.30500030517578,2000.0,14.162940979003906
2005-03-08,22.350000381469727,21.975000381469727,22.280000686645508,22.0,8000.0,13.969273567199707
2005-03-09,22.030000686645508,21.674999237060547,21.68000030517578,21.875,2600.0,13.889910697937012
2005-03-10,21.899999618530273,21.829999923706055,21.895000457763672,21.829999923706055,1000.0,13.86133098602295
2005-03-11,22.125,21.68000030517578,22.125,21.850000381469727,6400.0,13.874024391174316
2005-03-14,22.155000686645508,21.565000534057617,21.565000534057617,21.985000610351562,11800.0,13.95975112915039
2005-03-15,21.924999237060547,21.774999618530273,21.774999618530273,21.864999771118164,1600.0,13.883553504943848
2005-03-16,21.989999771118164,21.75,21.989999771118164,21.790000915527344,2600.0,13.83592700958252
2005-03-17,22.0,21.844999313354492,22.0,22.0,4600.0,13.969273567199707
2005-03-18,21.780000686645508,21.575000762939453,21.780000686645508,21.780000686645508,17800.0,13.82958698272705
2005-03-21,21.579999923706055,21.575000762939453,21.575000762939453,21.575000762939453,2000.0,13.69941520690918
2005-03-22,21.875,21.575000762939453,21.81999969482422,21.600000381469727,8000.0,13.715287208557129
2005-03-23,22.049999237060547,21.575000762939453,21.725000381469727,22.049999237060547,21200.0,14.001022338867188
2005-03-24,22.0,21.600000381469727,22.0,22.0,20400.0,13.969273567199707
2005-03-28,22.049999237060547,21.725000381469727,22.045000076293945,21.969999313354492,6600.0,13.950225830078125
2005-03-29,22.024999618530273,21.875,22.0,21.979999542236328,7800.0,13.956570625305176
2005-03-30,21.954999923706055,21.75,21.940000534057617,21.760000228881836,2000.0,13.81688404083252
2005-03-31,21.950000762939453,21.625,21.625,21.889999389648438,15200.0,13.899432182312012
2005-04-01,21.8700008392334,21.424999237060547,21.625,21.6200008392334,5200.0,13.727986335754395
2005-04-04,21.950000762939453,20.079999923706055,21.950000762939453,20.5,27600.0,13.016820907592773
2005-04-05,20.829999923706055,20.510000228881836,20.649999618530273,20.829999923706055,7800.0,13.226362228393555
2005-04-06,21.170000076293945,20.389999389648438,21.170000076293945,20.639999389648438,1200.0,13.10571575164795
2005-04-07,21.25,18.969999313354492,21.149999618530273,19.790000915527344,16000.0,12.565999031066895
2005-04-08,19.700000762939453,18.770000457763672,19.700000762939453,18.809999465942383,15200.0,11.943726539611816
2005-04-11,19.389999389648438,18.520000457763672,19.0,18.6200008392334,13700.0,11.823086738586426
2005-04-12,18.969999313354492,18.030000686645508,18.510000228881836,18.59000015258789,9000.0,11.804036140441895
2005-04-13,18.5,18.1299991607666,18.1299991607666,18.5,5400.0,11.74688720703125
2005-04-14,18.270000457763672,18.260000228881836,18.260000228881836,18.270000457763672,2600.0,11.600849151611328
2005-04-15,18.540000915527344,18.170000076293945,18.540000915527344,18.25,4300.0,11.588146209716797
2005-04-18,18.549999237060547,18.3799991607666,18.3799991607666,18.520000457763672,4300.0,11.759586334228516
2005-04-19,18.459999084472656,18.049999237060547,18.149999618530273,18.049999237060547,8300.0,11.461153984069824
2005-04-20,18.5,18.06999969482422,18.06999969482422,18.200000762939453,7600.0,11.556397438049316
2005-04-21,18.43000030517578,18.010000228881836,18.43000030517578,18.1200008392334,7400.0,11.505599975585938
2005-04-22,20.0,18.170000076293945,18.170000076293945,20.0,11600.0,12.69934368133545
2005-04-25,19.0,17.950000762939453,19.0,18.290000915527344,30500.0,11.613546371459961
2005-04-26,18.299999237060547,17.760000228881836,18.299999237060547,18.0,14200.0,11.429400444030762
2005-04-27,18.5,18.0,18.0,18.5,4600.0,11.74688720703125
2005-04-28,18.389999389648438,18.100000381469727,18.260000228881836,18.100000381469727,6000.0,11.492900848388672
2005-04-29,18.809999465942383,18.0,18.030000686645508,18.399999618530273,7300.0,11.683391571044922
2005-05-02,18.709999084472656,18.399999618530273,18.399999618530273,18.709999084472656,4300.0,11.880231857299805
2005-05-03,18.969999313354492,18.700000762939453,18.719999313354492,18.950000762939453,4500.0,12.03262710571289
2005-05-04,19.350000381469727,19.0,19.0,19.280000686645508,3400.0,12.24216365814209
2005-05-05,19.43000030517578,19.110000610351562,19.170000076293945,19.399999618530273,5600.0,12.318358421325684
2005-05-06,19.5,19.0,19.5,19.09000015258789,4300.0,12.121522903442383
2005-05-09,19.0,18.600000381469727,18.600000381469727,19.0,2300.0,12.064369201660156
2005-05-10,19.0,18.139999389648438,19.0,18.420000076293945,14500.0,11.69609260559082
2005-05-11,18.6299991607666,18.0,18.25,18.6299991607666,8700.0,11.829437255859375
2005-05-12,18.65999984741211,18.0,18.65999984741211,18.139999389648438,6000.0,11.518301010131836
2005-05-13,18.309999465942383,18.06999969482422,18.280000686645508,18.06999969482422,2300.0,11.473855972290039
2005-05-16,18.5,18.079999923706055,18.079999923706055,18.31999969482422,13000.0,11.63259506225586
2005-05-17,18.5,18.290000915527344,18.31999969482422,18.290000915527344,5900.0,11.613546371459961
2005-05-18,19.239999771118164,18.43000030517578,18.600000381469727,18.959999084472656,20700.0,12.038971900939941
2005-05-19,19.34000015258789,19.020000457763672,19.34000015258789,19.049999237060547,2500.0,12.096122741699219
2005-05-20,19.25,18.729999542236328,19.049999237060547,19.25,7300.0,12.22311782836914
2005-05-23,18.979999542236328,18.8700008392334,18.8799991607666,18.8700008392334,4700.0,11.98182487487793
2005-05-24,18.719999313354492,18.559999465942383,18.68000030517578,18.610000610351562,3900.0,11.816734313964844
2005-05-25,18.75,18.5,18.610000610351562,18.670000076293945,7000.0,11.854832649230957
2005-05-26,18.739999771118164,18.170000076293945,18.5,18.440000534057617,17200.0,11.708791732788086
2005-05-27,19.149999618530273,18.700000762939453,18.700000762939453,19.110000610351562,12000.0,12.180459022521973
2005-05-31,19.25,19.1299991607666,19.200000762939453,19.190000534057617,4800.0,12.231454849243164
2005-06-01,19.25,19.18000030517578,19.200000762939453,19.25,8000.0,12.269689559936523
2005-06-02,19.229999542236328,18.670000076293945,19.18000030517578,19.030000686645508,5700.0,12.129464149475098
2005-06-03,19.25,18.729999542236328,19.25,18.799999237060547,5700.0,11.982866287231445
2005-06-06,18.649999618530273,18.299999237060547,18.3799991607666,18.649999618530273,5600.0,11.887258529663086
2005-06-07,19.229999542236328,18.940000534057617,19.229999542236328,18.940000534057617,2200.0,12.072103500366211
2005-06-08,19.25,18.989999771118164,19.25,19.030000686645508,4100.0,12.129464149475098
2005-06-09,19.059999465942383,18.420000076293945,18.700000762939453,19.059999465942383,16000.0,12.14858627319336
2005-06-10,20.0,18.709999084472656,18.75,19.8700008392334,11600.0,12.664871215820312
2005-06-13,21.5,20.0,20.0,21.010000228881836,21000.0,13.39149284362793
2005-06-14,21.670000076293945,21.100000381469727,21.459999084472656,21.290000915527344,9900.0,13.56995677947998
2005-06-15,21.440000534057617,20.309999465942383,20.309999465942383,21.25,4600.0,13.544463157653809
2005-06-16,21.049999237060547,20.5,20.75,20.889999389648438,6500.0,13.31500244140625
2005-06-17,20.93000030517578,19.399999618530273,20.709999084472656,19.600000381469727,28600.0,12.492774963378906
2005-06-20,20.309999465942383,19.889999389648438,19.889999389648438,20.100000381469727,1500.0,12.811470985412598
2005-06-21,20.700000762939453,20.010000228881836,20.219999313354492,20.540000915527344,3800.0,13.091915130615234
2005-06-22,20.75,20.59000015258789,20.700000762939453,20.59000015258789,1500.0,13.123790740966797
2005-06-23,20.40999984741211,19.93000030517578,20.399999618530273,19.93000030517578,2700.0,12.703117370605469
2005-06-24,20.25,18.68000030517578,19.90999984741211,19.489999771118164,28900.0,12.422659873962402
2005-06-27,20.25,18.899999618530273,20.25,19.420000076293945,1900.0,12.378047943115234
2005-06-28,20.190000534057617,19.809999465942383,19.809999465942383,20.049999237060547,4000.0,12.779600143432617
2005-06-29,20.049999237060547,19.829999923706055,20.049999237060547,20.0,4100.0,12.747734069824219
2005-06-30,20.25,19.43000030517578,20.0,19.709999084472656,14400.0,12.562888145446777
2005-07-01,20.25,19.950000762939453,20.25,20.200000762939453,1500.0,12.875207901000977
2005-07-05,20.8799991607666,19.989999771118164,20.25,20.829999923706055,5300.0,13.276762008666992
2005-07-06,20.940000534057617,20.649999618530273,20.940000534057617,20.649999618530273,2800.0,13.162036895751953
2005-07-07,20.799999237060547,20.350000381469727,20.649999618530273,20.350000381469727,3800.0,12.970816612243652
2005-07-08,21.399999618530273,20.5,20.5,21.239999771118164,12300.0,13.53808879852295
2005-07-11,22.700000762939453,21.459999084472656,21.459999084472656,22.700000762939453,5600.0,14.46867561340332
2005-07-12,23.899999618530273,22.489999771118164,22.489999771118164,23.850000381469727,3300.0,15.201664924621582
2005-07-13,23.450000762939453,22.670000076293945,23.450000762939453,22.670000076293945,3900.0,14.449554443359375
2005-07-14,22.799999237060547,20.15999984741211,22.799999237060547,21.290000915527344,14800.0,13.56995677947998
2005-07-15,21.940000534057617,20.770000457763672,20.770000457763672,21.3799991607666,8000.0,13.627326965332031
2005-07-18,21.350000381469727,21.1200008392334,21.260000228881836,21.1200008392334,2100.0,13.461605072021484
2005-07-19,21.059999465942383,20.940000534057617,20.950000762939453,21.059999465942383,1800.0,13.423360824584961
2005-07-20,22.5,21.1299991607666,21.219999313354492,22.5,9500.0,14.341197967529297
2005-07-21,23.06999969482422,22.350000381469727,22.979999542236328,22.709999084472656,4100.0,14.475045204162598
2005-07-22,23.0,22.5,22.899999618530273,22.979999542236328,5600.0,14.647139549255371
2005-07-25,23.049999237060547,22.5,23.0,23.0,5200.0,14.659892082214355
2005-07-26,23.0,22.799999237060547,22.809999465942383,23.0,3000.0,14.659892082214355
2005-07-27,23.049999237060547,22.0,23.049999237060547,22.399999618530273,5300.0,14.277456283569336
2005-07-28,23.25,22.200000762939453,22.399999618530273,22.850000381469727,5800.0,14.564289093017578
2005-07-29,23.549999237060547,22.709999084472656,23.299999237060547,23.010000228881836,5800.0,14.666259765625
2005-08-01,23.600000381469727,22.399999618530273,23.149999618530273,23.600000381469727,6000.0,15.042323112487793
2005-08-02,22.510000228881836,21.020000457763672,22.510000228881836,21.06999969482422,23800.0,13.429733276367188
2005-08-03,21.510000228881836,21.200000762939453,21.43000030517578,21.489999771118164,10600.0,13.697437286376953
2005-08-04,21.5,20.950000762939453,21.5,20.950000762939453,2600.0,13.35324764251709
2005-08-05,21.450000762939453,19.049999237060547,21.450000762939453,19.350000381469727,10200.0,12.333427429199219
2005-08-08,19.459999084472656,19.0,19.260000228881836,19.170000076293945,3300.0,12.218697547912598
2005-08-09,19.25,18.600000381469727,19.040000915527344,19.239999771118164,12500.0,12.263319969177246
2005-08-10,19.360000610351562,18.790000915527344,19.25,19.139999389648438,7200.0,12.199583053588867
2005-08-11,19.6200008392334,19.139999389648438,19.139999389648438,19.6200008392334,5000.0,12.505528450012207
2005-08-12,20.899999618530273,19.0,19.280000686645508,20.889999389648438,9400.0,13.31500244140625
2005-08-15,21.110000610351562,20.25,21.110000610351562,20.600000381469727,3900.0,13.130163192749023
2005-08-16,20.309999465942383,19.170000076293945,20.309999465942383,19.170000076293945,15100.0,12.218697547912598
2005-08-17,19.68000030517578,19.0,19.299999237060547,19.209999084472656,5000.0,12.244192123413086
2005-08-18,19.25,18.899999618530273,19.049999237060547,18.899999618530273,6900.0,12.046602249145508
2005-08-19,19.229999542236328,18.850000381469727,18.850000381469727,19.219999313354492,3200.0,12.250568389892578
2005-08-22,19.540000915527344,19.079999923706055,19.079999923706055,19.110000610351562,1300.0,12.180459022521973
2005-08-23,19.969999313354492,19.360000610351562,19.809999465942383,19.969999313354492,7800.0,12.728610038757324
2005-08-24,20.209999084472656,19.729999542236328,20.209999084472656,19.899999618530273,1500.0,12.683993339538574
2005-08-25,20.350000381469727,20.190000534057617,20.190000534057617,20.350000381469727,1700.0,12.970816612243652
2005-08-26,20.350000381469727,19.600000381469727,20.18000030517578,19.760000228881836,2400.0,12.594758987426758
2005-08-29,19.729999542236328,19.469999313354492,19.729999542236328,19.729999542236328,900.0,12.575637817382812
2005-08-30,19.649999618530273,19.479999542236328,19.610000610351562,19.479999542236328,2200.0,12.460501670837402
2005-08-31,19.850000381469727,19.610000610351562,19.610000610351562,19.850000381469727,900.0,12.697173118591309
2005-09-01,19.8700008392334,19.450000762939453,19.8700008392334,19.860000610351562,1500.0,12.703571319580078
2005-09-02,19.739999771118164,19.450000762939453,19.459999084472656,19.459999084472656,5900.0,12.447702407836914
2005-09-06,19.950000762939453,19.43000030517578,19.520000457763672,19.950000762939453,4400.0,12.76114273071289
2005-09-07,19.81999969482422,19.610000610351562,19.799999237060547,19.81999969482422,2000.0,12.677979469299316
2005-09-08,19.579999923706055,19.280000686645508,19.40999984741211,19.280000686645508,1000.0,12.332571983337402
2005-09-09,19.59000015258789,19.18000030517578,19.280000686645508,19.59000015258789,8200.0,12.530861854553223
2005-09-12,20.239999771118164,19.760000228881836,19.81999969482422,20.010000228881836,3700.0,12.799514770507812
2005-09-13,20.100000381469727,19.729999542236328,19.729999542236328,19.729999542236328,3100.0,12.620417594909668
2005-09-14,19.700000762939453,19.209999084472656,19.700000762939453,19.299999237060547,4200.0,12.345358848571777
2005-09-15,19.459999084472656,19.229999542236328,19.229999542236328,19.40999984741211,2800.0,12.415717124938965
2005-09-16,19.709999084472656,19.360000610351562,19.56999969482422,19.709999084472656,23400.0,12.607617378234863
2005-09-19,20.020000457763672,19.200000762939453,19.75,19.469999313354492,5300.0,12.454103469848633
2005-09-20,19.799999237060547,19.18000030517578,19.440000534057617,19.350000381469727,3400.0,12.37734603881836
2005-09-21,19.329999923706055,18.989999771118164,19.139999389648438,18.989999771118164,2500.0,12.147065162658691
2005-09-22,19.020000457763672,18.75,18.989999771118164,18.899999618530273,2700.0,12.089495658874512
2005-09-23,19.31999969482422,19.049999237060547,19.31999969482422,19.25,14800.0,12.313380241394043
2005-09-26,19.5,18.950000762939453,18.950000762939453,19.5,7800.0,12.473296165466309
2005-09-27,19.5,19.260000228881836,19.350000381469727,19.270000457763672,9200.0,12.32616901397705
2005-09-28,19.200000762939453,18.670000076293945,19.18000030517578,18.899999618530273,5300.0,12.089495658874512
2005-09-29,19.5,18.75,18.899999618530273,19.5,2400.0,12.473296165466309
2005-09-30,19.5,19.170000076293945,19.270000457763672,19.5,2500.0,12.473296165466309
2005-10-03,19.700000762939453,19.450000762939453,19.5,19.450000762939453,2300.0,12.441312789916992
2005-10-04,19.760000228881836,18.770000457763672,19.670000076293945,18.969999313354492,6200.0,12.13427734375
2005-10-05,19.059999465942383,18.75,18.760000228881836,18.790000915527344,4900.0,12.019136428833008
2005-10-06,18.989999771118164,18.270000457763672,18.75,18.459999084472656,3600.0,11.8080472946167
2005-10-07,18.739999771118164,18.6200008392334,18.670000076293945,18.670000076293945,7100.0,11.942378997802734
2005-10-10,18.799999237060547,18.280000686645508,18.709999084472656,18.360000610351562,2200.0,11.7440824508667
2005-10-11,18.549999237060547,17.510000228881836,18.399999618530273,17.829999923706055,6300.0,11.405067443847656
2005-10-12,17.959999084472656,17.299999237060547,17.799999237060547,17.3799991607666,12200.0,11.117223739624023
2005-10-13,17.770000457763672,17.350000381469727,17.350000381469727,17.770000457763672,6100.0,11.366687774658203
2005-10-14,17.670000076293945,17.34000015258789,17.5,17.399999618530273,10800.0,11.130016326904297
2005-10-17,17.760000228881836,17.079999923706055,17.079999923706055,17.760000228881836,7000.0,11.36029052734375
2005-10-18,18.440000534057617,17.8700008392334,18.200000762939453,18.440000534057617,12400.0,11.795256614685059
2005-10-19,18.700000762939453,18.219999313354492,18.219999313354492,18.700000762939453,10800.0,11.961566925048828
2005-10-20,19.059999465942383,18.799999237060547,18.850000381469727,18.950000762939453,5300.0,12.121482849121094
2005-10-21,19.09000015258789,18.610000610351562,18.610000610351562,19.09000015258789,4900.0,12.21103572845459
2005-10-24,19.299999237060547,18.899999618530273,19.09000015258789,19.299999237060547,2300.0,12.345358848571777
2005-10-25,19.25,19.049999237060547,19.059999465942383,19.25,3900.0,12.313380241394043
2005-10-26,19.209999084472656,18.809999465942383,18.809999465942383,19.0,9300.0,12.153462409973145
2005-10-27,19.0,18.93000030517578,18.93000030517578,18.950000762939453,32300.0,12.121482849121094
2005-10-28,19.399999618530273,19.0,19.0,19.350000381469727,5900.0,12.37734603881836
2005-10-31,19.649999618530273,19.25,19.350000381469727,19.600000381469727,17800.0,12.537257194519043
2005-11-01,19.799999237060547,19.290000915527344,19.6299991607666,19.56999969482422,9900.0,12.518071174621582
2005-11-02,19.989999771118164,19.700000762939453,19.790000915527344,19.989999771118164,15100.0,12.786722183227539
2005-11-03,19.989999771118164,19.559999465942383,19.989999771118164,19.559999465942383,4000.0,12.51166820526123
2005-11-04,19.90999984741211,19.450000762939453,19.90999984741211,19.56999969482422,2700.0,12.518071174621582
2005-11-07,19.350000381469727,18.899999618530273,18.899999618530273,19.100000381469727,24200.0,12.217432975769043
2005-11-08,19.209999084472656,18.899999618530273,18.899999618530273,19.0,2800.0,12.153462409973145
2005-11-09,19.350000381469727,18.940000534057617,18.940000534057617,19.170000076293945,6300.0,12.262203216552734
2005-11-10,19.610000610351562,19.139999389648438,19.309999465942383,19.610000610351562,9400.0,12.543652534484863
2005-11-11,19.760000228881836,19.309999465942383,19.3700008392334,19.68000030517578,2200.0,12.58842658996582
2005-11-14,19.8700008392334,19.299999237060547,19.8700008392334,19.3700008392334,1900.0,12.39013957977295
2005-11-15,19.420000076293945,19.149999618530273,19.25,19.420000076293945,12700.0,12.422117233276367
2005-11-16,19.469999313354492,19.100000381469727,19.290000915527344,19.100000381469727,14800.0,12.217432975769043
2005-11-17,19.5,19.100000381469727,19.290000915527344,19.34000015258789,11000.0,12.370952606201172
2005-11-18,19.770000457763672,19.0,19.399999618530273,19.350000381469727,15000.0,12.37734603881836
2005-11-21,19.549999237060547,19.1200008392334,19.25,19.520000457763672,8500.0,12.486091613769531
2005-11-22,19.459999084472656,19.1299991607666,19.40999984741211,19.15999984741211,2300.0,12.25581169128418
2005-11-23,19.18000030517578,19.100000381469727,19.149999618530273,19.100000381469727,11500.0,12.217432975769043
2005-11-25,19.40999984741211,19.18000030517578,19.40999984741211,19.229999542236328,1100.0,12.300581932067871
2005-11-28,19.459999084472656,19.100000381469727,19.149999618530273,19.149999618530273,1700.0,12.249410629272461
2005-11-29,19.200000762939453,19.100000381469727,19.100000381469727,19.200000762939453,2000.0,12.32645320892334
2005-11-30,19.43000030517578,19.100000381469727,19.360000610351562,19.309999465942383,3400.0,12.397077560424805
2005-12-01,20.149999618530273,19.15999984741211,19.5,20.030000686645508,8100.0,12.859318733215332
2005-12-02,20.5,19.889999389648438,19.889999389648438,20.239999771118164,13000.0,12.994138717651367
2005-12-05,20.690000534057617,20.0,20.690000534057617,20.0,3100.0,12.840056419372559
2005-12-06,20.780000686645508,20.209999084472656,20.780000686645508,20.209999084472656,4900.0,12.974872589111328
2005-12-07,20.270000457763672,20.0,20.260000228881836,20.0,5600.0,12.840056419372559
2005-12-08,20.489999771118164,19.549999237060547,20.040000915527344,19.709999084472656,2800.0,12.653870582580566
2005-12-09,20.040000915527344,19.90999984741211,19.959999084472656,19.90999984741211,3200.0,12.782276153564453
2005-12-12,20.020000457763672,19.6299991607666,19.6299991607666,20.020000457763672,6000.0,12.852895736694336
2005-12-13,20.200000762939453,19.920000076293945,20.0,20.049999237060547,10000.0,12.872153282165527
2005-12-14,20.75,20.020000457763672,20.389999389648438,20.739999771118164,2600.0,13.31513500213623
2005-12-15,20.579999923706055,19.93000030517578,20.579999923706055,20.190000534057617,27000.0,12.962039947509766
2005-12-16,20.239999771118164,19.3799991607666,20.239999771118164,19.709999084472656,30000.0,12.653870582580566
2005-12-19,19.75,19.450000762939453,19.5,19.6200008392334,5600.0,12.59609603881836
2005-12-20,19.729999542236328,19.329999923706055,19.719999313354492,19.440000534057617,4300.0,12.4805326461792
2005-12-21,19.290000915527344,19.25,19.290000915527344,19.25,500.0,12.358556747436523
2005-12-22,19.479999542236328,19.25,19.25,19.450000762939453,2200.0,12.486955642700195
2005-12-23,19.559999465942383,19.25,19.270000457763672,19.559999465942383,1300.0,12.557572364807129
2005-12-27,19.510000228881836,19.200000762939453,19.200000762939453,19.34000015258789,2900.0,12.416337966918945
2005-12-28,19.530000686645508,19.299999237060547,19.389999389648438,19.31999969482422,3300.0,12.40349292755127
2005-12-29,19.799999237060547,19.350000381469727,19.479999542236328,19.450000762939453,11500.0,12.486955642700195
2005-12-30,19.780000686645508,19.100000381469727,19.25,19.100000381469727,11800.0,12.262253761291504
2006-01-03,19.440000534057617,19.139999389648438,19.139999389648438,19.25,4500.0,12.358556747436523
2006-01-04,19.510000228881836,19.350000381469727,19.469999313354492,19.459999084472656,4300.0,12.49337387084961
2006-01-05,19.709999084472656,19.31999969482422,19.450000762939453,19.520000457763672,2200.0,12.53189468383789
2006-01-06,19.850000381469727,19.5,19.510000228881836,19.56999969482422,2300.0,12.563995361328125
2006-01-09,20.010000228881836,19.489999771118164,19.5,19.84000015258789,1500.0,12.737337112426758
2006-01-10,20.649999618530273,19.739999771118164,19.739999771118164,20.649999618530273,1000.0,13.257359504699707
2006-01-11,20.979999542236328,20.649999618530273,20.729999542236328,20.65999984741211,4900.0,13.263772964477539
2006-01-12,20.780000686645508,20.100000381469727,20.780000686645508,20.100000381469727,900.0,12.90425968170166
2006-01-13,20.25,19.59000015258789,20.25,19.989999771118164,300.0,12.833636283874512
2006-01-17,20.450000762939453,19.459999084472656,19.75,20.440000534057617,2500.0,13.122538566589355
2006-01-18,20.25,20.030000686645508,20.030000686645508,20.110000610351562,1800.0,12.910676002502441
2006-01-19,20.860000610351562,20.200000762939453,20.329999923706055,20.479999542236328,4400.0,13.148212432861328
2006-01-20,20.899999618530273,19.860000610351562,20.790000915527344,19.899999618530273,4400.0,12.775853157043457
2006-01-23,20.270000457763672,19.610000610351562,19.729999542236328,20.030000686645508,5800.0,12.859318733215332
2006-01-24,20.25,19.899999618530273,20.139999389648438,20.040000915527344,4300.0,12.865732192993164
2006-01-25,20.479999542236328,19.81999969482422,20.399999618530273,20.100000381469727,1600.0,12.90425968170166
2006-01-26,20.780000686645508,19.959999084472656,20.309999465942383,20.600000381469727,21800.0,13.225259780883789
2006-01-27,21.399999618530273,20.299999237060547,20.889999389648438,20.989999771118164,4800.0,13.475641250610352
2006-01-30,22.34000015258789,21.260000228881836,21.450000762939453,21.899999618530273,6400.0,14.059860229492188
2006-01-31,22.329999923706055,21.459999084472656,21.549999237060547,22.280000686645508,4500.0,14.303815841674805
2006-02-01,22.889999389648438,22.190000534057617,22.190000534057617,22.889999389648438,1300.0,14.695442199707031
2006-02-02,22.850000381469727,21.950000762939453,22.809999465942383,22.200000762939453,8300.0,14.252464294433594
2006-02-03,22.729999542236328,21.799999237060547,21.979999542236328,22.559999465942383,2600.0,14.48358154296875
2006-02-06,22.850000381469727,22.25,22.610000610351562,22.850000381469727,7900.0,14.669763565063477
2006-02-07,22.799999237060547,21.610000610351562,22.799999237060547,21.959999084472656,12600.0,14.098380088806152
2006-02-08,22.1200008392334,21.479999542236328,22.1200008392334,21.639999389648438,4500.0,13.89294147491455
2006-02-09,21.969999313354492,21.290000915527344,21.290000915527344,21.780000686645508,1300.0,13.982824325561523
2006-02-10,21.959999084472656,20.940000534057617,20.940000534057617,21.530000686645508,5600.0,13.822318077087402
2006-02-13,21.6299991607666,20.520000457763672,21.229999542236328,21.06999969482422,10400.0,13.57111930847168
2006-02-14,21.940000534057617,21.15999984741211,21.15999984741211,21.829999923706055,4100.0,14.06063461303711
2006-02-15,22.079999923706055,21.709999084472656,22.0,21.709999084472656,4800.0,13.98334789276123
2006-02-16,21.8700008392334,21.43000030517578,21.8700008392334,21.549999237060547,1000.0,13.880288124084473
2006-02-17,21.75,21.459999084472656,21.75,21.700000762939453,7500.0,13.976898193359375
2006-02-21,22.110000610351562,20.8700008392334,21.56999969482422,21.010000228881836,2400.0,13.532477378845215
2006-02-22,21.049999237060547,20.700000762939453,21.049999237060547,20.729999542236328,3300.0,13.352126121520996
2006-02-23,20.68000030517578,19.899999618530273,20.399999618530273,19.899999618530273,8900.0,12.817523002624512
2006-02-24,20.799999237060547,19.360000610351562,20.700000762939453,19.8799991607666,6700.0,12.804642677307129
2006-02-27,20.489999771118164,19.5,19.899999618530273,19.809999465942383,13900.0,12.75955867767334
2006-02-28,19.729999542236328,19.200000762939453,19.3799991607666,19.280000686645508,10100.0,12.418188095092773
2006-03-01,19.6200008392334,19.059999465942383,19.059999465942383,19.440000534057617,9700.0,12.521245956420898
2006-03-02,19.65999984741211,19.030000686645508,19.030000686645508,19.440000534057617,36100.0,12.521245956420898
2006-03-03,19.520000457763672,19.030000686645508,19.170000076293945,19.34000015258789,7100.0,12.456835746765137
2006-03-06,19.739999771118164,19.299999237060547,19.739999771118164,19.299999237060547,7800.0,12.43106746673584
2006-03-07,19.829999923706055,19.43000030517578,19.510000228881836,19.440000534057617,4500.0,12.521245956420898
2006-03-08,19.959999084472656,19.530000686645508,19.59000015258789,19.530000686645508,5400.0,12.57921314239502
2006-03-09,19.950000762939453,19.59000015258789,19.59000015258789,19.8799991607666,6100.0,12.804642677307129
2006-03-10,20.469999313354492,19.690000534057617,20.040000915527344,20.43000030517578,4000.0,13.158895492553711
2006-03-13,20.90999984741211,20.450000762939453,20.56999969482422,20.6299991607666,5300.0,13.2877197265625
2006-03-14,21.0,20.389999389648438,20.389999389648438,20.780000686645508,5000.0,13.384336471557617
2006-03-15,20.989999771118164,20.399999618530273,20.959999084472656,20.889999389648438,3900.0,13.455183982849121
2006-03-16,21.0,20.510000228881836,20.8700008392334,20.989999771118164,3200.0,13.5195951461792
2006-03-17,22.360000610351562,20.84000015258789,21.0,22.309999465942383,47000.0,14.369800567626953
2006-03-20,22.0,21.200000762939453,22.0,21.520000457763672,5900.0,13.860963821411133
2006-03-21,21.989999771118164,21.290000915527344,21.670000076293945,21.670000076293945,6800.0,13.95758056640625
2006-03-22,21.3799991607666,20.790000915527344,21.149999618530273,21.18000030517578,3100.0,13.641972541809082
2006-03-23,21.850000381469727,21.25,21.850000381469727,21.5,4600.0,13.848082542419434
2006-03-24,22.010000228881836,21.549999237060547,22.010000228881836,21.649999618530273,5500.0,13.944694519042969
2006-03-27,22.280000686645508,21.6299991607666,21.6299991607666,22.049999237060547,2800.0,14.202336311340332
2006-03-28,22.329999923706055,21.790000915527344,22.209999084472656,21.989999771118164,3300.0,14.163687705993652
2006-03-29,22.350000381469727,21.709999084472656,21.979999542236328,22.350000381469727,6900.0,14.395565032958984
2006-03-30,22.440000534057617,21.690000534057617,21.899999618530273,22.170000076293945,15800.0,14.279633522033691
2006-03-31,22.5,21.75,22.100000381469727,22.5,9900.0,14.492177963256836
2006-04-03,22.5,22.110000610351562,22.5,22.350000381469727,3900.0,14.395565032958984
2006-04-04,22.639999389648438,22.270000457763672,22.270000457763672,22.43000030517578,1400.0,14.44709300994873
2006-04-05,22.549999237060547,22.149999618530273,22.149999618530273,22.549999237060547,2500.0,14.524384498596191
2006-04-06,22.559999465942383,21.8700008392334,21.8700008392334,22.489999771118164,5300.0,14.48574161529541
2006-04-07,22.649999618530273,20.93000030517578,22.649999618530273,21.030000686645508,16000.0,13.545353889465332
2006-04-10,21.860000610351562,20.950000762939453,20.950000762939453,21.299999237060547,12000.0,13.719259262084961
2006-04-11,22.170000076293945,20.0,21.0,20.25,21900.0,13.042964935302734
2006-04-12,20.969999313354492,20.0,20.0,20.969999313354492,6700.0,13.506709098815918
2006-04-13,21.239999771118164,20.940000534057617,21.040000915527344,21.239999771118164,2900.0,13.680617332458496
2006-04-17,21.93000030517578,20.950000762939453,21.93000030517578,21.139999389648438,10000.0,13.616206169128418
2006-04-18,21.90999984741211,21.170000076293945,21.350000381469727,21.829999923706055,11200.0,14.06063461303711
2006-04-19,22.31999969482422,21.520000457763672,21.889999389648438,22.31999969482422,4600.0,14.376245498657227
2006-04-20,21.93000030517578,21.809999465942383,21.93000030517578,21.809999465942383,500.0,14.047752380371094
2006-04-21,22.31999969482422,21.389999389648438,22.25,21.969999313354492,9800.0,14.150806427001953
2006-04-24,21.989999771118164,21.700000762939453,21.700000762939453,21.780000686645508,3300.0,14.028433799743652
2006-04-25,21.68000030517578,21.1200008392334,21.1200008392334,21.649999618530273,2300.0,13.944694519042969
2006-04-26,21.989999771118164,21.600000381469727,21.920000076293945,21.81999969482422,3000.0,14.054194450378418
2006-04-27,22.459999084472656,21.3799991607666,21.579999923706055,21.610000610351562,7100.0,13.918936729431152
2006-04-28,21.6200008392334,20.579999923706055,21.299999237060547,21.1299991607666,7500.0,13.60976791381836
2006-05-01,21.40999984741211,21.010000228881836,21.059999465942383,21.329999923706055,7500.0,13.738590240478516
2006-05-02,21.8799991607666,21.329999923706055,21.8799991607666,21.350000381469727,3100.0,13.75146770477295
2006-05-03,21.399999618530273,20.850000381469727,21.239999771118164,21.290000915527344,8600.0,13.712823867797852
2006-05-04,22.0,21.489999771118164,22.0,21.520000457763672,1600.0,13.860963821411133
2006-05-05,21.920000076293945,21.190000534057617,21.6299991607666,21.729999542236328,7800.0,13.996219635009766
2006-05-08,21.790000915527344,20.989999771118164,20.989999771118164,21.700000762939453,22100.0,13.976898193359375
2006-05-09,22.1200008392334,20.8799991607666,21.850000381469727,21.5,11300.0,13.848082542419434
2006-05-10,21.700000762939453,20.850000381469727,21.309999465942383,21.110000610351562,5700.0,13.596884727478027
2006-05-11,21.139999389648438,20.049999237060547,21.010000228881836,20.459999084472656,12400.0,13.178220748901367
2006-05-12,20.829999923706055,20.06999969482422,20.450000762939453,20.290000915527344,8100.0,13.068726539611816
2006-05-15,20.709999084472656,20.0,20.0,20.469999313354492,7300.0,13.18465805053711
2006-05-16,20.8700008392334,20.329999923706055,20.329999923706055,20.469999313354492,5700.0,13.18465805053711
2006-05-17,20.5,19.979999542236328,20.5,20.239999771118164,5200.0,13.03652286529541
2006-05-18,20.5,19.850000381469727,19.850000381469727,19.959999084472656,7000.0,12.856173515319824
2006-05-19,20.489999771118164,19.68000030517578,19.68000030517578,20.110000610351562,8600.0,12.952789306640625
2006-05-22,20.5,19.850000381469727,20.020000457763672,20.479999542236328,8600.0,13.19110107421875
2006-05-23,20.93000030517578,19.829999923706055,20.799999237060547,20.0,4400.0,12.881938934326172
2006-05-24,20.889999389648438,18.760000228881836,20.889999389648438,19.75,26800.0,12.72091007232666
2006-05-25,20.440000534057617,19.649999618530273,19.899999618530273,20.440000534057617,2200.0,13.165339469909668
2006-05-26,20.40999984741211,20.0,20.40999984741211,20.239999771118164,2900.0,13.03652286529541
2006-05-30,20.049999237060547,19.75,20.010000228881836,20.0,8200.0,12.939476013183594
2006-05-31,20.40999984741211,19.75,19.860000610351562,20.40999984741211,5300.0,13.204734802246094
2006-06-01,20.809999465942383,20.239999771118164,20.40999984741211,20.770000457763672,12200.0,13.437644004821777
2006-06-02,21.209999084472656,20.75,20.989999771118164,21.1200008392334,5400.0,13.66408634185791
2006-06-05,21.100000381469727,20.510000228881836,20.889999389648438,20.610000610351562,12400.0,13.334127426147461
2006-06-06,20.84000015258789,20.40999984741211,20.75,20.420000076293945,9500.0,13.211206436157227
2006-06-07,21.15999984741211,20.579999923706055,20.6299991607666,21.15999984741211,4600.0,13.68996524810791
2006-06-08,21.280000686645508,20.709999084472656,21.280000686645508,21.18000030517578,3000.0,13.702902793884277
2006-06-09,21.600000381469727,21.190000534057617,21.600000381469727,21.270000457763672,1700.0,13.76113224029541
2006-06-12,21.639999389648438,21.0,21.0,21.3700008392334,13800.0,13.825830459594727
2006-06-13,21.75,20.979999542236328,21.639999389648438,21.559999465942383,6500.0,13.948756217956543
2006-06-14,21.559999465942383,21.0,21.5,21.270000457763672,15800.0,13.76113224029541
2006-06-15,22.020000457763672,21.399999618530273,21.579999923706055,21.860000610351562,10400.0,14.14284896850586
2006-06-16,21.829999923706055,21.309999465942383,21.760000228881836,21.549999237060547,81900.0,13.942283630371094
2006-06-19,21.670000076293945,21.25,21.559999465942383,21.610000610351562,10200.0,13.981104850769043
2006-06-20,21.809999465942383,21.299999237060547,21.360000610351562,21.360000610351562,12400.0,13.819361686706543
2006-06-21,22.030000686645508,21.25,21.25,22.030000686645508,5300.0,14.25283145904541
2006-06-22,22.059999465942383,21.25,21.799999237060547,21.559999465942383,3300.0,13.948756217956543
2006-06-23,21.59000015258789,21.059999465942383,21.360000610351562,21.059999465942383,8400.0,13.625263214111328
2006-06-26,22.010000228881836,20.90999984741211,20.90999984741211,21.90999984741211,27700.0,14.175191879272461
2006-06-27,22.06999969482422,21.6200008392334,21.799999237060547,21.700000762939453,5000.0,14.039331436157227
2006-06-28,22.100000381469727,21.3700008392334,21.600000381469727,22.059999465942383,8200.0,14.272239685058594
2006-06-29,22.690000534057617,21.989999771118164,22.190000534057617,22.5,25800.0,14.556907653808594
2006-06-30,23.459999084472656,21.809999465942383,22.270000457763672,23.219999313354492,141300.0,15.022730827331543
2006-07-03,23.25,22.8799991607666,23.010000228881836,23.25,10100.0,15.042140007019043
2006-07-05,23.670000076293945,22.899999618530273,22.90999984741211,23.25,22800.0,15.042140007019043
2006-07-06,23.399999618530273,23.15999984741211,23.170000076293945,23.34000015258789,3900.0,15.100369453430176
2006-07-07,23.31999969482422,23.09000015258789,23.170000076293945,23.290000915527344,6400.0,15.068018913269043
2006-07-10,23.399999618530273,23.020000457763672,23.100000381469727,23.299999237060547,5700.0,15.07448673248291
2006-07-11,23.34000015258789,22.75,23.229999542236328,22.93000030517578,19600.0,14.83510971069336
2006-07-12,22.850000381469727,21.829999923706055,22.6200008392334,21.829999923706055,9900.0,14.123435974121094
2006-07-13,22.139999389648438,21.459999084472656,21.459999084472656,21.809999465942383,14400.0,14.110496520996094
2006-07-14,22.0,21.18000030517578,21.18000030517578,21.760000228881836,11700.0,14.078146934509277
2006-07-17,21.84000015258789,21.229999542236328,21.84000015258789,21.360000610351562,21200.0,13.819361686706543
2006-07-18,22.209999084472656,21.0,21.520000457763672,21.280000686645508,19500.0,13.767600059509277
2006-07-19,22.280000686645508,21.260000228881836,21.270000457763672,22.25,7100.0,14.395164489746094
2006-07-20,22.1200008392334,21.520000457763672,22.040000915527344,21.649999618530273,5900.0,14.006978988647461
2006-07-21,21.489999771118164,20.649999618530273,21.440000534057617,21.06999969482422,15100.0,13.631733894348145
2006-07-24,21.799999237060547,21.15999984741211,21.31999969482422,21.649999618530273,26000.0,14.006978988647461
2006-07-25,23.149999618530273,21.93000030517578,21.93000030517578,22.889999389648438,11700.0,14.809225082397461
2006-07-26,23.969999313354492,21.690000534057617,22.100000381469727,23.719999313354492,12600.0,15.346217155456543
2006-07-27,23.719999313354492,22.889999389648438,23.719999313354492,22.889999389648438,7500.0,14.809225082397461
2006-07-28,24.209999084472656,23.510000228881836,23.649999618530273,23.510000228881836,14300.0,15.210358619689941
2006-07-31,23.479999542236328,23.100000381469727,23.360000610351562,23.149999618530273,8100.0,14.977441787719727
2006-08-01,22.920000076293945,22.049999237060547,22.920000076293945,22.18000030517578,4100.0,14.349869728088379
2006-08-02,22.290000915527344,21.809999465942383,22.290000915527344,21.989999771118164,16400.0,14.226950645446777
2006-08-03,22.040000915527344,21.6200008392334,21.959999084472656,22.040000915527344,12500.0,14.259303092956543
2006-08-04,22.5,21.329999923706055,22.350000381469727,21.670000076293945,9500.0,14.019922256469727
2006-08-07,21.549999237060547,21.110000610351562,21.450000762939453,21.309999465942383,35700.0,13.787009239196777
2006-08-08,21.670000076293945,21.020000457763672,21.399999618530273,21.190000534057617,13300.0,13.709371566772461
2006-08-09,21.5,20.600000381469727,21.459999084472656,20.739999771118164,7600.0,13.41823673248291
2006-08-10,21.799999237060547,20.489999771118164,20.510000228881836,21.600000381469727,21300.0,13.974637031555176
2006-08-11,21.690000534057617,20.579999923706055,21.459999084472656,20.739999771118164,5300.0,13.41823673248291
2006-08-14,21.040000915527344,20.170000076293945,21.040000915527344,20.329999923706055,5400.0,13.152975082397461
2006-08-15,21.299999237060547,20.639999389648438,20.639999389648438,21.270000457763672,14900.0,13.76113224029541
2006-08-16,21.6299991607666,21.219999313354492,21.489999771118164,21.579999923706055,4000.0,13.961690902709961
2006-08-17,21.540000915527344,21.31999969482422,21.450000762939453,21.389999389648438,11400.0,13.838769912719727
2006-08-18,21.6299991607666,21.3799991607666,21.6299991607666,21.59000015258789,25700.0,13.968160629272461
2006-08-21,21.440000534057617,20.969999313354492,21.440000534057617,20.969999313354492,16800.0,13.567036628723145
2006-08-22,20.959999084472656,20.5,20.959999084472656,20.739999771118164,7100.0,13.41823673248291
2006-08-23,20.670000076293945,20.25,20.510000228881836,20.350000381469727,17000.0,13.16592025756836
2006-08-24,20.459999084472656,20.010000228881836,20.329999923706055,20.030000686645508,9900.0,12.958884239196777
2006-08-25,20.34000015258789,19.989999771118164,20.0,20.200000762939453,8500.0,13.068869590759277
2006-08-28,20.8799991607666,20.170000076293945,20.3700008392334,20.8799991607666,9100.0,13.508816719055176
2006-08-29,21.329999923706055,20.639999389648438,20.989999771118164,21.229999542236328,7000.0,13.735249519348145
2006-08-30,21.43000030517578,20.5,21.3700008392334,21.200000762939453,11800.0,13.774235725402832
2006-08-31,21.510000228881836,21.1200008392334,21.350000381469727,21.290000915527344,9900.0,13.832710266113281
2006-09-01,21.6200008392334,21.200000762939453,21.31999969482422,21.209999084472656,9200.0,13.780733108520508
2006-09-05,21.510000228881836,20.450000762939453,21.459999084472656,20.489999771118164,12300.0,13.312929153442383
2006-09-06,20.579999923706055,20.309999465942383,20.360000610351562,20.469999313354492,5700.0,13.299933433532715
2006-09-07,21.25,20.469999313354492,20.5,20.5,11400.0,13.319424629211426
2006-09-08,20.520000457763672,20.450000762939453,20.459999084472656,20.520000457763672,2600.0,13.332419395446777
2006-09-11,20.700000762939453,20.329999923706055,20.329999923706055,20.700000762939453,1900.0,13.44937515258789
2006-09-12,21.280000686645508,20.600000381469727,20.639999389648438,21.280000686645508,26900.0,13.826215744018555
2006-09-13,21.40999984741211,21.15999984741211,21.3700008392334,21.40999984741211,8500.0,13.910682678222656
2006-09-14,21.5,21.40999984741211,21.40999984741211,21.5,1500.0,13.96915340423584
2006-09-15,21.979999542236328,21.549999237060547,21.65999984741211,21.920000076293945,39100.0,14.242045402526855
2006-09-18,22.09000015258789,21.68000030517578,21.770000457763672,22.09000015258789,14100.0,14.352496147155762
2006-09-19,22.260000228881836,21.43000030517578,22.209999084472656,21.780000686645508,12900.0,14.151076316833496
2006-09-20,22.3700008392334,21.350000381469727,21.350000381469727,22.3700008392334,10900.0,14.53442096710205
2006-09-21,22.729999542236328,22.34000015258789,22.440000534057617,22.549999237060547,8600.0,14.651373863220215
2006-09-22,22.399999618530273,21.899999618530273,22.3799991607666,22.389999389648438,11000.0,14.54741096496582
2006-09-25,22.700000762939453,22.0,22.110000610351562,22.6299991607666,8100.0,14.70334243774414
2006-09-26,22.739999771118164,22.209999084472656,22.56999969482422,22.5,4000.0,14.618881225585938
2006-09-27,22.530000686645508,22.360000610351562,22.399999618530273,22.530000686645508,2200.0,14.638372421264648
2006-09-28,22.760000228881836,22.549999237060547,22.549999237060547,22.729999542236328,8700.0,14.768321990966797
2006-09-29,22.739999771118164,22.059999465942383,22.5,22.3700008392334,7200.0,14.53442096710205
2006-10-02,22.469999313354492,21.899999618530273,21.90999984741211,21.93000030517578,4200.0,14.248538970947266
2006-10-03,22.139999389648438,21.489999771118164,21.530000686645508,22.049999237060547,8000.0,14.326504707336426
2006-10-04,22.530000686645508,21.899999618530273,21.899999618530273,22.530000686645508,5800.0,14.638372421264648
2006-10-05,23.360000610351562,22.420000076293945,22.450000762939453,23.25,8100.0,15.106173515319824
2006-10-06,23.149999618530273,22.729999542236328,23.0,22.729999542236328,4800.0,14.768321990966797
2006-10-09,22.969999313354492,22.6299991607666,22.6299991607666,22.969999313354492,5900.0,14.924256324768066
2006-10-10,23.469999313354492,22.469999313354492,23.0,23.469999313354492,12900.0,15.249116897583008
2006-10-11,23.360000610351562,22.959999084472656,23.299999237060547,23.100000381469727,8400.0,15.008716583251953
2006-10-12,24.0,22.979999542236328,23.309999465942383,24.0,19500.0,15.593475341796875
2006-10-13,24.34000015258789,23.860000610351562,24.0,24.209999084472656,8200.0,15.729914665222168
2006-10-16,24.8799991607666,24.219999313354492,24.34000015258789,24.420000076293945,13000.0,15.86635971069336
2006-10-17,24.34000015258789,23.860000610351562,24.100000381469727,24.34000015258789,4300.0,15.81437873840332
2006-10-18,24.8700008392334,24.09000015258789,24.190000534057617,24.209999084472656,6500.0,15.729914665222168
2006-10-19,24.780000686645508,23.8700008392334,24.18000030517578,24.440000534057617,16800.0,15.879355430603027
2006-10-20,24.75,24.329999923706055,24.6299991607666,24.75,5800.0,16.080764770507812
2006-10-23,24.889999389648438,24.40999984741211,24.540000915527344,24.889999389648438,3500.0,16.17173957824707
2006-10-24,24.739999771118164,24.479999542236328,24.65999984741211,24.56999969482422,4900.0,15.96381664276123
2006-10-25,24.690000534057617,24.420000076293945,24.690000534057617,24.639999389648438,3700.0,16.009300231933594
2006-10-26,25.06999969482422,24.479999542236328,24.709999084472656,25.06999969482422,7000.0,16.288684844970703
2006-10-27,25.06999969482422,24.09000015258789,25.06999969482422,24.170000076293945,8300.0,15.703934669494629
2006-10-30,24.600000381469727,23.90999984741211,23.979999542236328,24.440000534057617,7600.0,15.879355430603027
2006-10-31,24.5,23.739999771118164,24.5,23.979999542236328,5800.0,15.58047866821289
2006-11-01,25.059999465942383,22.329999923706055,25.059999465942383,22.329999923706055,10400.0,14.508424758911133
2006-11-02,22.989999771118164,22.280000686645508,22.280000686645508,22.969999313354492,7400.0,14.924256324768066
2006-11-03,23.450000762939453,22.850000381469727,23.100000381469727,22.889999389648438,5400.0,14.872273445129395
2006-11-06,23.68000030517578,23.09000015258789,23.190000534057617,23.579999923706055,4400.0,15.32059383392334
2006-11-07,23.989999771118164,22.81999969482422,23.530000686645508,22.850000381469727,9100.0,14.84628677368164
2006-11-08,23.809999465942383,22.979999542236328,22.979999542236328,23.760000228881836,5200.0,15.437543869018555
2006-11-09,23.649999618530273,23.3700008392334,23.530000686645508,23.450000762939453,6500.0,15.236127853393555
2006-11-10,23.739999771118164,23.329999923706055,23.540000915527344,23.729999542236328,3300.0,15.418045997619629
2006-11-13,23.979999542236328,23.670000076293945,23.790000915527344,23.979999542236328,3500.0,15.58047866821289
2006-11-14,25.399999618530273,24.0,24.389999389648438,25.399999618530273,9300.0,16.50309944152832
2006-11-15,25.719999313354492,25.479999542236328,25.600000381469727,25.5,20600.0,16.568065643310547
2006-11-16,25.709999084472656,25.440000534057617,25.639999389648438,25.440000534057617,8400.0,16.529085159301758
2006-11-17,25.25,24.8799991607666,25.25,25.170000076293945,3300.0,16.35365104675293
2006-11-20,25.239999771118164,24.799999237060547,25.059999465942383,24.889999389648438,5300.0,16.17173957824707
2006-11-21,25.079999923706055,24.760000228881836,24.760000228881836,24.90999984741211,2000.0,16.184730529785156
2006-11-22,25.139999389648438,24.959999084472656,25.010000228881836,24.959999084472656,600.0,16.21721649169922
2006-11-24,25.09000015258789,24.700000762939453,25.079999923706055,24.700000762939453,1100.0,16.04827880859375
2006-11-27,24.860000610351562,22.56999969482422,24.809999465942383,23.1299991607666,24800.0,15.028204917907715
2006-11-28,23.3700008392334,23.010000228881836,23.309999465942383,23.3700008392334,6200.0,15.184148788452148
2006-11-29,23.8700008392334,23.299999237060547,23.579999923706055,23.760000228881836,16300.0,15.497222900390625
2006-11-30,24.899999618530273,23.270000457763672,23.34000015258789,24.65999984741211,16500.0,16.084232330322266
2006-12-01,24.81999969482422,23.809999465942383,24.5,24.81999969482422,17600.0,16.188602447509766
2006-12-04,25.34000015258789,24.40999984741211,24.959999084472656,25.239999771118164,17000.0,16.462535858154297
2006-12-05,25.25,25.049999237060547,25.25,25.15999984741211,6400.0,16.41036033630371
2006-12-06,25.049999237060547,23.790000915527344,25.049999237060547,24.0,10600.0,15.65375804901123
2006-12-07,24.299999237060547,23.729999542236328,24.06999969482422,23.84000015258789,9400.0,15.54940128326416
2006-12-08,23.940000534057617,23.68000030517578,23.829999923706055,23.68000030517578,700.0,15.445040702819824
2006-12-11,24.100000381469727,23.670000076293945,24.100000381469727,23.670000076293945,6600.0,15.438516616821289
2006-12-12,24.030000686645508,23.559999465942383,23.729999542236328,23.959999084472656,9900.0,15.627669334411621
2006-12-13,24.59000015258789,23.520000457763672,24.139999389648438,23.719999313354492,12200.0,15.4711332321167
2006-12-14,23.969999313354492,23.6299991607666,23.739999771118164,23.93000030517578,11700.0,15.6080961227417
2006-12-15,24.059999465942383,23.760000228881836,23.850000381469727,24.0,22400.0,15.65375804901123
2006-12-18,23.829999923706055,22.389999389648438,23.790000915527344,22.610000610351562,9300.0,14.74714469909668
2006-12-19,23.09000015258789,22.440000534057617,22.440000534057617,22.8700008392334,6900.0,14.916729927062988
2006-12-20,23.209999084472656,22.93000030517578,22.989999771118164,22.959999084472656,13000.0,14.975428581237793
2006-12-21,23.059999465942383,22.920000076293945,23.020000457763672,23.059999465942383,3000.0,15.040648460388184
2006-12-22,23.059999465942383,22.760000228881836,22.989999771118164,23.059999465942383,3200.0,15.040648460388184
2006-12-26,24.030000686645508,23.399999618530273,23.399999618530273,24.030000686645508,4400.0,15.673324584960938
2006-12-27,25.260000228881836,24.049999237060547,24.25,24.959999084472656,11700.0,16.2799129486084
2006-12-28,25.25,24.610000610351562,24.920000076293945,24.950000762939453,6600.0,16.27338981628418
2006-12-29,25.190000534057617,24.649999618530273,24.75,24.850000381469727,14000.0,16.208162307739258
2007-01-03,25.559999465942383,24.540000915527344,25.079999923706055,24.65999984741211,7500.0,16.084232330322266
2007-01-04,24.739999771118164,24.440000534057617,24.440000534057617,24.719999313354492,5600.0,16.123369216918945
2007-01-05,24.559999465942383,23.260000228881836,24.559999465942383,23.260000228881836,9200.0,15.171097755432129
2007-01-08,23.6299991607666,22.940000534057617,23.200000762939453,22.950000762939453,15000.0,14.968910217285156
2007-01-09,23.079999923706055,22.700000762939453,23.079999923706055,23.020000457763672,14400.0,15.014561653137207
2007-01-10,23.020000457763672,22.780000686645508,22.84000015258789,22.780000686645508,8500.0,14.858025550842285
2007-01-11,23.5,22.90999984741211,22.90999984741211,23.18000030517578,6800.0,15.11892318725586
2007-01-12,23.8799991607666,23.43000030517578,23.780000686645508,23.43000030517578,9600.0,15.281981468200684
2007-01-16,23.6200008392334,23.020000457763672,23.6200008392334,23.190000534057617,12600.0,15.125444412231445
2007-01-17,23.59000015258789,23.100000381469727,23.299999237060547,23.100000381469727,7400.0,15.066741943359375
2007-01-18,23.280000686645508,22.690000534057617,23.030000686645508,22.969999313354492,14900.0,14.981949806213379
2007-01-19,23.260000228881836,22.809999465942383,22.860000610351562,23.15999984741211,5300.0,15.105879783630371
2007-01-22,23.290000915527344,22.950000762939453,23.290000915527344,23.06999969482422,4700.0,15.047172546386719
2007-01-23,23.219999313354492,22.75,22.989999771118164,23.09000015258789,3400.0,15.060214042663574
2007-01-24,23.350000381469727,23.15999984741211,23.200000762939453,23.350000381469727,1800.0,15.229803085327148
2007-01-25,23.25,22.979999542236328,23.25,23.049999237060547,19300.0,15.03412914276123
2007-01-26,23.3799991607666,22.860000610351562,23.09000015258789,23.3799991607666,5600.0,15.249372482299805
2007-01-29,23.3799991607666,23.15999984741211,23.15999984741211,23.270000457763672,15100.0,15.17762279510498
2007-01-30,23.90999984741211,23.139999389648438,23.270000457763672,23.889999389648438,10500.0,15.58200740814209
2007-01-31,24.290000915527344,23.719999313354492,23.719999313354492,24.170000076293945,7400.0,15.764647483825684
2007-02-01,24.530000686645508,24.170000076293945,24.170000076293945,24.399999618530273,5400.0,15.914653778076172
2007-02-02,24.90999984741211,24.389999389648438,24.389999389648438,24.90999984741211,12500.0,16.247295379638672
2007-02-05,25.010000228881836,24.56999969482422,24.84000015258789,24.56999969482422,9100.0,16.025537490844727
2007-02-06,24.690000534057617,24.309999465942383,24.690000534057617,24.690000534057617,9300.0,16.10379981994629
2007-02-07,24.950000762939453,24.6200008392334,24.770000457763672,24.950000762939453,6500.0,16.27338981628418
2007-02-08,25.1299991607666,24.5,24.950000762939453,25.06999969482422,10100.0,16.351655960083008
2007-02-09,25.440000534057617,24.780000686645508,25.010000228881836,24.780000686645508,15300.0,16.16250991821289
2007-02-12,24.93000030517578,24.709999084472656,24.920000076293945,24.93000030517578,9000.0,16.260345458984375
2007-02-13,25.040000915527344,24.59000015258789,25.040000915527344,24.690000534057617,5500.0,16.10379981994629
2007-02-14,24.959999084472656,24.170000076293945,24.729999542236328,24.440000534057617,7100.0,15.940742492675781
2007-02-15,24.350000381469727,24.139999389648438,24.290000915527344,24.229999542236328,6200.0,15.862189292907715
2007-02-16,24.309999465942383,23.639999389648438,24.309999465942383,23.940000534057617,10400.0,15.672337532043457
2007-02-20,24.84000015258789,23.739999771118164,23.739999771118164,24.739999771118164,14100.0,16.196060180664062
2007-02-21,27.079999923706055,24.739999771118164,25.020000457763672,25.829999923706055,38200.0,16.909626007080078
2007-02-22,26.860000610351562,25.559999465942383,25.959999084472656,26.84000015258789,21500.0,17.57082176208496
2007-02-23,27.059999465942383,26.3700008392334,26.790000915527344,26.459999084472656,9000.0,17.322057723999023
2007-02-26,26.6299991607666,26.110000610351562,26.549999237060547,26.260000228881836,6200.0,17.191123962402344
2007-02-27,26.0,25.079999923706055,25.860000610351562,25.700000762939453,29700.0,16.824522018432617
2007-02-28,25.739999771118164,25.049999237060547,25.549999237060547,25.600000381469727,16400.0,16.75905418395996
2007-03-01,25.90999984741211,25.200000762939453,25.200000762939453,25.510000228881836,9500.0,16.700138092041016
2007-03-02,26.040000915527344,25.06999969482422,25.34000015258789,25.170000076293945,33700.0,16.47756004333496
2007-03-05,25.68000030517578,24.75,25.0,25.31999969482422,9200.0,16.575759887695312
2007-03-06,25.959999084472656,25.600000381469727,25.600000381469727,25.850000381469727,7400.0,16.922718048095703
2007-03-07,25.8799991607666,25.420000076293945,25.780000686645508,25.639999389648438,20800.0,16.785242080688477
2007-03-08,25.940000534057617,25.200000762939453,25.6200008392334,25.360000610351562,15300.0,16.601945877075195
2007-03-09,25.920000076293945,25.25,25.25,25.850000381469727,36400.0,16.922718048095703
2007-03-12,25.889999389648438,25.43000030517578,25.559999465942383,25.459999084472656,12400.0,16.667400360107422
2007-03-13,25.549999237060547,25.239999771118164,25.3700008392334,25.239999771118164,17400.0,16.52338409423828
2007-03-14,25.920000076293945,25.010000228881836,25.06999969482422,25.920000076293945,9500.0,16.96854591369629
2007-03-15,26.6299991607666,25.68000030517578,26.010000228881836,26.5,9600.0,17.348249435424805
2007-03-16,26.489999771118164,25.59000015258789,26.489999771118164,25.59000015258789,44300.0,16.75250816345215
2007-03-19,25.860000610351562,25.270000457763672,25.6299991607666,25.309999465942383,12800.0,16.569211959838867
2007-03-20,25.719999313354492,24.75,25.149999618530273,25.719999313354492,10600.0,16.837614059448242
2007-03-21,26.209999084472656,25.5,25.889999389648438,26.209999084472656,24700.0,17.158401489257812
2007-03-22,26.389999389648438,26.15999984741211,26.209999084472656,26.18000030517578,6400.0,17.13875389099121
2007-03-23,26.600000381469727,26.329999923706055,26.56999969482422,26.469999313354492,7800.0,17.328598022460938
2007-03-26,26.829999923706055,26.420000076293945,26.420000076293945,26.56999969482422,5600.0,17.394067764282227
2007-03-27,26.479999542236328,25.889999389648438,26.479999542236328,25.899999618530273,8700.0,16.95545768737793
2007-03-28,26.1299991607666,25.559999465942383,25.559999465942383,25.579999923706055,6800.0,16.74595832824707
2007-03-29,25.780000686645508,25.049999237060547,25.75,25.59000015258789,7100.0,16.75250816345215
2007-03-30,25.979999542236328,25.530000686645508,25.709999084472656,25.979999542236328,18800.0,17.007823944091797
2007-04-02,26.149999618530273,25.299999237060547,26.139999389648438,25.299999237060547,4100.0,16.562660217285156
2007-04-03,26.1200008392334,25.459999084472656,25.459999084472656,25.8700008392334,9900.0,16.93581199645996
2007-04-04,25.760000228881836,25.479999542236328,25.760000228881836,25.5,5400.0,16.69359588623047
2007-04-05,25.450000762939453,25.139999389648438,25.139999389648438,25.450000762939453,6200.0,16.660858154296875
2007-04-09,25.459999084472656,25.209999084472656,25.309999465942383,25.459999084472656,7800.0,16.667400360107422
2007-04-10,25.649999618530273,25.020000457763672,25.350000381469727,25.200000762939453,6500.0,16.49720001220703
2007-04-11,25.229999542236328,24.8799991607666,25.200000762939453,25.18000030517578,51500.0,16.484106063842773
2007-04-12,25.90999984741211,25.31999969482422,25.31999969482422,25.8700008392334,6900.0,16.93581199645996
2007-04-13,25.780000686645508,25.520000457763672,25.760000228881836,25.780000686645508,2900.0,16.87689971923828
2007-04-16,26.5,25.610000610351562,25.610000610351562,26.399999618530273,3300.0,17.282773971557617
2007-04-17,26.469999313354492,25.940000534057617,26.3700008392334,26.329999923706055,8100.0,17.236957550048828
2007-04-18,26.510000228881836,25.979999542236328,26.25,26.25,7600.0,17.18457794189453
2007-04-19,25.940000534057617,25.520000457763672,25.940000534057617,25.520000457763672,3500.0,16.706689834594727
2007-04-20,26.200000762939453,25.549999237060547,26.049999237060547,25.549999237060547,10900.0,16.726322174072266
2007-04-23,25.950000762939453,25.469999313354492,25.950000762939453,25.670000076293945,7200.0,16.804887771606445
2007-04-24,26.219999313354492,25.5,26.219999313354492,25.670000076293945,3800.0,16.804887771606445
2007-04-25,26.25,25.860000610351562,25.860000610351562,25.920000076293945,4600.0,16.96854591369629
2007-04-26,25.959999084472656,25.209999084472656,25.959999084472656,25.760000228881836,6600.0,16.863800048828125
2007-04-27,25.829999923706055,25.5,25.639999389648438,25.829999923706055,5500.0,16.909626007080078
2007-04-30,25.760000228881836,24.209999084472656,25.760000228881836,24.3799991607666,25400.0,15.960382461547852
2007-05-01,24.770000457763672,24.170000076293945,24.309999465942383,24.739999771118164,26800.0,16.196060180664062
2007-05-02,25.969999313354492,24.260000228881836,24.260000228881836,25.969999313354492,23500.0,17.00127410888672
2007-05-03,26.530000686645508,25.799999237060547,25.799999237060547,26.520000457763672,15000.0,17.36134147644043
2007-05-04,26.549999237060547,25.799999237060547,26.530000686645508,25.989999771118164,12500.0,17.014368057250977
2007-05-07,26.010000228881836,25.6200008392334,26.010000228881836,25.6200008392334,5600.0,16.772151947021484
2007-05-08,25.530000686645508,25.049999237060547,25.530000686645508,25.239999771118164,8700.0,16.52338409423828
2007-05-09,25.760000228881836,25.010000228881836,25.020000457763672,25.75,9800.0,16.85725212097168
2007-05-10,25.56999969482422,24.530000686645508,25.530000686645508,24.530000686645508,11200.0,16.058582305908203
2007-05-11,25.229999542236328,24.649999618530273,24.700000762939453,25.100000381469727,8000.0,16.431726455688477
2007-05-14,25.469999313354492,24.579999923706055,25.09000015258789,24.75,15100.0,16.202608108520508
2007-05-15,25.350000381469727,24.850000381469727,25.030000686645508,24.8700008392334,12000.0,16.28116798400879
2007-05-16,25.110000610351562,24.440000534057617,24.440000534057617,25.110000610351562,13300.0,16.438276290893555
2007-05-17,25.219999313354492,24.84000015258789,25.040000915527344,24.850000381469727,11500.0,16.268064498901367
2007-05-18,24.84000015258789,24.389999389648438,24.829999923706055,24.559999465942383,11300.0,16.078218460083008
2007-05-21,25.65999984741211,24.40999984741211,24.40999984741211,25.649999618530273,12500.0,16.79178237915039
2007-05-22,26.170000076293945,25.459999084472656,25.5,25.829999923706055,8900.0,16.909626007080078
2007-05-23,26.100000381469727,25.15999984741211,25.979999542236328,25.239999771118164,9800.0,16.52338409423828
2007-05-24,25.3799991607666,24.6299991607666,25.3799991607666,24.75,11200.0,16.202608108520508
2007-05-25,25.690000534057617,24.959999084472656,25.209999084472656,25.690000534057617,9400.0,16.817975997924805
2007-05-29,26.5,25.84000015258789,25.84000015258789,26.110000610351562,11200.0,17.092926025390625
2007-05-30,26.389999389648438,25.5,25.8799991607666,26.030000686645508,6800.0,17.11265754699707
2007-05-31,26.40999984741211,25.790000915527344,26.149999618530273,25.899999618530273,5600.0,17.027189254760742
2007-06-01,26.0,25.780000686645508,26.0,25.829999923706055,1900.0,16.98116683959961
2007-06-04,25.989999771118164,25.56999969482422,25.690000534057617,25.81999969482422,6300.0,16.974597930908203
2007-06-05,25.90999984741211,25.31999969482422,25.639999389648438,25.350000381469727,7400.0,16.665613174438477
2007-06-06,25.670000076293945,24.940000534057617,25.280000686645508,25.1200008392334,19500.0,16.514402389526367
2007-06-07,25.329999923706055,23.889999389648438,24.950000762939453,24.1299991607666,29900.0,15.863554000854492
2007-06-08,24.399999618530273,23.989999771118164,24.030000686645508,24.010000228881836,14700.0,15.784664154052734
2007-06-11,24.389999389648438,23.989999771118164,24.030000686645508,24.030000686645508,20200.0,15.797806739807129
2007-06-12,24.549999237060547,23.84000015258789,23.84000015258789,24.09000015258789,15000.0,15.83725357055664
2007-06-13,24.950000762939453,23.979999542236328,23.979999542236328,24.770000457763672,17900.0,16.2843074798584
2007-06-14,25.420000076293945,25.010000228881836,25.010000228881836,25.049999237060547,12100.0,16.468379974365234
2007-06-15,25.809999465942383,25.1299991607666,25.809999465942383,25.3799991607666,35700.0,16.68532943725586
2007-06-18,25.799999237060547,25.399999618530273,25.399999618530273,25.799999237060547,7900.0,16.961444854736328
2007-06-19,26.270000457763672,25.639999389648438,25.639999389648438,26.229999542236328,9400.0,17.24413299560547
2007-06-20,26.719999313354492,25.239999771118164,26.399999618530273,25.239999771118164,12700.0,16.593290328979492
2007-06-21,25.299999237060547,24.389999389648438,24.850000381469727,25.200000762939453,32700.0,16.566993713378906
2007-06-22,25.479999542236328,24.889999389648438,25.1299991607666,25.1299991607666,40300.0,16.520978927612305
2007-06-25,26.1299991607666,24.459999084472656,24.959999084472656,25.649999618530273,46400.0,16.862825393676758
2007-06-26,26.75,25.780000686645508,25.829999923706055,26.579999923706055,24200.0,17.47423553466797
2007-06-27,28.09000015258789,26.200000762939453,26.420000076293945,27.979999542236328,28800.0,18.39461898803711
2007-06-28,27.700000762939453,27.149999618530273,27.700000762939453,27.479999542236328,20300.0,18.06591033935547
2007-06-29,27.610000610351562,26.799999237060547,27.25,26.93000030517578,19300.0,17.704336166381836
2007-07-02,27.18000030517578,26.389999389648438,27.18000030517578,26.979999542236328,15100.0,17.737207412719727
2007-07-03,27.479999542236328,26.25,26.25,27.450000762939453,8300.0,18.046192169189453
2007-07-05,27.510000228881836,27.0,27.40999984741211,27.309999465942383,8400.0,17.95415496826172
2007-07-06,27.510000228881836,26.8700008392334,27.110000610351562,27.079999923706055,6400.0,17.80295181274414
2007-07-09,27.190000534057617,26.3799991607666,27.190000534057617,26.65999984741211,6000.0,17.526824951171875
2007-07-10,26.469999313354492,25.299999237060547,26.469999313354492,25.469999313354492,16900.0,16.744497299194336
2007-07-11,26.010000228881836,25.520000457763672,25.520000457763672,25.829999923706055,11100.0,16.98116683959961
2007-07-12,26.59000015258789,25.809999465942383,26.020000457763672,26.59000015258789,5800.0,17.48080062866211
2007-07-13,26.56999969482422,26.059999465942383,26.299999237060547,26.559999465942383,7100.0,17.461084365844727
2007-07-16,26.299999237060547,25.610000610351562,26.299999237060547,26.219999313354492,9200.0,17.23755645751953
2007-07-17,26.229999542236328,25.450000762939453,26.229999542236328,25.899999618530273,13800.0,17.027189254760742
2007-07-18,26.360000610351562,25.459999084472656,25.809999465942383,26.360000610351562,11500.0,17.329599380493164
2007-07-19,26.979999542236328,25.90999984741211,25.90999984741211,26.610000610351562,10000.0,17.493953704833984
2007-07-20,26.549999237060547,25.270000457763672,26.549999237060547,25.559999465942383,17600.0,16.80366325378418
2007-07-23,25.989999771118164,25.31999969482422,25.610000610351562,25.31999969482422,6800.0,16.64588737487793
2007-07-24,25.350000381469727,23.989999771118164,25.0,24.1200008392334,20300.0,15.856979370117188
2007-07-25,24.479999542236328,23.979999542236328,24.049999237060547,24.399999618530273,18600.0,16.041053771972656
2007-07-26,26.06999969482422,23.700000762939453,23.920000076293945,26.06999969482422,29300.0,17.138946533203125
2007-07-27,26.940000534057617,24.049999237060547,24.25,25.790000915527344,25500.0,16.95486831665039
2007-07-30,26.010000228881836,24.110000610351562,25.670000076293945,24.639999389648438,20700.0,16.19883155822754
2007-07-31,25.959999084472656,24.940000534057617,24.940000534057617,25.510000228881836,27100.0,16.770790100097656
2007-08-01,27.030000686645508,25.799999237060547,26.389999389648438,26.920000076293945,29100.0,17.697757720947266
2007-08-02,27.920000076293945,26.479999542236328,27.0,27.5,20800.0,18.079063415527344
2007-08-03,27.889999389648438,26.860000610351562,27.440000534057617,26.989999771118164,21100.0,17.7437801361084
2007-08-06,28.459999084472656,26.549999237060547,27.010000228881836,28.06999969482422,21300.0,18.45379066467285
2007-08-07,30.049999237060547,27.799999237060547,27.799999237060547,29.3700008392334,27400.0,19.308435440063477
2007-08-08,31.260000228881836,28.049999237060547,29.690000534057617,29.760000228881836,46600.0,19.564836502075195
2007-08-09,32.06999969482422,27.969999313354492,29.799999237060547,28.81999969482422,58500.0,18.946853637695312
2007-08-10,32.5,27.420000076293945,27.420000076293945,29.719999313354492,30700.0,19.538536071777344
2007-08-13,30.850000381469727,28.540000915527344,30.31999969482422,28.540000915527344,20800.0,18.76277732849121
2007-08-14,29.139999389648438,28.030000686645508,28.360000610351562,28.049999237060547,15400.0,18.44064712524414
2007-08-15,29.809999465942383,28.110000610351562,28.110000610351562,29.09000015258789,15100.0,19.124359130859375
2007-08-16,32.880001068115234,29.31999969482422,29.31999969482422,30.8700008392334,49300.0,20.29456901550293
2007-08-17,34.0099983215332,32.060001373291016,33.7599983215332,32.47999954223633,46100.0,21.35300636291504
2007-08-20,32.849998474121094,30.43000030517578,32.689998626708984,31.1299991607666,15600.0,20.465496063232422
2007-08-21,31.690000534057617,30.559999465942383,31.399999618530273,31.06999969482422,12200.0,20.426054000854492
2007-08-22,32.59000015258789,30.850000381469727,31.440000534057617,30.969999313354492,20400.0,20.360301971435547
2007-08-23,31.239999771118164,28.239999771118164,31.239999771118164,28.90999984741211,84600.0,19.006023406982422
2007-08-24,30.010000228881836,28.729999542236328,28.75,29.540000915527344,20300.0,19.42020034790039
2007-08-27,29.940000534057617,28.049999237060547,29.559999465942383,28.81999969482422,40900.0,18.946853637695312
2007-08-28,28.760000228881836,26.209999084472656,28.200000762939453,26.420000076293945,62700.0,17.369047164916992
2007-08-29,28.84000015258789,26.5,26.700000762939453,28.43000030517578,33900.0,18.768598556518555
2007-08-30,29.639999389648438,27.5,28.09000015258789,28.780000686645508,42300.0,18.999666213989258
2007-08-31,29.56999969482422,28.850000381469727,28.850000381469727,29.459999084472656,30400.0,19.448577880859375
2007-09-04,30.219999313354492,29.270000457763672,29.59000015258789,29.600000381469727,28000.0,19.541004180908203
2007-09-05,29.3700008392334,28.200000762939453,29.299999237060547,28.5,85900.0,18.814817428588867
2007-09-06,30.0,29.059999465942383,29.059999465942383,29.100000381469727,20500.0,19.210918426513672
2007-09-07,29.100000381469727,27.889999389648438,29.100000381469727,28.540000915527344,88400.0,18.841222763061523
2007-09-10,29.459999084472656,28.299999237060547,28.75,29.020000457763672,88700.0,19.158100128173828
2007-09-11,31.030000686645508,29.020000457763672,29.18000030517578,29.979999542236328,54600.0,19.791860580444336
2007-09-12,30.239999771118164,29.639999389648438,30.0,29.950000762939453,28500.0,19.772062301635742
2007-09-13,30.200000762939453,29.799999237060547,29.950000762939453,29.850000381469727,11900.0,19.706045150756836
2007-09-14,30.049999237060547,29.559999465942383,29.700000762939453,29.940000534057617,34800.0,19.76546287536621
2007-09-17,30.270000457763672,29.610000610351562,29.799999237060547,29.639999389648438,19800.0,19.56740379333496
2007-09-18,30.950000762939453,29.079999923706055,29.40999984741211,30.950000762939453,47300.0,20.432233810424805
2007-09-19,32.939998626708984,30.8799991607666,30.8799991607666,31.600000381469727,44400.0,20.86133575439453
2007-09-20,33.689998626708984,31.049999237060547,31.3700008392334,33.099998474121094,67200.0,21.851594924926758
2007-09-21,33.95000076293945,33.15999984741211,33.45000076293945,33.709999084472656,50600.0,22.254291534423828
2007-09-24,34.310001373291016,33.09000015258789,33.66999816894531,33.290000915527344,13500.0,21.977033615112305
2007-09-25,33.58000183105469,32.27000045776367,33.0099983215332,32.400001525878906,33300.0,21.389476776123047
2007-09-26,33.029998779296875,32.08000183105469,32.38999938964844,32.11000061035156,12900.0,21.198022842407227
2007-09-27,32.20000076293945,31.399999618530273,31.950000762939453,31.440000534057617,30900.0,20.755708694458008
2007-09-28,31.989999771118164,31.209999084472656,31.299999237060547,31.40999984741211,44800.0,20.73590660095215
2007-10-01,31.709999084472656,29.399999618530273,31.299999237060547,31.600000381469727,27300.0,20.86133575439453
2007-10-02,32.65999984741211,31.469999313354492,31.700000762939453,32.400001525878906,29600.0,21.389476776123047
2007-10-03,32.310001373291016,31.65999984741211,32.29999923706055,31.65999984741211,9100.0,20.900949478149414
2007-10-04,31.93000030517578,31.469999313354492,31.850000381469727,31.760000228881836,15600.0,20.966970443725586
2007-10-05,32.9900016784668,31.719999313354492,32.209999084472656,32.0,28000.0,21.125402450561523
2007-10-08,31.8700008392334,31.34000015258789,31.8700008392334,31.520000457763672,14900.0,20.80852699279785
2007-10-09,32.0,31.1299991607666,31.6200008392334,31.479999542236328,48900.0,20.782121658325195
2007-10-10,31.829999923706055,30.5,31.3799991607666,31.5,28600.0,20.79532241821289
2007-10-11,32.900001525878906,31.6200008392334,31.81999969482422,32.5,24500.0,21.455493927001953
2007-10-12,32.880001068115234,32.18000030517578,32.4900016784668,32.68000030517578,18600.0,21.574321746826172
2007-10-15,33.060001373291016,32.02000045776367,32.619998931884766,33.0,15700.0,21.78557586669922
2007-10-16,32.970001220703125,31.290000915527344,32.970001220703125,32.47999954223633,25900.0,21.44228172302246
2007-10-17,32.880001068115234,29.40999984741211,32.880001068115234,29.899999618530273,112100.0,19.739051818847656
2007-10-18,29.84000015258789,29.059999465942383,29.700000762939453,29.709999084472656,43700.0,19.61362075805664
2007-10-19,29.790000915527344,29.299999237060547,29.719999313354492,29.360000610351562,59000.0,19.382564544677734
2007-10-22,30.950000762939453,27.90999984741211,28.56999969482422,30.850000381469727,68600.0,20.3662166595459
2007-10-23,31.969999313354492,30.1299991607666,31.15999984741211,31.100000381469727,13200.0,20.531251907348633
2007-10-24,31.790000915527344,30.350000381469727,30.969999313354492,31.790000915527344,9600.0,20.98676872253418
2007-10-25,31.860000610351562,30.6299991607666,31.860000610351562,30.6299991607666,7500.0,20.22097396850586
2007-10-26,31.5,30.93000030517578,31.1299991607666,31.5,11700.0,20.79532241821289
2007-10-29,33.0,31.780000686645508,31.780000686645508,32.75,10100.0,21.62053108215332
2007-10-30,33.459999084472656,32.599998474121094,32.9900016784668,33.18000030517578,8500.0,21.904403686523438
2007-10-31,32.5,31.440000534057617,32.5,31.959999084472656,14300.0,21.099000930786133
2007-11-01,31.079999923706055,27.040000915527344,31.079999923706055,27.920000076293945,36200.0,18.43192481994629
2007-11-02,28.520000457763672,26.510000228881836,27.950000762939453,26.6299991607666,38800.0,17.580299377441406
2007-11-05,27.600000381469727,26.540000915527344,26.540000915527344,27.25,16700.0,17.989612579345703
2007-11-06,27.969999313354492,27.0,27.420000076293945,27.969999313354492,14200.0,18.464929580688477
2007-11-07,27.950000762939453,26.8799991607666,27.520000457763672,26.8799991607666,14600.0,17.745346069335938
2007-11-08,28.270000457763672,27.280000686645508,27.280000686645508,28.190000534057617,7800.0,18.61016273498535
2007-11-09,28.5,27.40999984741211,27.799999237060547,27.540000915527344,11100.0,18.18105697631836
2007-11-12,28.100000381469727,27.559999465942383,27.559999465942383,28.0,31200.0,18.484731674194336
2007-11-13,28.520000457763672,27.360000610351562,28.520000457763672,27.479999542236328,27700.0,18.141443252563477
2007-11-14,27.989999771118164,26.690000534057617,27.709999084472656,27.149999618530273,17800.0,17.9235897064209
2007-11-15,27.8799991607666,26.600000381469727,27.420000076293945,27.8799991607666,8600.0,18.405508041381836
2007-11-16,28.079999923706055,26.940000534057617,27.940000534057617,27.389999389648438,14100.0,18.082029342651367
2007-11-19,27.049999237060547,25.5,27.049999237060547,25.59000015258789,35700.0,16.893722534179688
2007-11-20,26.549999237060547,24.850000381469727,25.540000915527344,25.540000915527344,16200.0,16.8607177734375
2007-11-21,27.450000762939453,25.489999771118164,25.489999771118164,27.450000762939453,16200.0,18.121641159057617
2007-11-23,28.219999313354492,27.649999618530273,27.649999618530273,28.09000015258789,4200.0,18.544143676757812
2007-11-26,28.450000762939453,26.989999771118164,28.06999969482422,27.34000015258789,10000.0,18.04901695251465
2007-11-27,28.399999618530273,26.950000762939453,27.420000076293945,28.290000915527344,7200.0,18.676185607910156
2007-11-28,28.940000534057617,27.93000030517578,28.549999237060547,28.90999984741211,22600.0,19.085485458374023
2007-11-29,28.790000915527344,27.65999984741211,28.3700008392334,27.65999984741211,14800.0,18.33002281188965
2007-11-30,28.34000015258789,27.3799991607666,28.34000015258789,27.3799991607666,14400.0,18.14446449279785
2007-12-03,27.799999237060547,27.25,27.719999313354492,27.350000381469727,12100.0,18.124589920043945
2007-12-04,27.90999984741211,26.8700008392334,27.040000915527344,26.8700008392334,6500.0,17.80649757385254
2007-12-05,28.100000381469727,27.549999237060547,27.549999237060547,27.719999313354492,4900.0,18.36977767944336
2007-12-06,28.270000457763672,27.81999969482422,28.1299991607666,28.15999984741211,11900.0,18.66136932373047
2007-12-07,28.15999984741211,27.350000381469727,28.15999984741211,27.649999618530273,14300.0,18.323387145996094
2007-12-10,27.600000381469727,27.1299991607666,27.59000015258789,27.260000228881836,4400.0,18.064943313598633
2007-12-11,27.600000381469727,26.56999969482422,27.479999542236328,26.56999969482422,11300.0,17.60768699645996
2007-12-12,27.6200008392334,26.280000686645508,27.420000076293945,27.079999923706055,3600.0,17.945663452148438
2007-12-13,27.15999984741211,26.18000030517578,26.829999923706055,27.15999984741211,5700.0,17.99866485595703
2007-12-14,26.790000915527344,25.15999984741211,26.65999984741211,25.190000534057617,15100.0,16.69316864013672
2007-12-17,25.209999084472656,24.65999984741211,25.0,24.75,34100.0,16.401588439941406
2007-12-18,28.459999084472656,24.950000762939453,25.1200008392334,27.889999389648438,24500.0,18.482431411743164
2007-12-19,28.239999771118164,27.770000457763672,27.889999389648438,27.950000762939453,12300.0,18.522199630737305
2007-12-20,28.350000381469727,27.780000686645508,28.350000381469727,28.31999969482422,11900.0,18.767393112182617
2007-12-21,29.850000381469727,28.850000381469727,28.93000030517578,29.360000610351562,76400.0,19.45659637451172
2007-12-24,29.93000030517578,28.93000030517578,29.760000228881836,29.700000762939453,10700.0,19.681903839111328
2007-12-26,30.0,29.200000762939453,29.200000762939453,30.0,13900.0,19.880714416503906
2007-12-27,29.93000030517578,28.389999389648438,29.93000030517578,28.670000076293945,4900.0,18.999332427978516
2007-12-28,29.760000228881836,27.030000686645508,29.229999542236328,27.780000686645508,6600.0,18.40953826904297
2007-12-31,28.010000228881836,27.270000457763672,27.59000015258789,27.5,12500.0,18.22398567199707
2008-01-02,27.700000762939453,26.989999771118164,27.399999618530273,27.079999923706055,9500.0,17.945663452148438
2008-01-03,27.25,26.200000762939453,27.190000534057617,26.200000762939453,16600.0,17.362491607666016
2008-01-04,27.079999923706055,25.799999237060547,25.799999237060547,26.459999084472656,14400.0,17.534786224365234
2008-01-07,28.559999465942383,26.530000686645508,26.530000686645508,27.8700008392334,5500.0,18.469181060791016
2008-01-08,28.790000915527344,27.0,27.950000762939453,27.170000076293945,13000.0,18.005298614501953
2008-01-09,28.3700008392334,26.530000686645508,26.889999389648438,28.09000015258789,9700.0,18.614971160888672
2008-01-10,29.329999923706055,27.149999618530273,27.709999084472656,29.329999923706055,6000.0,19.436710357666016
2008-01-11,29.040000915527344,26.920000076293945,29.040000915527344,26.920000076293945,18300.0,17.83962631225586
2008-01-14,27.040000915527344,26.139999389648438,26.139999389648438,26.889999389648438,4800.0,17.81974983215332
2008-01-15,26.760000228881836,25.0,26.459999084472656,25.90999984741211,21700.0,17.170307159423828
2008-01-16,29.760000228881836,25.889999389648438,25.889999389648438,28.959999084472656,13600.0,19.191511154174805
2008-01-17,30.100000381469727,26.68000030517578,30.100000381469727,26.68000030517578,3500.0,17.680578231811523
2008-01-18,29.100000381469727,26.489999771118164,26.489999771118164,26.93000030517578,29800.0,17.84625816345215
2008-01-22,27.75,25.760000228881836,25.760000228881836,27.510000228881836,14900.0,18.230609893798828
2008-01-23,32.79999923706055,26.809999465942383,26.809999465942383,31.780000686645508,18000.0,21.060304641723633
2008-01-24,33.68000030517578,29.610000610351562,31.780000686645508,30.459999084472656,11900.0,20.185544967651367
2008-01-25,31.90999984741211,28.459999084472656,30.959999084472656,28.829999923706055,14100.0,19.105369567871094
2008-01-28,28.93000030517578,27.299999237060547,28.829999923706055,28.65999984741211,14200.0,18.992700576782227
2008-01-29,28.049999237060547,27.0,27.790000915527344,27.059999465942383,7300.0,17.93240737915039
2008-01-30,27.489999771118164,26.920000076293945,26.920000076293945,26.969999313354492,7700.0,17.87276268005371
2008-01-31,30.0,26.579999923706055,26.579999923706055,30.0,12600.0,19.880714416503906
2008-02-01,31.209999084472656,28.6299991607666,30.18000030517578,28.979999542236328,8000.0,19.20477294921875
2008-02-04,28.65999984741211,27.8700008392334,28.65999984741211,27.8700008392334,3700.0,18.469181060791016
2008-02-05,27.260000228881836,26.6299991607666,27.260000228881836,26.690000534057617,23100.0,17.687211990356445
2008-02-06,27.479999542236328,27.0,27.020000457763672,27.209999084472656,9700.0,18.031801223754883
2008-02-07,27.440000534057617,27.0,27.100000381469727,27.25,10000.0,18.058320999145508
2008-02-08,27.489999771118164,27.0,27.489999771118164,27.010000228881836,3800.0,17.89926528930664
2008-02-11,27.510000228881836,26.479999542236328,26.479999542236328,26.950000762939453,15500.0,17.85950469970703
2008-02-12,28.440000534057617,27.139999389648438,27.139999389648438,28.280000686645508,7900.0,18.74088478088379
2008-02-13,29.950000762939453,28.040000915527344,28.559999465942383,29.90999984741211,16600.0,19.821069717407227
2008-02-14,30.68000030517578,28.760000228881836,29.920000076293945,28.760000228881836,4200.0,19.12932777404785
2008-02-15,28.56999969482422,27.420000076293945,28.56999969482422,27.43000030517578,6600.0,18.244691848754883
2008-02-19,28.049999237060547,26.75,27.850000381469727,26.75,10100.0,17.79240608215332
2008-02-20,27.450000762939453,26.610000610351562,26.6200008392334,27.1200008392334,2800.0,18.038503646850586
2008-02-21,27.940000534057617,26.709999084472656,27.489999771118164,26.709999084472656,4200.0,17.76580047607422
2008-02-22,27.290000915527344,26.520000457763672,26.799999237060547,26.8700008392334,6000.0,17.872224807739258
2008-02-25,27.440000534057617,26.18000030517578,27.0,26.56999969482422,12000.0,17.672677993774414
2008-02-26,28.860000610351562,26.579999923706055,26.579999923706055,28.200000762939453,6600.0,18.756847381591797
2008-02-27,29.299999237060547,27.799999237060547,27.8799991607666,28.290000915527344,9100.0,18.81671714782715
2008-02-28,29.0,27.229999542236328,28.010000228881836,27.459999084472656,6700.0,18.2646484375
2008-02-29,28.239999771118164,27.0,27.079999923706055,27.030000686645508,19900.0,17.9786434173584
2008-03-03,27.56999969482422,26.84000015258789,26.889999389648438,27.010000228881836,9200.0,17.9653377532959
2008-03-04,27.440000534057617,26.670000076293945,26.670000076293945,27.0,32600.0,17.95868682861328
2008-03-05,27.299999237060547,26.940000534057617,27.190000534057617,27.040000915527344,3200.0,17.98529624938965
2008-03-06,27.18000030517578,26.610000610351562,26.610000610351562,27.0,7600.0,17.95868682861328
2008-03-07,27.489999771118164,26.530000686645508,26.649999618530273,27.0,5900.0,17.95868682861328
2008-03-10,27.270000457763672,26.889999389648438,27.149999618530273,26.90999984741211,8300.0,17.898828506469727
2008-03-11,30.829999923706055,27.65999984741211,27.65999984741211,30.829999923706055,9300.0,20.506160736083984
2008-03-12,31.809999465942383,30.040000915527344,30.040000915527344,30.790000915527344,20200.0,20.47955894470215
2008-03-13,30.309999465942383,27.0,30.309999465942383,29.219999313354492,31100.0,19.43528938293457
2008-03-14,30.5,27.850000381469727,29.0,28.0,17400.0,18.62382698059082
2008-03-17,31.989999771118164,26.75,27.260000228881836,31.100000381469727,19000.0,20.685745239257812
2008-03-18,31.950000762939453,28.420000076293945,31.84000015258789,31.84000015258789,30200.0,21.17794418334961
2008-03-19,32.959999084472656,31.559999465942383,32.13999938964844,31.899999618530273,16800.0,21.217863082885742
2008-03-20,32.79999923706055,30.530000686645508,32.79999923706055,31.729999542236328,92000.0,21.104787826538086
2008-03-24,32.689998626708984,30.959999084472656,31.790000915527344,32.40999984741211,20200.0,21.55708122253418
2008-03-25,32.56999969482422,31.68000030517578,32.47999954223633,31.940000534057617,25900.0,21.244464874267578
2008-03-26,32.40999984741211,31.549999237060547,31.559999465942383,32.40999984741211,10800.0,21.55708122253418
2008-03-27,32.5099983215332,30.93000030517578,32.5099983215332,31.739999771118164,8200.0,21.111440658569336
2008-03-28,32.02000045776367,30.510000228881836,32.02000045776367,31.31999969482422,10700.0,20.832082748413086
2008-03-31,31.309999465942383,29.670000076293945,31.309999465942383,29.670000076293945,18000.0,19.734600067138672
2008-04-01,30.5,28.780000686645508,30.5,30.139999389648438,16900.0,20.04721450805664
2008-04-02,31.280000686645508,28.989999771118164,30.190000534057617,29.780000686645508,6300.0,19.807767868041992
2008-04-03,30.93000030517578,28.65999984741211,29.399999618530273,29.940000534057617,6000.0,19.91419219970703
2008-04-04,30.09000015258789,28.829999923706055,30.09000015258789,29.15999984741211,4900.0,19.39537811279297
2008-04-07,29.639999389648438,28.469999313354492,29.420000076293945,29.190000534057617,10700.0,19.41533851623535
2008-04-08,29.540000915527344,28.5,28.84000015258789,29.219999313354492,5600.0,19.43528938293457
2008-04-09,29.84000015258789,28.43000030517578,29.65999984741211,28.670000076293945,8000.0,19.06946563720703
2008-04-10,29.280000686645508,28.43000030517578,28.610000610351562,29.100000381469727,6500.0,19.35548210144043
2008-04-11,29.190000534057617,28.020000457763672,28.559999465942383,28.100000381469727,6800.0,18.690343856811523
2008-04-14,28.81999969482422,27.0,28.440000534057617,28.190000534057617,37900.0,18.75020408630371
2008-04-15,28.84000015258789,27.290000915527344,28.809999465942383,27.8799991607666,9300.0,18.54401397705078
2008-04-16,29.5,27.610000610351562,28.209999084472656,29.209999084472656,12700.0,19.428647994995117
2008-04-17,29.469999313354492,28.93000030517578,29.139999389648438,29.15999984741211,12300.0,19.39537811279297
2008-04-18,29.790000915527344,29.290000915527344,29.579999923706055,29.510000228881836,9600.0,19.62818145751953
2008-04-21,29.610000610351562,28.520000457763672,29.190000534057617,28.850000381469727,6800.0,19.189193725585938
2008-04-22,28.90999984741211,27.299999237060547,28.649999618530273,27.739999771118164,8700.0,18.450881958007812
2008-04-23,27.850000381469727,26.90999984741211,27.850000381469727,26.90999984741211,10700.0,17.898828506469727
2008-04-24,28.940000534057617,26.979999542236328,26.979999542236328,28.889999389648438,7100.0,19.215803146362305
2008-04-25,29.81999969482422,28.030000686645508,29.06999969482422,28.520000457763672,5200.0,18.96969985961914
2008-04-28,29.149999618530273,28.270000457763672,28.270000457763672,29.010000228881836,1100.0,19.295618057250977
2008-04-29,29.0,27.0,29.0,27.020000457763672,2500.0,17.971982955932617
2008-04-30,27.459999084472656,26.969999313354492,27.020000457763672,27.309999465942383,14400.0,18.164880752563477
2008-05-01,28.889999389648438,27.309999465942383,27.309999465942383,28.56999969482422,2100.0,19.002952575683594
2008-05-02,29.950000762939453,28.0,29.1200008392334,28.540000915527344,10300.0,18.98299789428711
2008-05-05,28.299999237060547,27.110000610351562,28.299999237060547,27.15999984741211,8000.0,18.06511116027832
2008-05-06,27.6299991607666,27.0,27.100000381469727,27.190000534057617,24000.0,18.08506202697754
2008-05-07,27.440000534057617,26.34000015258789,27.270000457763672,27.0,20300.0,17.95868682861328
2008-05-08,27.25,26.549999237060547,26.549999237060547,27.139999389648438,10000.0,18.05181312561035
2008-05-09,27.190000534057617,26.610000610351562,26.610000610351562,27.190000534057617,7500.0,18.08506202697754
2008-05-12,28.81999969482422,27.270000457763672,27.329999923706055,28.81999969482422,4400.0,19.169239044189453
2008-05-13,28.989999771118164,27.309999465942383,28.989999771118164,28.850000381469727,7300.0,19.189193725585938
2008-05-14,28.530000686645508,27.75,28.139999389648438,28.299999237060547,5200.0,18.8233699798584
2008-05-15,28.56999969482422,27.579999923706055,28.200000762939453,28.18000030517578,7500.0,18.743547439575195
2008-05-16,28.530000686645508,26.940000534057617,28.530000686645508,26.940000534057617,13400.0,17.918781280517578
2008-05-19,27.719999313354492,26.81999969482422,26.81999969482422,27.219999313354492,13600.0,18.105022430419922
2008-05-20,27.479999542236328,26.809999465942383,26.809999465942383,27.469999313354492,11000.0,18.271303176879883
2008-05-21,27.6299991607666,26.530000686645508,27.6299991607666,26.899999618530273,11400.0,17.892179489135742
2008-05-22,27.31999969482422,26.940000534057617,27.0,27.219999313354492,19500.0,18.105022430419922
2008-05-23,27.3799991607666,26.84000015258789,26.84000015258789,26.899999618530273,4600.0,17.892179489135742
2008-05-27,27.34000015258789,26.979999542236328,26.979999542236328,27.059999465942383,8800.0,17.998600006103516
2008-05-28,27.3799991607666,27.0,27.329999923706055,27.010000228881836,6600.0,17.9653377532959
2008-05-29,28.329999923706055,26.8700008392334,26.8700008392334,28.09000015258789,11300.0,18.781030654907227
2008-05-30,28.850000381469727,27.209999084472656,27.209999084472656,28.770000457763672,9800.0,19.23568344116211
2008-06-02,28.8799991607666,26.829999923706055,28.850000381469727,26.93000030517578,14600.0,18.005462646484375
2008-06-03,27.489999771118164,27.0,27.229999542236328,27.040000915527344,9100.0,18.079008102416992
2008-06-04,27.3799991607666,26.829999923706055,26.829999923706055,27.010000228881836,7500.0,18.058940887451172
2008-06-05,28.84000015258789,26.93000030517578,26.93000030517578,28.719999313354492,13000.0,19.20225715637207
2008-06-06,28.899999618530273,27.600000381469727,28.280000686645508,27.600000381469727,7200.0,18.453413009643555
2008-06-09,28.149999618530273,27.010000228881836,27.3799991607666,27.3799991607666,9200.0,18.306331634521484
2008-06-10,27.489999771118164,27.010000228881836,27.079999923706055,27.219999313354492,6800.0,18.199352264404297
2008-06-11,27.950000762939453,26.329999923706055,27.020000457763672,26.329999923706055,13800.0,17.60429573059082
2008-06-12,27.219999313354492,26.739999771118164,26.940000534057617,26.739999771118164,5500.0,17.878419876098633
2008-06-13,27.209999084472656,26.270000457763672,27.1299991607666,27.040000915527344,28600.0,18.079008102416992
2008-06-16,27.190000534057617,26.989999771118164,26.989999771118164,27.15999984741211,6200.0,18.15923309326172
2008-06-17,27.079999923706055,26.309999465942383,27.079999923706055,26.399999618530273,17300.0,17.651100158691406
2008-06-18,26.940000534057617,26.43000030517578,26.850000381469727,26.760000228881836,10800.0,17.891794204711914
2008-06-19,27.299999237060547,26.690000534057617,26.690000534057617,27.299999237060547,2700.0,18.252843856811523
2008-06-20,27.079999923706055,26.219999313354492,27.079999923706055,26.31999969482422,66400.0,17.59760856628418
2008-06-23,27.030000686645508,25.959999084472656,26.229999542236328,26.729999542236328,11700.0,17.87173843383789
2008-06-24,27.239999771118164,26.290000915527344,26.309999465942383,26.479999542236328,16300.0,17.70458984375
2008-06-25,26.90999984741211,26.270000457763672,26.270000457763672,26.8700008392334,18400.0,17.96534538269043
2008-06-26,27.0,25.540000915527344,26.5,25.6200008392334,18300.0,17.12958526611328
2008-06-27,26.989999771118164,24.139999389648438,25.860000610351562,26.860000610351562,217000.0,17.958656311035156
2008-06-30,27.25,26.450000762939453,26.760000228881836,26.530000686645508,53700.0,17.738014221191406
2008-07-01,27.75,26.5,26.5,27.149999618530273,37600.0,18.15254783630371
2008-07-02,27.309999465942383,26.399999618530273,27.030000686645508,26.469999313354492,37700.0,17.69789695739746
2008-07-03,27.389999389648438,25.809999465942383,26.309999465942383,26.850000381469727,9700.0,17.95196533203125
2008-07-07,27.139999389648438,26.43000030517578,26.43000030517578,26.760000228881836,14500.0,17.891794204711914
2008-07-08,29.479999542236328,26.6200008392334,27.15999984741211,29.15999984741211,31600.0,19.496435165405273
2008-07-09,28.920000076293945,27.290000915527344,28.81999969482422,27.8799991607666,17300.0,18.6406307220459
2008-07-10,29.440000534057617,26.950000762939453,29.440000534057617,28.450000762939453,10000.0,19.02173614501953
2008-07-11,29.31999969482422,27.639999389648438,28.329999923706055,28.649999618530273,11200.0,19.155452728271484
2008-07-14,29.65999984741211,27.93000030517578,29.65999984741211,28.450000762939453,9800.0,19.02173614501953
2008-07-15,28.81999969482422,27.56999969482422,28.020000457763672,28.649999618530273,14800.0,19.155452728271484
2008-07-16,29.90999984741211,27.559999465942383,28.829999923706055,29.90999984741211,21100.0,19.99789047241211
2008-07-17,29.989999771118164,28.34000015258789,29.989999771118164,29.6200008392334,24100.0,19.803998947143555
2008-07-18,29.940000534057617,28.56999969482422,29.670000076293945,28.940000534057617,10200.0,19.34935188293457
2008-07-21,29.780000686645508,28.6299991607666,29.15999984741211,28.799999237060547,1500.0,19.2557430267334
2008-07-22,29.5,28.260000228881836,28.540000915527344,29.40999984741211,13300.0,19.663589477539062
2008-07-23,29.739999771118164,29.15999984741211,29.309999465942383,29.25,10100.0,19.556617736816406
2008-07-24,29.729999542236328,28.920000076293945,29.729999542236328,29.049999237060547,10100.0,19.42289161682129
2008-07-25,29.75,28.59000015258789,29.610000610351562,29.010000228881836,20300.0,19.396156311035156
2008-07-28,29.190000534057617,28.40999984741211,28.84000015258789,28.899999618530273,4400.0,19.32260513305664
2008-07-29,29.75,28.520000457763672,28.670000076293945,29.3700008392334,21400.0,19.63684844970703
2008-07-30,29.700000762939453,28.610000610351562,29.690000534057617,29.690000534057617,27900.0,19.850801467895508
2008-07-31,29.079999923706055,28.6200008392334,28.950000762939453,29.040000915527344,13100.0,19.41620635986328
2008-08-01,29.049999237060547,28.700000762939453,29.0,29.049999237060547,7200.0,19.42289161682129
2008-08-04,29.049999237060547,28.309999465942383,28.309999465942383,28.81999969482422,8500.0,19.269115447998047
2008-08-05,29.700000762939453,28.540000915527344,29.68000030517578,29.690000534057617,9100.0,19.850801467895508
2008-08-06,29.690000534057617,28.260000228881836,29.639999389648438,29.329999923706055,39300.0,19.6101016998291
2008-08-07,29.299999237060547,27.510000228881836,28.93000030517578,28.760000228881836,11000.0,19.2289981842041
2008-08-08,29.239999771118164,27.809999465942383,27.889999389648438,29.149999618530273,31200.0,19.4897518157959
2008-08-11,29.510000228881836,28.719999313354492,29.200000762939453,29.510000228881836,23400.0,19.730453491210938
2008-08-12,30.420000076293945,28.700000762939453,28.899999618530273,30.190000534057617,43000.0,20.185104370117188
2008-08-13,32.279998779296875,29.90999984741211,30.15999984741211,31.780000686645508,11200.0,21.248178482055664
2008-08-14,32.0,29.520000457763672,31.43000030517578,31.100000381469727,21100.0,20.793521881103516
2008-08-15,31.84000015258789,30.84000015258789,31.84000015258789,30.84000015258789,23800.0,20.61968994140625
2008-08-18,30.799999237060547,30.139999389648438,30.489999771118164,30.350000381469727,7500.0,20.292078018188477
2008-08-19,30.350000381469727,27.780000686645508,29.860000610351562,29.489999771118164,7700.0,19.71707534790039
2008-08-20,30.0,29.5,29.5,29.850000381469727,5000.0,19.957780838012695
2008-08-21,30.979999542236328,29.600000381469727,29.600000381469727,30.329999923706055,17900.0,20.278705596923828
2008-08-22,30.979999542236328,29.950000762939453,30.020000457763672,30.59000015258789,4700.0,20.452539443969727
2008-08-25,30.3799991607666,29.020000457763672,30.3799991607666,29.020000457763672,3100.0,19.402835845947266
2008-08-26,29.219999313354492,28.329999923706055,28.329999923706055,29.219999313354492,5600.0,19.53655242919922
2008-08-27,30.049999237060547,29.139999389648438,29.329999923706055,30.049999237060547,13600.0,20.091489791870117
2008-08-28,31.530000686645508,30.040000915527344,30.040000915527344,31.530000686645508,7100.0,21.17970085144043
2008-08-29,32.220001220703125,31.059999465942383,31.469999313354492,31.790000915527344,15500.0,21.354354858398438
2008-09-02,32.18000030517578,30.729999542236328,32.18000030517578,30.989999771118164,11700.0,20.81696891784668
2008-09-03,31.719999313354492,30.760000228881836,31.040000915527344,31.68000030517578,7200.0,21.28046417236328
2008-09-04,31.639999389648438,28.610000610351562,31.059999465942383,29.040000915527344,22000.0,19.50708770751953
2008-09-05,29.100000381469727,27.6299991607666,29.100000381469727,28.309999465942383,7200.0,19.0167293548584
2008-09-08,29.600000381469727,27.899999618530273,29.59000015258789,29.399999618530273,18000.0,19.748916625976562
2008-09-09,31.040000915527344,28.969999313354492,29.549999237060547,30.1299991607666,14600.0,20.23927116394043
2008-09-10,32.130001068115234,29.75,31.18000030517578,31.959999084472656,17100.0,21.46854591369629
2008-09-11,32.209999084472656,30.989999771118164,31.3700008392334,32.040000915527344,10800.0,21.52228355407715
2008-09-12,32.18000030517578,31.1299991607666,32.18000030517578,31.690000534057617,6500.0,21.287179946899414
2008-09-15,32.220001220703125,31.06999969482422,31.06999969482422,31.149999618530273,11600.0,20.9244384765625
2008-09-16,34.630001068115234,30.239999771118164,30.579999923706055,33.560001373291016,25100.0,22.543317794799805
2008-09-17,34.95000076293945,31.049999237060547,33.099998474121094,33.40999984741211,23900.0,22.442554473876953
2008-09-18,39.9900016784668,34.04999923706055,34.58000183105469,39.439998626708984,58500.0,26.493104934692383
2008-09-19,41.9900016784668,35.0,41.9900016784668,36.0,151200.0,24.18233299255371
2008-09-22,35.5099983215332,33.619998931884766,35.5099983215332,33.619998931884766,25700.0,22.583616256713867
2008-09-23,34.29999923706055,33.54999923706055,33.54999923706055,33.779998779296875,16100.0,22.69109344482422
2008-09-24,34.22999954223633,32.810001373291016,33.90999984741211,32.81999969482422,12900.0,22.046232223510742
2008-09-25,34.22999954223633,32.84000015258789,32.970001220703125,33.5099983215332,13600.0,22.509733200073242
2008-09-26,34.41999816894531,32.189998626708984,32.7599983215332,33.81999969482422,25600.0,22.717966079711914
2008-09-29,35.0,29.0,33.16999816894531,33.959999084472656,14500.0,22.812007904052734
2008-09-30,34.43000030517578,32.560001373291016,32.560001373291016,33.470001220703125,19000.0,22.48285484313965
2008-10-01,33.290000915527344,31.959999084472656,33.290000915527344,32.88999938964844,8700.0,22.0932559967041
2008-10-02,33.27000045776367,32.4900016784668,32.88999938964844,32.540000915527344,6800.0,21.858154296875
2008-10-03,33.869998931884766,30.360000610351562,33.119998931884766,30.360000610351562,17900.0,20.39377212524414
2008-10-06,31.719999313354492,27.170000076293945,29.68000030517578,29.860000610351562,17100.0,20.05790901184082
2008-10-07,31.100000381469727,28.43000030517578,30.34000015258789,28.510000228881836,14200.0,19.151071548461914
2008-10-08,30.549999237060547,25.950000762939453,26.079999923706055,28.549999237060547,25100.0,19.17794418334961
2008-10-09,28.799999237060547,26.610000610351562,28.610000610351562,26.610000610351562,45400.0,17.87477684020996
2008-10-10,27.959999084472656,25.889999389648438,25.889999389648438,27.950000762939453,42900.0,18.77490234375
2008-10-13,29.989999771118164,28.15999984741211,29.3799991607666,29.270000457763672,22300.0,19.66159439086914
2008-10-14,29.989999771118164,26.68000030517578,29.989999771118164,27.010000228881836,12400.0,18.143470764160156
2008-10-15,27.100000381469727,25.540000915527344,26.600000381469727,26.06999969482422,24200.0,17.51204490661621
2008-10-16,29.729999542236328,26.0,26.0,28.540000915527344,30000.0,19.171220779418945
2008-10-17,28.93000030517578,26.309999465942383,27.479999542236328,27.899999618530273,38500.0,18.741317749023438
2008-10-20,29.719999313354492,27.0,28.219999313354492,27.889999389648438,31200.0,18.734588623046875
2008-10-21,27.93000030517578,26.0,27.450000762939453,26.0,23200.0,17.46501922607422
2008-10-22,26.809999465942383,24.799999237060547,25.360000610351562,25.100000381469727,16400.0,16.860458374023438
2008-10-23,26.989999771118164,25.299999237060547,25.299999237060547,26.579999923706055,12500.0,17.854631423950195
2008-10-24,27.31999969482422,24.5,25.0,26.149999618530273,16700.0,17.565780639648438
2008-10-27,26.950000762939453,23.81999969482422,25.950000762939453,24.549999237060547,11200.0,16.49101448059082
2008-10-28,28.0,25.020000457763672,25.020000457763672,27.3700008392334,24600.0,18.385297775268555
2008-10-29,27.719999313354492,25.25,27.3700008392334,25.25,13700.0,16.961225509643555
2008-10-30,27.170000076293945,26.31999969482422,26.31999969482422,27.09000015258789,14100.0,18.197208404541016
2008-10-31,27.799999237060547,26.149999618530273,26.75,27.799999237060547,15500.0,18.67414093017578
2008-11-03,28.100000381469727,27.600000381469727,28.0,27.780000686645508,20100.0,18.66070556640625
2008-11-04,28.139999389648438,26.75,27.219999313354492,27.360000610351562,16600.0,18.37858009338379
2008-11-05,27.579999923706055,25.399999618530273,27.040000915527344,26.219999313354492,21400.0,17.61280632019043
2008-11-06,27.5,26.020000457763672,26.020000457763672,26.1200008392334,10900.0,17.545637130737305
2008-11-07,27.399999618530273,25.719999313354492,26.43000030517578,26.940000534057617,17500.0,18.09644889831543
2008-11-10,28.0,25.68000030517578,27.709999084472656,25.68000030517578,7400.0,17.25006866455078
2008-11-11,27.049999237060547,25.700000762939453,25.700000762939453,26.09000015258789,18700.0,17.525480270385742
2008-11-12,26.979999542236328,25.190000534057617,25.670000076293945,25.25,29000.0,16.961225509643555
2008-11-13,28.719999313354492,25.3799991607666,25.3799991607666,27.8700008392334,23400.0,18.721160888671875
2008-11-14,29.260000228881836,26.040000915527344,27.43000030517578,26.209999084472656,17100.0,17.606090545654297
2008-11-17,26.469999313354492,25.489999771118164,25.959999084472656,25.5,7600.0,17.129159927368164
2008-11-18,26.489999771118164,25.34000015258789,25.540000915527344,26.440000534057617,18600.0,17.760587692260742
2008-11-19,28.06999969482422,25.690000534057617,25.690000534057617,25.809999465942383,18400.0,17.337392807006836
2008-11-20,27.030000686645508,25.149999618530273,25.59000015258789,25.889999389648438,19300.0,17.391136169433594
2008-11-21,30.479999542236328,25.780000686645508,25.780000686645508,29.979999542236328,36000.0,20.138511657714844
2008-11-24,34.54999923706055,29.010000228881836,30.3799991607666,34.189998626708984,39800.0,22.966506958007812
2008-11-25,34.70000076293945,27.139999389648438,34.65999984741211,27.969999313354492,122200.0,18.78834342956543
2008-11-26,33.470001220703125,27.149999618530273,27.149999618530273,32.869998931884766,46400.0,22.190893173217773
2008-11-28,33.650001525878906,32.2599983215332,32.2599983215332,33.560001373291016,3800.0,22.656726837158203
2008-12-01,34.560001373291016,26.770000457763672,32.650001525878906,27.260000228881836,30500.0,18.40353012084961
2008-12-02,29.729999542236328,27.079999923706055,27.809999465942383,28.1200008392334,12900.0,18.984119415283203
2008-12-03,29.329999923706055,27.049999237060547,27.31999969482422,28.790000915527344,15100.0,19.436443328857422
2008-12-04,30.8700008392334,28.690000534057617,28.690000534057617,29.479999542236328,12700.0,19.90226936340332
2008-12-05,32.0,29.059999465942383,29.059999465942383,31.280000686645508,23300.0,21.117473602294922
2008-12-08,34.0,31.5,32.209999084472656,33.220001220703125,41000.0,22.42718505859375
2008-12-09,33.45000076293945,31.1200008392334,32.90999984741211,32.40999984741211,24500.0,21.880346298217773
2008-12-10,33.33000183105469,32.040000915527344,32.91999816894531,33.13999938964844,17600.0,22.373178482055664
2008-12-11,33.13999938964844,29.200000762939453,32.29999923706055,29.979999542236328,43000.0,20.239822387695312
2008-12-12,32.90999984741211,29.139999389648438,29.280000686645508,32.869998931884766,11800.0,22.190893173217773
2008-12-15,33.0,29.850000381469727,33.0,31.149999618530273,19300.0,21.029706954956055
2008-12-16,33.0,31.860000610351562,31.860000610351562,32.900001525878906,29600.0,22.211151123046875
2008-12-17,33.22999954223633,32.439998626708984,32.439998626708984,32.88999938964844,27400.0,22.20439910888672
2008-12-18,33.790000915527344,31.149999618530273,32.84000015258789,32.220001220703125,65700.0,21.752071380615234
2008-12-19,33.79999923706055,32.84000015258789,33.70000076293945,33.5,69100.0,22.61621856689453
2008-12-22,33.43000030517578,30.440000534057617,33.43000030517578,32.279998779296875,13900.0,21.79258155822754
2008-12-23,33.189998626708984,32.47999954223633,32.540000915527344,32.88999938964844,11700.0,22.20439910888672
2008-12-24,33.18000030517578,31.639999389648438,32.22999954223633,33.18000030517578,10300.0,22.400177001953125
2008-12-26,33.16999816894531,32.18000030517578,33.16999816894531,32.45000076293945,8500.0,21.9073486328125
2008-12-29,32.43000030517578,31.459999084472656,32.43000030517578,31.670000076293945,6200.0,21.38076400756836
2008-12-30,32.880001068115234,31.600000381469727,32.150001525878906,32.869998931884766,13200.0,22.190893173217773
2008-12-31,33.16999816894531,31.559999465942383,32.869998931884766,33.04999923706055,31000.0,22.31240463256836
2009-01-02,33.16999816894531,31.260000228881836,33.16999816894531,32.58000183105469,13000.0,21.9951114654541
2009-01-05,33.060001373291016,30.75,32.720001220703125,32.79999923706055,12200.0,22.143638610839844
2009-01-06,33.209999084472656,32.029998779296875,33.16999816894531,33.209999084472656,9200.0,22.420434951782227
2009-01-07,33.06999969482422,30.799999237060547,32.65999984741211,31.450000762939453,17200.0,21.23223114013672
2009-01-08,32.34000015258789,30.360000610351562,30.389999389648438,32.34000015258789,12700.0,21.833087921142578
2009-01-09,32.86000061035156,30.25,32.25,30.309999465942383,14200.0,20.46261215209961
2009-01-12,31.25,29.559999465942383,30.309999465942383,29.559999465942383,8600.0,19.956289291381836
2009-01-13,30.5,29.290000915527344,29.399999618530273,29.559999465942383,20700.0,19.956289291381836
2009-01-14,29.030000686645508,27.0,29.030000686645508,27.149999618530273,29800.0,18.329265594482422
2009-01-15,28.579999923706055,26.670000076293945,26.670000076293945,28.389999389648438,21700.0,19.166399002075195
2009-01-16,28.940000534057617,27.790000915527344,28.690000534057617,28.940000534057617,10900.0,19.537708282470703
2009-01-20,28.600000381469727,26.65999984741211,28.600000381469727,26.65999984741211,10600.0,17.99845314025879
2009-01-21,29.239999771118164,25.93000030517578,26.780000686645508,29.229999542236328,17400.0,19.733489990234375
2009-01-22,28.6299991607666,27.450000762939453,28.489999771118164,27.489999771118164,7400.0,18.558795928955078
2009-01-23,27.670000076293945,26.600000381469727,26.809999465942383,27.459999084472656,11000.0,18.538545608520508
2009-01-26,28.770000457763672,27.110000610351562,27.299999237060547,28.040000915527344,14800.0,18.930110931396484
2009-01-27,29.40999984741211,28.020000457763672,28.059999465942383,28.950000762939453,7300.0,19.544456481933594
2009-01-28,30.649999618530273,28.700000762939453,28.700000762939453,30.540000915527344,8600.0,20.617891311645508
2009-01-29,31.25,29.020000457763672,30.25,29.15999984741211,10700.0,19.68623161315918
2009-01-30,30.1200008392334,28.209999084472656,29.559999465942383,28.780000686645508,17100.0,19.42969512939453
2009-02-02,30.989999771118164,28.450000762939453,28.450000762939453,30.639999389648438,13800.0,20.685394287109375
2009-02-03,30.989999771118164,29.979999542236328,30.81999969482422,30.979999542236328,15600.0,20.91493797302246
2009-02-04,31.649999618530273,30.43000030517578,30.43000030517578,30.489999771118164,8700.0,20.58413314819336
2009-02-05,31.600000381469727,29.969999313354492,29.969999313354492,31.09000015258789,14000.0,20.989192962646484
2009-02-06,32.16999816894531,30.200000762939453,30.959999084472656,31.559999465942383,26400.0,21.30649757385254
2009-02-09,32.09000015258789,31.010000228881836,31.329999923706055,31.450000762939453,12200.0,21.23223114013672
2009-02-10,31.3799991607666,28.059999465942383,31.260000228881836,28.059999465942383,15900.0,18.943607330322266
2009-02-11,29.760000228881836,27.389999389648438,28.299999237060547,28.260000228881836,17200.0,19.078636169433594
2009-02-12,28.579999923706055,27.049999237060547,27.899999618530273,27.549999237060547,7000.0,18.599302291870117
2009-02-13,28.329999923706055,27.219999313354492,27.219999313354492,27.760000228881836,2800.0,18.741079330444336
2009-02-17,26.729999542236328,25.530000686645508,26.709999084472656,26.0,20200.0,17.55288314819336
2009-02-18,26.170000076293945,25.09000015258789,25.09000015258789,25.899999618530273,44500.0,17.48537254333496
2009-02-19,26.530000686645508,25.25,26.190000534057617,25.25,16400.0,17.046550750732422
2009-02-20,25.860000610351562,24.549999237060547,24.969999313354492,24.799999237060547,31400.0,16.74275016784668
2009-02-23,25.549999237060547,23.079999923706055,24.920000076293945,23.079999923706055,16400.0,15.581554412841797
2009-02-24,24.100000381469727,20.110000610351562,22.010000228881836,23.979999542236328,37600.0,16.18915557861328
2009-02-25,24.56999969482422,23.079999923706055,23.850000381469727,24.0,19200.0,16.202667236328125
2009-02-26,24.229999542236328,20.989999771118164,24.110000610351562,20.989999771118164,14200.0,14.253725051879883
2009-02-27,22.760000228881836,20.700000762939453,20.700000762939453,21.920000076293945,12900.0,14.885259628295898
2009-03-02,22.309999465942383,21.010000228881836,21.610000610351562,21.059999465942383,15500.0,14.301259994506836
2009-03-03,21.389999389648438,20.420000076293945,21.389999389648438,21.0,28600.0,14.260515213012695
2009-03-04,22.25,21.0,21.34000015258789,22.020000457763672,11600.0,14.953170776367188
2009-03-05,23.049999237060547,20.729999542236328,21.530000686645508,21.0,13600.0,14.260515213012695
2009-03-06,21.200000762939453,20.139999389648438,21.200000762939453,20.469999313354492,29000.0,13.900606155395508
2009-03-09,20.579999923706055,20.170000076293945,20.299999237060547,20.190000534057617,16400.0,13.710468292236328
2009-03-10,21.520000457763672,20.299999237060547,20.5,21.520000457763672,28800.0,14.61363410949707
2009-03-11,21.559999465942383,20.6200008392334,21.5,20.850000381469727,38800.0,14.158650398254395
2009-03-12,24.1299991607666,20.68000030517578,20.68000030517578,24.1299991607666,29100.0,16.386016845703125
2009-03-13,25.739999771118164,23.719999313354492,24.239999771118164,24.420000076293945,16400.0,16.58293914794922
2009-03-16,26.200000762939453,24.600000381469727,24.600000381469727,24.75,16300.0,16.807035446166992
2009-03-17,25.6299991607666,23.969999313354492,24.760000228881836,25.030000686645508,16300.0,16.997175216674805
2009-03-18,26.850000381469727,24.530000686645508,24.979999542236328,26.18000030517578,25800.0,17.778104782104492
2009-03-19,26.829999923706055,24.06999969482422,26.829999923706055,25.0,20600.0,16.97679901123047
2009-03-20,25.5,23.100000381469727,25.31999969482422,23.34000015258789,41900.0,15.849541664123535
2009-03-23,26.899999618530273,22.559999465942383,22.690000534057617,26.899999618530273,27800.0,18.26703643798828
2009-03-24,27.43000030517578,25.579999923706055,26.559999465942383,25.579999923706055,23000.0,17.37065887451172
2009-03-25,25.8700008392334,23.559999465942383,25.8700008392334,24.989999771118164,12400.0,16.970012664794922
2009-03-26,27.579999923706055,25.229999542236328,25.309999465942383,27.0,16200.0,18.334943771362305
2009-03-27,27.75,25.15999984741211,26.389999389648438,25.670000076293945,12100.0,17.431787490844727
2009-03-30,25.850000381469727,24.540000915527344,25.030000686645508,24.600000381469727,8100.0,16.70517921447754
2009-03-31,26.290000915527344,24.010000228881836,24.969999313354492,25.920000076293945,8800.0,17.60155487060547
2009-04-01,26.700000762939453,25.489999771118164,25.489999771118164,26.479999542236328,11000.0,17.981836318969727
2009-04-02,27.5,25.520000457763672,25.520000457763672,26.969999313354492,28700.0,18.314579010009766
2009-04-03,27.100000381469727,26.350000381469727,27.030000686645508,27.100000381469727,4700.0,18.402854919433594
2009-04-06,26.709999084472656,25.56999969482422,26.3700008392334,25.780000686645508,5700.0,17.506481170654297
2009-04-07,26.65999984741211,23.5,26.65999984741211,23.739999771118164,14900.0,16.121166229248047
2009-04-08,25.0,23.780000686645508,23.860000610351562,24.270000457763672,7200.0,16.481082916259766
2009-04-09,27.06999969482422,24.139999389648438,24.920000076293945,26.549999237060547,15400.0,18.02936553955078
2009-04-13,27.059999465942383,26.040000915527344,26.1200008392334,27.059999465942383,7100.0,18.375688552856445
2009-04-14,26.520000457763672,25.239999771118164,26.520000457763672,25.360000610351562,7800.0,17.22126579284668
2009-04-15,26.549999237060547,25.06999969482422,25.239999771118164,26.059999465942383,8500.0,17.696613311767578
2009-04-16,26.760000228881836,24.940000534057617,25.739999771118164,25.920000076293945,12900.0,17.60155487060547
2009-04-17,26.700000762939453,25.899999618530273,26.0,26.360000610351562,14500.0,17.900339126586914
2009-04-20,26.030000686645508,22.68000030517578,25.65999984741211,23.8799991607666,24800.0,16.21624755859375
2009-04-21,26.530000686645508,23.360000610351562,23.709999084472656,26.290000915527344,15300.0,17.85280990600586
2009-04-22,26.8700008392334,25.770000457763672,25.770000457763672,26.520000457763672,12000.0,18.00899887084961
2009-04-23,27.270000457763672,25.81999969482422,26.479999542236328,26.309999465942383,15900.0,17.866382598876953
2009-04-24,27.65999984741211,26.549999237060547,26.670000076293945,27.18000030517578,10400.0,18.457176208496094
2009-04-27,26.799999237060547,24.920000076293945,26.520000457763672,26.190000534057617,19900.0,17.78490447998047
2009-04-28,27.059999465942383,25.989999771118164,25.989999771118164,26.860000610351562,4000.0,18.239877700805664
2009-04-29,28.219999313354492,26.209999084472656,27.030000686645508,27.709999084472656,13800.0,18.817087173461914
2009-04-30,28.219999313354492,27.420000076293945,27.8799991607666,27.450000762939453,12800.0,18.64052963256836
2009-05-01,27.8700008392334,26.959999084472656,27.459999084472656,27.329999923706055,9900.0,18.559040069580078
2009-05-04,28.0,27.600000381469727,27.6299991607666,27.809999465942383,5300.0,18.884998321533203
2009-05-05,27.979999542236328,26.459999084472656,27.709999084472656,27.229999542236328,9700.0,18.491138458251953
2009-05-06,27.520000457763672,25.219999313354492,27.520000457763672,25.649999618530273,17500.0,17.418197631835938
2009-05-07,26.09000015258789,23.079999923706055,26.09000015258789,23.469999313354492,31600.0,15.937821388244629
2009-05-08,24.579999923706055,23.049999237060547,23.84000015258789,24.34000015258789,23000.0,16.52861213684082
2009-05-11,24.690000534057617,23.18000030517578,24.1200008392334,24.510000228881836,20700.0,16.644052505493164
2009-05-12,24.549999237060547,23.549999237060547,24.549999237060547,24.190000534057617,7600.0,16.426759719848633
2009-05-13,24.889999389648438,23.31999969482422,23.780000686645508,23.579999923706055,23800.0,16.012527465820312
2009-05-14,24.520000457763672,23.149999618530273,23.6299991607666,23.90999984741211,18100.0,16.236616134643555
2009-05-15,24.209999084472656,23.020000457763672,24.209999084472656,23.06999969482422,11700.0,15.66619873046875
2009-05-18,24.559999465942383,23.440000534057617,23.440000534057617,24.549999237060547,12600.0,16.671220779418945
2009-05-19,24.209999084472656,23.260000228881836,23.899999618530273,23.56999969482422,9800.0,16.0057373046875
2009-05-20,23.90999984741211,21.34000015258789,23.530000686645508,21.81999969482422,36300.0,14.81735610961914
2009-05-21,22.489999771118164,21.6200008392334,21.6200008392334,22.079999923706055,12200.0,14.99390983581543
2009-05-22,22.65999984741211,22.0,22.100000381469727,22.34000015258789,13100.0,15.170467376708984
2009-05-26,25.520000457763672,22.170000076293945,22.170000076293945,25.31999969482422,21500.0,17.194107055664062
2009-05-27,26.25,24.799999237060547,25.059999465942383,24.959999084472656,11200.0,16.94963836669922
2009-05-28,25.350000381469727,24.010000228881836,25.260000228881836,24.530000686645508,11800.0,16.758350372314453
2009-05-29,24.690000534057617,23.469999313354492,24.690000534057617,24.030000686645508,26200.0,16.416765213012695
2009-06-01,25.989999771118164,24.110000610351562,25.989999771118164,25.190000534057617,31900.0,17.209247589111328
2009-06-02,25.1200008392334,23.3799991607666,25.1200008392334,24.1299991607666,42000.0,16.48508644104004
2009-06-03,24.459999084472656,23.440000534057617,23.969999313354492,24.219999313354492,9000.0,16.54656219482422
2009-06-04,25.6299991607666,23.860000610351562,24.420000076293945,25.6299991607666,15900.0,17.509849548339844
2009-06-05,26.020000457763672,24.969999313354492,25.81999969482422,25.540000915527344,9000.0,17.448366165161133
2009-06-08,25.690000534057617,24.709999084472656,25.489999771118164,25.010000228881836,14200.0,17.086278915405273
2009-06-09,25.559999465942383,24.8700008392334,25.079999923706055,25.40999984741211,16500.0,17.359546661376953
2009-06-10,26.0,22.25,25.56999969482422,23.31999969482422,27600.0,15.93170166015625
2009-06-11,24.770000457763672,23.450000762939453,23.450000762939453,24.469999313354492,8700.0,16.71735954284668
2009-06-12,24.8799991607666,23.950000762939453,24.18000030517578,24.8799991607666,8100.0,16.997461318969727
2009-06-15,25.0,23.389999389648438,24.190000534057617,24.5,30700.0,16.737857818603516
2009-06-16,25.25,23.770000457763672,24.530000686645508,23.799999237060547,20600.0,16.259632110595703
2009-06-17,24.5,23.3700008392334,23.799999237060547,24.1200008392334,3800.0,16.478256225585938
2009-06-18,24.540000915527344,23.5,23.700000762939453,23.989999771118164,7600.0,16.389436721801758
2009-06-19,24.3700008392334,23.540000915527344,24.3700008392334,24.1200008392334,28300.0,16.478256225585938
2009-06-22,24.049999237060547,22.84000015258789,23.860000610351562,22.8700008392334,14300.0,15.62427806854248
2009-06-23,23.18000030517578,21.940000534057617,22.790000915527344,22.3700008392334,41600.0,15.282690048217773
2009-06-24,22.700000762939453,22.049999237060547,22.5,22.329999923706055,11600.0,15.25536060333252
2009-06-25,22.75,22.239999771118164,22.25,22.65999984741211,6500.0,15.480807304382324
2009-06-26,23.309999465942383,22.299999237060547,22.450000762939453,23.1200008392334,129000.0,15.795071601867676
2009-06-29,24.309999465942383,22.790000915527344,23.489999771118164,23.479999542236328,16400.0,16.041015625
2009-06-30,24.079999923706055,23.079999923706055,23.510000228881836,23.09000015258789,24600.0,15.774579048156738
2009-07-01,24.0,23.010000228881836,23.350000381469727,23.829999923706055,16500.0,16.28013038635254
2009-07-02,23.459999084472656,22.420000076293945,23.399999618530273,22.739999771118164,13300.0,15.535459518432617
2009-07-06,23.059999465942383,22.049999237060547,22.700000762939453,22.260000228881836,13400.0,15.207536697387695
2009-07-07,23.110000610351562,22.329999923706055,23.110000610351562,22.329999923706055,9200.0,15.25536060333252
2009-07-08,22.90999984741211,22.1299991607666,22.510000228881836,22.5,12700.0,15.371500015258789
2009-07-09,22.600000381469727,21.59000015258789,22.600000381469727,21.59000015258789,13300.0,14.749810218811035
2009-07-10,21.989999771118164,21.260000228881836,21.510000228881836,21.549999237060547,18600.0,14.722481727600098
2009-07-13,22.3700008392334,21.59000015258789,21.59000015258789,22.229999542236328,12400.0,15.187039375305176
2009-07-14,22.6299991607666,21.979999542236328,22.149999618530273,22.520000457763672,7700.0,15.385163307189941
2009-07-15,23.899999618530273,22.56999969482422,22.93000030517578,23.3700008392334,46300.0,15.96586799621582
2009-07-16,23.75,23.110000610351562,23.15999984741211,23.75,8000.0,16.225467681884766
2009-07-17,24.09000015258789,23.440000534057617,23.860000610351562,24.020000457763672,12300.0,16.409931182861328
2009-07-20,24.850000381469727,23.729999542236328,24.100000381469727,24.600000381469727,44800.0,16.806175231933594
2009-07-21,24.549999237060547,23.709999084472656,23.829999923706055,24.139999389648438,21600.0,16.49190902709961
2009-07-22,24.459999084472656,23.65999984741211,23.950000762939453,24.459999084472656,8200.0,16.71053123474121
2009-07-23,24.709999084472656,24.0,24.31999969482422,24.360000610351562,44500.0,16.6422061920166
2009-07-24,24.5,23.850000381469727,24.09000015258789,23.90999984741211,17500.0,16.33478355407715
2009-07-27,24.110000610351562,23.389999389648438,24.020000457763672,23.93000030517578,4300.0,16.348445892333984
2009-07-28,24.489999771118164,23.670000076293945,23.670000076293945,24.229999542236328,7100.0,16.553396224975586
2009-07-29,24.479999542236328,23.950000762939453,24.079999923706055,24.190000534057617,7000.0,16.52606964111328
2009-07-30,24.600000381469727,22.739999771118164,24.600000381469727,24.239999771118164,28200.0,16.560232162475586
2009-07-31,24.450000762939453,23.709999084472656,24.059999465942383,23.780000686645508,17500.0,16.245973587036133
2009-08-03,23.93000030517578,23.229999542236328,23.93000030517578,23.610000610351562,6800.0,16.129825592041016
2009-08-04,24.940000534057617,23.219999313354492,23.5,24.1200008392334,15600.0,16.478256225585938
2009-08-05,24.209999084472656,22.190000534057617,24.209999084472656,22.850000381469727,12700.0,15.610613822937012
2009-08-06,23.420000076293945,22.6299991607666,22.850000381469727,22.6299991607666,9900.0,15.460312843322754
2009-08-07,24.139999389648438,22.899999618530273,23.09000015258789,23.860000610351562,11200.0,16.300628662109375
2009-08-10,24.5,23.6200008392334,23.6200008392334,24.149999618530273,6400.0,16.49874496459961
2009-08-11,24.1200008392334,22.34000015258789,24.0,22.510000228881836,22400.0,15.37833309173584
2009-08-12,23.3700008392334,22.809999465942383,22.8700008392334,22.950000762939453,17900.0,15.67892837524414
2009-08-13,23.450000762939453,22.700000762939453,23.020000457763672,22.8799991607666,14300.0,15.631109237670898
2009-08-14,23.100000381469727,21.989999771118164,22.889999389648438,21.989999771118164,10700.0,15.023079872131348
2009-08-17,22.559999465942383,21.6299991607666,21.899999618530273,22.420000076293945,11200.0,15.316845893859863
2009-08-18,23.450000762939453,22.5,22.5,23.260000228881836,5700.0,15.890714645385742
2009-08-19,23.450000762939453,22.799999237060547,23.010000228881836,22.989999771118164,7600.0,15.706254959106445
2009-08-20,23.190000534057617,22.139999389648438,23.0,23.010000228881836,5700.0,15.719919204711914
2009-08-21,23.829999923706055,22.68000030517578,23.450000762939453,23.610000610351562,20200.0,16.129825592041016
2009-08-24,23.84000015258789,22.920000076293945,23.600000381469727,23.040000915527344,9100.0,15.740421295166016
2009-08-25,23.139999389648438,22.709999084472656,23.139999389648438,23.100000381469727,4400.0,15.781402587890625
2009-08-26,23.329999923706055,22.719999313354492,23.329999923706055,23.040000915527344,4400.0,15.740421295166016
2009-08-27,22.989999771118164,21.90999984741211,22.75,22.989999771118164,6800.0,15.706254959106445
2009-08-28,23.15999984741211,22.09000015258789,23.139999389648438,22.549999237060547,12300.0,15.506841659545898
2009-08-31,22.6200008392334,22.15999984741211,22.5,22.600000381469727,14400.0,15.541217803955078
2009-09-01,23.3799991607666,21.959999084472656,22.3799991607666,21.959999084472656,11900.0,15.101112365722656
2009-09-02,22.579999923706055,22.34000015258789,22.350000381469727,22.489999771118164,5800.0,15.465578079223633
2009-09-03,22.530000686645508,22.1200008392334,22.5,22.520000457763672,4200.0,15.486205101013184
2009-09-04,22.709999084472656,22.110000610351562,22.709999084472656,22.350000381469727,6000.0,15.369300842285156
2009-09-08,23.1299991607666,22.110000610351562,22.489999771118164,22.399999618530273,8900.0,15.403685569763184
2009-09-09,22.799999237060547,22.040000915527344,22.350000381469727,22.799999237060547,10800.0,15.678747177124023
2009-09-10,22.709999084472656,22.360000610351562,22.709999084472656,22.520000457763672,23300.0,15.486205101013184
2009-09-11,22.600000381469727,22.190000534057617,22.190000534057617,22.469999313354492,4500.0,15.451823234558105
2009-09-14,22.350000381469727,21.920000076293945,22.350000381469727,22.260000228881836,4400.0,15.307411193847656
2009-09-15,22.520000457763672,22.010000228881836,22.149999618530273,22.520000457763672,2900.0,15.486205101013184
2009-09-16,22.989999771118164,22.360000610351562,22.530000686645508,22.520000457763672,11800.0,15.486205101013184
2009-09-17,22.75,22.389999389648438,22.75,22.440000534057617,4100.0,15.431193351745605
2009-09-18,22.510000228881836,22.25,22.40999984741211,22.299999237060547,29000.0,15.334918975830078
2009-09-21,22.579999923706055,22.350000381469727,22.350000381469727,22.350000381469727,6000.0,15.369300842285156
2009-09-22,22.510000228881836,22.350000381469727,22.459999084472656,22.350000381469727,34000.0,15.369300842285156
2009-09-23,22.549999237060547,22.31999969482422,22.31999969482422,22.43000030517578,4300.0,15.424315452575684
2009-09-24,22.530000686645508,22.3700008392334,22.450000762939453,22.3799991607666,6200.0,15.389925956726074
2009-09-25,22.549999237060547,22.350000381469727,22.3700008392334,22.510000228881836,6000.0,15.479329109191895
2009-09-28,22.950000762939453,22.459999084472656,22.510000228881836,22.920000076293945,12400.0,15.761268615722656
2009-09-29,23.260000228881836,22.43000030517578,22.8799991607666,23.100000381469727,9000.0,15.885047912597656
2009-09-30,23.3799991607666,22.649999618530273,23.190000534057617,22.899999618530273,27200.0,15.747520446777344
2009-10-01,22.700000762939453,22.299999237060547,22.700000762939453,22.350000381469727,88300.0,15.369300842285156
2009-10-02,23.079999923706055,22.299999237060547,22.299999237060547,22.81999969482422,7300.0,15.69250774383545
2009-10-05,23.260000228881836,22.65999984741211,22.889999389648438,22.719999313354492,9200.0,15.623739242553711
2009-10-06,23.469999313354492,23.059999465942383,23.100000381469727,23.469999313354492,6400.0,16.139484405517578
2009-10-07,23.899999618530273,23.110000610351562,23.440000534057617,23.899999618530273,6400.0,16.435178756713867
2009-10-08,23.899999618530273,22.829999923706055,23.899999618530273,22.829999923706055,31600.0,15.69937801361084
2009-10-09,23.139999389648438,22.469999313354492,22.780000686645508,22.649999618530273,50900.0,15.575604438781738
2009-10-12,23.899999618530273,23.040000915527344,23.200000762939453,23.59000015258789,16200.0,16.222007751464844
2009-10-13,23.6299991607666,23.270000457763672,23.6299991607666,23.350000381469727,3700.0,16.056968688964844
2009-10-14,23.6200008392334,22.579999923706055,23.520000457763672,22.760000228881836,25300.0,15.651238441467285
2009-10-15,22.84000015258789,22.40999984741211,22.68000030517578,22.510000228881836,7000.0,15.479329109191895
2009-10-16,23.3799991607666,22.299999237060547,22.299999237060547,22.399999618530273,18900.0,15.403685569763184
2009-10-19,22.93000030517578,22.3799991607666,22.3799991607666,22.59000015258789,12400.0,15.53433895111084
2009-10-20,22.719999313354492,22.43000030517578,22.6200008392334,22.469999313354492,8500.0,15.451823234558105
2009-10-21,23.0,22.299999237060547,22.469999313354492,22.3799991607666,15000.0,15.389925956726074
2009-10-22,23.010000228881836,22.40999984741211,22.40999984741211,23.010000228881836,11500.0,15.823162078857422
2009-10-23,23.18000030517578,22.299999237060547,22.780000686645508,22.440000534057617,10100.0,15.431193351745605
2009-10-26,22.950000762939453,22.309999465942383,22.479999542236328,22.399999618530273,11000.0,15.403685569763184
2009-10-27,22.719999313354492,22.399999618530273,22.43000030517578,22.440000534057617,6600.0,15.431193351745605
2009-10-28,22.940000534057617,22.299999237060547,22.479999542236328,22.31999969482422,57000.0,15.348674774169922
2009-10-29,22.790000915527344,22.299999237060547,22.670000076293945,22.350000381469727,37600.0,15.369300842285156
2009-10-30,22.670000076293945,22.299999237060547,22.299999237060547,22.299999237060547,26100.0,15.334918975830078
2009-11-02,23.309999465942383,22.34000015258789,22.700000762939453,22.520000457763672,10600.0,15.486205101013184
2009-11-03,22.770000457763672,22.299999237060547,22.399999618530273,22.770000457763672,9600.0,15.658122062683105
2009-11-04,22.84000015258789,21.65999984741211,22.84000015258789,21.75,18000.0,14.956705093383789
2009-11-05,22.860000610351562,21.90999984741211,21.959999084472656,22.549999237060547,13300.0,15.506841659545898
2009-11-06,22.760000228881836,21.860000610351562,22.31999969482422,22.6299991607666,8700.0,15.561845779418945
2009-11-09,22.969999313354492,22.43000030517578,22.739999771118164,22.760000228881836,8700.0,15.651238441467285
2009-11-10,22.959999084472656,22.479999542236328,22.68000030517578,22.5,3200.0,15.472453117370605
2009-11-11,22.799999237060547,22.200000762939453,22.729999542236328,22.68000030517578,8200.0,15.596226692199707
2009-11-12,22.799999237060547,22.309999465942383,22.6299991607666,22.399999618530273,11700.0,15.403685569763184
2009-11-13,22.709999084472656,22.399999618530273,22.530000686645508,22.479999542236328,8100.0,15.458698272705078
2009-11-16,22.799999237060547,21.989999771118164,22.760000228881836,22.600000381469727,11600.0,15.541217803955078
2009-11-17,22.780000686645508,22.5,22.760000228881836,22.770000457763672,9500.0,15.658122062683105
2009-11-18,22.75,22.399999618530273,22.510000228881836,22.6299991607666,6200.0,15.561845779418945
2009-11-19,22.770000457763672,22.440000534057617,22.5,22.610000610351562,31100.0,15.548091888427734
2009-11-20,23.190000534057617,22.520000457763672,22.520000457763672,23.170000076293945,15000.0,15.933189392089844
2009-11-23,23.799999237060547,23.040000915527344,23.40999984741211,23.68000030517578,7900.0,16.283897399902344
2009-11-24,23.479999542236328,22.8799991607666,23.079999923706055,23.469999313354492,8800.0,16.139484405517578
2009-11-25,23.5,23.0,23.5,23.010000228881836,2700.0,15.823162078857422
2009-11-27,23.3799991607666,22.34000015258789,23.0,22.34000015258789,9300.0,15.362421989440918
2009-11-30,23.190000534057617,22.260000228881836,22.5,23.170000076293945,19700.0,16.040891647338867
2009-12-01,23.84000015258789,22.34000015258789,23.329999923706055,23.770000457763672,23400.0,16.456274032592773
2009-12-02,23.899999618530273,23.229999542236328,23.719999313354492,23.829999923706055,11100.0,16.497821807861328
2009-12-03,23.860000610351562,23.020000457763672,23.860000610351562,23.139999389648438,5400.0,16.020118713378906
2009-12-04,23.899999618530273,23.420000076293945,23.670000076293945,23.84000015258789,10200.0,16.50473976135254
2009-12-07,24.43000030517578,23.56999969482422,23.809999465942383,23.8799991607666,11000.0,16.532440185546875
2009-12-08,24.09000015258789,23.729999542236328,23.760000228881836,23.889999389648438,4400.0,16.539358139038086
2009-12-09,23.84000015258789,22.770000457763672,23.59000015258789,23.520000457763672,30200.0,16.283203125
2009-12-10,24.020000457763672,23.510000228881836,23.59000015258789,23.950000762939453,23500.0,16.58089828491211
2009-12-11,23.969999313354492,23.68000030517578,23.969999313354492,23.799999237060547,5600.0,16.47705078125
2009-12-14,24.0,23.6299991607666,23.899999618530273,23.65999984741211,3900.0,16.380125045776367
2009-12-15,24.020000457763672,23.389999389648438,23.65999984741211,23.709999084472656,12500.0,16.41474151611328
2009-12-16,24.0,23.639999389648438,23.950000762939453,23.639999389648438,6400.0,16.36627769470215
2009-12-17,23.68000030517578,22.809999465942383,23.079999923706055,22.809999465942383,5800.0,15.79166030883789
2009-12-18,23.1299991607666,22.459999084472656,23.100000381469727,23.09000015258789,46200.0,15.985508918762207
2009-12-21,23.65999984741211,23.100000381469727,23.170000076293945,23.489999771118164,8300.0,16.262426376342773
2009-12-22,23.6200008392334,23.020000457763672,23.1200008392334,23.190000534057617,11300.0,16.05474090576172
2009-12-23,23.670000076293945,22.829999923706055,23.360000610351562,23.190000534057617,8100.0,16.05474090576172
2009-12-24,23.420000076293945,23.1299991607666,23.219999313354492,23.1299991607666,800.0,16.013198852539062
2009-12-28,23.950000762939453,23.329999923706055,23.950000762939453,23.719999313354492,5100.0,16.421661376953125
2009-12-29,23.860000610351562,23.239999771118164,23.68000030517578,23.790000915527344,9800.0,16.470129013061523
2009-12-30,24.0,23.639999389648438,23.790000915527344,24.0,12200.0,16.615507125854492
2009-12-31,24.0,23.6299991607666,23.920000076293945,23.639999389648438,12900.0,16.36627769470215
2010-01-04,24.010000228881836,23.549999237060547,24.010000228881836,24.0,3800.0,16.615507125854492
2010-01-05,23.979999542236328,23.510000228881836,23.889999389648438,23.84000015258789,6000.0,16.50473976135254
2010-01-06,24.0,23.6299991607666,23.739999771118164,23.90999984741211,18700.0,16.553211212158203
2010-01-07,23.989999771118164,23.290000915527344,23.969999313354492,23.5,7500.0,16.269357681274414
2010-01-08,23.459999084472656,22.8799991607666,23.270000457763672,23.040000915527344,5400.0,15.950894355773926
2010-01-11,23.299999237060547,23.040000915527344,23.239999771118164,23.290000915527344,3100.0,16.123964309692383
2010-01-12,23.459999084472656,23.040000915527344,23.09000015258789,23.18000030517578,10100.0,16.04781150817871
2010-01-13,23.389999389648438,22.850000381469727,23.219999313354492,23.190000534057617,8200.0,16.05474090576172
2010-01-14,23.389999389648438,22.8799991607666,23.170000076293945,23.260000228881836,4200.0,16.103199005126953
2010-01-15,23.719999313354492,22.889999389648438,23.399999618530273,22.889999389648438,15200.0,15.847044944763184
2010-01-19,23.0,20.81999969482422,22.940000534057617,22.65999984741211,26800.0,15.687812805175781
2010-01-20,22.940000534057617,22.479999542236328,22.520000457763672,22.59000015258789,5100.0,15.639349937438965
2010-01-21,22.43000030517578,22.1200008392334,22.209999084472656,22.31999969482422,12400.0,15.452430725097656
2010-01-22,22.68000030517578,22.399999618530273,22.520000457763672,22.579999923706055,11500.0,15.632429122924805
2010-01-25,22.729999542236328,22.280000686645508,22.729999542236328,22.549999237060547,6900.0,15.611662864685059
2010-01-26,22.6299991607666,22.299999237060547,22.5,22.5,7700.0,15.577044486999512
2010-01-27,22.90999984741211,22.440000534057617,22.440000534057617,22.829999923706055,4100.0,15.805502891540527
2010-01-28,23.0,22.309999465942383,22.809999465942383,22.5,16800.0,15.577044486999512
2010-01-29,22.93000030517578,22.110000610351562,22.43000030517578,22.559999465942383,22300.0,15.61858081817627
2010-02-01,22.700000762939453,22.31999969482422,22.610000610351562,22.700000762939453,4600.0,15.715510368347168
2010-02-02,22.6200008392334,22.5,22.559999465942383,22.5,8300.0,15.577044486999512
2010-02-03,22.899999618530273,22.34000015258789,22.360000610351562,22.450000762939453,10700.0,15.542427062988281
2010-02-04,22.760000228881836,22.399999618530273,22.399999618530273,22.510000228881836,12300.0,15.583966255187988
2010-02-05,22.739999771118164,22.610000610351562,22.6200008392334,22.610000610351562,2600.0,15.653194427490234
2010-02-08,22.81999969482422,22.399999618530273,22.549999237060547,22.549999237060547,16400.0,15.611662864685059
2010-02-09,22.729999542236328,22.40999984741211,22.729999542236328,22.520000457763672,5800.0,15.590887069702148
2010-02-10,22.5,22.399999618530273,22.399999618530273,22.469999313354492,6100.0,15.55627155303955
2010-02-11,22.649999618530273,22.40999984741211,22.440000534057617,22.520000457763672,6100.0,15.590887069702148
2010-02-12,22.81999969482422,22.399999618530273,22.399999618530273,22.81999969482422,9500.0,15.798580169677734
2010-02-16,23.0,22.479999542236328,22.920000076293945,22.940000534057617,6400.0,15.881657600402832
2010-02-17,23.139999389648438,22.549999237060547,23.079999923706055,22.610000610351562,8300.0,15.653194427490234
2010-02-18,22.81999969482422,22.450000762939453,22.520000457763672,22.559999465942383,10200.0,15.61858081817627
2010-02-19,22.59000015258789,22.170000076293945,22.5,22.190000534057617,20300.0,15.362420082092285
2010-02-22,22.389999389648438,22.149999618530273,22.200000762939453,22.260000228881836,11600.0,15.410882949829102
2010-02-23,22.950000762939453,22.15999984741211,22.219999313354492,22.59000015258789,13700.0,15.639349937438965
2010-02-24,23.559999465942383,22.510000228881836,22.899999618530273,23.469999313354492,14400.0,16.24858856201172
2010-02-25,23.760000228881836,22.93000030517578,23.06999969482422,23.399999618530273,13000.0,16.304323196411133
2010-02-26,23.68000030517578,23.020000457763672,23.399999618530273,23.020000457763672,17600.0,16.0395565032959
2010-03-01,23.56999969482422,23.239999771118164,23.489999771118164,23.559999465942383,6100.0,16.415809631347656
2010-03-02,23.760000228881836,23.520000457763672,23.549999237060547,23.56999969482422,9400.0,16.422780990600586
2010-03-03,23.84000015258789,23.15999984741211,23.68000030517578,23.649999618530273,13400.0,16.478519439697266
2010-03-04,23.639999389648438,23.219999313354492,23.59000015258789,23.540000915527344,4800.0,16.401880264282227
2010-03-05,24.889999389648438,23.260000228881836,23.559999465942383,24.450000762939453,45000.0,17.035930633544922
2010-03-08,24.420000076293945,22.959999084472656,24.420000076293945,23.540000915527344,62300.0,16.401880264282227
2010-03-09,24.0,23.25,23.520000457763672,23.969999313354492,18600.0,16.70148468017578
2010-03-10,24.040000915527344,23.65999984741211,23.899999618530273,24.0,7800.0,16.72238540649414
2010-03-11,24.0,23.8799991607666,23.8799991607666,24.0,15200.0,16.72238540649414
2010-03-12,24.0,23.940000534057617,23.969999313354492,23.950000762939453,4300.0,16.687549591064453
2010-03-15,23.90999984741211,23.479999542236328,23.90999984741211,23.5,8400.0,16.374006271362305
2010-03-16,23.739999771118164,22.940000534057617,23.139999389648438,23.56999969482422,97100.0,16.422780990600586
2010-03-17,23.719999313354492,23.15999984741211,23.649999618530273,23.31999969482422,18200.0,16.248584747314453
2010-03-18,23.559999465942383,23.15999984741211,23.209999084472656,23.219999313354492,4800.0,16.17890739440918
2010-03-19,23.75,23.0,23.389999389648438,23.6200008392334,54200.0,16.45761489868164
2010-03-22,23.8700008392334,23.06999969482422,23.420000076293945,23.799999237060547,12400.0,16.58303451538086
2010-03-23,23.799999237060547,23.59000015258789,23.790000915527344,23.649999618530273,31400.0,16.478519439697266
2010-03-24,23.719999313354492,23.440000534057617,23.610000610351562,23.5,20400.0,16.374006271362305
2010-03-25,23.75,23.170000076293945,23.600000381469727,23.260000228881836,4600.0,16.206775665283203
2010-03-26,23.670000076293945,23.200000762939453,23.280000686645508,23.600000381469727,16800.0,16.44368553161621
2010-03-29,23.75,23.31999969482422,23.600000381469727,23.75,9900.0,16.548189163208008
2010-03-30,23.709999084472656,23.360000610351562,23.709999084472656,23.530000686645508,5100.0,16.39491081237793
2010-03-31,23.649999618530273,23.350000381469727,23.5,23.520000457763672,20800.0,16.387941360473633
2010-04-01,23.639999389648438,23.329999923706055,23.579999923706055,23.549999237060547,15300.0,16.408842086791992
2010-04-05,23.81999969482422,23.450000762939453,23.559999465942383,23.670000076293945,11000.0,16.492446899414062
2010-04-06,23.75,23.469999313354492,23.479999542236328,23.5,3700.0,16.374006271362305
2010-04-07,23.59000015258789,23.260000228881836,23.43000030517578,23.549999237060547,14200.0,16.408842086791992
2010-04-08,23.530000686645508,23.389999389648438,23.450000762939453,23.5,5600.0,16.374006271362305
2010-04-09,23.469999313354492,23.229999542236328,23.40999984741211,23.309999465942383,4000.0,16.241613388061523
2010-04-12,23.420000076293945,23.030000686645508,23.420000076293945,23.09000015258789,10400.0,16.088333129882812
2010-04-13,23.940000534057617,23.010000228881836,23.010000228881836,23.75,29400.0,16.548189163208008
2010-04-14,23.799999237060547,23.610000610351562,23.75,23.760000228881836,10400.0,16.55516242980957
2010-04-15,23.799999237060547,23.639999389648438,23.75,23.770000457763672,5800.0,16.562129974365234
2010-04-16,24.209999084472656,23.649999618530273,23.770000457763672,24.139999389648438,17300.0,16.81993293762207
2010-04-19,24.229999542236328,23.90999984741211,24.100000381469727,23.969999313354492,7300.0,16.70148468017578
2010-04-20,24.309999465942383,24.0,24.09000015258789,24.299999237060547,7500.0,16.931413650512695
2010-04-21,24.3700008392334,24.06999969482422,24.25,24.34000015258789,3700.0,16.95928955078125
2010-04-22,24.889999389648438,24.09000015258789,24.09000015258789,24.889999389648438,3800.0,17.342510223388672
2010-04-23,25.1200008392334,24.360000610351562,24.360000610351562,24.940000534057617,7400.0,17.377347946166992
2010-04-26,25.68000030517578,24.889999389648438,24.889999389648438,25.350000381469727,5300.0,17.66302490234375
2010-04-27,25.0,24.520000457763672,24.899999618530273,24.639999389648438,13800.0,17.16831398010254
2010-04-28,25.06999969482422,24.850000381469727,25.06999969482422,25.0,6000.0,17.41914939880371
2010-04-29,25.489999771118164,25.100000381469727,25.100000381469727,25.399999618530273,7100.0,17.69786262512207
2010-04-30,25.530000686645508,24.25,25.530000686645508,24.440000534057617,12400.0,17.028963088989258
2010-05-03,24.600000381469727,24.010000228881836,24.469999313354492,24.600000381469727,11700.0,17.14044952392578
2010-05-04,24.360000610351562,23.850000381469727,24.360000610351562,24.0,8200.0,16.72238540649414
2010-05-05,24.010000228881836,23.309999465942383,23.540000915527344,23.309999465942383,5200.0,16.241613388061523
2010-05-06,23.959999084472656,22.360000610351562,23.25,23.110000610351562,23100.0,16.102266311645508
2010-05-07,23.1200008392334,22.579999923706055,23.1200008392334,22.8700008392334,11900.0,15.935046195983887
2010-05-10,23.700000762939453,22.90999984741211,23.329999923706055,23.40999984741211,18400.0,16.31129264831543
2010-05-11,24.489999771118164,23.239999771118164,23.239999771118164,24.450000762939453,11900.0,17.035930633544922
2010-05-12,25.5,23.950000762939453,24.440000534057617,25.479999542236328,17600.0,17.753602981567383
2010-05-13,25.709999084472656,25.030000686645508,25.479999542236328,25.68000030517578,8600.0,17.8929500579834
2010-05-14,25.3700008392334,24.899999618530273,25.3700008392334,24.920000076293945,9100.0,17.363414764404297
2010-05-17,25.139999389648438,24.5,25.139999389648438,24.610000610351562,3400.0,17.147415161132812
2010-05-18,24.969999313354492,24.34000015258789,24.969999313354492,24.43000030517578,10800.0,17.02199935913086
2010-05-19,24.899999618530273,24.239999771118164,24.479999542236328,24.670000076293945,9100.0,17.189218521118164
2010-05-20,24.239999771118164,22.959999084472656,24.239999771118164,23.0,8900.0,16.025625228881836
2010-05-21,23.389999389648438,22.799999237060547,22.799999237060547,23.100000381469727,31000.0,16.09529685974121
2010-05-24,23.719999313354492,23.030000686645508,23.149999618530273,23.040000915527344,4700.0,16.053497314453125
2010-05-25,23.190000534057617,22.780000686645508,22.780000686645508,22.920000076293945,16200.0,15.969881057739258
2010-05-26,23.25,23.0,23.25,23.0,30100.0,16.025625228881836
2010-05-27,23.420000076293945,23.049999237060547,23.309999465942383,23.219999313354492,19500.0,16.292247772216797
2010-05-28,23.18000030517578,22.989999771118164,23.18000030517578,22.989999771118164,10300.0,16.130868911743164
2010-06-01,23.239999771118164,22.290000915527344,22.950000762939453,22.290000915527344,25600.0,15.639719009399414
2010-06-02,23.299999237060547,22.43000030517578,22.829999923706055,23.299999237060547,13900.0,16.34837532043457
2010-06-03,23.450000762939453,23.0,23.139999389648438,23.260000228881836,8500.0,16.320316314697266
2010-06-04,23.3799991607666,22.729999542236328,22.850000381469727,22.75,17400.0,15.96247386932373
2010-06-07,23.010000228881836,22.75,22.90999984741211,22.899999618530273,10000.0,16.067726135253906
2010-06-08,23.469999313354492,22.90999984741211,23.469999313354492,22.90999984741211,11900.0,16.074731826782227
2010-06-09,23.299999237060547,22.780000686645508,23.15999984741211,23.020000457763672,15200.0,16.151914596557617
2010-06-10,23.34000015258789,23.010000228881836,23.299999237060547,23.18000030517578,14600.0,16.264183044433594
2010-06-11,23.809999465942383,23.31999969482422,23.329999923706055,23.549999237060547,3300.0,16.523786544799805
2010-06-14,23.68000030517578,23.229999542236328,23.65999984741211,23.3799991607666,10300.0,16.404512405395508
2010-06-15,24.200000762939453,22.84000015258789,22.84000015258789,24.190000534057617,11000.0,16.97284698486328
2010-06-16,24.219999313354492,24.010000228881836,24.030000686645508,24.09000015258789,2900.0,16.902677536010742
2010-06-17,24.510000228881836,24.020000457763672,24.34000015258789,24.469999313354492,5000.0,17.169307708740234
2010-06-18,24.520000457763672,24.059999465942383,24.399999618530273,24.06999969482422,25000.0,16.888654708862305
2010-06-21,24.530000686645508,23.649999618530273,24.530000686645508,23.690000534057617,9100.0,16.622018814086914
2010-06-22,24.829999923706055,23.829999923706055,23.829999923706055,24.06999969482422,24600.0,16.888654708862305
2010-06-23,24.549999237060547,23.700000762939453,24.1200008392334,23.8799991607666,68100.0,16.755340576171875
2010-06-24,24.010000228881836,22.829999923706055,23.760000228881836,22.829999923706055,16600.0,16.01860237121582
2010-06-25,24.780000686645508,22.790000915527344,22.899999618530273,23.56999969482422,223600.0,16.53782844543457
2010-06-28,23.579999923706055,22.989999771118164,23.56999969482422,23.0,24100.0,16.137889862060547
2010-06-29,22.850000381469727,22.459999084472656,22.760000228881836,22.639999389648438,20500.0,15.885295867919922
2010-06-30,22.969999313354492,22.649999618530273,22.709999084472656,22.780000686645508,9100.0,15.983515739440918
2010-07-01,23.149999618530273,22.700000762939453,22.700000762939453,22.979999542236328,13400.0,16.123851776123047
2010-07-02,23.15999984741211,22.84000015258789,23.15999984741211,22.889999389648438,10900.0,16.06070327758789
2010-07-06,23.049999237060547,22.760000228881836,23.040000915527344,22.93000030517578,19900.0,16.08876609802246
2010-07-07,23.110000610351562,22.899999618530273,23.040000915527344,23.059999465942383,17500.0,16.179977416992188
2010-07-08,23.200000762939453,22.739999771118164,23.18000030517578,23.15999984741211,15700.0,16.250146865844727
2010-07-09,23.610000610351562,22.920000076293945,23.059999465942383,23.56999969482422,9200.0,16.53782844543457
2010-07-12,23.399999618530273,23.010000228881836,23.3799991607666,23.010000228881836,4900.0,16.14490509033203
2010-07-13,24.25,23.239999771118164,23.299999237060547,24.219999313354492,20100.0,16.993892669677734
2010-07-14,24.469999313354492,24.06999969482422,24.399999618530273,24.06999969482422,6400.0,16.888654708862305
2010-07-15,24.079999923706055,23.09000015258789,24.079999923706055,23.209999084472656,9100.0,16.285232543945312
2010-07-16,23.110000610351562,22.760000228881836,23.010000228881836,22.84000015258789,25800.0,16.025623321533203
2010-07-19,23.200000762939453,22.84000015258789,23.200000762939453,23.15999984741211,11000.0,16.250146865844727
2010-07-20,23.549999237060547,22.940000534057617,22.940000534057617,23.540000915527344,5800.0,16.516775131225586
2010-07-21,23.600000381469727,22.850000381469727,23.600000381469727,22.850000381469727,9200.0,16.03264045715332
2010-07-22,23.739999771118164,23.1299991607666,23.18000030517578,23.700000762939453,10300.0,16.629039764404297
2010-07-23,24.209999084472656,23.450000762939453,23.540000915527344,24.139999389648438,11800.0,16.937759399414062
2010-07-26,24.969999313354492,24.329999923706055,24.399999618530273,24.889999389648438,40300.0,17.4639949798584
2010-07-27,25.299999237060547,24.850000381469727,24.989999771118164,25.079999923706055,26900.0,17.597307205200195
2010-07-28,25.309999465942383,24.68000030517578,25.079999923706055,24.790000915527344,12500.0,17.393835067749023
2010-07-29,25.1299991607666,24.84000015258789,25.030000686645508,24.940000534057617,12100.0,17.499080657958984
2010-07-30,25.360000610351562,24.639999389648438,24.639999389648438,25.299999237060547,22100.0,17.75167465209961
2010-08-02,25.510000228881836,25.190000534057617,25.3700008392334,25.510000228881836,10200.0,17.899017333984375
2010-08-03,25.5,24.850000381469727,25.399999618530273,24.889999389648438,12400.0,17.4639949798584
2010-08-04,24.489999771118164,24.15999984741211,24.299999237060547,24.440000534057617,8500.0,17.148256301879883
2010-08-05,24.440000534057617,23.809999465942383,24.360000610351562,23.809999465942383,12400.0,16.706218719482422
2010-08-06,23.68000030517578,22.989999771118164,23.600000381469727,23.25,20700.0,16.313291549682617
2010-08-09,23.889999389648438,23.360000610351562,23.450000762939453,23.8700008392334,9900.0,16.74831771850586
2010-08-10,23.6200008392334,23.100000381469727,23.6200008392334,23.219999313354492,10100.0,16.292247772216797
2010-08-11,22.959999084472656,22.649999618530273,22.93000030517578,22.729999542236328,19200.0,15.948437690734863
2010-08-12,23.149999618530273,22.5,22.5,23.010000228881836,8300.0,16.14490509033203
2010-08-13,23.020000457763672,22.8799991607666,22.989999771118164,22.950000762939453,15400.0,16.102800369262695
2010-08-16,23.68000030517578,22.950000762939453,22.950000762939453,23.030000686645508,22900.0,16.158935546875
2010-08-17,23.6200008392334,23.049999237060547,23.25,23.329999923706055,12500.0,16.369426727294922
2010-08-18,23.93000030517578,23.110000610351562,23.239999771118164,23.93000030517578,8500.0,16.790414810180664
2010-08-19,23.780000686645508,22.899999618530273,23.780000686645508,22.950000762939453,17400.0,16.102800369262695
2010-08-20,23.079999923706055,22.68000030517578,22.950000762939453,22.950000762939453,15900.0,16.102800369262695
2010-08-23,23.15999984741211,22.510000228881836,23.15999984741211,22.6200008392334,15100.0,15.871256828308105
2010-08-24,23.190000534057617,22.399999618530273,22.549999237060547,22.90999984741211,12400.0,16.074731826782227
2010-08-25,23.610000610351562,22.8799991607666,22.8799991607666,23.549999237060547,11600.0,16.523786544799805
2010-08-26,23.520000457763672,22.90999984741211,23.510000228881836,22.90999984741211,7900.0,16.074731826782227
2010-08-27,23.940000534057617,22.8799991607666,23.049999237060547,23.889999389648438,12800.0,16.76235008239746
2010-08-30,23.690000534057617,22.989999771118164,23.690000534057617,23.450000762939453,19400.0,16.56456756591797
2010-08-31,23.610000610351562,23.149999618530273,23.510000228881836,23.43000030517578,19800.0,16.550439834594727
2010-09-01,24.290000915527344,23.719999313354492,23.719999313354492,24.290000915527344,33400.0,17.15792465209961
2010-09-02,24.479999542236328,23.93000030517578,24.170000076293945,24.399999618530273,9700.0,17.235620498657227
2010-09-03,24.65999984741211,23.979999542236328,24.559999465942383,24.200000762939453,10700.0,17.094345092773438
2010-09-07,24.270000457763672,23.889999389648438,24.190000534057617,23.959999084472656,5000.0,16.924816131591797
2010-09-08,24.09000015258789,23.719999313354492,24.09000015258789,23.920000076293945,4100.0,16.896568298339844
2010-09-09,24.09000015258789,23.84000015258789,24.09000015258789,24.0,2800.0,16.953073501586914
2010-09-10,24.40999984741211,23.84000015258789,24.25,24.09000015258789,4000.0,17.016643524169922
2010-09-13,24.56999969482422,24.25,24.56999969482422,24.5,8500.0,17.306262969970703
2010-09-14,24.399999618530273,24.049999237060547,24.360000610351562,24.100000381469727,5900.0,17.023712158203125
2010-09-15,24.239999771118164,23.959999084472656,24.09000015258789,24.209999084472656,4900.0,17.101402282714844
2010-09-16,24.280000686645508,23.940000534057617,24.280000686645508,24.010000228881836,2700.0,16.960134506225586
2010-09-17,24.5,24.110000610351562,24.34000015258789,24.440000534057617,18800.0,17.263877868652344
2010-09-20,24.940000534057617,24.350000381469727,24.420000076293945,24.940000534057617,19000.0,17.6170711517334
2010-09-21,24.93000030517578,23.969999313354492,24.93000030517578,23.969999313354492,23500.0,16.931884765625
2010-09-22,24.229999542236328,23.510000228881836,24.229999542236328,23.59000015258789,5800.0,16.66345977783203
2010-09-23,24.420000076293945,23.34000015258789,23.59000015258789,23.34000015258789,49900.0,16.48686408996582
2010-09-24,24.5,23.600000381469727,23.709999084472656,24.270000457763672,73800.0,17.14378547668457
2010-09-27,24.219999313354492,23.979999542236328,23.979999542236328,24.0,1800.0,16.953073501586914
2010-09-28,24.219999313354492,23.93000030517578,24.18000030517578,24.1200008392334,4700.0,17.037839889526367
2010-09-29,24.280000686645508,23.889999389648438,23.989999771118164,24.18000030517578,11400.0,17.080217361450195
2010-09-30,24.479999542236328,24.079999923706055,24.479999542236328,24.219999313354492,8000.0,17.108476638793945
2010-10-01,24.469999313354492,24.06999969482422,24.40999984741211,24.290000915527344,11400.0,17.15792465209961
2010-10-04,24.459999084472656,24.030000686645508,24.459999084472656,24.030000686645508,6800.0,16.97426986694336
2010-10-05,24.8799991607666,24.3799991607666,24.639999389648438,24.8799991607666,14700.0,17.574682235717773
2010-10-06,25.0,24.3700008392334,24.770000457763672,24.8799991607666,7000.0,17.574682235717773
2010-10-07,25.110000610351562,24.420000076293945,25.0,24.920000076293945,13400.0,17.602941513061523
2010-10-08,25.850000381469727,24.90999984741211,25.040000915527344,25.780000686645508,14100.0,18.210426330566406
2010-10-11,25.84000015258789,25.100000381469727,25.719999313354492,25.479999542236328,7400.0,17.998516082763672
2010-10-12,25.639999389648438,25.219999313354492,25.34000015258789,25.639999389648438,2700.0,18.111530303955078
2010-10-13,26.209999084472656,25.360000610351562,25.670000076293945,26.0,11600.0,18.36582374572754
2010-10-14,26.270000457763672,24.90999984741211,26.049999237060547,26.139999389648438,5400.0,18.464725494384766
2010-10-15,26.450000762939453,26.030000686645508,26.450000762939453,26.229999542236328,19000.0,18.52829933166504
2010-10-18,26.290000915527344,25.760000228881836,26.239999771118164,26.25,15300.0,18.542423248291016
2010-10-19,26.6200008392334,25.510000228881836,25.959999084472656,25.649999618530273,6400.0,18.11859130859375
2010-10-20,26.579999923706055,25.84000015258789,25.84000015258789,26.200000762939453,5000.0,18.507110595703125
2010-10-21,26.200000762939453,25.510000228881836,26.200000762939453,25.68000030517578,9600.0,18.139787673950195
2010-10-22,26.1299991607666,25.860000610351562,25.8700008392334,26.059999465942383,6900.0,18.40821075439453
2010-10-25,26.25,26.149999618530273,26.219999313354492,26.25,3900.0,18.542423248291016
2010-10-26,26.459999084472656,26.010000228881836,26.010000228881836,26.360000610351562,6000.0,18.6201229095459
2010-10-27,26.489999771118164,25.559999465942383,26.360000610351562,25.719999313354492,2400.0,18.168041229248047
2010-10-28,25.75,25.469999313354492,25.75,25.469999313354492,4000.0,17.991453170776367
2010-10-29,25.440000534057617,24.950000762939453,25.440000534057617,24.950000762939453,13300.0,17.624134063720703
2010-11-01,25.079999923706055,24.110000610351562,25.079999923706055,24.170000076293945,10500.0,17.073150634765625
2010-11-02,24.3799991607666,24.020000457763672,24.350000381469727,24.25,10600.0,17.12966537475586
2010-11-03,24.3799991607666,24.0,24.239999771118164,24.1200008392334,4200.0,17.037839889526367
2010-11-04,24.93000030517578,24.329999923706055,24.389999389648438,24.760000228881836,22900.0,17.48992156982422
2010-11-05,24.850000381469727,24.399999618530273,24.809999465942383,24.829999923706055,6500.0,17.539371490478516
2010-11-08,24.700000762939453,24.510000228881836,24.649999618530273,24.639999389648438,2600.0,17.405155181884766
2010-11-09,24.5,24.06999969482422,24.5,24.219999313354492,8800.0,17.108476638793945
2010-11-10,24.84000015258789,24.15999984741211,24.170000076293945,24.84000015258789,12500.0,17.54643440246582
2010-11-11,24.700000762939453,24.270000457763672,24.610000610351562,24.270000457763672,3400.0,17.14378547668457
2010-11-12,24.290000915527344,23.809999465942383,24.06999969482422,23.809999465942383,15500.0,16.81885528564453
2010-11-15,24.09000015258789,23.510000228881836,24.010000228881836,23.6299991607666,8800.0,16.691715240478516
2010-11-16,23.5,22.979999542236328,23.399999618530273,23.1200008392334,14900.0,16.331464767456055
2010-11-17,23.190000534057617,22.90999984741211,23.100000381469727,23.139999389648438,9900.0,16.345579147338867
2010-11-18,23.709999084472656,23.049999237060547,23.360000610351562,23.40999984741211,14900.0,16.53631019592285
2010-11-19,23.450000762939453,22.639999389648438,23.450000762939453,23.25,17500.0,16.42329216003418
2010-11-22,23.389999389648438,23.100000381469727,23.270000457763672,23.209999084472656,11200.0,16.395029067993164
2010-11-23,23.18000030517578,23.100000381469727,23.100000381469727,23.170000076293945,4300.0,16.366777420043945
2010-11-24,23.530000686645508,23.200000762939453,23.309999465942383,23.530000686645508,15800.0,16.621084213256836
2010-11-26,23.84000015258789,23.489999771118164,23.5,23.829999923706055,5800.0,16.83298683166504
2010-11-29,24.020000457763672,23.360000610351562,23.639999389648438,23.989999771118164,8300.0,16.946008682250977
2010-11-30,24.209999084472656,23.670000076293945,23.670000076293945,24.209999084472656,20300.0,17.21622657775879
2010-12-01,24.59000015258789,24.3799991607666,24.399999618530273,24.540000915527344,15400.0,17.45090675354004
2010-12-02,24.520000457763672,24.049999237060547,24.360000610351562,24.489999771118164,5700.0,17.415346145629883
2010-12-03,24.5,24.31999969482422,24.31999969482422,24.5,6100.0,17.422462463378906
2010-12-06,24.5,24.399999618530273,24.459999084472656,24.40999984741211,7200.0,17.35845947265625
2010-12-07,24.59000015258789,24.25,24.25,24.540000915527344,11000.0,17.45090675354004
2010-12-08,24.600000381469727,24.25,24.600000381469727,24.299999237060547,5100.0,17.280231475830078
2010-12-09,24.93000030517578,24.260000228881836,24.260000228881836,24.90999984741211,8000.0,17.714021682739258
2010-12-10,25.0,24.579999923706055,24.729999542236328,24.979999542236328,18200.0,17.763795852661133
2010-12-13,24.969999313354492,24.559999465942383,24.969999313354492,24.600000381469727,4200.0,17.493576049804688
2010-12-14,25.420000076293945,24.68000030517578,24.760000228881836,25.200000762939453,13000.0,17.920244216918945
2010-12-15,25.270000457763672,24.8799991607666,24.959999084472656,25.030000686645508,7700.0,17.799352645874023
2010-12-16,25.6299991607666,24.969999313354492,25.030000686645508,25.6299991607666,6600.0,18.22601890563965
2010-12-17,25.850000381469727,25.280000686645508,25.6299991607666,25.719999313354492,31900.0,18.290023803710938
2010-12-20,25.850000381469727,25.56999969482422,25.700000762939453,25.690000534057617,9700.0,18.268693923950195
2010-12-21,26.030000686645508,25.780000686645508,25.790000915527344,26.030000686645508,6600.0,18.51047134399414
2010-12-22,25.950000762939453,25.790000915527344,25.790000915527344,25.950000762939453,2000.0,18.453584671020508
2010-12-23,26.190000534057617,25.829999923706055,25.959999084472656,26.010000228881836,4800.0,18.496252059936523
2010-12-27,26.799999237060547,26.079999923706055,26.209999084472656,26.639999389648438,6000.0,18.944259643554688
2010-12-28,26.5,26.15999984741211,26.43000030517578,26.15999984741211,4000.0,18.602924346923828
2010-12-29,26.3799991607666,26.0,26.239999771118164,26.0,2100.0,18.489139556884766
2010-12-30,26.049999237060547,25.09000015258789,26.020000457763672,25.09000015258789,4900.0,17.842025756835938
2010-12-31,25.110000610351562,24.350000381469727,25.110000610351562,24.489999771118164,6500.0,17.415346145629883
2011-01-03,25.68000030517578,24.440000534057617,24.610000610351562,25.540000915527344,9200.0,18.162029266357422
2011-01-04,25.579999923706055,25.1299991607666,25.579999923706055,25.1299991607666,6600.0,17.87046241760254
2011-01-05,25.559999465942383,25.290000915527344,25.440000534057617,25.559999465942383,2400.0,18.176246643066406
2011-01-06,25.3700008392334,25.149999618530273,25.229999542236328,25.280000686645508,4100.0,17.977134704589844
2011-01-07,25.440000534057617,24.3799991607666,25.239999771118164,24.43000030517578,55300.0,17.372682571411133
2011-01-10,24.1200008392334,23.75,24.1200008392334,23.899999618530273,9000.0,16.995786666870117
2011-01-11,24.200000762939453,23.899999618530273,23.940000534057617,24.200000762939453,3200.0,17.209123611450195
2011-01-12,24.600000381469727,24.270000457763672,24.389999389648438,24.549999237060547,7400.0,17.45801544189453
2011-01-13,24.540000915527344,24.270000457763672,24.540000915527344,24.290000915527344,4000.0,17.273128509521484
2011-01-14,24.469999313354492,24.290000915527344,24.469999313354492,24.440000534057617,5400.0,17.379793167114258
2011-01-18,24.299999237060547,23.75,24.299999237060547,23.950000762939453,8400.0,17.031343460083008
2011-01-19,23.959999084472656,23.100000381469727,23.959999084472656,23.100000381469727,17200.0,16.42688751220703
2011-01-20,23.280000686645508,22.93000030517578,23.1299991607666,22.93000030517578,4800.0,16.305999755859375
2011-01-21,23.15999984741211,22.6299991607666,22.93000030517578,22.920000076293945,20700.0,16.298891067504883
2011-01-24,23.290000915527344,22.6299991607666,22.920000076293945,22.899999618530273,12000.0,16.284671783447266
2011-01-25,23.219999313354492,22.700000762939453,22.899999618530273,23.030000686645508,12700.0,16.37711524963379
2011-01-26,23.540000915527344,23.18000030517578,23.200000762939453,23.540000915527344,3600.0,16.739782333374023
2011-01-27,23.68000030517578,23.350000381469727,23.68000030517578,23.459999084472656,3600.0,16.682891845703125
2011-01-28,23.329999923706055,22.739999771118164,23.329999923706055,22.780000686645508,18400.0,16.1993350982666
2011-01-31,23.350000381469727,22.75,22.8799991607666,23.1299991607666,11800.0,16.44822120666504
2011-02-01,23.799999237060547,23.190000534057617,23.190000534057617,23.690000534057617,5100.0,16.846450805664062
2011-02-02,24.329999923706055,23.3700008392334,23.649999618530273,23.530000686645508,4000.0,16.732683181762695
2011-02-03,23.639999389648438,23.18000030517578,23.639999389648438,23.299999237060547,2400.0,16.569116592407227
2011-02-04,23.889999389648438,23.100000381469727,23.889999389648438,23.229999542236328,4100.0,16.519336700439453
2011-02-07,24.65999984741211,23.139999389648438,23.139999389648438,24.110000610351562,11500.0,17.14512062072754
2011-02-08,24.25,23.940000534057617,24.020000457763672,24.25,6300.0,17.244678497314453
2011-02-09,24.270000457763672,24.030000686645508,24.049999237060547,24.260000228881836,19700.0,17.251792907714844
2011-02-10,24.260000228881836,23.850000381469727,24.239999771118164,24.079999923706055,11000.0,17.1237850189209
2011-02-11,24.360000610351562,23.850000381469727,24.020000457763672,24.360000610351562,8000.0,17.32290267944336
2011-02-14,24.489999771118164,24.15999984741211,24.239999771118164,24.219999313354492,2600.0,17.223346710205078
2011-02-15,24.450000762939453,24.15999984741211,24.25,24.219999313354492,17700.0,17.223346710205078
2011-02-16,25.059999465942383,24.200000762939453,24.200000762939453,25.020000457763672,6800.0,17.79224395751953
2011-02-17,24.860000610351562,23.610000610351562,24.860000610351562,24.719999313354492,9400.0,17.578908920288086
2011-02-18,25.600000381469727,24.670000076293945,24.790000915527344,25.239999771118164,13300.0,17.94869041442871
2011-02-22,25.25,24.139999389648438,24.860000610351562,24.299999237060547,52100.0,17.280231475830078
2011-02-23,24.450000762939453,23.8799991607666,24.440000534057617,24.100000381469727,4700.0,17.13801383972168
2011-02-24,24.530000686645508,24.049999237060547,24.1200008392334,24.360000610351562,7900.0,17.32290267944336
2011-02-25,24.739999771118164,24.010000228881836,24.34000015258789,24.579999923706055,7600.0,17.479345321655273
2011-02-28,25.479999542236328,24.489999771118164,24.81999969482422,25.479999542236328,5600.0,18.119361877441406
2011-03-01,25.360000610351562,24.760000228881836,25.360000610351562,24.940000534057617,3600.0,17.7353572845459
2011-03-02,25.010000228881836,24.700000762939453,25.010000228881836,24.850000381469727,2300.0,17.67135238647461
2011-03-03,25.489999771118164,25.110000610351562,25.350000381469727,25.40999984741211,6900.0,18.0695743560791
2011-03-04,25.5,24.200000762939453,25.5,24.450000762939453,8400.0,17.38690948486328
2011-03-07,25.010000228881836,23.139999389648438,25.010000228881836,23.290000915527344,20300.0,16.562000274658203
2011-03-08,23.549999237060547,23.15999984741211,23.40999984741211,23.40999984741211,8900.0,16.647336959838867
2011-03-09,24.190000534057617,23.690000534057617,23.90999984741211,23.719999313354492,3100.0,16.867786407470703
2011-03-10,23.65999984741211,23.100000381469727,23.219999313354492,23.100000381469727,18500.0,16.5384464263916
2011-03-11,23.309999465942383,23.100000381469727,23.110000610351562,23.209999084472656,7100.0,16.617206573486328
2011-03-14,23.34000015258789,23.100000381469727,23.110000610351562,23.18000030517578,8000.0,16.595720291137695
2011-03-15,23.239999771118164,22.780000686645508,22.780000686645508,22.920000076293945,12600.0,16.409576416015625
2011-03-16,23.06999969482422,22.75,22.93000030517578,22.899999618530273,17600.0,16.395261764526367
2011-03-17,23.3700008392334,23.0,23.040000915527344,23.149999618530273,12000.0,16.574241638183594
2011-03-18,23.68000030517578,22.959999084472656,23.219999313354492,23.469999313354492,46600.0,16.80335235595703
2011-03-21,24.020000457763672,23.530000686645508,23.639999389648438,24.020000457763672,3800.0,17.197120666503906
2011-03-22,24.18000030517578,23.489999771118164,23.889999389648438,24.030000686645508,23300.0,17.204280853271484
2011-03-23,24.219999313354492,23.829999923706055,24.030000686645508,24.219999313354492,3500.0,17.34030532836914
2011-03-24,24.59000015258789,24.09000015258789,24.09000015258789,24.540000915527344,6200.0,17.56941795349121
2011-03-25,24.6299991607666,24.489999771118164,24.5,24.59000015258789,5800.0,17.605213165283203
2011-03-28,24.540000915527344,24.18000030517578,24.479999542236328,24.260000228881836,5600.0,17.368955612182617
2011-03-29,24.530000686645508,24.110000610351562,24.270000457763672,24.530000686645508,4000.0,17.562255859375
2011-03-30,24.940000534057617,24.389999389648438,24.700000762939453,24.940000534057617,8300.0,17.85580062866211
2011-03-31,24.760000228881836,24.25,24.760000228881836,24.459999084472656,18200.0,17.512142181396484
2011-04-01,25.0,24.25,24.459999084472656,24.360000610351562,39700.0,17.440547943115234
2011-04-04,24.520000457763672,24.420000076293945,24.510000228881836,24.5,7900.0,17.5407772064209
2011-04-05,24.68000030517578,24.25,24.399999618530273,24.3700008392334,37500.0,17.447708129882812
2011-04-06,24.889999389648438,24.350000381469727,24.360000610351562,24.850000381469727,5100.0,17.79135513305664
2011-04-07,24.850000381469727,24.459999084472656,24.829999923706055,24.479999542236328,6900.0,17.526458740234375
2011-04-08,24.719999313354492,24.020000457763672,24.719999313354492,24.020000457763672,7400.0,17.197120666503906
2011-04-11,24.290000915527344,23.850000381469727,24.010000228881836,23.920000076293945,3300.0,17.125530242919922
2011-04-12,24.09000015258789,23.670000076293945,23.8799991607666,23.670000076293945,4700.0,16.946535110473633
2011-04-13,23.899999618530273,23.40999984741211,23.899999618530273,23.440000534057617,21200.0,16.781869888305664
2011-04-14,23.5,23.290000915527344,23.350000381469727,23.440000534057617,4400.0,16.781869888305664
2011-04-15,23.790000915527344,23.360000610351562,23.360000610351562,23.649999618530273,11400.0,16.93222427368164
2011-04-18,23.850000381469727,23.280000686645508,23.329999923706055,23.68000030517578,9700.0,16.953699111938477
2011-04-19,23.799999237060547,23.0,23.799999237060547,23.540000915527344,8100.0,16.853466033935547
2011-04-20,24.1299991607666,23.770000457763672,23.770000457763672,23.979999542236328,7200.0,17.168479919433594
2011-04-21,24.1200008392334,23.8799991607666,24.1200008392334,24.020000457763672,4900.0,17.197120666503906
2011-04-25,23.93000030517578,23.610000610351562,23.90999984741211,23.760000228881836,2300.0,17.01097297668457
2011-04-26,24.1299991607666,23.799999237060547,23.799999237060547,24.0,4000.0,17.18280029296875
2011-04-27,24.09000015258789,23.670000076293945,23.959999084472656,24.049999237060547,5800.0,17.218599319458008
2011-04-28,24.479999542236328,24.079999923706055,24.079999923706055,24.479999542236328,3500.0,17.526458740234375
2011-04-29,24.75,24.0,24.530000686645508,24.25,14000.0,17.36178970336914
2011-05-02,24.93000030517578,23.8799991607666,24.93000030517578,23.8799991607666,4500.0,17.096893310546875
2011-05-03,23.920000076293945,23.3700008392334,23.899999618530273,23.3700008392334,4800.0,16.731752395629883
2011-05-04,23.809999465942383,22.8799991607666,23.540000915527344,22.989999771118164,10500.0,16.45969581604004
2011-05-05,23.200000762939453,22.59000015258789,22.959999084472656,22.729999542236328,10500.0,16.273544311523438
2011-05-06,23.34000015258789,23.0,23.020000457763672,23.100000381469727,2500.0,16.5384464263916
2011-05-09,23.15999984741211,22.899999618530273,23.15999984741211,22.93000030517578,5500.0,16.41673469543457
2011-05-10,23.489999771118164,23.059999465942383,23.059999465942383,23.270000457763672,4900.0,16.660154342651367
2011-05-11,23.18000030517578,22.84000015258789,23.18000030517578,22.850000381469727,4100.0,16.359460830688477
2011-05-12,23.239999771118164,22.709999084472656,22.709999084472656,23.190000534057617,3300.0,16.602886199951172
2011-05-13,23.34000015258789,22.969999313354492,23.149999618530273,22.979999542236328,4200.0,16.452533721923828
2011-05-16,23.299999237060547,22.84000015258789,22.84000015258789,22.899999618530273,8900.0,16.395261764526367
2011-05-17,22.790000915527344,22.479999542236328,22.790000915527344,22.489999771118164,8600.0,16.101716995239258
2011-05-18,22.920000076293945,22.649999618530273,22.899999618530273,22.780000686645508,5700.0,16.309345245361328
2011-05-19,23.18000030517578,22.8700008392334,22.8700008392334,22.950000762939453,5800.0,16.431060791015625
2011-05-20,22.940000534057617,22.510000228881836,22.790000915527344,22.75,9800.0,16.287866592407227
2011-05-23,22.760000228881836,22.420000076293945,22.420000076293945,22.75,15100.0,16.287866592407227
2011-05-24,22.770000457763672,22.59000015258789,22.639999389648438,22.700000762939453,8300.0,16.252073287963867
2011-05-25,22.860000610351562,22.549999237060547,22.549999237060547,22.860000610351562,3900.0,16.366619110107422
2011-05-26,22.950000762939453,22.799999237060547,22.84000015258789,22.950000762939453,3100.0,16.431060791015625
2011-05-27,23.25,22.790000915527344,22.790000915527344,23.229999542236328,1800.0,16.7482852935791
2011-05-31,24.079999923706055,23.260000228881836,23.459999084472656,24.079999923706055,36300.0,17.361114501953125
2011-06-01,24.559999465942383,23.0,23.899999618530273,23.020000457763672,9300.0,16.59688377380371
2011-06-02,23.030000686645508,22.690000534057617,23.0,22.799999237060547,9500.0,16.438262939453125
2011-06-03,23.010000228881836,22.610000610351562,22.610000610351562,22.75,11000.0,16.4022159576416
2011-06-06,22.899999618530273,22.6299991607666,22.68000030517578,22.6299991607666,9900.0,16.315698623657227
2011-06-07,22.93000030517578,22.6299991607666,22.770000457763672,22.690000534057617,2000.0,16.35895538330078
2011-06-08,23.059999465942383,22.610000610351562,22.610000610351562,22.670000076293945,14400.0,16.344533920288086
2011-06-09,22.799999237060547,22.559999465942383,22.690000534057617,22.579999923706055,6400.0,16.279651641845703
2011-06-10,22.90999984741211,22.25,22.559999465942383,22.31999969482422,8400.0,16.092199325561523
2011-06-13,22.75,22.260000228881836,22.5,22.34000015258789,9400.0,16.106611251831055
2011-06-14,22.8799991607666,22.6200008392334,22.6200008392334,22.809999465942383,8600.0,16.445478439331055
2011-06-15,22.729999542236328,22.350000381469727,22.649999618530273,22.5,8300.0,16.221967697143555
2011-06-16,23.139999389648438,22.5,22.520000457763672,23.06999969482422,6700.0,16.63292694091797
2011-06-17,23.329999923706055,22.93000030517578,23.200000762939453,22.93000030517578,23300.0,16.531991958618164
2011-06-20,23.18000030517578,22.920000076293945,22.920000076293945,23.06999969482422,7600.0,16.63292694091797
2011-06-21,23.479999542236328,23.06999969482422,23.209999084472656,23.450000762939453,6500.0,16.90690040588379
2011-06-22,23.559999465942383,23.059999465942383,23.389999389648438,23.100000381469727,4200.0,16.654558181762695
2011-06-23,23.059999465942383,22.579999923706055,22.860000610351562,22.8799991607666,7200.0,16.495941162109375
2011-06-24,22.760000228881836,22.329999923706055,22.760000228881836,22.3700008392334,127900.0,16.128250122070312
2011-06-27,23.149999618530273,22.399999618530273,22.399999618530273,23.149999618530273,7600.0,16.690601348876953
2011-06-28,23.600000381469727,23.149999618530273,23.309999465942383,23.600000381469727,7300.0,17.015047073364258
2011-06-29,24.299999237060547,23.579999923706055,23.579999923706055,23.979999542236328,12500.0,17.289016723632812
2011-06-30,24.600000381469727,23.979999542236328,24.15999984741211,24.600000381469727,10000.0,17.736024856567383
2011-07-01,24.649999618530273,24.290000915527344,24.540000915527344,24.520000457763672,7500.0,17.6783447265625
2011-07-05,24.260000228881836,23.950000762939453,24.110000610351562,24.229999542236328,4800.0,17.46925926208496
2011-07-06,24.920000076293945,24.200000762939453,24.200000762939453,24.920000076293945,10700.0,17.96673583984375
2011-07-07,25.469999313354492,25.0,25.149999618530273,25.3799991607666,8700.0,18.298385620117188
2011-07-08,25.040000915527344,24.479999542236328,24.979999542236328,24.889999389648438,3700.0,17.945106506347656
2011-07-11,25.18000030517578,24.760000228881836,24.760000228881836,24.940000534057617,8500.0,17.981155395507812
2011-07-12,25.389999389648438,24.8799991607666,24.959999084472656,25.149999618530273,8300.0,18.1325626373291
2011-07-13,25.489999771118164,25.200000762939453,25.229999542236328,25.399999618530273,9600.0,18.312801361083984
2011-07-14,25.889999389648438,25.06999969482422,25.559999465942383,25.06999969482422,9700.0,18.07488441467285
2011-07-15,25.270000457763672,24.399999618530273,25.139999389648438,25.030000686645508,19900.0,18.04604148864746
2011-07-18,24.940000534057617,24.270000457763672,24.940000534057617,24.610000610351562,5700.0,17.74323272705078
2011-07-19,25.68000030517578,24.889999389648438,24.889999389648438,25.5,17100.0,18.384902954101562
2011-07-20,25.299999237060547,25.1299991607666,25.229999542236328,25.1299991607666,2200.0,18.118141174316406
2011-07-21,25.309999465942383,24.84000015258789,25.309999465942383,25.139999389648438,7600.0,18.125350952148438
2011-07-22,25.399999618530273,24.729999542236328,25.1200008392334,25.280000686645508,12700.0,18.22628402709961
2011-07-25,25.219999313354492,24.549999237060547,25.1299991607666,24.6200008392334,13900.0,17.75044059753418
2011-07-26,24.950000762939453,24.059999465942383,24.56999969482422,24.229999542236328,7000.0,17.46925926208496
2011-07-27,24.149999618530273,23.0,23.850000381469727,23.0,26000.0,16.58246421813965
2011-07-28,23.5,23.0,23.1299991607666,23.3700008392334,14000.0,16.84922218322754
2011-07-29,23.920000076293945,23.010000228881836,23.010000228881836,23.15999984741211,7600.0,16.697811126708984
2011-08-01,23.520000457763672,23.0,23.520000457763672,23.190000534057617,13200.0,16.71944808959961
2011-08-02,23.84000015258789,22.450000762939453,23.56999969482422,22.450000762939453,9300.0,16.185924530029297
2011-08-03,23.079999923706055,22.5,22.780000686645508,22.809999465942383,10800.0,16.445478439331055
2011-08-04,23.540000915527344,22.579999923706055,22.579999923706055,22.690000534057617,24100.0,16.35895538330078
2011-08-05,23.270000457763672,22.3799991607666,23.1200008392334,22.829999923706055,16000.0,16.45989227294922
2011-08-08,23.049999237060547,22.049999237060547,22.520000457763672,22.049999237060547,26400.0,15.897529602050781
2011-08-09,24.8799991607666,22.31999969482422,22.549999237060547,24.81999969482422,17000.0,17.894638061523438
2011-08-10,24.209999084472656,23.030000686645508,24.0,23.459999084472656,13700.0,16.914113998413086
2011-08-11,24.040000915527344,22.979999542236328,23.479999542236328,23.299999237060547,17200.0,16.798757553100586
2011-08-12,23.510000228881836,22.459999084472656,23.5,22.459999084472656,11100.0,16.19313621520996
2011-08-15,23.329999923706055,22.690000534057617,22.690000534057617,22.75,12400.0,16.4022159576416
2011-08-16,23.049999237060547,22.3700008392334,22.649999618530273,22.489999771118164,18600.0,16.21476173400879
2011-08-17,23.06999969482422,22.450000762939453,22.600000381469727,22.579999923706055,11000.0,16.279651641845703
2011-08-18,22.399999618530273,21.709999084472656,22.219999313354492,21.8700008392334,23400.0,15.76776123046875
2011-08-19,22.440000534057617,21.690000534057617,21.690000534057617,22.020000457763672,14000.0,15.875903129577637
2011-08-22,22.59000015258789,22.09000015258789,22.479999542236328,22.31999969482422,9600.0,16.092199325561523
2011-08-23,23.049999237060547,22.489999771118164,22.520000457763672,22.979999542236328,15500.0,16.568035125732422
2011-08-24,23.649999618530273,22.989999771118164,22.989999771118164,23.600000381469727,6400.0,17.015047073364258
2011-08-25,23.979999542236328,22.649999618530273,23.709999084472656,23.079999923706055,9400.0,16.640138626098633
2011-08-26,23.200000762939453,22.639999389648438,22.639999389648438,23.170000076293945,5100.0,16.70503044128418
2011-08-29,23.90999984741211,23.049999237060547,23.25,23.8700008392334,8900.0,17.209705352783203
2011-08-30,23.690000534057617,23.020000457763672,23.610000610351562,23.690000534057617,6000.0,17.195186614990234
2011-08-31,23.709999084472656,22.6299991607666,23.5,22.75,13900.0,16.512901306152344
2011-09-01,22.700000762939453,22.110000610351562,22.510000228881836,22.260000228881836,11900.0,16.157241821289062
2011-09-02,22.239999771118164,21.360000610351562,22.0,21.420000076293945,20600.0,15.54753303527832
2011-09-06,22.790000915527344,21.149999618530273,21.5,21.3799991607666,11100.0,15.518498420715332
2011-09-07,22.729999542236328,21.799999237060547,21.799999237060547,22.440000534057617,15700.0,16.287893295288086
2011-09-08,22.84000015258789,21.8700008392334,22.809999465942383,21.899999618530273,11000.0,15.8959379196167
2011-09-09,21.729999542236328,21.040000915527344,21.610000610351562,21.149999618530273,16100.0,15.351555824279785
2011-09-12,22.209999084472656,21.239999771118164,21.239999771118164,21.989999771118164,8200.0,15.961255073547363
2011-09-13,22.600000381469727,21.729999542236328,21.729999542236328,22.15999984741211,12900.0,16.084651947021484
2011-09-14,22.799999237060547,22.239999771118164,22.459999084472656,22.610000610351562,9500.0,16.41128158569336
2011-09-15,22.920000076293945,22.5,22.75,22.920000076293945,6000.0,16.63629913330078
2011-09-16,23.059999465942383,22.809999465942383,23.059999465942383,22.809999465942383,17300.0,16.556453704833984
2011-09-19,23.200000762939453,22.079999923706055,22.459999084472656,22.709999084472656,8400.0,16.483869552612305
2011-09-20,23.84000015258789,22.309999465942383,22.799999237060547,22.350000381469727,15500.0,16.22256088256836
2011-09-21,23.010000228881836,21.440000534057617,22.43000030517578,21.56999969482422,11100.0,15.65640640258789
2011-09-22,22.0,20.81999969482422,20.90999984741211,21.229999542236328,21600.0,15.409619331359863
2011-09-23,22.06999969482422,21.290000915527344,21.290000915527344,22.049999237060547,9600.0,16.004810333251953
2011-09-26,22.420000076293945,21.889999389648438,22.0,22.34000015258789,11700.0,16.215303421020508
2011-09-27,23.0,22.34000015258789,22.850000381469727,22.920000076293945,14000.0,16.63629913330078
2011-09-28,22.940000534057617,22.040000915527344,22.8700008392334,22.100000381469727,13400.0,16.041105270385742
2011-09-29,22.790000915527344,22.139999389648438,22.65999984741211,22.559999465942383,8400.0,16.374988555908203
2011-09-30,22.93000030517578,22.15999984741211,22.93000030517578,22.299999237060547,17600.0,16.186267852783203
2011-10-03,22.459999084472656,21.020000457763672,22.209999084472656,21.18000030517578,20400.0,15.373330116271973
2011-10-04,21.770000457763672,20.969999313354492,21.18000030517578,21.399999618530273,48400.0,15.533015251159668
2011-10-05,22.979999542236328,21.479999542236328,21.59000015258789,21.979999542236328,12300.0,15.954002380371094
2011-10-06,22.5,22.309999465942383,22.399999618530273,22.399999618530273,15100.0,16.258852005004883
2011-10-07,23.1299991607666,22.440000534057617,22.5,22.600000381469727,11000.0,16.404020309448242
2011-10-10,23.809999465942383,22.350000381469727,22.420000076293945,23.75,13500.0,17.238740921020508
2011-10-11,23.639999389648438,22.899999618530273,23.530000686645508,23.600000381469727,14900.0,17.129867553710938
2011-10-12,23.700000762939453,23.31999969482422,23.700000762939453,23.700000762939453,7000.0,17.202449798583984
2011-10-13,23.93000030517578,23.469999313354492,23.530000686645508,23.93000030517578,4000.0,17.369388580322266
2011-10-14,24.479999542236328,23.56999969482422,23.989999771118164,24.479999542236328,10500.0,17.76860809326172
2011-10-17,24.299999237060547,23.829999923706055,24.299999237060547,23.959999084472656,10600.0,17.39116668701172
2011-10-18,24.1299991607666,23.719999313354492,23.989999771118164,23.899999618530273,20200.0,17.347620010375977
2011-10-19,23.889999389648438,23.360000610351562,23.889999389648438,23.43000030517578,9100.0,17.006473541259766
2011-10-20,23.530000686645508,23.139999389648438,23.530000686645508,23.280000686645508,2600.0,16.897592544555664
2011-10-21,24.190000534057617,23.219999313354492,23.829999923706055,24.049999237060547,11300.0,17.45649528503418
2011-10-24,24.309999465942383,23.920000076293945,24.040000915527344,24.299999237060547,16700.0,17.63795280456543
2011-10-25,24.1299991607666,22.530000686645508,24.1299991607666,22.780000686645508,11500.0,16.534677505493164
2011-10-26,23.290000915527344,22.959999084472656,23.149999618530273,23.0,18400.0,16.69436264038086
2011-10-27,24.09000015258789,23.40999984741211,23.770000457763672,24.010000228881836,42200.0,17.42746353149414
2011-10-28,24.079999923706055,23.649999618530273,23.90999984741211,23.959999084472656,7400.0,17.39116668701172
2011-10-31,23.989999771118164,23.5,23.690000534057617,23.700000762939453,7200.0,17.202449798583984
2011-11-01,23.489999771118164,22.600000381469727,23.020000457763672,22.81999969482422,10100.0,16.56371307373047
2011-11-02,24.18000030517578,23.0,23.139999389648438,24.040000915527344,17800.0,17.44923210144043
2011-11-03,24.280000686645508,23.540000915527344,24.280000686645508,24.0,18500.0,17.420202255249023
2011-11-04,23.780000686645508,23.469999313354492,23.780000686645508,23.75,3300.0,17.238740921020508
2011-11-07,24.170000076293945,23.5,23.950000762939453,23.969999313354492,8200.0,17.398427963256836
2011-11-08,24.200000762939453,23.59000015258789,23.809999465942383,24.049999237060547,7600.0,17.45649528503418
2011-11-09,23.850000381469727,22.520000457763672,23.850000381469727,22.549999237060547,15300.0,16.36773681640625
2011-11-10,23.09000015258789,22.579999923706055,23.0,23.09000015258789,6800.0,16.759687423706055
2011-11-11,23.81999969482422,23.09000015258789,23.09000015258789,23.81999969482422,7800.0,17.289552688598633
2011-11-14,23.549999237060547,23.139999389648438,23.520000457763672,23.25,8000.0,16.87582015991211
2011-11-15,23.700000762939453,23.110000610351562,23.270000457763672,23.6299991607666,8300.0,17.151641845703125
2011-11-16,23.899999618530273,23.100000381469727,23.40999984741211,23.1200008392334,11200.0,16.781463623046875
2011-11-17,23.229999542236328,23.0,23.190000534057617,23.010000228881836,6100.0,16.70162010192871
2011-11-18,23.540000915527344,23.010000228881836,23.010000228881836,23.3799991607666,7300.0,16.970178604125977
2011-11-21,23.3799991607666,23.0,23.020000457763672,23.0,7900.0,16.69436264038086
2011-11-22,22.959999084472656,22.75,22.90999984741211,22.799999237060547,5700.0,16.549192428588867
2011-11-23,22.690000534057617,21.829999923706055,22.690000534057617,21.850000381469727,14500.0,15.859642028808594
2011-11-25,22.270000457763672,21.700000762939453,21.780000686645508,21.719999313354492,8100.0,15.765280723571777
2011-11-28,23.25,22.459999084472656,22.510000228881836,23.1200008392334,14700.0,16.781463623046875
2011-11-29,23.200000762939453,22.940000534057617,23.18000030517578,23.0,3500.0,16.69436264038086
2011-11-30,24.8799991607666,23.1200008392334,23.329999923706055,24.65999984741211,42800.0,17.899259567260742
2011-12-01,24.56999969482422,24.100000381469727,24.40999984741211,24.209999084472656,11600.0,17.68738555908203
2011-12-02,24.6299991607666,24.010000228881836,24.6299991607666,24.389999389648438,7400.0,17.818893432617188
2011-12-05,24.8799991607666,24.1200008392334,24.700000762939453,24.84000015258789,11700.0,18.147655487060547
2011-12-06,25.079999923706055,24.43000030517578,24.81999969482422,24.75,10600.0,18.0819034576416
2011-12-07,24.610000610351562,24.299999237060547,24.610000610351562,24.559999465942383,5300.0,17.943096160888672
2011-12-08,24.350000381469727,23.450000762939453,24.350000381469727,23.56999969482422,7600.0,17.219818115234375
2011-12-09,24.709999084472656,23.780000686645508,23.780000686645508,24.540000915527344,8300.0,17.928485870361328
2011-12-12,24.540000915527344,24.020000457763672,24.540000915527344,24.219999313354492,11400.0,17.694690704345703
2011-12-13,24.3700008392334,23.31999969482422,24.3700008392334,23.360000610351562,4600.0,17.066394805908203
2011-12-14,23.3799991607666,23.010000228881836,23.209999084472656,23.06999969482422,6200.0,16.854524612426758
2011-12-15,23.040000915527344,22.729999542236328,23.0,23.040000915527344,4700.0,16.832612991333008
2011-12-16,23.329999923706055,22.90999984741211,23.260000228881836,22.90999984741211,29100.0,16.737638473510742
2011-12-19,23.639999389648438,22.84000015258789,22.989999771118164,22.940000534057617,8300.0,16.759550094604492
2011-12-20,24.600000381469727,23.190000534057617,23.190000534057617,24.579999923706055,16800.0,17.957706451416016
2011-12-21,24.420000076293945,24.059999465942383,24.3799991607666,24.309999465942383,14500.0,17.760454177856445
2011-12-22,24.649999618530273,24.200000762939453,24.399999618530273,24.639999389648438,5000.0,18.001541137695312
2011-12-23,24.770000457763672,24.510000228881836,24.700000762939453,24.770000457763672,3500.0,18.09651756286621
2011-12-27,24.75,24.5,24.5,24.729999542236328,2000.0,18.067289352416992
2011-12-28,24.729999542236328,24.09000015258789,24.729999542236328,24.1200008392334,7300.0,17.621641159057617
2011-12-29,24.489999771118164,24.049999237060547,24.049999237060547,24.479999542236328,4100.0,17.88465118408203
2011-12-30,24.68000030517578,24.3700008392334,24.450000762939453,24.549999237060547,4300.0,17.935787200927734
2012-01-03,25.459999084472656,24.469999313354492,24.899999618530273,25.459999084472656,5400.0,18.600618362426758
2012-01-04,25.6299991607666,25.139999389648438,25.31999969482422,25.6299991607666,3400.0,18.72481918334961
2012-01-05,25.639999389648438,25.299999237060547,25.389999389648438,25.639999389648438,2500.0,18.73212432861328
2012-01-06,25.579999923706055,25.459999084472656,25.579999923706055,25.459999084472656,7400.0,18.600618362426758
2012-01-09,25.889999389648438,25.440000534057617,25.65999984741211,25.530000686645508,5900.0,18.651756286621094
2012-01-10,25.799999237060547,25.389999389648438,25.799999237060547,25.450000762939453,6800.0,18.59330940246582
2012-01-11,25.270000457763672,25.229999542236328,25.270000457763672,25.229999542236328,2400.0,18.432584762573242
2012-01-12,24.770000457763672,24.15999984741211,24.420000076293945,24.15999984741211,2700.0,17.650861740112305
2012-01-13,23.770000457763672,23.170000076293945,23.739999771118164,23.18000030517578,8600.0,16.934890747070312
2012-01-17,23.600000381469727,23.209999084472656,23.389999389648438,23.25,8300.0,16.986026763916016
2012-01-18,23.25,23.059999465942383,23.209999084472656,23.239999771118164,11100.0,16.97872543334961
2012-01-19,23.290000915527344,23.049999237060547,23.079999923706055,23.1200008392334,5900.0,16.89105987548828
2012-01-20,23.489999771118164,23.200000762939453,23.200000762939453,23.489999771118164,4200.0,17.1613712310791
2012-01-23,24.06999969482422,23.420000076293945,23.56999969482422,23.899999618530273,9600.0,17.46091079711914
2012-01-24,24.31999969482422,23.75,23.790000915527344,24.260000228881836,14300.0,17.723920822143555
2012-01-25,24.5,24.1299991607666,24.18000030517578,24.280000686645508,9300.0,17.73853302001953
2012-01-26,24.81999969482422,24.559999465942383,24.690000534057617,24.56999969482422,7100.0,17.950401306152344
2012-01-27,25.059999465942383,24.600000381469727,24.600000381469727,25.059999465942383,5000.0,18.308385848999023
2012-01-30,25.040000915527344,24.309999465942383,24.81999969482422,24.90999984741211,4700.0,18.198793411254883
2012-01-31,25.469999313354492,24.389999389648438,24.6200008392334,25.260000228881836,7500.0,18.454498291015625
2012-02-01,26.579999923706055,25.18000030517578,25.479999542236328,26.440000534057617,14400.0,19.316591262817383
2012-02-02,26.600000381469727,25.75,26.31999969482422,26.540000915527344,10000.0,19.389646530151367
2012-02-03,27.1299991607666,26.399999618530273,26.639999389648438,27.079999923706055,22600.0,19.784160614013672
2012-02-06,27.0,26.59000015258789,27.0,26.799999237060547,5000.0,19.57960319519043
2012-02-07,26.979999542236328,26.75,26.75,26.8799991607666,6700.0,19.638044357299805
2012-02-08,27.239999771118164,26.530000686645508,26.530000686645508,27.100000381469727,2700.0,19.79877471923828
2012-02-09,27.25,26.459999084472656,27.040000915527344,26.469999313354492,26600.0,19.3385009765625
2012-02-10,26.329999923706055,25.809999465942383,26.329999923706055,25.81999969482422,2200.0,18.863630294799805
2012-02-13,26.329999923706055,25.649999618530273,26.100000381469727,26.200000762939453,5400.0,19.14124870300293
2012-02-14,26.040000915527344,25.229999542236328,25.989999771118164,25.559999465942383,8600.0,18.673681259155273
2012-02-15,25.959999084472656,24.469999313354492,25.809999465942383,24.56999969482422,7800.0,17.950401306152344
2012-02-16,25.149999618530273,24.5,24.5,25.139999389648438,4600.0,18.36683464050293
2012-02-17,25.1200008392334,24.780000686645508,25.1200008392334,24.780000686645508,3900.0,18.103818893432617
2012-02-21,24.6200008392334,23.360000610351562,23.360000610351562,24.170000076293945,5000.0,17.65816879272461
2012-02-22,24.079999923706055,23.670000076293945,24.049999237060547,23.670000076293945,3200.0,17.29287338256836
2012-02-23,24.979999542236328,23.75,23.829999923706055,24.979999542236328,9400.0,18.24993896484375
2012-02-24,25.100000381469727,24.68000030517578,24.93000030517578,24.68000030517578,4900.0,18.030765533447266
2012-02-27,24.790000915527344,24.1200008392334,24.479999542236328,24.760000228881836,1300.0,18.089204788208008
2012-02-28,25.049999237060547,24.110000610351562,24.790000915527344,24.40999984741211,3500.0,17.833511352539062
2012-02-29,24.559999465942383,23.18000030517578,24.559999465942383,23.34000015258789,10200.0,17.051782608032227
2012-03-01,24.229999542236328,23.1200008392334,23.729999542236328,23.25,6400.0,16.986026763916016
2012-03-02,24.079999923706055,22.489999771118164,23.350000381469727,22.610000610351562,21500.0,16.518455505371094
2012-03-05,23.15999984741211,22.6299991607666,22.770000457763672,22.799999237060547,6200.0,16.657270431518555
2012-03-06,23.209999084472656,22.549999237060547,22.719999313354492,22.6200008392334,13900.0,16.52577018737793
2012-03-07,23.34000015258789,22.780000686645508,22.809999465942383,23.34000015258789,4800.0,17.051782608032227
2012-03-08,23.649999618530273,23.0,23.329999923706055,23.549999237060547,8000.0,17.20520782470703
2012-03-09,23.950000762939453,23.329999923706055,23.329999923706055,23.729999542236328,6400.0,17.33671760559082
2012-03-12,23.780000686645508,23.479999542236328,23.479999542236328,23.649999618530273,1800.0,17.27826499938965
2012-03-13,24.489999771118164,23.920000076293945,23.920000076293945,24.489999771118164,14500.0,17.891958236694336
2012-03-14,24.440000534057617,24.25,24.34000015258789,24.25,2900.0,17.71661376953125
2012-03-15,24.350000381469727,24.190000534057617,24.229999542236328,24.219999313354492,4600.0,17.81221580505371
2012-03-16,24.25,23.739999771118164,24.25,23.75,15000.0,17.466564178466797
2012-03-19,24.5,23.75,23.84000015258789,24.40999984741211,10300.0,17.951955795288086
2012-03-20,24.31999969482422,23.739999771118164,24.31999969482422,23.799999237060547,5300.0,17.503334045410156
2012-03-21,24.0,23.709999084472656,23.709999084472656,23.850000381469727,6100.0,17.54010772705078
2012-03-22,23.530000686645508,23.079999923706055,23.530000686645508,23.239999771118164,8400.0,17.09149169921875
2012-03-23,23.979999542236328,23.280000686645508,23.309999465942383,23.979999542236328,7800.0,17.635711669921875
2012-03-26,25.0,24.020000457763672,24.290000915527344,25.0,8700.0,18.385854721069336
2012-03-27,25.049999237060547,24.520000457763672,25.049999237060547,24.809999465942383,3500.0,18.246126174926758
2012-03-28,25.079999923706055,24.6299991607666,25.079999923706055,24.760000228881836,4900.0,18.2093505859375
2012-03-29,24.690000534057617,24.219999313354492,24.549999237060547,24.649999618530273,4500.0,18.128456115722656
2012-03-30,24.90999984741211,23.6200008392334,24.90999984741211,23.700000762939453,8900.0,17.429792404174805
2012-04-02,24.170000076293945,23.729999542236328,23.739999771118164,23.969999313354492,8400.0,17.62836456298828
2012-04-03,24.020000457763672,23.3799991607666,24.020000457763672,23.389999389648438,7700.0,17.201812744140625
2012-04-04,23.31999969482422,22.639999389648438,23.260000228881836,22.719999313354492,13400.0,16.709070205688477
2012-04-05,23.209999084472656,22.56999969482422,22.56999969482422,22.979999542236328,4700.0,16.900278091430664
2012-04-09,22.989999771118164,22.399999618530273,22.600000381469727,22.479999542236328,20900.0,16.532564163208008
2012-04-10,23.31999969482422,22.010000228881836,22.479999542236328,22.110000610351562,19100.0,16.26045799255371
2012-04-11,22.93000030517578,22.440000534057617,22.440000534057617,22.829999923706055,10700.0,16.789968490600586
2012-04-12,23.40999984741211,22.75,22.75,23.290000915527344,11400.0,17.128265380859375
2012-04-13,23.209999084472656,22.010000228881836,23.209999084472656,22.110000610351562,11200.0,16.26045799255371
2012-04-16,22.75,22.219999313354492,22.219999313354492,22.34000015258789,8700.0,16.42959976196289
2012-04-17,23.649999618530273,22.399999618530273,22.399999618530273,23.309999465942383,11800.0,17.14297103881836
2012-04-18,23.93000030517578,22.700000762939453,23.219999313354492,22.709999084472656,14100.0,16.70171546936035
2012-04-19,22.75,22.030000686645508,22.649999618530273,22.170000076293945,11300.0,16.304582595825195
2012-04-20,22.920000076293945,22.309999465942383,22.6200008392334,22.850000381469727,20000.0,16.80467987060547
2012-04-23,22.829999923706055,22.350000381469727,22.420000076293945,22.5,16500.0,16.54726791381836
2012-04-24,23.25,22.520000457763672,22.520000457763672,23.209999084472656,10900.0,17.06943130493164
2012-04-25,23.850000381469727,23.420000076293945,23.600000381469727,23.75,5100.0,17.466564178466797
2012-04-26,23.989999771118164,23.6200008392334,23.670000076293945,23.940000534057617,3900.0,17.606298446655273
2012-04-27,24.489999771118164,23.899999618530273,24.100000381469727,24.489999771118164,8800.0,18.010791778564453
2012-04-30,24.469999313354492,24.059999465942383,24.350000381469727,24.389999389648438,5800.0,17.937240600585938
2012-05-01,24.190000534057617,22.510000228881836,24.190000534057617,22.649999618530273,11000.0,16.6575870513916
2012-05-02,23.170000076293945,22.280000686645508,22.420000076293945,23.079999923706055,9100.0,16.973825454711914
2012-05-03,23.489999771118164,22.579999923706055,23.1200008392334,22.579999923706055,11000.0,16.606109619140625
2012-05-04,22.770000457763672,22.030000686645508,22.59000015258789,22.25,18400.0,16.36341094970703
2012-05-07,22.899999618530273,22.030000686645508,22.459999084472656,22.56999969482422,5000.0,16.598751068115234
2012-05-08,23.229999542236328,22.399999618530273,22.399999618530273,22.979999542236328,9500.0,16.900278091430664
2012-05-09,22.729999542236328,22.43000030517578,22.709999084472656,22.549999237060547,13000.0,16.584047317504883
2012-05-10,22.940000534057617,22.489999771118164,22.489999771118164,22.940000534057617,5600.0,16.87086296081543
2012-05-11,22.8799991607666,22.520000457763672,22.8799991607666,22.68000030517578,14500.0,16.679651260375977
2012-05-14,22.90999984741211,22.399999618530273,22.399999618530273,22.68000030517578,22900.0,16.679651260375977
2012-05-15,23.1200008392334,22.729999542236328,22.729999542236328,22.850000381469727,7400.0,16.80467987060547
2012-05-16,23.170000076293945,22.799999237060547,22.860000610351562,22.799999237060547,6200.0,16.767900466918945
2012-05-17,23.0,22.6200008392334,22.940000534057617,22.809999465942383,14300.0,16.775259017944336
2012-05-18,23.290000915527344,22.65999984741211,22.65999984741211,22.979999542236328,14300.0,16.900278091430664
2012-05-21,23.649999618530273,22.729999542236328,22.8799991607666,23.530000686645508,13000.0,17.30477523803711
2012-05-22,23.719999313354492,22.850000381469727,23.6200008392334,23.1200008392334,5600.0,17.003246307373047
2012-05-23,23.459999084472656,23.010000228881836,23.09000015258789,23.3799991607666,3500.0,17.194454193115234
2012-05-24,23.3700008392334,22.889999389648438,23.3700008392334,23.0,5400.0,16.914989471435547
2012-05-25,23.31999969482422,22.899999618530273,23.040000915527344,22.969999313354492,17100.0,16.892929077148438
2012-05-29,23.450000762939453,23.1299991607666,23.1299991607666,23.350000381469727,4200.0,17.172395706176758
2012-05-30,23.290000915527344,22.790000915527344,23.06999969482422,22.860000610351562,20300.0,16.935325622558594
2012-05-31,23.360000610351562,22.8799991607666,22.8799991607666,23.360000610351562,14800.0,17.305740356445312
2012-06-01,23.049999237060547,22.540000915527344,22.969999313354492,22.670000076293945,15000.0,16.79456901550293
2012-06-04,22.940000534057617,22.3799991607666,22.739999771118164,22.610000610351562,11600.0,16.750120162963867
2012-06-05,23.0,22.510000228881836,22.559999465942383,22.84000015258789,9300.0,16.920513153076172
2012-06-06,23.139999389648438,22.729999542236328,22.899999618530273,23.0,15700.0,17.039045333862305
2012-06-07,23.25,22.649999618530273,23.25,22.809999465942383,14600.0,16.898286819458008
2012-06-08,23.25,22.770000457763672,22.770000457763672,23.219999313354492,5600.0,17.202024459838867
2012-06-11,23.450000762939453,22.56999969482422,23.450000762939453,22.719999313354492,10700.0,16.831613540649414
2012-06-12,23.15999984741211,22.68000030517578,22.850000381469727,23.09000015258789,8900.0,17.1057186126709
2012-06-13,23.1200008392334,22.65999984741211,23.049999237060547,22.700000762939453,11400.0,16.81679916381836
2012-06-14,23.110000610351562,22.75,22.84000015258789,22.989999771118164,14500.0,17.03163719177246
2012-06-15,23.43000030517578,22.81999969482422,22.93000030517578,23.049999237060547,35100.0,17.076082229614258
2012-06-18,23.260000228881836,22.540000915527344,23.049999237060547,23.1200008392334,14200.0,17.12794303894043
2012-06-19,23.700000762939453,22.780000686645508,23.239999771118164,23.530000686645508,41100.0,17.431684494018555
2012-06-20,23.700000762939453,23.229999542236328,23.600000381469727,23.5,2300.0,17.409461975097656
2012-06-21,23.649999618530273,22.799999237060547,23.559999465942383,23.020000457763672,10900.0,17.053863525390625
2012-06-22,24.709999084472656,23.0,23.110000610351562,24.649999618530273,73100.0,18.261409759521484
2012-06-25,24.06999969482422,23.56999969482422,24.059999465942383,23.610000610351562,8100.0,17.49094581604004
2012-06-26,23.75,22.989999771118164,23.549999237060547,23.1299991607666,21500.0,17.13534927368164
2012-06-27,23.280000686645508,22.809999465942383,23.190000534057617,22.93000030517578,18900.0,16.987184524536133
2012-06-28,23.0,22.690000534057617,22.780000686645508,22.93000030517578,15100.0,16.987184524536133
2012-06-29,23.350000381469727,22.850000381469727,23.350000381469727,23.18000030517578,35700.0,17.17238998413086
2012-07-02,23.309999465942383,22.860000610351562,22.860000610351562,23.229999542236328,8300.0,17.209430694580078
2012-07-03,23.940000534057617,23.15999984741211,23.25,23.739999771118164,21100.0,17.58725357055664
2012-07-05,23.729999542236328,23.40999984741211,23.729999542236328,23.6200008392334,2300.0,17.498353958129883
2012-07-06,23.549999237060547,23.0,23.329999923706055,23.420000076293945,39900.0,17.350191116333008
2012-07-09,23.440000534057617,23.06999969482422,23.440000534057617,23.25,2600.0,17.224245071411133
2012-07-10,23.549999237060547,23.1200008392334,23.489999771118164,23.549999237060547,4300.0,17.446500778198242
2012-07-11,23.84000015258789,23.40999984741211,23.610000610351562,23.799999237060547,14200.0,17.631702423095703
2012-07-12,23.8799991607666,23.469999313354492,23.6200008392334,23.739999771118164,5100.0,17.58725357055664
2012-07-13,24.299999237060547,23.780000686645508,23.969999313354492,24.06999969482422,21900.0,17.83173179626465
2012-07-16,24.110000610351562,23.84000015258789,24.040000915527344,23.8799991607666,2000.0,17.69097900390625
2012-07-17,24.079999923706055,23.329999923706055,24.079999923706055,23.889999389648438,10600.0,17.69837760925293
2012-07-18,24.079999923706055,23.510000228881836,23.889999389648438,24.079999923706055,6600.0,17.839136123657227
2012-07-19,24.299999237060547,24.049999237060547,24.219999313354492,24.1200008392334,3100.0,17.8687744140625
2012-07-20,24.219999313354492,23.649999618530273,23.940000534057617,23.889999389648438,20900.0,17.69837760925293
2012-07-23,24.149999618530273,23.270000457763672,23.450000762939453,23.719999313354492,21100.0,17.572439193725586
2012-07-24,23.770000457763672,23.280000686645508,23.729999542236328,23.399999618530273,5600.0,17.33537483215332
2012-07-25,24.0,23.239999771118164,23.549999237060547,23.530000686645508,18300.0,17.431684494018555
2012-07-26,24.15999984741211,23.56999969482422,24.030000686645508,23.850000381469727,2600.0,17.668745040893555
2012-07-27,24.260000228881836,23.200000762939453,23.3700008392334,24.18000030517578,12000.0,17.91322135925293
2012-07-30,24.280000686645508,23.790000915527344,24.200000762939453,23.81999969482422,4100.0,17.64652442932129
2012-07-31,23.889999389648438,23.399999618530273,23.760000228881836,23.799999237060547,12400.0,17.631702423095703
2012-08-01,24.0,23.520000457763672,23.950000762939453,23.520000457763672,10300.0,17.42427635192871
2012-08-02,23.469999313354492,23.030000686645508,23.239999771118164,23.1200008392334,10600.0,17.12794303894043
2012-08-03,23.809999465942383,23.280000686645508,23.600000381469727,23.649999618530273,9000.0,17.52058219909668
2012-08-06,23.940000534057617,23.600000381469727,23.84000015258789,23.739999771118164,2900.0,17.58725357055664
2012-08-07,23.940000534057617,23.299999237060547,23.729999542236328,23.450000762939453,26200.0,17.37242317199707
2012-08-08,23.600000381469727,23.200000762939453,23.549999237060547,23.290000915527344,6800.0,17.253881454467773
2012-08-09,23.450000762939453,23.100000381469727,23.450000762939453,23.219999313354492,6400.0,17.202024459838867
2012-08-10,23.280000686645508,23.100000381469727,23.1299991607666,23.110000610351562,2100.0,17.120532989501953
2012-08-13,23.18000030517578,23.09000015258789,23.09000015258789,23.1299991607666,1500.0,17.13534927368164
2012-08-14,23.280000686645508,22.65999984741211,23.200000762939453,22.75,4300.0,16.853836059570312
2012-08-15,23.0,22.829999923706055,22.829999923706055,22.979999542236328,8400.0,17.024221420288086
2012-08-16,23.31999969482422,22.84000015258789,22.84000015258789,23.309999465942383,10600.0,17.26869773864746
2012-08-17,23.549999237060547,23.209999084472656,23.209999084472656,23.549999237060547,3800.0,17.446500778198242
2012-08-20,23.549999237060547,22.530000686645508,23.540000915527344,23.389999389648438,2100.0,17.327972412109375
2012-08-21,23.8700008392334,23.110000610351562,23.200000762939453,23.5,24400.0,17.409461975097656
2012-08-22,23.479999542236328,22.850000381469727,23.479999542236328,22.979999542236328,1900.0,17.024221420288086
2012-08-23,23.59000015258789,22.65999984741211,22.809999465942383,23.030000686645508,16100.0,17.06127166748047
2012-08-24,23.690000534057617,22.969999313354492,22.969999313354492,23.450000762939453,7100.0,17.37242317199707
2012-08-27,23.3799991607666,23.100000381469727,23.260000228881836,23.100000381469727,6100.0,17.11312484741211
2012-08-28,23.170000076293945,22.8799991607666,23.049999237060547,23.170000076293945,14000.0,17.164987564086914
2012-08-29,23.450000762939453,22.940000534057617,23.09000015258789,23.450000762939453,14400.0,17.50082778930664
2012-08-30,23.489999771118164,22.950000762939453,23.270000457763672,23.079999923706055,3300.0,17.22469139099121
2012-08-31,23.239999771118164,22.81999969482422,23.239999771118164,22.940000534057617,20400.0,17.120206832885742
2012-09-04,23.190000534057617,22.75,22.90999984741211,23.15999984741211,10100.0,17.28438949584961
2012-09-05,23.219999313354492,22.889999389648438,23.219999313354492,22.889999389648438,11200.0,17.08289337158203
2012-09-06,23.469999313354492,22.950000762939453,22.959999084472656,23.3700008392334,18700.0,17.441118240356445
2012-09-07,23.399999618530273,23.100000381469727,23.31999969482422,23.25,10200.0,17.35155487060547
2012-09-10,23.25,23.020000457763672,23.200000762939453,23.079999923706055,6300.0,17.22469139099121
2012-09-11,23.229999542236328,23.0,23.229999542236328,23.079999923706055,7900.0,17.22469139099121
2012-09-12,22.860000610351562,22.56999969482422,22.860000610351562,22.770000457763672,20700.0,16.99333953857422
2012-09-13,23.170000076293945,22.700000762939453,22.799999237060547,23.0,18000.0,17.16498565673828
2012-09-14,23.25,22.6200008392334,23.0,22.8700008392334,35400.0,17.067970275878906
2012-09-17,23.0,22.649999618530273,22.8700008392334,22.90999984741211,23100.0,17.097820281982422
2012-09-18,23.25,22.649999618530273,22.93000030517578,22.959999084472656,37100.0,17.135133743286133
2012-09-19,23.139999389648438,22.700000762939453,22.950000762939453,22.90999984741211,8000.0,17.097820281982422
2012-09-20,23.1299991607666,22.799999237060547,22.81999969482422,22.940000534057617,6600.0,17.120206832885742
2012-09-21,23.979999542236328,23.0,23.1200008392334,23.93000030517578,44600.0,17.859041213989258
2012-09-24,24.450000762939453,23.450000762939453,23.770000457763672,24.200000762939453,27400.0,18.060546875
2012-09-25,24.770000457763672,24.020000457763672,24.309999465942383,24.110000610351562,16600.0,17.993383407592773
2012-09-26,24.420000076293945,23.549999237060547,24.15999984741211,24.350000381469727,20800.0,18.172489166259766
2012-09-27,24.899999618530273,24.139999389648438,24.420000076293945,24.84000015258789,8400.0,18.538179397583008
2012-09-28,24.799999237060547,24.06999969482422,24.760000228881836,24.350000381469727,27100.0,18.172489166259766
2012-10-01,24.780000686645508,24.059999465942383,24.459999084472656,24.299999237060547,7000.0,18.135177612304688
2012-10-02,25.010000228881836,24.209999084472656,24.399999618530273,24.3799991607666,17200.0,18.194883346557617
2012-10-03,24.8700008392334,24.540000915527344,24.68000030517578,24.540000915527344,5200.0,18.314294815063477
2012-10-04,24.8799991607666,24.399999618530273,24.75,24.770000457763672,9700.0,18.485942840576172
2012-10-05,25.350000381469727,24.639999389648438,24.799999237060547,24.860000610351562,32700.0,18.553115844726562
2012-10-08,25.270000457763672,24.719999313354492,25.270000457763672,24.920000076293945,19500.0,18.59789276123047
2012-10-09,24.889999389648438,24.399999618530273,24.889999389648438,24.5,4500.0,18.284440994262695
2012-10-10,24.770000457763672,24.280000686645508,24.579999923706055,24.770000457763672,4700.0,18.485942840576172
2012-10-11,25.1299991607666,24.799999237060547,24.799999237060547,24.989999771118164,3500.0,18.65013313293457
2012-10-12,25.229999542236328,24.530000686645508,24.75,24.989999771118164,28900.0,18.65013313293457
2012-10-15,25.25,24.850000381469727,25.020000457763672,25.010000228881836,7900.0,18.66506004333496
2012-10-16,25.709999084472656,24.700000762939453,25.18000030517578,25.139999389648438,32500.0,18.7620792388916
2012-10-17,25.68000030517578,25.0,25.260000228881836,25.440000534057617,10000.0,18.98596954345703
2012-10-18,25.280000686645508,24.8799991607666,25.079999923706055,24.8799991607666,4800.0,18.568037033081055
2012-10-19,24.739999771118164,23.270000457763672,24.649999618530273,23.790000915527344,51000.0,17.754568099975586
2012-10-22,24.31999969482422,23.770000457763672,23.860000610351562,24.229999542236328,9000.0,18.082937240600586
2012-10-23,24.0,23.229999542236328,24.0,23.59000015258789,13300.0,17.605304718017578
2012-10-24,23.68000030517578,23.469999313354492,23.56999969482422,23.68000030517578,9300.0,17.67247200012207
2012-10-25,24.18000030517578,23.799999237060547,23.81999969482422,24.020000457763672,4300.0,17.926212310791016
2012-10-26,24.530000686645508,23.799999237060547,24.059999465942383,23.889999389648438,22600.0,17.829193115234375
2012-10-31,23.84000015258789,23.25,23.84000015258789,23.479999542236328,9800.0,17.523212432861328
2012-11-01,23.829999923706055,23.360000610351562,23.530000686645508,23.559999465942383,7200.0,17.58292007446289
2012-11-02,23.709999084472656,23.0,23.65999984741211,23.049999237060547,28200.0,17.202299118041992
2012-11-05,23.299999237060547,22.8799991607666,23.0,22.979999542236328,14700.0,17.150054931640625
2012-11-06,23.450000762939453,23.049999237060547,23.049999237060547,23.3700008392334,10500.0,17.441118240356445
2012-11-07,23.280000686645508,22.68000030517578,23.200000762939453,22.809999465942383,26000.0,17.0231876373291
2012-11-08,23.0,22.719999313354492,22.829999923706055,22.729999542236328,20400.0,16.96347999572754
2012-11-09,23.0,22.8700008392334,22.889999389648438,22.899999618530273,8300.0,17.090362548828125
2012-11-12,23.110000610351562,22.90999984741211,22.90999984741211,23.030000686645508,6000.0,17.187376022338867
2012-11-13,23.139999389648438,22.6200008392334,22.670000076293945,22.809999465942383,11200.0,17.0231876373291
2012-11-14,23.030000686645508,22.65999984741211,22.899999618530273,22.84000015258789,13800.0,17.045578002929688
2012-11-15,23.1299991607666,22.809999465942383,22.809999465942383,22.93000030517578,9200.0,17.112741470336914
2012-11-16,23.43000030517578,22.8700008392334,22.979999542236328,23.25,15600.0,17.35155487060547
2012-11-19,23.760000228881836,23.239999771118164,23.25,23.360000610351562,5400.0,17.433652877807617
2012-11-20,23.43000030517578,23.040000915527344,23.350000381469727,23.15999984741211,10700.0,17.28438949584961
2012-11-21,23.59000015258789,23.149999618530273,23.270000457763672,23.59000015258789,26100.0,17.605304718017578
2012-11-23,23.709999084472656,23.399999618530273,23.709999084472656,23.649999618530273,9100.0,17.650083541870117
2012-11-26,23.770000457763672,23.389999389648438,23.389999389648438,23.709999084472656,12700.0,17.694862365722656
2012-11-27,23.739999771118164,23.3799991607666,23.59000015258789,23.639999389648438,13500.0,17.642616271972656
2012-11-28,23.790000915527344,23.049999237060547,23.459999084472656,23.600000381469727,25000.0,17.612770080566406
2012-11-29,23.729999542236328,23.520000457763672,23.520000457763672,23.670000076293945,7800.0,17.793180465698242
2012-11-30,23.739999771118164,23.149999618530273,23.739999771118164,23.530000686645508,34200.0,17.687942504882812
2012-12-03,23.729999542236328,23.469999313354492,23.6200008392334,23.709999084472656,15100.0,17.8232479095459
2012-12-04,23.809999465942383,23.5,23.700000762939453,23.809999465942383,11200.0,17.898420333862305
2012-12-05,23.8799991607666,23.389999389648438,23.8799991607666,23.670000076293945,9900.0,17.793180465698242
2012-12-06,23.6200008392334,23.190000534057617,23.6200008392334,23.43000030517578,13100.0,17.612770080566406
2012-12-07,23.65999984741211,23.280000686645508,23.65999984741211,23.479999542236328,13400.0,17.65035057067871
2012-12-10,23.59000015258789,23.149999618530273,23.59000015258789,23.469999313354492,20600.0,17.64283561706543
2012-12-11,23.6200008392334,23.06999969482422,23.6200008392334,23.239999771118164,27600.0,17.469940185546875
2012-12-12,23.25,22.940000534057617,23.190000534057617,22.979999542236328,8100.0,17.274492263793945
2012-12-13,23.079999923706055,22.799999237060547,23.06999969482422,22.81999969482422,10700.0,17.154224395751953
2012-12-14,22.90999984741211,22.68000030517578,22.8700008392334,22.860000610351562,21600.0,17.184284210205078
2012-12-17,23.239999771118164,22.90999984741211,22.90999984741211,23.200000762939453,15700.0,17.43987274169922
2012-12-18,23.719999313354492,23.0,23.25,23.639999389648438,9000.0,17.770626068115234
2012-12-19,23.639999389648438,23.200000762939453,23.639999389648438,23.579999923706055,7000.0,17.85391616821289
2012-12-20,23.639999389648438,23.25,23.6200008392334,23.489999771118164,18200.0,17.7857723236084
2012-12-21,23.530000686645508,23.270000457763672,23.479999542236328,23.489999771118164,43500.0,17.7857723236084
2012-12-24,23.530000686645508,23.34000015258789,23.450000762939453,23.3799991607666,8700.0,17.70248031616211
2012-12-26,23.5,23.25,23.469999313354492,23.299999237060547,5700.0,17.64191246032715
2012-12-27,23.489999771118164,23.299999237060547,23.3700008392334,23.3700008392334,6500.0,17.694908142089844
2012-12-28,23.420000076293945,22.81999969482422,23.31999969482422,22.950000762939453,8800.0,17.376901626586914
2012-12-31,23.3799991607666,22.920000076293945,23.100000381469727,23.360000610351562,9900.0,17.68734359741211
2013-01-02,23.979999542236328,23.549999237060547,23.549999237060547,23.899999618530273,22200.0,18.09620475769043
2013-01-03,23.989999771118164,23.469999313354492,23.989999771118164,23.639999389648438,9100.0,17.899343490600586
2013-01-04,23.850000381469727,23.520000457763672,23.770000457763672,23.760000228881836,3700.0,17.990205764770508
2013-01-07,23.56999969482422,22.75,23.56999969482422,22.829999923706055,41000.0,17.28604507446289
2013-01-08,23.110000610351562,22.639999389648438,22.850000381469727,22.770000457763672,13200.0,17.24061393737793
2013-01-09,23.030000686645508,22.700000762939453,22.899999618530273,22.950000762939453,5000.0,17.376901626586914
2013-01-10,23.110000610351562,22.700000762939453,23.110000610351562,22.760000228881836,11900.0,17.23303985595703
2013-01-11,22.950000762939453,22.68000030517578,22.799999237060547,22.760000228881836,10300.0,17.23303985595703
2013-01-14,22.899999618530273,22.649999618530273,22.799999237060547,22.729999542236328,9000.0,17.210330963134766
2013-01-15,22.93000030517578,22.68000030517578,22.68000030517578,22.8700008392334,3600.0,17.316329956054688
2013-01-16,23.1299991607666,22.700000762939453,23.1299991607666,22.75,9000.0,17.2254695892334
2013-01-17,23.100000381469727,22.719999313354492,22.899999618530273,22.81999969482422,24600.0,17.278470993041992
2013-01-18,23.0,22.739999771118164,22.739999771118164,22.75,27700.0,17.2254695892334
2013-01-22,23.200000762939453,22.6299991607666,22.700000762939453,23.020000457763672,18600.0,17.42990493774414
2013-01-23,23.15999984741211,22.799999237060547,23.06999969482422,22.90999984741211,9800.0,17.34661865234375
2013-01-24,23.1299991607666,22.90999984741211,22.90999984741211,22.920000076293945,8200.0,17.35419273376465
2013-01-25,23.079999923706055,22.690000534057617,23.079999923706055,22.790000915527344,14800.0,17.25575828552246
2013-01-28,23.219999313354492,22.860000610351562,22.860000610351562,23.170000076293945,15100.0,17.54347801208496
2013-01-29,23.270000457763672,22.90999984741211,22.979999542236328,23.200000762939453,12500.0,17.566194534301758
2013-01-30,23.149999618530273,22.8799991607666,23.030000686645508,23.0,7900.0,17.414762496948242
2013-01-31,23.34000015258789,22.760000228881836,23.040000915527344,22.780000686645508,22400.0,17.24818229675293
2013-02-01,23.31999969482422,22.799999237060547,22.940000534057617,23.200000762939453,16300.0,17.566194534301758
2013-02-04,23.440000534057617,22.940000534057617,23.209999084472656,23.059999465942383,17000.0,17.460189819335938
2013-02-05,23.489999771118164,23.0,23.149999618530273,23.469999313354492,6100.0,17.770627975463867
2013-02-06,23.479999542236328,23.260000228881836,23.260000228881836,23.3700008392334,1700.0,17.694908142089844
2013-02-07,23.15999984741211,22.959999084472656,23.15999984741211,23.020000457763672,8900.0,17.42990493774414
2013-02-08,23.229999542236328,23.030000686645508,23.040000915527344,23.170000076293945,4900.0,17.54347801208496
2013-02-11,23.1299991607666,22.90999984741211,23.030000686645508,23.100000381469727,11000.0,17.490480422973633
2013-02-12,23.270000457763672,23.040000915527344,23.239999771118164,23.219999313354492,6100.0,17.581335067749023
2013-02-13,23.440000534057617,23.059999465942383,23.209999084472656,23.06999969482422,3200.0,17.467761993408203
2013-02-14,23.190000534057617,23.040000915527344,23.190000534057617,23.059999465942383,2600.0,17.460189819335938
2013-02-15,23.190000534057617,23.0,23.190000534057617,23.030000686645508,10200.0,17.43747901916504
2013-02-19,23.209999084472656,23.049999237060547,23.049999237060547,23.209999084472656,2800.0,17.573766708374023
2013-02-20,23.270000457763672,23.010000228881836,23.170000076293945,23.010000228881836,11100.0,17.422332763671875
2013-02-21,23.040000915527344,22.950000762939453,23.030000686645508,22.969999313354492,2000.0,17.392045974731445
2013-02-22,23.190000534057617,23.040000915527344,23.09000015258789,23.1299991607666,7000.0,17.51319122314453
2013-02-25,23.200000762939453,22.649999618530273,23.200000762939453,22.700000762939453,14000.0,17.18761444091797
2013-02-26,23.059999465942383,22.690000534057617,22.8799991607666,23.0,14800.0,17.414762496948242
2013-02-27,23.34000015258789,22.959999084472656,23.049999237060547,23.1200008392334,7900.0,17.5056209564209
2013-02-28,23.219999313354492,22.950000762939453,23.049999237060547,23.059999465942383,6800.0,17.460189819335938
2013-03-01,23.579999923706055,23.0,23.0,23.540000915527344,10200.0,17.823631286621094
2013-03-04,23.8799991607666,23.3799991607666,23.489999771118164,23.8799991607666,9900.0,18.08106231689453
2013-03-05,24.170000076293945,23.850000381469727,23.920000076293945,23.899999618530273,8000.0,18.09620475769043
2013-03-06,24.149999618530273,23.850000381469727,24.1299991607666,24.010000228881836,9100.0,18.179494857788086
2013-03-07,24.139999389648438,23.93000030517578,23.93000030517578,24.06999969482422,3900.0,18.22492790222168
2013-03-08,24.610000610351562,23.969999313354492,24.219999313354492,24.440000534057617,12100.0,18.505077362060547
2013-03-11,24.559999465942383,24.030000686645508,24.450000762939453,24.260000228881836,6300.0,18.368783950805664
2013-03-12,24.170000076293945,23.940000534057617,24.170000076293945,23.959999084472656,2900.0,18.141637802124023
2013-03-13,24.1299991607666,23.940000534057617,23.989999771118164,24.040000915527344,5200.0,18.20221519470215
2013-03-14,24.3700008392334,23.850000381469727,24.030000686645508,23.979999542236328,4700.0,18.156780242919922
2013-03-15,24.389999389648438,24.030000686645508,24.030000686645508,24.260000228881836,40300.0,18.368783950805664
2013-03-18,24.149999618530273,23.8799991607666,24.09000015258789,24.0,2700.0,18.171926498413086
2013-03-19,24.1200008392334,23.8700008392334,24.1200008392334,23.90999984741211,7300.0,18.103782653808594
2013-03-20,24.25,23.860000610351562,24.0,24.219999313354492,6700.0,18.338502883911133
2013-03-21,24.059999465942383,23.93000030517578,24.040000915527344,24.040000915527344,4800.0,18.20221519470215
2013-03-22,24.25,23.850000381469727,24.1299991607666,24.18000030517578,8400.0,18.30821418762207
2013-03-25,24.25,23.940000534057617,24.25,24.18000030517578,5200.0,18.30821418762207
2013-03-26,24.389999389648438,24.139999389648438,24.34000015258789,24.3700008392334,3600.0,18.45207977294922
2013-03-27,24.209999084472656,24.139999389648438,24.200000762939453,24.149999618530273,2500.0,18.28550148010254
2013-03-28,24.540000915527344,24.110000610351562,24.239999771118164,24.510000228881836,13000.0,18.558074951171875
2013-04-01,24.5,24.0,24.5,24.110000610351562,5400.0,18.255212783813477
2013-04-02,24.34000015258789,24.049999237060547,24.149999618530273,24.239999771118164,30300.0,18.3536434173584
2013-04-03,24.280000686645508,23.959999084472656,24.280000686645508,23.989999771118164,9200.0,18.16434669494629
2013-04-04,24.219999313354492,23.889999389648438,24.219999313354492,24.190000534057617,8300.0,18.31578254699707
2013-04-05,24.329999923706055,23.850000381469727,23.850000381469727,24.18000030517578,9100.0,18.30821418762207
2013-04-08,24.31999969482422,23.93000030517578,24.299999237060547,24.1299991607666,4100.0,18.270357131958008
2013-04-09,24.299999237060547,23.979999542236328,24.059999465942383,24.209999084472656,5900.0,18.330928802490234
2013-04-10,24.65999984741211,24.09000015258789,24.280000686645508,24.649999618530273,7400.0,18.664081573486328
2013-04-11,24.670000076293945,24.25,24.5,24.31999969482422,2800.0,18.414216995239258
2013-04-12,24.25,24.040000915527344,24.229999542236328,24.059999465942383,9100.0,18.21735382080078
2013-04-15,24.0,22.809999465942383,24.0,22.920000076293945,17700.0,17.35419273376465
2013-04-16,23.190000534057617,22.799999237060547,23.0,22.969999313354492,24000.0,17.392045974731445
2013-04-17,23.239999771118164,22.81999969482422,22.899999618530273,22.90999984741211,14800.0,17.34661865234375
2013-04-18,23.170000076293945,22.860000610351562,23.010000228881836,22.860000610351562,9300.0,17.308757781982422
2013-04-19,23.239999771118164,22.860000610351562,22.860000610351562,23.170000076293945,6500.0,17.54347801208496
2013-04-22,23.280000686645508,22.959999084472656,23.270000457763672,23.219999313354492,4800.0,17.581335067749023
2013-04-23,23.450000762939453,23.149999618530273,23.25,23.260000228881836,6300.0,17.611621856689453
2013-04-24,23.43000030517578,23.18000030517578,23.420000076293945,23.360000610351562,2500.0,17.68734359741211
2013-04-25,23.610000610351562,23.329999923706055,23.389999389648438,23.549999237060547,3100.0,17.831201553344727
2013-04-26,23.549999237060547,23.360000610351562,23.540000915527344,23.469999313354492,7300.0,17.770627975463867
2013-04-29,23.719999313354492,23.549999237060547,23.549999237060547,23.719999313354492,2000.0,17.959911346435547
2013-04-30,24.040000915527344,23.559999465942383,23.700000762939453,24.0,8100.0,18.171926498413086
2013-05-01,24.270000457763672,22.860000610351562,23.979999542236328,22.920000076293945,19700.0,17.35419273376465
2013-05-02,23.479999542236328,23.049999237060547,23.049999237060547,23.450000762939453,10600.0,17.755483627319336
2013-05-03,23.860000610351562,23.0,23.3799991607666,23.649999618530273,25700.0,17.906917572021484
2013-05-06,23.829999923706055,23.229999542236328,23.6299991607666,23.670000076293945,16900.0,17.922060012817383
2013-05-07,23.81999969482422,23.389999389648438,23.690000534057617,23.809999465942383,7100.0,18.02806282043457
2013-05-08,23.829999923706055,23.760000228881836,23.760000228881836,23.829999923706055,1700.0,18.04320526123047
2013-05-09,23.959999084472656,23.780000686645508,23.850000381469727,23.780000686645508,2800.0,18.005348205566406
2013-05-10,23.8799991607666,23.290000915527344,23.8799991607666,23.68000030517578,13400.0,17.929624557495117
2013-05-13,23.940000534057617,23.579999923706055,23.579999923706055,23.829999923706055,2500.0,18.04320526123047
2013-05-14,24.059999465942383,23.799999237060547,23.799999237060547,24.049999237060547,3700.0,18.20978546142578
2013-05-15,24.420000076293945,24.059999465942383,24.059999465942383,24.350000381469727,2100.0,18.436931610107422
2013-05-16,24.549999237060547,23.81999969482422,24.31999969482422,23.940000534057617,30700.0,18.126489639282227
2013-05-17,24.469999313354492,23.860000610351562,24.030000686645508,23.860000610351562,20700.0,18.06592559814453
2013-05-20,24.440000534057617,23.709999084472656,23.84000015258789,23.940000534057617,5900.0,18.126489639282227
2013-05-21,24.1299991607666,23.649999618530273,24.0,23.790000915527344,3700.0,18.012924194335938
2013-05-22,23.739999771118164,23.110000610351562,23.739999771118164,23.209999084472656,5000.0,17.573766708374023
2013-05-23,23.729999542236328,23.100000381469727,23.1299991607666,23.420000076293945,5000.0,17.732772827148438
2013-05-24,23.90999984741211,23.31999969482422,23.329999923706055,23.760000228881836,4400.0,17.990205764770508
2013-05-28,24.399999618530273,23.889999389648438,24.040000915527344,24.309999465942383,20600.0,18.40664291381836
2013-05-29,24.40999984741211,23.860000610351562,24.020000457763672,24.09000015258789,3700.0,18.37613296508789
2013-05-30,24.489999771118164,23.899999618530273,24.260000228881836,24.040000915527344,26400.0,18.337993621826172
2013-05-31,24.209999084472656,23.6200008392334,23.989999771118164,24.049999237060547,15100.0,18.345624923706055
2013-06-03,24.479999542236328,23.739999771118164,24.010000228881836,24.31999969482422,22000.0,18.55158042907715
2013-06-04,24.75,24.229999542236328,24.229999542236328,24.56999969482422,10800.0,18.74228286743164
2013-06-05,24.75,24.260000228881836,24.579999923706055,24.3700008392334,6800.0,18.5897216796875
2013-06-06,24.479999542236328,24.170000076293945,24.25,24.280000686645508,4500.0,18.521068572998047
2013-06-07,24.479999542236328,23.979999542236328,24.479999542236328,24.360000610351562,5000.0,18.582090377807617
2013-06-10,24.489999771118164,24.469999313354492,24.489999771118164,24.469999313354492,1100.0,18.665996551513672
2013-06-11,24.6299991607666,24.360000610351562,24.579999923706055,24.540000915527344,2900.0,18.71940040588379
2013-06-12,24.700000762939453,23.950000762939453,24.59000015258789,24.5,19800.0,18.688886642456055
2013-06-13,24.639999389648438,24.020000457763672,24.440000534057617,24.639999389648438,24700.0,18.79568099975586
2013-06-14,24.56999969482422,24.270000457763672,24.530000686645508,24.399999618530273,4000.0,18.612607955932617
2013-06-17,24.600000381469727,24.15999984741211,24.600000381469727,24.469999313354492,12000.0,18.665996551513672
2013-06-18,24.729999542236328,24.239999771118164,24.43000030517578,24.670000076293945,10400.0,18.818559646606445
2013-06-19,25.040000915527344,24.59000015258789,24.59000015258789,24.65999984741211,6400.0,18.81093978881836
2013-06-20,24.670000076293945,24.100000381469727,24.399999618530273,24.280000686645508,32200.0,18.521068572998047
2013-06-21,24.600000381469727,24.190000534057617,24.389999389648438,24.530000686645508,24700.0,18.711767196655273
2013-06-24,24.469999313354492,24.1299991607666,24.43000030517578,24.3700008392334,11000.0,18.5897216796875
2013-06-25,24.690000534057617,24.1299991607666,24.520000457763672,24.600000381469727,23500.0,18.765167236328125
2013-06-26,24.700000762939453,24.170000076293945,24.700000762939453,24.459999084472656,15200.0,18.658374786376953
2013-06-27,24.700000762939453,24.440000534057617,24.530000686645508,24.690000534057617,6700.0,18.833820343017578
2013-06-28,25.309999465942383,24.329999923706055,24.329999923706055,25.200000762939453,62200.0,19.222848892211914
2013-07-01,25.799999237060547,24.549999237060547,25.200000762939453,24.809999465942383,19100.0,18.925355911254883
2013-07-02,25.350000381469727,24.489999771118164,24.8700008392334,24.56999969482422,17300.0,18.74228286743164
2013-07-03,25.190000534057617,24.600000381469727,24.790000915527344,25.190000534057617,10500.0,19.215229034423828
2013-07-05,25.950000762939453,24.739999771118164,25.600000381469727,25.950000762939453,6000.0,19.794960021972656
2013-07-08,26.420000076293945,25.520000457763672,26.0,26.209999084472656,5600.0,19.993295669555664
2013-07-09,26.790000915527344,25.75,26.149999618530273,26.5,19500.0,20.214509963989258
2013-07-10,27.34000015258789,26.25,26.25,27.0,22400.0,20.595918655395508
2013-07-11,27.709999084472656,27.020000457763672,27.229999542236328,27.709999084472656,24000.0,21.137510299682617
2013-07-12,27.700000762939453,27.229999542236328,27.59000015258789,27.479999542236328,8600.0,20.96206283569336
2013-07-15,27.950000762939453,27.299999237060547,27.579999923706055,27.809999465942383,14400.0,21.213796615600586
2013-07-16,28.0,27.389999389648438,27.549999237060547,27.799999237060547,11300.0,21.20616340637207
2013-07-17,27.850000381469727,27.399999618530273,27.850000381469727,27.790000915527344,8400.0,21.198532104492188
2013-07-18,27.799999237060547,27.450000762939453,27.799999237060547,27.760000228881836,3900.0,21.1756534576416
2013-07-19,27.920000076293945,27.600000381469727,27.600000381469727,27.829999923706055,6300.0,21.229053497314453
2013-07-22,27.65999984741211,27.350000381469727,27.65999984741211,27.559999465942383,10700.0,21.02309226989746
2013-07-23,28.649999618530273,27.469999313354492,27.469999313354492,28.479999542236328,10900.0,21.724878311157227
2013-07-24,29.100000381469727,28.34000015258789,28.440000534057617,28.899999618530273,19700.0,22.04525375366211
2013-07-25,29.829999923706055,28.469999313354492,28.889999389648438,29.81999969482422,15800.0,22.747041702270508
2013-07-26,29.75,29.020000457763672,29.75,29.209999084472656,9900.0,22.281734466552734
2013-07-29,29.239999771118164,28.520000457763672,29.239999771118164,28.649999618530273,8100.0,21.85455322265625
2013-07-30,28.649999618530273,27.559999465942383,28.649999618530273,27.65999984741211,4300.0,21.0993709564209
2013-07-31,27.989999771118164,27.329999923706055,27.760000228881836,27.329999923706055,12500.0,20.847639083862305
2013-08-01,27.889999389648438,27.079999923706055,27.420000076293945,27.440000534057617,8300.0,20.931556701660156
2013-08-02,28.139999389648438,27.149999618530273,27.280000686645508,28.059999465942383,33600.0,21.404499053955078
2013-08-05,29.270000457763672,27.81999969482422,28.1200008392334,29.079999923706055,18000.0,22.182559967041016
2013-08-06,28.889999389648438,27.979999542236328,28.75,28.280000686645508,14300.0,21.572315216064453
2013-08-07,28.329999923706055,28.020000457763672,28.25,28.280000686645508,3500.0,21.572315216064453
2013-08-08,28.420000076293945,27.93000030517578,28.309999465942383,28.3799991607666,11100.0,21.648591995239258
2013-08-09,28.690000534057617,28.139999389648438,28.5,28.290000915527344,28600.0,21.57994270324707
2013-08-12,28.440000534057617,28.049999237060547,28.049999237060547,28.360000610351562,11400.0,21.63333511352539
2013-08-13,28.5,27.6200008392334,28.260000228881836,28.110000610351562,16200.0,21.442638397216797
2013-08-14,28.209999084472656,27.520000457763672,27.520000457763672,27.920000076293945,4500.0,21.297704696655273
2013-08-15,27.760000228881836,26.389999389648438,27.6299991607666,26.510000228881836,10300.0,20.222135543823242
2013-08-16,26.709999084472656,25.489999771118164,26.360000610351562,25.739999771118164,13500.0,19.634769439697266
2013-08-19,25.780000686645508,25.239999771118164,25.59000015258789,25.3700008392334,15300.0,19.352535247802734
2013-08-20,26.229999542236328,25.200000762939453,25.31999969482422,26.040000915527344,6300.0,19.863616943359375
2013-08-21,26.149999618530273,25.270000457763672,25.770000457763672,26.1299991607666,4100.0,19.932268142700195
2013-08-22,27.280000686645508,26.280000686645508,26.280000686645508,27.219999313354492,6900.0,20.763736724853516
2013-08-23,27.190000534057617,26.299999237060547,27.190000534057617,26.40999984741211,8800.0,20.14585304260254
2013-08-26,26.399999618530273,25.899999618530273,26.389999389648438,25.899999618530273,4300.0,19.75682830810547
2013-08-27,25.8700008392334,24.459999084472656,25.829999923706055,24.68000030517578,10200.0,18.826189041137695
2013-08-28,24.93000030517578,24.5,24.65999984741211,24.719999313354492,8500.0,18.995241165161133
2013-08-29,25.239999771118164,24.760000228881836,24.920000076293945,25.229999542236328,7800.0,19.387136459350586
2013-08-30,25.219999313354492,24.510000228881836,25.18000030517578,24.950000762939453,19700.0,19.171977996826172
2013-09-03,25.06999969482422,24.549999237060547,24.6200008392334,25.049999237060547,9300.0,19.248821258544922
2013-09-04,25.010000228881836,24.600000381469727,24.979999542236328,24.790000915527344,8700.0,19.049030303955078
2013-09-05,24.860000610351562,24.40999984741211,24.860000610351562,24.84000015258789,6300.0,19.08745765686035
2013-09-06,24.979999542236328,24.34000015258789,24.979999542236328,24.520000457763672,10300.0,18.84156036376953
2013-09-09,24.790000915527344,24.360000610351562,24.670000076293945,24.6299991607666,6300.0,18.92608642578125
2013-09-10,25.09000015258789,24.520000457763672,24.75,24.979999542236328,6300.0,19.195030212402344
2013-09-11,25.209999084472656,24.670000076293945,25.209999084472656,24.739999771118164,6800.0,19.01061248779297
2013-09-12,24.649999618530273,24.5,24.559999465942383,24.540000915527344,6200.0,18.8569278717041
2013-09-13,25.309999465942383,24.459999084472656,24.649999618530273,24.75,12300.0,19.018293380737305
2013-09-16,25.059999465942383,24.5,25.059999465942383,24.829999923706055,9000.0,19.079771041870117
2013-09-17,25.489999771118164,24.68000030517578,25.09000015258789,25.399999618530273,9900.0,19.51776695251465
2013-09-18,26.1299991607666,25.049999237060547,25.190000534057617,25.899999618530273,4900.0,19.901973724365234
2013-09-19,26.420000076293945,25.559999465942383,25.899999618530273,25.670000076293945,6600.0,19.72524070739746
2013-09-20,26.780000686645508,25.670000076293945,25.670000076293945,26.780000686645508,42500.0,20.578182220458984
2013-09-23,28.0,26.6200008392334,26.690000534057617,27.969999313354492,24300.0,21.49259376525879
2013-09-24,29.049999237060547,27.719999313354492,27.979999542236328,28.690000534057617,20300.0,22.04585838317871
2013-09-25,28.90999984741211,27.93000030517578,28.809999465942383,27.950000762939453,6800.0,21.47722816467285
2013-09-26,27.899999618530273,27.440000534057617,27.600000381469727,27.729999542236328,5900.0,21.308181762695312
2013-09-27,28.280000686645508,27.260000228881836,27.520000457763672,27.93000030517578,13600.0,21.461856842041016
2013-09-30,28.59000015258789,27.350000381469727,27.399999618530273,28.31999969482422,24800.0,21.761539459228516
2013-10-01,28.149999618530273,27.610000610351562,27.75,28.049999237060547,11100.0,21.55406951904297
2013-10-02,28.399999618530273,27.510000228881836,27.770000457763672,27.920000076293945,16700.0,21.45417594909668
2013-10-03,28.079999923706055,27.010000228881836,27.959999084472656,27.139999389648438,23600.0,20.854812622070312
2013-10-04,27.59000015258789,27.0,27.049999237060547,27.479999542236328,15100.0,21.116073608398438
2013-10-07,27.84000015258789,26.799999237060547,27.5,27.049999237060547,18900.0,20.785654067993164
2013-10-08,27.200000762939453,26.399999618530273,27.200000762939453,26.510000228881836,14600.0,20.370708465576172
2013-10-09,27.219999313354492,26.149999618530273,26.510000228881836,26.8700008392334,12900.0,20.6473388671875
2013-10-10,27.739999771118164,27.0,27.0,27.530000686645508,5100.0,21.154495239257812
2013-10-11,28.299999237060547,27.329999923706055,27.389999389648438,28.18000030517578,24500.0,21.653961181640625
2013-10-14,28.579999923706055,27.559999465942383,28.079999923706055,28.540000915527344,8300.0,21.93059539794922
2013-10-15,28.59000015258789,27.649999618530273,28.34000015258789,27.739999771118164,24100.0,21.315858840942383
2013-10-16,28.5,27.700000762939453,28.5,27.940000534057617,6200.0,21.469545364379883
2013-10-17,28.59000015258789,27.399999618530273,27.81999969482422,28.299999237060547,5300.0,21.746171951293945
2013-10-18,29.510000228881836,27.860000610351562,28.530000686645508,28.829999923706055,31200.0,22.153432846069336
2013-10-21,29.31999969482422,28.799999237060547,29.100000381469727,28.81999969482422,9700.0,22.1457462310791
2013-10-22,29.299999237060547,28.200000762939453,29.139999389648438,29.229999542236328,27600.0,22.460792541503906
2013-10-23,29.459999084472656,28.920000076293945,28.920000076293945,29.030000686645508,16100.0,22.30711555480957
2013-10-24,29.3799991607666,28.729999542236328,28.729999542236328,29.110000610351562,4900.0,22.368587493896484
2013-10-25,29.290000915527344,28.719999313354492,29.170000076293945,28.719999313354492,9200.0,22.06890296936035
2013-10-28,28.920000076293945,28.309999465942383,28.81999969482422,28.639999389648438,13700.0,22.00743865966797
2013-10-29,29.209999084472656,28.149999618530273,28.649999618530273,29.0,17400.0,22.28406524658203
2013-10-30,29.149999618530273,28.6299991607666,28.950000762939453,28.969999313354492,6200.0,22.261011123657227
2013-10-31,29.0,28.520000457763672,28.989999771118164,28.729999542236328,8900.0,22.076589584350586
2013-11-01,28.780000686645508,27.360000610351562,28.649999618530273,28.729999542236328,49900.0,22.076589584350586
2013-11-04,28.829999923706055,28.209999084472656,28.739999771118164,28.639999389648438,8200.0,22.00743865966797
2013-11-05,28.850000381469727,28.049999237060547,28.579999923706055,28.799999237060547,14500.0,22.1303768157959
2013-11-06,29.5,28.489999771118164,28.610000610351562,29.459999084472656,15000.0,22.63753318786621
2013-11-07,29.5,28.610000610351562,29.5,28.959999084472656,8000.0,22.253326416015625
2013-11-08,29.34000015258789,28.559999465942383,28.940000534057617,28.969999313354492,29600.0,22.261011123657227
2013-11-11,29.030000686645508,28.09000015258789,28.5,28.700000762939453,10200.0,22.053539276123047
2013-11-12,28.65999984741211,27.079999923706055,28.65999984741211,27.100000381469727,20800.0,20.824073791503906
2013-11-13,27.770000457763672,26.549999237060547,27.040000915527344,27.760000228881836,17900.0,21.331226348876953
2013-11-14,28.479999542236328,27.639999389648438,27.639999389648438,28.3700008392334,9700.0,21.799957275390625
2013-11-15,28.739999771118164,28.110000610351562,28.309999465942383,28.670000076293945,8600.0,22.03048324584961
2013-11-18,28.600000381469727,28.149999618530273,28.489999771118164,28.280000686645508,7400.0,21.730806350708008
2013-11-19,28.459999084472656,27.5,28.31999969482422,27.989999771118164,17600.0,21.507959365844727
2013-11-20,28.520000457763672,27.950000762939453,28.0,28.049999237060547,11200.0,21.55406951904297
2013-11-21,28.520000457763672,28.15999984741211,28.270000457763672,28.290000915527344,7600.0,21.738487243652344
2013-11-22,28.8799991607666,27.989999771118164,28.3700008392334,28.690000534057617,7000.0,22.04585838317871
2013-11-25,29.350000381469727,28.520000457763672,28.649999618530273,29.209999084472656,8800.0,22.4454288482666
2013-11-26,29.489999771118164,29.09000015258789,29.149999618530273,29.469999313354492,8000.0,22.64521598815918
2013-11-27,29.5,29.350000381469727,29.5,29.5,12100.0,22.66827392578125
2013-11-29,29.5,28.950000762939453,29.5,29.350000381469727,8100.0,22.55301284790039
2013-12-02,29.34000015258789,28.309999465942383,29.34000015258789,28.5,11500.0,21.899858474731445
2013-12-03,28.780000686645508,28.299999237060547,28.780000686645508,28.56999969482422,8300.0,21.953641891479492
2013-12-04,28.65999984741211,28.299999237060547,28.540000915527344,28.31999969482422,4700.0,21.761539459228516
2013-12-05,28.299999237060547,27.59000015258789,27.950000762939453,28.040000915527344,14100.0,21.546384811401367
2013-12-06,28.81999969482422,27.639999389648438,28.149999618530273,28.31999969482422,31000.0,21.902137756347656
2013-12-09,29.190000534057617,28.1299991607666,28.260000228881836,28.690000534057617,28600.0,22.18829345703125
2013-12-10,28.799999237060547,27.700000762939453,28.559999465942383,28.170000076293945,35200.0,21.7861328125
2013-12-11,28.219999313354492,27.040000915527344,28.06999969482422,27.290000915527344,8300.0,21.105558395385742
2013-12-12,27.719999313354492,26.959999084472656,27.420000076293945,27.579999923706055,25100.0,21.329837799072266
2013-12-13,28.920000076293945,27.280000686645508,27.34000015258789,28.489999771118164,38300.0,22.033611297607422
2013-12-16,29.270000457763672,28.479999542236328,29.09000015258789,29.100000381469727,21900.0,22.5053768157959
2013-12-17,29.40999984741211,28.770000457763672,29.079999923706055,29.059999465942383,5900.0,22.474445343017578
2013-12-18,29.5,28.799999237060547,29.0,29.489999771118164,24700.0,22.80699348449707
2013-12-19,29.450000762939453,28.899999618530273,29.420000076293945,29.079999923706055,4900.0,22.489913940429688
2013-12-20,29.5,29.219999313354492,29.219999313354492,29.459999084472656,33500.0,22.78379249572754
2013-12-23,29.5,29.18000030517578,29.5,29.489999771118164,14000.0,22.80699348449707
2013-12-24,29.5,29.40999984741211,29.459999084472656,29.5,22900.0,22.814727783203125
2013-12-26,29.5,29.40999984741211,29.5,29.459999084472656,8100.0,22.78379249572754
2013-12-27,29.489999771118164,28.950000762939453,29.489999771118164,29.3799991607666,6700.0,22.721920013427734
2013-12-30,29.489999771118164,29.110000610351562,29.43000030517578,29.489999771118164,5600.0,22.80699348449707
2013-12-31,29.5,29.079999923706055,29.489999771118164,29.43000030517578,16400.0,22.760591506958008
2014-01-02,29.579999923706055,29.09000015258789,29.219999313354492,29.520000457763672,24700.0,22.8301944732666
2014-01-03,29.700000762939453,29.219999313354492,29.559999465942383,29.649999618530273,24900.0,22.930740356445312
2014-01-06,29.760000228881836,29.360000610351562,29.760000228881836,29.59000015258789,7400.0,22.88433265686035
2014-01-07,29.75,29.110000610351562,29.75,29.510000228881836,9400.0,22.822465896606445
2014-01-08,29.68000030517578,29.06999969482422,29.68000030517578,29.219999313354492,7700.0,22.59818458557129
2014-01-09,29.059999465942383,28.459999084472656,29.059999465942383,28.739999771118164,11200.0,22.226957321166992
2014-01-10,28.799999237060547,28.1200008392334,28.649999618530273,28.6299991607666,20400.0,22.141883850097656
2014-01-13,28.610000610351562,27.290000915527344,28.610000610351562,27.65999984741211,11900.0,21.391708374023438
2014-01-14,28.709999084472656,27.770000457763672,27.770000457763672,28.700000762939453,14600.0,22.196027755737305
2014-01-15,28.799999237060547,28.40999984741211,28.600000381469727,28.40999984741211,5200.0,21.97174072265625
2014-01-16,28.43000030517578,27.700000762939453,28.31999969482422,27.959999084472656,15700.0,21.623722076416016
2014-01-17,28.450000762939453,27.6200008392334,28.010000228881836,27.959999084472656,23200.0,21.623722076416016
2014-01-21,28.739999771118164,27.850000381469727,28.280000686645508,28.40999984741211,28900.0,21.97174072265625
2014-01-22,28.799999237060547,28.260000228881836,28.649999618530273,28.780000686645508,11100.0,22.257896423339844
2014-01-23,28.75,28.1200008392334,28.510000228881836,28.149999618530273,16000.0,21.77066421508789
2014-01-24,28.690000534057617,27.6299991607666,27.889999389648438,27.790000915527344,5600.0,21.492250442504883
2014-01-27,27.790000915527344,27.030000686645508,27.790000915527344,27.09000015258789,13600.0,20.950883865356445
2014-01-28,27.56999969482422,26.68000030517578,27.360000610351562,26.989999771118164,18700.0,20.87354850769043
2014-01-29,26.950000762939453,26.110000610351562,26.84000015258789,26.270000457763672,7900.0,20.316715240478516
2014-01-30,27.3799991607666,26.440000534057617,26.540000915527344,27.3700008392334,29000.0,21.16743278503418
2014-01-31,27.399999618530273,26.3799991607666,27.0,26.420000076293945,29900.0,20.432720184326172
2014-02-03,27.170000076293945,25.020000457763672,26.549999237060547,25.290000915527344,28800.0,19.55879783630371
2014-02-04,26.549999237060547,24.979999542236328,25.479999542236328,25.149999618530273,30300.0,19.45052719116211
2014-02-05,25.540000915527344,24.440000534057617,25.0,25.510000228881836,17100.0,19.72894287109375
2014-02-06,25.920000076293945,25.209999084472656,25.700000762939453,25.56999969482422,26200.0,19.775346755981445
2014-02-07,26.170000076293945,24.979999542236328,25.780000686645508,25.40999984741211,19200.0,19.651599884033203
2014-02-10,25.600000381469727,25.06999969482422,25.600000381469727,25.43000030517578,12200.0,19.667072296142578
2014-02-11,25.84000015258789,25.389999389648438,25.40999984741211,25.780000686645508,7000.0,19.937755584716797
2014-02-12,25.93000030517578,25.1299991607666,25.93000030517578,25.329999923706055,13900.0,19.589736938476562
2014-02-13,26.270000457763672,25.06999969482422,25.06999969482422,25.940000534057617,5400.0,20.061492919921875
2014-02-14,26.18000030517578,25.530000686645508,25.920000076293945,25.65999984741211,9400.0,19.84494972229004
2014-02-18,26.299999237060547,25.299999237060547,25.469999313354492,25.700000762939453,14700.0,19.875885009765625
2014-02-19,26.549999237060547,25.510000228881836,25.700000762939453,25.510000228881836,15900.0,19.72894287109375
2014-02-20,26.139999389648438,25.510000228881836,25.510000228881836,25.889999389648438,4500.0,20.022825241088867
2014-02-21,26.31999969482422,25.790000915527344,26.06999969482422,25.899999618530273,11600.0,20.030559539794922
2014-02-24,27.09000015258789,25.75,26.049999237060547,26.549999237060547,7100.0,20.533252716064453
2014-02-25,27.299999237060547,26.299999237060547,26.34000015258789,26.540000915527344,7800.0,20.5255184173584
2014-02-26,26.780000686645508,26.219999313354492,26.690000534057617,26.290000915527344,3700.0,20.332176208496094
2014-02-27,26.440000534057617,25.969999313354492,26.239999771118164,26.34000015258789,12500.0,20.370847702026367
2014-02-28,26.84000015258789,26.079999923706055,26.3700008392334,26.3799991607666,10300.0,20.40178108215332
2014-03-03,26.079999923706055,25.549999237060547,26.040000915527344,25.639999389648438,7600.0,19.829479217529297
2014-03-04,26.600000381469727,25.809999465942383,25.809999465942383,26.520000457763672,20400.0,20.51005744934082
2014-03-05,27.170000076293945,26.350000381469727,26.360000610351562,26.940000534057617,11300.0,20.834875106811523
2014-03-06,27.030000686645508,26.329999923706055,26.90999984741211,27.0,11900.0,20.88128089904785
2014-03-07,27.540000915527344,26.799999237060547,27.18000030517578,27.34000015258789,10000.0,21.144229888916016
2014-03-10,28.479999542236328,27.040000915527344,27.299999237060547,28.3700008392334,9700.0,21.94080352783203
2014-03-11,28.290000915527344,27.31999969482422,28.290000915527344,27.799999237060547,7100.0,21.49997901916504
2014-03-12,28.3700008392334,27.56999969482422,27.56999969482422,28.209999084472656,9800.0,21.81706428527832
2014-03-13,28.3700008392334,28.020000457763672,28.3700008392334,28.020000457763672,3800.0,21.809284210205078
2014-03-14,28.389999389648438,27.700000762939453,28.040000915527344,28.020000457763672,11800.0,21.809284210205078
2014-03-17,28.389999389648438,27.780000686645508,28.31999969482422,27.940000534057617,8500.0,21.74701499938965
2014-03-18,28.25,27.979999542236328,28.020000457763672,28.25,4000.0,21.988304138183594
2014-03-19,28.290000915527344,27.510000228881836,27.979999542236328,27.809999465942383,14300.0,21.64583396911621
2014-03-20,28.389999389648438,27.68000030517578,27.850000381469727,28.389999389648438,6400.0,22.097272872924805
2014-03-21,28.389999389648438,28.020000457763672,28.389999389648438,28.229999542236328,11500.0,21.972734451293945
2014-03-24,28.350000381469727,27.719999313354492,28.299999237060547,28.139999389648438,9900.0,21.902687072753906
2014-03-25,28.399999618530273,28.139999389648438,28.299999237060547,28.389999389648438,3600.0,22.097272872924805
2014-03-26,28.639999389648438,27.75,28.639999389648438,27.760000228881836,15800.0,21.606910705566406
2014-03-27,27.700000762939453,27.030000686645508,27.56999969482422,27.350000381469727,7600.0,21.28779411315918
2014-03-28,27.81999969482422,27.280000686645508,27.350000381469727,27.280000686645508,4300.0,21.23331069946289
2014-03-31,27.940000534057617,26.90999984741211,27.329999923706055,27.020000457763672,28700.0,21.03093910217285
2014-04-01,27.299999237060547,25.770000457763672,27.020000457763672,26.40999984741211,20600.0,20.55614471435547
2014-04-02,27.030000686645508,26.489999771118164,26.559999465942383,26.989999771118164,4100.0,21.007591247558594
2014-04-03,26.899999618530273,26.06999969482422,26.8700008392334,26.3799991607666,5600.0,20.532793045043945
2014-04-04,26.979999542236328,25.40999984741211,26.579999923706055,25.549999237060547,16400.0,19.886764526367188
2014-04-07,25.59000015258789,24.90999984741211,25.549999237060547,25.030000686645508,14700.0,19.48202896118164
2014-04-08,25.760000228881836,25.030000686645508,25.1200008392334,25.5,14800.0,19.847848892211914
2014-04-09,25.8700008392334,25.399999618530273,25.479999542236328,25.639999389648438,7200.0,19.956815719604492
2014-04-10,25.700000762939453,25.260000228881836,25.43000030517578,25.520000457763672,15200.0,19.86341667175293
2014-04-11,26.0,25.1200008392334,25.209999084472656,25.450000762939453,17800.0,19.808931350708008
2014-04-14,26.280000686645508,25.56999969482422,25.56999969482422,25.670000076293945,7500.0,19.98016929626465
2014-04-15,26.229999542236328,25.5,25.8700008392334,26.020000457763672,9700.0,20.252588272094727
2014-04-16,26.350000381469727,25.860000610351562,26.200000762939453,25.979999542236328,32000.0,20.221454620361328
2014-04-17,26.6200008392334,25.969999313354492,25.969999313354492,26.299999237060547,7300.0,20.470531463623047
2014-04-21,27.059999465942383,26.40999984741211,27.040000915527344,26.6200008392334,3900.0,20.7195987701416
2014-04-22,27.239999771118164,26.770000457763672,26.790000915527344,27.100000381469727,5500.0,21.09320640563965
2014-04-23,27.239999771118164,26.309999465942383,27.1200008392334,26.43000030517578,5900.0,20.571718215942383
2014-04-24,26.93000030517578,25.989999771118164,26.6299991607666,26.059999465942383,7100.0,20.283721923828125
2014-04-25,26.040000915527344,25.030000686645508,26.040000915527344,25.059999465942383,11800.0,19.50537872314453
2014-04-28,25.540000915527344,25.020000457763672,25.219999313354492,25.540000915527344,5800.0,19.878986358642578
2014-04-29,25.889999389648438,25.100000381469727,25.690000534057617,25.299999237060547,8500.0,19.692180633544922
2014-04-30,25.420000076293945,24.889999389648438,25.389999389648438,25.09000015258789,11100.0,19.528728485107422
2014-05-01,25.200000762939453,24.8700008392334,25.170000076293945,25.049999237060547,15900.0,19.497596740722656
2014-05-02,25.469999313354492,24.899999618530273,25.190000534057617,24.979999542236328,9200.0,19.443111419677734
2014-05-05,25.5,24.889999389648438,24.889999389648438,25.059999465942383,16100.0,19.50537872314453
2014-05-06,25.280000686645508,24.889999389648438,25.100000381469727,24.940000534057617,28600.0,19.411975860595703
2014-05-07,25.170000076293945,24.729999542236328,24.889999389648438,24.780000686645508,15000.0,19.287439346313477
2014-05-08,25.020000457763672,24.729999542236328,24.8799991607666,24.75,20700.0,19.264089584350586
2014-05-09,25.600000381469727,24.729999542236328,24.729999542236328,25.40999984741211,10800.0,19.777799606323242
2014-05-12,27.09000015258789,25.600000381469727,25.600000381469727,26.979999542236328,11900.0,20.999805450439453
2014-05-13,27.34000015258789,26.59000015258789,26.889999389648438,27.170000076293945,14100.0,21.147689819335938
2014-05-14,27.15999984741211,26.110000610351562,27.15999984741211,26.209999084472656,18000.0,20.400476455688477
2014-05-15,26.25,25.5,26.049999237060547,25.780000686645508,17300.0,20.06578826904297
2014-05-16,25.899999618530273,25.290000915527344,25.690000534057617,25.899999618530273,10000.0,20.159191131591797
2014-05-19,26.760000228881836,25.770000457763672,25.770000457763672,26.59000015258789,8500.0,20.696250915527344
2014-05-20,26.56999969482422,25.6299991607666,26.389999389648438,26.350000381469727,22200.0,20.509445190429688
2014-05-21,27.700000762939453,26.399999618530273,26.399999618530273,27.020000457763672,28700.0,21.03093910217285
2014-05-22,27.200000762939453,26.280000686645508,26.280000686645508,26.770000457763672,6200.0,20.836353302001953
2014-05-23,27.219999313354492,26.559999465942383,26.829999923706055,27.170000076293945,7300.0,21.147689819335938
2014-05-27,27.940000534057617,27.219999313354492,27.219999313354492,27.93000030517578,5800.0,21.739233016967773
2014-05-28,27.760000228881836,26.90999984741211,27.760000228881836,27.3799991607666,13500.0,21.457109451293945
2014-05-29,27.790000915527344,27.510000228881836,27.610000610351562,27.510000228881836,3200.0,21.558984756469727
2014-05-30,27.93000030517578,27.290000915527344,27.6299991607666,27.329999923706055,11100.0,21.417919158935547
2014-06-02,27.469999313354492,26.799999237060547,26.799999237060547,27.09000015258789,11800.0,21.229843139648438
2014-06-03,27.079999923706055,26.290000915527344,26.290000915527344,26.649999618530273,12200.0,20.88502311706543
2014-06-04,26.530000686645508,26.110000610351562,26.399999618530273,26.530000686645508,14600.0,20.790985107421875
2014-06-05,27.84000015258789,26.65999984741211,26.709999084472656,27.790000915527344,14700.0,21.778419494628906
2014-06-06,27.950000762939453,27.360000610351562,27.799999237060547,27.950000762939453,13200.0,21.90380096435547
2014-06-09,27.649999618530273,27.229999542236328,27.229999542236328,27.530000686645508,6700.0,21.574661254882812
2014-06-10,27.899999618530273,27.1200008392334,27.209999084472656,27.780000686645508,7100.0,21.77058219909668
2014-06-11,27.520000457763672,27.010000228881836,27.149999618530273,27.200000762939453,9400.0,21.316049575805664
2014-06-12,27.6299991607666,27.020000457763672,27.06999969482422,27.200000762939453,11600.0,21.316049575805664
2014-06-13,27.600000381469727,26.56999969482422,27.299999237060547,26.799999237060547,11800.0,21.002580642700195
2014-06-16,27.1200008392334,26.06999969482422,26.75,27.06999969482422,9200.0,21.214174270629883
2014-06-17,27.479999542236328,26.649999618530273,26.729999542236328,27.469999313354492,13700.0,21.52764320373535
2014-06-18,27.8799991607666,26.899999618530273,27.5,27.729999542236328,12800.0,21.731399536132812
2014-06-19,27.799999237060547,26.309999465942383,27.350000381469727,27.489999771118164,5500.0,21.543317794799805
2014-06-20,27.790000915527344,27.139999389648438,27.690000534057617,27.579999923706055,21000.0,21.613845825195312
2014-06-23,27.6299991607666,27.40999984741211,27.6299991607666,27.520000457763672,3500.0,21.56682586669922
2014-06-24,28.190000534057617,27.459999084472656,27.610000610351562,27.530000686645508,8900.0,21.574661254882812
2014-06-25,27.899999618530273,27.260000228881836,27.399999618530273,27.719999313354492,4300.0,21.72356414794922
2014-06-26,27.610000610351562,26.899999618530273,27.610000610351562,27.399999618530273,6100.0,21.472780227661133
2014-06-27,28.239999771118164,27.170000076293945,27.170000076293945,28.0,36100.0,21.942991256713867
2014-06-30,28.100000381469727,27.020000457763672,27.489999771118164,27.40999984741211,12500.0,21.480623245239258
2014-07-01,27.969999313354492,27.200000762939453,27.600000381469727,27.56999969482422,12600.0,21.606008529663086
2014-07-02,28.020000457763672,27.420000076293945,27.6299991607666,27.56999969482422,4800.0,21.606008529663086
2014-07-03,28.010000228881836,27.59000015258789,27.639999389648438,28.010000228881836,4800.0,21.950828552246094
2014-07-07,27.850000381469727,27.600000381469727,27.75,27.68000030517578,5200.0,21.692211151123047
2014-07-08,27.479999542236328,27.110000610351562,27.40999984741211,27.25,10100.0,21.35523223876953
2014-07-09,27.690000534057617,27.25,27.299999237060547,27.479999542236328,10500.0,21.535478591918945
2014-07-10,27.139999389648438,26.280000686645508,27.139999389648438,26.389999389648438,13500.0,20.6812744140625
2014-07-11,26.34000015258789,25.329999923706055,26.34000015258789,25.610000610351562,21400.0,20.06999969482422
2014-07-14,26.1200008392334,25.170000076293945,25.899999618530273,25.270000457763672,14700.0,19.803546905517578
2014-07-15,25.790000915527344,25.229999542236328,25.3799991607666,25.34000015258789,10500.0,19.85840606689453
2014-07-16,25.59000015258789,25.18000030517578,25.5,25.459999084472656,9600.0,19.952449798583984
2014-07-17,25.889999389648438,25.0,25.389999389648438,25.15999984741211,27900.0,19.717344284057617
2014-07-18,26.25,25.040000915527344,25.100000381469727,26.1200008392334,19200.0,20.469675064086914
2014-07-21,26.610000610351562,25.670000076293945,25.84000015258789,26.600000381469727,7600.0,20.845842361450195
2014-07-22,27.079999923706055,26.700000762939453,26.709999084472656,26.729999542236328,6300.0,20.947717666625977
2014-07-23,27.360000610351562,26.770000457763672,26.770000457763672,27.06999969482422,32800.0,21.214174270629883
2014-07-24,27.389999389648438,26.700000762939453,27.15999984741211,26.700000762939453,10800.0,20.92420768737793
2014-07-25,26.6200008392334,25.600000381469727,26.6200008392334,25.68000030517578,7400.0,20.124855041503906
2014-07-28,27.030000686645508,25.760000228881836,25.829999923706055,26.489999771118164,7800.0,20.759634017944336
2014-07-29,26.950000762939453,25.649999618530273,26.65999984741211,25.989999771118164,10900.0,20.3677978515625
2014-07-30,26.829999923706055,26.200000762939453,26.34000015258789,26.600000381469727,11500.0,20.845842361450195
2014-07-31,26.829999923706055,25.940000534057617,26.229999542236328,25.959999084472656,21500.0,20.344287872314453
2014-08-01,26.889999389648438,25.84000015258789,26.1200008392334,26.0,24700.0,20.375638961791992
2014-08-04,26.270000457763672,25.670000076293945,26.0,25.739999771118164,14500.0,20.171875
2014-08-05,26.700000762939453,25.700000762939453,25.719999313354492,26.6299991607666,10700.0,20.86935043334961
2014-08-06,27.420000076293945,26.219999313354492,26.59000015258789,27.309999465942383,8700.0,21.402252197265625
2014-08-07,27.450000762939453,27.1299991607666,27.260000228881836,27.40999984741211,9200.0,21.480623245239258
2014-08-08,27.389999389648438,26.940000534057617,27.389999389648438,27.079999923706055,11800.0,21.22200584411621
2014-08-11,27.06999969482422,26.6200008392334,27.049999237060547,26.899999618530273,15600.0,21.08094596862793
2014-08-12,26.959999084472656,26.68000030517578,26.8700008392334,26.68000030517578,6500.0,20.90853500366211
2014-08-13,26.979999542236328,26.68000030517578,26.68000030517578,26.799999237060547,2700.0,21.002580642700195
2014-08-14,27.170000076293945,26.649999618530273,26.93000030517578,26.920000076293945,10500.0,21.096616744995117
2014-08-15,27.25,26.329999923706055,27.25,26.790000915527344,18100.0,20.99474334716797
2014-08-18,27.149999618530273,26.579999923706055,27.079999923706055,27.149999618530273,7500.0,21.276866912841797
2014-08-19,26.899999618530273,26.6299991607666,26.770000457763672,26.8700008392334,7500.0,21.05743408203125
2014-08-20,26.940000534057617,26.739999771118164,26.75,26.8700008392334,6300.0,21.05743408203125
2014-08-21,27.020000457763672,26.790000915527344,27.0,26.8799991607666,9400.0,21.065269470214844
2014-08-22,27.049999237060547,26.719999313354492,27.0,26.959999084472656,10300.0,21.12796401977539
2014-08-25,27.049999237060547,26.639999389648438,27.040000915527344,26.959999084472656,14200.0,21.12796401977539
2014-08-26,27.049999237060547,26.899999618530273,26.90999984741211,27.040000915527344,10400.0,21.19066047668457
2014-08-27,27.09000015258789,26.829999923706055,27.09000015258789,26.920000076293945,6200.0,21.245906829833984
2014-08-28,27.049999237060547,26.770000457763672,27.049999237060547,26.799999237060547,6600.0,21.151199340820312
2014-08-29,27.100000381469727,26.799999237060547,26.799999237060547,26.969999313354492,9700.0,21.285364151000977
2014-09-02,27.25,27.06999969482422,27.079999923706055,27.18000030517578,3000.0,21.451101303100586
2014-09-03,27.270000457763672,26.899999618530273,27.139999389648438,26.899999618530273,5200.0,21.230119705200195
2014-09-04,27.190000534057617,25.0,27.09000015258789,27.06999969482422,2900.0,21.364290237426758
2014-09-05,27.1299991607666,26.440000534057617,26.969999313354492,27.040000915527344,4800.0,21.34061050415039
2014-09-08,27.489999771118164,26.739999771118164,26.920000076293945,27.399999618530273,16300.0,21.62472915649414
2014-09-09,28.06999969482422,27.059999465942383,27.479999542236328,27.81999969482422,15200.0,21.956209182739258
2014-09-10,28.049999237060547,27.700000762939453,27.889999389648438,27.940000534057617,10500.0,22.050914764404297
2014-09-11,27.8700008392334,26.780000686645508,27.8700008392334,27.25,16200.0,21.506351470947266
2014-09-12,27.940000534057617,26.860000610351562,27.15999984741211,27.770000457763672,9900.0,21.91674041748047
2014-09-15,27.920000076293945,27.350000381469727,27.5,27.440000534057617,17100.0,21.656301498413086
2014-09-16,27.889999389648438,27.219999313354492,27.469999313354492,27.56999969482422,10800.0,21.75889778137207
2014-09-17,28.0,27.15999984741211,28.0,27.329999923706055,6000.0,21.56948471069336
2014-09-18,27.540000915527344,26.209999084472656,27.540000915527344,26.93000030517578,57200.0,21.25379753112793
2014-09-19,27.229999542236328,25.719999313354492,27.020000457763672,25.719999313354492,109800.0,20.29883575439453
2014-09-22,26.170000076293945,25.25,25.690000534057617,25.739999771118164,45800.0,20.314620971679688
2014-09-23,26.209999084472656,25.459999084472656,25.75,25.690000534057617,31800.0,20.275157928466797
2014-09-24,26.049999237060547,25.219999313354492,26.049999237060547,25.690000534057617,26700.0,20.275157928466797
2014-09-25,25.829999923706055,25.34000015258789,25.68000030517578,25.459999084472656,11100.0,20.09363555908203
2014-09-26,25.93000030517578,25.479999542236328,25.479999542236328,25.700000762939453,9600.0,20.283052444458008
2014-09-29,26.190000534057617,25.549999237060547,25.700000762939453,25.709999084472656,9500.0,20.29094123840332
2014-09-30,25.950000762939453,25.020000457763672,25.829999923706055,25.110000610351562,29700.0,19.817415237426758
2014-10-01,25.700000762939453,24.780000686645508,25.170000076293945,24.979999542236328,19800.0,19.714805603027344
2014-10-02,26.31999969482422,24.90999984741211,25.229999542236328,26.149999618530273,13500.0,20.63820457458496
2014-10-03,26.860000610351562,26.06999969482422,26.43000030517578,26.149999618530273,14200.0,20.63820457458496
2014-10-06,27.040000915527344,26.1200008392334,26.1200008392334,26.540000915527344,13200.0,20.945999145507812
2014-10-07,26.579999923706055,25.65999984741211,26.479999542236328,25.65999984741211,9500.0,20.251483917236328
2014-10-08,26.5,25.280000686645508,25.280000686645508,26.420000076293945,20900.0,20.851293563842773
2014-10-09,26.3700008392334,25.799999237060547,26.3700008392334,25.8700008392334,12800.0,20.41722297668457
2014-10-10,27.260000228881836,25.729999542236328,25.729999542236328,26.030000686645508,23800.0,20.54349708557129
2014-10-13,27.479999542236328,26.479999542236328,26.479999542236328,27.270000457763672,19500.0,21.52213478088379
2014-10-14,27.600000381469727,26.850000381469727,27.40999984741211,27.450000762939453,18600.0,21.664196014404297
2014-10-15,27.979999542236328,26.68000030517578,27.149999618530273,27.709999084472656,16900.0,21.869396209716797
2014-10-16,27.940000534057617,27.170000076293945,27.260000228881836,27.709999084472656,21600.0,21.869396209716797
2014-10-17,28.079999923706055,26.56999969482422,28.079999923706055,27.0,14100.0,21.309045791625977
2014-10-20,27.170000076293945,26.440000534057617,27.0,26.989999771118164,18300.0,21.301151275634766
2014-10-21,27.959999084472656,26.799999237060547,27.959999084472656,27.260000228881836,11600.0,21.514240264892578
2014-10-22,27.56999969482422,27.059999465942383,27.059999465942383,27.280000686645508,7200.0,21.530025482177734
2014-10-23,27.65999984741211,26.719999313354492,27.65999984741211,27.18000030517578,12100.0,21.451101303100586
2014-10-24,27.940000534057617,26.579999923706055,27.260000228881836,27.3799991607666,14800.0,21.608949661254883
2014-10-27,27.469999313354492,26.860000610351562,26.920000076293945,27.290000915527344,10000.0,21.537918090820312
2014-10-28,28.799999237060547,27.239999771118164,27.399999618530273,28.799999237060547,17300.0,22.729646682739258
2014-10-29,28.81999969482422,28.030000686645508,28.549999237060547,28.459999084472656,14400.0,22.461307525634766
2014-10-30,29.81999969482422,28.100000381469727,28.510000228881836,29.780000686645508,18000.0,23.50308609008789
2014-10-31,31.309999465942383,29.93000030517578,29.979999542236328,31.149999618530273,31400.0,24.584321975708008
2014-11-03,31.030000686645508,29.920000076293945,31.030000686645508,30.600000381469727,18700.0,24.15024757385254
2014-11-04,30.459999084472656,28.59000015258789,30.459999084472656,29.459999084472656,11800.0,23.250537872314453
2014-11-05,29.709999084472656,27.719999313354492,29.06999969482422,28.040000915527344,20100.0,22.129833221435547
2014-11-06,28.65999984741211,28.059999465942383,28.600000381469727,28.469999313354492,11700.0,22.46920394897461
2014-11-07,28.760000228881836,28.219999313354492,28.3700008392334,28.760000228881836,14500.0,22.698078155517578
2014-11-10,28.989999771118164,28.350000381469727,28.610000610351562,28.989999771118164,17600.0,22.879602432250977
2014-11-11,28.809999465942383,28.229999542236328,28.809999465942383,28.290000915527344,15500.0,22.3271427154541
2014-11-12,28.479999542236328,28.100000381469727,28.350000381469727,28.31999969482422,7800.0,22.350818634033203
2014-11-13,28.489999771118164,28.010000228881836,28.020000457763672,28.299999237060547,8800.0,22.33503532409668
2014-11-14,28.5,27.93000030517578,28.350000381469727,28.020000457763672,9900.0,22.114051818847656
2014-11-17,28.399999618530273,27.700000762939453,28.06999969482422,28.18000030517578,16700.0,22.240327835083008
2014-11-18,28.479999542236328,27.899999618530273,28.049999237060547,28.34000015258789,10400.0,22.36660385131836
2014-11-19,28.459999084472656,27.760000228881836,28.209999084472656,28.040000915527344,20200.0,22.129833221435547
2014-11-20,28.489999771118164,27.610000610351562,27.8799991607666,27.739999771118164,9600.0,21.893068313598633
2014-11-21,28.139999389648438,27.360000610351562,28.139999389648438,28.049999237060547,18600.0,22.137727737426758
2014-11-24,28.079999923706055,27.31999969482422,28.020000457763672,27.920000076293945,7300.0,22.03512954711914
2014-11-25,27.989999771118164,27.709999084472656,27.780000686645508,27.959999084472656,12400.0,22.06669044494629
2014-11-26,28.239999771118164,27.950000762939453,28.0,28.239999771118164,4600.0,22.28767967224121
2014-11-28,28.1299991607666,27.510000228881836,28.1299991607666,27.510000228881836,3400.0,21.7115478515625
2014-12-01,27.530000686645508,26.25,27.530000686645508,26.329999923706055,18100.0,20.78026008605957
2014-12-02,27.299999237060547,26.520000457763672,26.670000076293945,27.100000381469727,11900.0,21.387962341308594
2014-12-03,27.639999389648438,26.260000228881836,27.299999237060547,27.31999969482422,11000.0,21.56159019470215
2014-12-04,27.610000610351562,27.25,27.389999389648438,27.25,5000.0,21.506351470947266
2014-12-05,27.920000076293945,27.200000762939453,27.200000762939453,27.329999923706055,7600.0,21.720932006835938
2014-12-08,27.729999542236328,27.290000915527344,27.729999542236328,27.389999389648438,7700.0,21.768617630004883
2014-12-09,28.729999542236328,27.020000457763672,27.3799991607666,28.530000686645508,7000.0,22.674652099609375
2014-12-10,28.530000686645508,27.3700008392334,28.530000686645508,27.610000610351562,13200.0,21.94346809387207
2014-12-11,28.31999969482422,27.5,27.899999618530273,27.84000015258789,14600.0,22.12626838684082
2014-12-12,27.600000381469727,27.149999618530273,27.600000381469727,27.149999618530273,3400.0,21.577880859375
2014-12-15,27.329999923706055,26.739999771118164,27.329999923706055,26.75,5500.0,21.25996971130371
2014-12-16,27.489999771118164,26.790000915527344,26.969999313354492,26.8700008392334,7700.0,21.355348587036133
2014-12-17,28.479999542236328,26.260000228881836,26.920000076293945,28.459999084472656,7800.0,22.619022369384766
2014-12-18,28.5,27.549999237060547,28.09000015258789,28.34000015258789,7200.0,22.523653030395508
2014-12-19,28.799999237060547,28.1200008392334,28.229999542236328,28.31999969482422,22300.0,22.507753372192383
2014-12-22,28.850000381469727,28.489999771118164,28.5,28.829999923706055,5000.0,22.913084030151367
2014-12-23,29.5,28.1299991607666,28.860000610351562,29.3700008392334,9100.0,23.34225845336914
2014-12-24,29.690000534057617,29.360000610351562,29.360000610351562,29.510000228881836,2000.0,23.45352554321289
2014-12-26,29.809999465942383,29.260000228881836,29.68000030517578,29.670000076293945,2800.0,23.5806884765625
2014-12-29,29.700000762939453,29.31999969482422,29.59000015258789,29.479999542236328,4000.0,23.4296817779541
2014-12-30,30.030000686645508,29.40999984741211,29.920000076293945,29.829999923706055,3400.0,23.707843780517578
2014-12-31,29.93000030517578,29.549999237060547,29.68000030517578,29.670000076293945,9400.0,23.5806884765625
2015-01-02,29.600000381469727,28.190000534057617,29.549999237060547,28.739999771118164,10600.0,22.841556549072266
2015-01-05,28.739999771118164,26.3799991607666,28.420000076293945,27.309999465942383,23300.0,21.705041885375977
2015-01-06,27.68000030517578,26.469999313354492,27.68000030517578,26.760000228881836,14300.0,21.26791763305664
2015-01-07,26.979999542236328,26.280000686645508,26.920000076293945,26.850000381469727,11500.0,21.339448928833008
2015-01-08,28.100000381469727,26.84000015258789,26.84000015258789,28.100000381469727,6500.0,22.33290672302246
2015-01-09,28.010000228881836,28.0,28.0,28.010000228881836,1600.0,22.26137924194336
2015-01-12,28.3700008392334,27.280000686645508,27.90999984741211,28.3700008392334,5600.0,22.547494888305664
2015-01-13,28.479999542236328,27.979999542236328,28.43000030517578,28.110000610351562,6800.0,22.340858459472656
2015-01-14,28.399999618530273,26.809999465942383,28.06999969482422,27.479999542236328,6800.0,21.840145111083984
2015-01-15,27.829999923706055,26.489999771118164,27.829999923706055,26.6200008392334,7900.0,21.156658172607422
2015-01-16,27.3700008392334,26.260000228881836,26.530000686645508,27.3700008392334,15100.0,21.75272560119629
2015-01-20,27.399999618530273,27.030000686645508,27.25,27.18000030517578,8900.0,21.601720809936523
2015-01-21,27.049999237060547,26.299999237060547,27.040000915527344,26.649999618530273,13800.0,21.180492401123047
2015-01-22,27.549999237060547,26.559999465942383,26.81999969482422,27.540000915527344,13400.0,21.887836456298828
2015-01-23,27.59000015258789,26.530000686645508,27.59000015258789,27.350000381469727,8000.0,21.73682975769043
2015-01-26,27.350000381469727,26.68000030517578,27.059999465942383,27.1299991607666,3600.0,21.561981201171875
2015-01-27,27.25,26.399999618530273,26.8700008392334,27.06999969482422,9600.0,21.514301300048828
2015-01-28,27.25,26.6299991607666,26.68000030517578,26.709999084472656,22600.0,21.22818374633789
2015-01-29,27.260000228881836,26.520000457763672,26.670000076293945,27.260000228881836,4700.0,21.665300369262695
2015-01-30,27.25,26.8799991607666,26.8799991607666,27.020000457763672,10500.0,21.474559783935547
2015-02-02,27.6200008392334,26.270000457763672,27.270000457763672,26.520000457763672,15400.0,21.07717514038086
2015-02-03,27.209999084472656,26.520000457763672,26.700000762939453,26.93000030517578,7300.0,21.403030395507812
2015-02-04,27.510000228881836,26.610000610351562,26.610000610351562,26.90999984741211,6800.0,21.387134552001953
2015-02-05,27.34000015258789,26.950000762939453,26.950000762939453,27.229999542236328,5500.0,21.641460418701172
2015-02-06,27.799999237060547,26.90999984741211,27.299999237060547,27.440000534057617,18400.0,21.80836296081543
2015-02-09,27.760000228881836,27.15999984741211,27.479999542236328,27.600000381469727,13100.0,21.935527801513672
2015-02-10,27.799999237060547,27.389999389648438,27.799999237060547,27.540000915527344,9100.0,21.887836456298828
2015-02-11,27.739999771118164,27.100000381469727,27.56999969482422,27.5,8300.0,21.856046676635742
2015-02-12,27.770000457763672,27.43000030517578,27.690000534057617,27.43000030517578,3800.0,21.80040740966797
2015-02-13,27.799999237060547,26.950000762939453,26.950000762939453,27.760000228881836,5300.0,22.062685012817383
2015-02-17,27.8700008392334,27.190000534057617,27.8700008392334,27.200000762939453,3900.0,21.617616653442383
2015-02-18,27.969999313354492,27.0,27.280000686645508,27.31999969482422,12400.0,21.712984085083008
2015-02-19,27.549999237060547,27.170000076293945,27.299999237060547,27.170000076293945,3400.0,21.593774795532227
2015-02-20,27.600000381469727,27.0,27.260000228881836,27.040000915527344,11400.0,21.49045181274414
2015-02-23,27.520000457763672,26.520000457763672,27.040000915527344,26.690000534057617,9300.0,21.2122859954834
2015-02-24,27.84000015258789,26.829999923706055,26.829999923706055,27.149999618530273,5500.0,21.577880859375
2015-02-25,27.670000076293945,26.829999923706055,27.670000076293945,26.829999923706055,2700.0,21.32355308532715
2015-02-26,27.5,26.559999465942383,26.959999084472656,27.209999084472656,9300.0,21.62556266784668
2015-02-27,28.040000915527344,26.940000534057617,28.040000915527344,26.940000534057617,8000.0,21.410974502563477
2015-03-02,28.270000457763672,26.6200008392334,26.940000534057617,27.989999771118164,5400.0,22.2454776763916
2015-03-03,30.56999969482422,28.75,29.010000228881836,28.829999923706055,19100.0,22.913084030151367
2015-03-04,29.170000076293945,27.540000915527344,28.610000610351562,28.43000030517578,13900.0,22.595178604125977
2015-03-05,29.149999618530273,27.559999465942383,29.149999618530273,28.360000610351562,23300.0,22.53954315185547
2015-03-06,28.75,27.899999618530273,28.170000076293945,28.34000015258789,13400.0,22.523653030395508
2015-03-09,28.979999542236328,27.90999984741211,28.469999313354492,28.25,26400.0,22.452119827270508
2015-03-10,28.020000457763672,27.469999313354492,28.0,27.81999969482422,21600.0,22.110374450683594
2015-03-11,28.690000534057617,27.760000228881836,27.760000228881836,28.059999465942383,31100.0,22.301115036010742
2015-03-12,28.850000381469727,27.719999313354492,28.040000915527344,28.829999923706055,13800.0,23.069292068481445
2015-03-13,29.280000686645508,28.200000762939453,28.850000381469727,29.239999771118164,12200.0,23.397361755371094
2015-03-16,29.93000030517578,29.459999084472656,29.5,29.920000076293945,12500.0,23.94148826599121
2015-03-17,29.739999771118164,29.059999465942383,29.719999313354492,29.239999771118164,18600.0,23.397361755371094
2015-03-18,29.920000076293945,29.299999237060547,29.299999237060547,29.889999389648438,7800.0,23.9174861907959
2015-03-19,29.850000381469727,29.459999084472656,29.850000381469727,29.5,10100.0,23.605417251586914
2015-03-20,29.899999618530273,28.989999771118164,29.540000915527344,29.0,30400.0,23.205320358276367
2015-03-23,29.780000686645508,28.899999618530273,29.209999084472656,29.299999237060547,37100.0,23.445375442504883
2015-03-24,29.90999984741211,29.299999237060547,29.299999237060547,29.84000015258789,8300.0,23.877479553222656
2015-03-25,30.0,29.729999542236328,29.90999984741211,29.81999969482422,22300.0,23.861473083496094
2015-03-26,30.0,29.690000534057617,29.75,29.889999389648438,15100.0,23.9174861907959
2015-03-27,30.15999984741211,29.75,29.889999389648438,29.850000381469727,7400.0,23.88547706604004
2015-03-30,30.149999618530273,29.610000610351562,30.1299991607666,30.030000686645508,16700.0,24.029510498046875
2015-03-31,30.049999237060547,29.65999984741211,30.0,29.899999618530273,15700.0,23.925485610961914
2015-04-01,30.079999923706055,29.530000686645508,29.920000076293945,29.799999237060547,8100.0,23.845468521118164
2015-04-02,30.350000381469727,29.75,30.06999969482422,30.0,14200.0,24.00550651550293
2015-04-06,29.989999771118164,29.639999389648438,29.739999771118164,29.969999313354492,7400.0,23.98149871826172
2015-04-07,30.3700008392334,29.950000762939453,29.989999771118164,29.989999771118164,13400.0,23.99750518798828
2015-04-08,30.200000762939453,30.0,30.020000457763672,30.0,4500.0,24.00550651550293
2015-04-09,30.360000610351562,29.959999084472656,30.15999984741211,30.200000762939453,8300.0,24.165542602539062
2015-04-10,30.309999465942383,29.780000686645508,30.309999465942383,29.780000686645508,7100.0,23.829463958740234
2015-04-13,29.979999542236328,29.56999969482422,29.59000015258789,29.899999618530273,9000.0,23.925485610961914
2015-04-14,29.899999618530273,29.360000610351562,29.600000381469727,29.40999984741211,9000.0,23.53339958190918
2015-04-15,29.850000381469727,29.299999237060547,29.809999465942383,29.850000381469727,9500.0,23.88547706604004
2015-04-16,29.920000076293945,29.5,29.770000457763672,29.860000610351562,5800.0,23.893478393554688
2015-04-17,29.649999618530273,28.770000457763672,29.489999771118164,28.780000686645508,12500.0,23.029285430908203
2015-04-20,29.350000381469727,28.889999389648438,28.940000534057617,29.219999313354492,9700.0,23.381359100341797
2015-04-21,29.079999923706055,28.799999237060547,28.93000030517578,28.8799991607666,6100.0,23.109298706054688
2015-04-22,29.299999237060547,28.84000015258789,28.84000015258789,29.239999771118164,3800.0,23.397361755371094
2015-04-23,29.239999771118164,28.959999084472656,29.020000457763672,29.170000076293945,6900.0,23.341352462768555
2015-04-24,29.540000915527344,29.020000457763672,29.09000015258789,29.489999771118164,13400.0,23.597410202026367
2015-04-27,29.5,28.68000030517578,29.329999923706055,29.079999923706055,12200.0,23.269332885742188
2015-04-28,29.850000381469727,28.719999313354492,29.079999923706055,29.790000915527344,9400.0,23.837467193603516
2015-04-29,29.81999969482422,29.149999618530273,29.450000762939453,29.43000030517578,28000.0,23.54939842224121
2015-04-30,29.299999237060547,28.399999618530273,29.030000686645508,28.5,11600.0,22.805234909057617
2015-05-01,28.690000534057617,27.8700008392334,28.5,28.639999389648438,20300.0,22.917251586914062
2015-05-04,29.260000228881836,28.600000381469727,28.700000762939453,28.610000610351562,17500.0,22.893251419067383
2015-05-05,28.719999313354492,28.079999923706055,28.719999313354492,28.209999084472656,11700.0,22.573177337646484
2015-05-06,29.1200008392334,28.420000076293945,28.420000076293945,28.969999313354492,15200.0,23.181318283081055
2015-05-07,29.459999084472656,28.93000030517578,29.459999084472656,28.93000030517578,6000.0,23.149311065673828
2015-05-08,29.200000762939453,28.06999969482422,29.200000762939453,28.299999237060547,17700.0,22.64519500732422
2015-05-11,28.639999389648438,28.09000015258789,28.18000030517578,28.440000534057617,15300.0,22.757213592529297
2015-05-12,28.43000030517578,27.610000610351562,28.209999084472656,27.920000076293945,7200.0,22.341127395629883
2015-05-13,28.450000762939453,27.420000076293945,28.020000457763672,28.239999771118164,29100.0,22.597179412841797
2015-05-14,28.850000381469727,28.229999542236328,28.229999542236328,28.829999923706055,10400.0,23.069292068481445
2015-05-15,28.829999923706055,28.079999923706055,28.829999923706055,28.43000030517578,15000.0,22.749217987060547
2015-05-18,28.850000381469727,28.299999237060547,28.31999969482422,28.700000762939453,9600.0,22.965269088745117
2015-05-19,29.190000534057617,28.649999618530273,28.809999465942383,28.809999465942383,5400.0,23.053285598754883
2015-05-20,28.84000015258789,28.600000381469727,28.84000015258789,28.600000381469727,2600.0,22.8852481842041
2015-05-21,29.299999237060547,28.40999984741211,28.639999389648438,28.40999984741211,7800.0,22.73321533203125
2015-05-22,28.610000610351562,27.5,28.600000381469727,27.6200008392334,10700.0,22.1010684967041
2015-05-26,28.420000076293945,27.31999969482422,27.5,28.1200008392334,23900.0,22.501161575317383
2015-05-27,28.610000610351562,27.549999237060547,27.549999237060547,28.40999984741211,8700.0,22.896055221557617
2015-05-28,28.690000534057617,27.200000762939453,27.200000762939453,28.0,11500.0,22.565635681152344
2015-05-29,28.709999084472656,27.200000762939453,28.079999923706055,28.010000228881836,18100.0,22.573692321777344
2015-06-01,28.280000686645508,27.5,27.709999084472656,27.6299991607666,15500.0,22.267444610595703
2015-06-02,28.459999084472656,27.639999389648438,27.739999771118164,28.059999465942383,12100.0,22.613990783691406
2015-06-03,28.239999771118164,28.010000228881836,28.079999923706055,28.229999542236328,10200.0,22.750993728637695
2015-06-04,28.31999969482422,28.040000915527344,28.1299991607666,28.049999237060547,11700.0,22.60593032836914
2015-06-05,28.43000030517578,27.540000915527344,27.920000076293945,28.43000030517578,7600.0,22.91217803955078
2015-06-08,28.290000915527344,27.399999618530273,28.209999084472656,28.100000381469727,16500.0,22.646224975585938
2015-06-09,28.31999969482422,27.739999771118164,27.920000076293945,27.75,10200.0,22.36415672302246
2015-06-10,28.229999542236328,27.549999237060547,27.549999237060547,28.030000686645508,12200.0,22.589813232421875
2015-06-11,28.420000076293945,27.950000762939453,28.200000762939453,28.260000228881836,19000.0,22.775171279907227
2015-06-12,28.530000686645508,28.040000915527344,28.09000015258789,28.350000381469727,13000.0,22.847700119018555
2015-06-15,28.75,27.610000610351562,28.170000076293945,28.6200008392334,12600.0,23.065298080444336
2015-06-16,28.739999771118164,28.389999389648438,28.639999389648438,28.739999771118164,10000.0,23.162010192871094
2015-06-17,28.700000762939453,28.440000534057617,28.59000015258789,28.579999923706055,7000.0,23.033069610595703
2015-06-18,29.899999618530273,28.5,28.600000381469727,29.540000915527344,18600.0,23.806745529174805
2015-06-19,31.010000228881836,29.489999771118164,29.489999771118164,30.950000762939453,47700.0,24.943084716796875
2015-06-22,31.0,30.09000015258789,30.969999313354492,30.93000030517578,18500.0,24.926965713500977
2015-06-23,30.90999984741211,30.56999969482422,30.579999923706055,30.75,13900.0,24.781896591186523
2015-06-24,30.799999237060547,30.239999771118164,30.6200008392334,30.59000015258789,18100.0,24.652957916259766
2015-06-25,30.75,30.290000915527344,30.75,30.559999465942383,5900.0,24.628774642944336
2015-06-26,30.719999313354492,30.209999084472656,30.549999237060547,30.34000015258789,60300.0,24.451475143432617
2015-06-29,30.610000610351562,29.520000457763672,30.3799991607666,29.520000457763672,10700.0,23.790624618530273
2015-06-30,30.010000228881836,29.079999923706055,29.1200008392334,29.81999969482422,14900.0,24.032405853271484
2015-07-01,30.190000534057617,29.56999969482422,30.190000534057617,29.760000228881836,13800.0,23.984045028686523
2015-07-02,29.860000610351562,29.40999984741211,29.799999237060547,29.610000610351562,8200.0,23.863157272338867
2015-07-06,30.0,29.399999618530273,29.56999969482422,29.799999237060547,12200.0,24.01628303527832
2015-07-07,29.979999542236328,29.190000534057617,29.799999237060547,29.760000228881836,12800.0,23.984045028686523
2015-07-08,29.940000534057617,29.43000030517578,29.600000381469727,29.510000228881836,15100.0,23.78256607055664
2015-07-09,29.8799991607666,29.25,29.8799991607666,29.280000686645508,12500.0,23.597206115722656
2015-07-10,30.09000015258789,29.110000610351562,29.510000228881836,29.889999389648438,12600.0,24.08881378173828
2015-07-13,30.260000228881836,29.59000015258789,30.0,30.100000381469727,22700.0,24.258056640625
2015-07-14,30.440000534057617,29.850000381469727,30.18000030517578,29.989999771118164,9500.0,24.16940689086914
2015-07-15,30.0,29.579999923706055,29.709999084472656,29.8700008392334,9900.0,24.07269287109375
2015-07-16,30.290000915527344,29.709999084472656,29.850000381469727,29.90999984741211,9300.0,24.10493278503418
2015-07-17,30.079999923706055,29.670000076293945,29.829999923706055,29.760000228881836,14100.0,23.984045028686523
2015-07-20,30.020000457763672,29.559999465942383,29.780000686645508,29.68000030517578,6600.0,23.919567108154297
2015-07-21,29.790000915527344,29.309999465942383,29.760000228881836,29.31999969482422,4500.0,23.629438400268555
2015-07-22,29.920000076293945,29.520000457763672,29.920000076293945,29.6200008392334,4700.0,23.871219635009766
2015-07-23,29.75,29.1299991607666,29.59000015258789,29.1299991607666,9800.0,23.476316452026367
2015-07-24,29.270000457763672,28.579999923706055,29.1299991607666,28.940000534057617,9900.0,23.323198318481445
2015-07-27,29.59000015258789,28.649999618530273,29.010000228881836,28.8799991607666,2700.0,23.274837493896484
2015-07-28,29.399999618530273,28.40999984741211,29.399999618530273,28.540000915527344,9000.0,23.000831604003906
2015-07-29,28.93000030517578,28.34000015258789,28.889999389648438,28.68000030517578,9500.0,23.1136531829834
2015-07-30,28.81999969482422,28.350000381469727,28.43000030517578,28.6200008392334,10100.0,23.065298080444336
2015-07-31,28.8700008392334,28.389999389648438,28.729999542236328,28.860000610351562,6500.0,23.258724212646484
2015-08-03,28.829999923706055,27.530000686645508,28.68000030517578,27.610000610351562,10800.0,22.25132942199707
2015-08-04,28.270000457763672,27.049999237060547,27.40999984741211,27.049999237060547,7100.0,21.800012588500977
2015-08-05,28.920000076293945,27.059999465942383,27.059999465942383,27.93000030517578,9800.0,22.509218215942383
2015-08-06,27.850000381469727,27.1299991607666,27.68000030517578,27.15999984741211,5900.0,21.888662338256836
2015-08-07,27.5,26.610000610351562,27.200000762939453,26.649999618530273,8300.0,21.477645874023438
2015-08-10,27.139999389648438,26.709999084472656,26.940000534057617,26.989999771118164,10700.0,21.751659393310547
2015-08-11,27.389999389648438,26.780000686645508,26.780000686645508,27.18000030517578,9000.0,21.90478515625
2015-08-12,27.489999771118164,27.010000228881836,27.139999389648438,27.030000686645508,6900.0,21.783891677856445
2015-08-13,28.149999618530273,27.149999618530273,27.299999237060547,27.8700008392334,14200.0,22.46087074279785
2015-08-14,28.100000381469727,27.81999969482422,27.889999389648438,28.0,3400.0,22.565635681152344
2015-08-17,28.299999237060547,27.670000076293945,27.8799991607666,28.280000686645508,18300.0,22.791296005249023
2015-08-18,28.200000762939453,27.350000381469727,28.100000381469727,27.459999084472656,12100.0,22.130441665649414
2015-08-19,28.290000915527344,27.540000915527344,27.540000915527344,28.0,10300.0,22.565635681152344
2015-08-20,28.100000381469727,27.6200008392334,27.979999542236328,27.6200008392334,7100.0,22.259387969970703
2015-08-21,27.549999237060547,27.020000457763672,27.18000030517578,27.020000457763672,12900.0,21.775840759277344
2015-08-24,27.799999237060547,26.1299991607666,26.280000686645508,26.31999969482422,28500.0,21.21169662475586
2015-08-25,27.0,25.520000457763672,27.0,25.639999389648438,23000.0,20.663677215576172
2015-08-26,26.940000534057617,25.93000030517578,26.010000228881836,26.739999771118164,12700.0,21.7196044921875
2015-08-27,27.049999237060547,26.5,26.969999313354492,26.799999237060547,12800.0,21.768333435058594
2015-08-28,27.09000015258789,26.34000015258789,26.670000076293945,26.829999923706055,11900.0,21.79270362854004
2015-08-31,27.09000015258789,26.479999542236328,26.780000686645508,26.950000762939453,11300.0,21.890174865722656
2015-09-01,27.229999542236328,26.190000534057617,26.520000457763672,26.389999389648438,14100.0,21.435312271118164
2015-09-02,27.639999389648438,26.65999984741211,26.65999984741211,27.270000457763672,15900.0,22.150096893310547
2015-09-03,27.40999984741211,27.09000015258789,27.239999771118164,27.1200008392334,9300.0,22.028257369995117
2015-09-04,27.700000762939453,27.0,27.0,27.40999984741211,13800.0,22.263813018798828
2015-09-08,28.09000015258789,26.040000915527344,27.40999984741211,26.389999389648438,17400.0,21.435312271118164
2015-09-09,28.100000381469727,26.010000228881836,26.549999237060547,26.1299991607666,34000.0,21.2241268157959
2015-09-10,26.739999771118164,26.09000015258789,26.09000015258789,26.729999542236328,18500.0,21.711477279663086
2015-09-11,27.200000762939453,26.600000381469727,26.600000381469727,27.100000381469727,11000.0,22.01201057434082
2015-09-14,27.459999084472656,26.829999923706055,27.1200008392334,27.239999771118164,10300.0,22.125728607177734
2015-09-15,27.5,26.440000534057617,26.6200008392334,27.350000381469727,8400.0,22.21507453918457
2015-09-16,27.579999923706055,27.229999542236328,27.299999237060547,27.5,10200.0,22.336910247802734
2015-09-17,27.8700008392334,26.600000381469727,27.100000381469727,27.219999313354492,25700.0,22.109481811523438
2015-09-18,27.530000686645508,26.530000686645508,26.780000686645508,27.200000762939453,21600.0,22.093238830566406
2015-09-21,27.489999771118164,26.600000381469727,27.190000534057617,26.829999923706055,7300.0,21.79270362854004
2015-09-22,26.739999771118164,26.149999618530273,26.690000534057617,26.600000381469727,10700.0,21.605886459350586
2015-09-23,26.989999771118164,26.600000381469727,26.600000381469727,26.690000534057617,7100.0,21.678991317749023
2015-09-24,26.690000534057617,26.3700008392334,26.3700008392334,26.690000534057617,3400.0,21.678991317749023
2015-09-25,27.0,26.18000030517578,26.920000076293945,26.190000534057617,20000.0,21.272863388061523
2015-09-28,26.510000228881836,25.469999313354492,26.18000030517578,25.860000610351562,11400.0,21.004817962646484
2015-09-29,26.3700008392334,25.299999237060547,25.8799991607666,26.149999618530273,13300.0,21.24036979675293
2015-09-30,27.399999618530273,25.280000686645508,25.84000015258789,27.040000915527344,21600.0,21.963274002075195
2015-10-01,28.110000610351562,26.780000686645508,27.229999542236328,26.8700008392334,20000.0,21.825197219848633
2015-10-02,27.360000610351562,26.15999984741211,26.40999984741211,27.360000610351562,10300.0,22.22319793701172
2015-10-05,27.989999771118164,26.850000381469727,27.440000534057617,27.969999313354492,13500.0,22.718666076660156
2015-10-06,27.510000228881836,26.68000030517578,27.510000228881836,26.959999084472656,7900.0,21.898296356201172
2015-10-07,27.700000762939453,26.81999969482422,27.020000457763672,27.700000762939453,9500.0,22.499364852905273
2015-10-08,27.84000015258789,27.010000228881836,27.170000076293945,27.610000610351562,6200.0,22.426259994506836
2015-10-09,27.889999389648438,27.030000686645508,27.799999237060547,27.610000610351562,6600.0,22.426259994506836
2015-10-12,27.979999542236328,26.920000076293945,27.729999542236328,27.979999542236328,12800.0,22.726795196533203
2015-10-13,27.950000762939453,27.530000686645508,27.81999969482422,27.760000228881836,8100.0,22.548095703125
2015-10-14,27.959999084472656,27.229999542236328,27.6299991607666,27.260000228881836,7900.0,22.1419677734375
2015-10-15,28.139999389648438,27.100000381469727,27.3700008392334,28.1200008392334,10200.0,22.840505599975586
2015-10-16,28.239999771118164,27.440000534057617,28.239999771118164,27.700000762939453,5800.0,22.499364852905273
2015-10-19,28.059999465942383,27.40999984741211,27.40999984741211,28.010000228881836,6400.0,22.751155853271484
2015-10-20,28.1299991607666,27.200000762939453,27.200000762939453,27.989999771118164,4500.0,22.734914779663086
2015-10-21,27.969999313354492,27.540000915527344,27.950000762939453,27.59000015258789,5500.0,22.410015106201172
2015-10-22,28.34000015258789,27.600000381469727,27.600000381469727,28.329999923706055,9100.0,23.011079788208008
2015-10-23,29.18000030517578,28.260000228881836,28.40999984741211,28.799999237060547,11500.0,23.392839431762695
2015-10-26,29.100000381469727,28.010000228881836,28.540000915527344,28.280000686645508,7500.0,22.970470428466797
2015-10-27,28.299999237060547,27.200000762939453,28.229999542236328,27.200000762939453,4500.0,22.093238830566406
2015-10-28,29.020000457763672,27.170000076293945,27.170000076293945,29.020000457763672,16100.0,23.571537017822266
2015-10-29,29.079999923706055,28.510000228881836,28.770000457763672,28.950000762939453,11600.0,23.514673233032227
2015-10-30,29.040000915527344,27.90999984741211,29.040000915527344,28.389999389648438,6700.0,23.059814453125
2015-11-02,29.0,28.399999618530273,28.950000762939453,28.850000381469727,11100.0,23.433452606201172
2015-11-03,28.549999237060547,27.93000030517578,27.93000030517578,28.549999237060547,3400.0,23.189775466918945
2015-11-04,28.399999618530273,28.0,28.399999618530273,28.040000915527344,5400.0,22.77552604675293
2015-11-05,28.15999984741211,27.8700008392334,27.950000762939453,28.139999389648438,6400.0,22.85675811767578
2015-11-06,28.25,27.219999313354492,27.940000534057617,28.229999542236328,13400.0,22.92984962463379
2015-11-09,27.739999771118164,27.520000457763672,27.540000915527344,27.540000915527344,3000.0,22.36939811706543
2015-11-10,28.299999237060547,27.1299991607666,27.510000228881836,28.219999313354492,6500.0,22.92173194885254
2015-11-11,28.299999237060547,27.549999237060547,27.729999542236328,27.68000030517578,4200.0,22.483112335205078
2015-11-12,27.969999313354492,27.290000915527344,27.479999542236328,27.31999969482422,7000.0,22.190706253051758
2015-11-13,27.739999771118164,26.68000030517578,27.15999984741211,27.18000030517578,8100.0,22.076993942260742
2015-11-16,28.450000762939453,27.170000076293945,27.219999313354492,27.690000534057617,13500.0,22.491239547729492
2015-11-17,27.8799991607666,27.149999618530273,27.489999771118164,27.469999313354492,9600.0,22.312543869018555
2015-11-18,27.809999465942383,27.010000228881836,27.5,27.790000915527344,7900.0,22.572463989257812
2015-11-19,27.809999465942383,27.459999084472656,27.760000228881836,27.600000381469727,4200.0,22.418132781982422
2015-11-20,28.049999237060547,27.780000686645508,27.780000686645508,28.040000915527344,8200.0,22.77552604675293
2015-11-23,27.989999771118164,27.989999771118164,27.989999771118164,27.989999771118164,1100.0,22.734914779663086
2015-11-24,28.030000686645508,27.350000381469727,28.0,27.639999389648438,12100.0,22.450624465942383
2015-11-25,27.979999542236328,27.5,27.65999984741211,27.969999313354492,8200.0,22.718666076660156
2015-11-27,28.18000030517578,27.8700008392334,27.8700008392334,28.18000030517578,3700.0,22.889244079589844
2015-11-30,28.200000762939453,27.40999984741211,28.200000762939453,27.40999984741211,11000.0,22.263813018798828
2015-12-01,27.75,27.3700008392334,27.610000610351562,27.649999618530273,5400.0,22.4587459564209
2015-12-02,27.579999923706055,26.979999542236328,27.56999969482422,27.200000762939453,8400.0,22.093238830566406
2015-12-03,27.239999771118164,26.709999084472656,27.170000076293945,26.760000228881836,10100.0,21.73584747314453
2015-12-04,26.93000030517578,26.25,26.93000030517578,26.360000610351562,14300.0,21.410945892333984
2015-12-07,26.829999923706055,26.200000762939453,26.200000762939453,26.799999237060547,14200.0,21.934757232666016
2015-12-08,26.969999313354492,26.309999465942383,26.309999465942383,26.510000228881836,8100.0,21.697404861450195
2015-12-09,27.219999313354492,26.31999969482422,26.31999969482422,26.520000457763672,11400.0,21.705591201782227
2015-12-10,27.1299991607666,26.510000228881836,26.510000228881836,26.780000686645508,10000.0,21.91838836669922
2015-12-11,26.979999542236328,26.360000610351562,26.360000610351562,26.549999237060547,10700.0,21.730146408081055
2015-12-14,27.719999313354492,26.299999237060547,26.299999237060547,27.149999618530273,21800.0,22.221221923828125
2015-12-15,27.90999984741211,27.34000015258789,27.5,27.34000015258789,6000.0,22.37672996520996
2015-12-16,27.600000381469727,27.030000686645508,27.540000915527344,27.420000076293945,8700.0,22.442203521728516
2015-12-17,27.420000076293945,26.829999923706055,27.31999969482422,26.899999618530273,6900.0,22.016603469848633
2015-12-18,27.600000381469727,26.450000762939453,26.780000686645508,26.729999542236328,43500.0,21.877470016479492
2015-12-21,27.75,26.809999465942383,26.84000015258789,27.110000610351562,7600.0,22.18848419189453
2015-12-22,27.190000534057617,26.829999923706055,27.010000228881836,27.170000076293945,4100.0,22.237590789794922
2015-12-23,27.5,26.860000610351562,27.100000381469727,27.469999313354492,7500.0,22.48312759399414
2015-12-24,27.959999084472656,27.030000686645508,27.030000686645508,27.649999618530273,8400.0,22.63045310974121
2015-12-28,27.459999084472656,27.09000015258789,27.40999984741211,27.389999389648438,6100.0,22.417646408081055
2015-12-29,27.90999984741211,27.329999923706055,27.559999465942383,27.559999465942383,6900.0,22.556791305541992
2015-12-30,27.56999969482422,27.260000228881836,27.56999969482422,27.270000457763672,3100.0,22.319438934326172
2015-12-31,27.350000381469727,26.559999465942383,27.270000457763672,26.760000228881836,12800.0,21.902021408081055
2016-01-04,26.579999923706055,25.799999237060547,26.459999084472656,26.219999313354492,23400.0,21.46004867553711
2016-01-05,27.350000381469727,26.15999984741211,26.209999084472656,26.850000381469727,28800.0,21.975685119628906
2016-01-06,27.299999237060547,26.790000915527344,26.989999771118164,27.110000610351562,10500.0,22.18848419189453
2016-01-07,27.1299991607666,26.579999923706055,26.65999984741211,26.649999618530273,15900.0,21.811988830566406
2016-01-08,27.190000534057617,25.31999969482422,26.780000686645508,25.600000381469727,25500.0,20.952611923217773
2016-01-11,26.020000457763672,25.25,25.889999389648438,25.649999618530273,16700.0,20.993528366088867
2016-01-12,25.940000534057617,25.68000030517578,25.899999618530273,25.899999618530273,15100.0,21.198144912719727
2016-01-13,26.200000762939453,25.1200008392334,25.940000534057617,25.290000915527344,13100.0,20.698881149291992
2016-01-14,25.799999237060547,24.959999084472656,25.350000381469727,25.239999771118164,20800.0,20.657962799072266
2016-01-15,25.34000015258789,24.280000686645508,24.959999084472656,24.5,25200.0,20.05229949951172
2016-01-19,24.829999923706055,23.75,24.399999618530273,23.899999618530273,23100.0,19.56122589111328
2016-01-20,24.34000015258789,22.940000534057617,23.559999465942383,24.219999313354492,21200.0,19.8231258392334
2016-01-21,24.739999771118164,24.079999923706055,24.399999618530273,24.31999969482422,14400.0,19.90498161315918
2016-01-22,25.399999618530273,24.579999923706055,24.610000610351562,25.3700008392334,11900.0,20.76436424255371
2016-01-25,25.920000076293945,25.190000534057617,25.299999237060547,25.459999084472656,9900.0,20.838022232055664
2016-01-26,25.790000915527344,24.959999084472656,25.790000915527344,25.200000762939453,10900.0,20.625221252441406
2016-01-27,26.479999542236328,25.049999237060547,25.81999969482422,25.3799991607666,13700.0,20.77254295349121
2016-01-28,25.809999465942383,24.649999618530273,24.920000076293945,25.770000457763672,9000.0,21.091747283935547
2016-01-29,27.170000076293945,25.809999465942383,25.809999465942383,26.799999237060547,32300.0,21.934757232666016
2016-02-01,27.170000076293945,25.899999618530273,26.40999984741211,26.6200008392334,15300.0,21.787431716918945
2016-02-02,26.530000686645508,25.700000762939453,26.530000686645508,25.899999618530273,13300.0,21.198144912719727
2016-02-03,26.149999618530273,24.649999618530273,26.040000915527344,25.850000381469727,9600.0,21.157222747802734
2016-02-04,26.059999465942383,25.31999969482422,25.899999618530273,25.8700008392334,5800.0,21.17359161376953
2016-02-05,25.139999389648438,24.149999618530273,25.139999389648438,24.149999618530273,13900.0,19.765830993652344
2016-02-08,24.690000534057617,23.389999389648438,24.049999237060547,24.56999969482422,13900.0,20.109590530395508
2016-02-09,25.229999542236328,24.56999969482422,24.579999923706055,24.979999542236328,10200.0,20.445161819458008
2016-02-10,25.649999618530273,25.09000015258789,25.110000610351562,25.09000015258789,3400.0,20.53519058227539
2016-02-11,25.3799991607666,24.860000610351562,24.860000610351562,25.139999389648438,5000.0,20.576112747192383
2016-02-12,25.709999084472656,24.799999237060547,25.06999969482422,25.709999084472656,7600.0,21.042634963989258
2016-02-16,25.950000762939453,25.690000534057617,25.81999969482422,25.93000030517578,4100.0,21.222698211669922
2016-02-17,26.0,25.610000610351562,26.0,25.829999923706055,11600.0,21.140851974487305
2016-02-18,26.34000015258789,25.729999542236328,25.729999542236328,25.979999542236328,12100.0,21.263622283935547
2016-02-19,26.559999465942383,25.860000610351562,25.989999771118164,26.18000030517578,9900.0,21.42731475830078
2016-02-22,26.450000762939453,25.8799991607666,26.030000686645508,26.450000762939453,5700.0,21.648298263549805
2016-02-23,26.31999969482422,25.6200008392334,26.260000228881836,26.139999389648438,7600.0,21.394575119018555
2016-02-24,26.479999542236328,25.75,25.75,26.440000534057617,4500.0,21.640113830566406
2016-02-25,26.81999969482422,26.5,26.5,26.81999969482422,1400.0,21.951129913330078
2016-02-26,26.969999313354492,26.299999237060547,26.81999969482422,26.6299991607666,7200.0,21.795618057250977
2016-02-29,27.389999389648438,26.690000534057617,26.940000534057617,27.219999313354492,9900.0,22.278514862060547
2016-03-01,27.989999771118164,27.31999969482422,27.5,27.959999084472656,7100.0,22.884172439575195
2016-03-02,27.950000762939453,26.850000381469727,27.510000228881836,27.889999389648438,9600.0,22.826885223388672
2016-03-03,28.229999542236328,25.90999984741211,27.8799991607666,26.459999084472656,24100.0,21.65648078918457
2016-03-04,26.940000534057617,25.139999389648438,26.93000030517578,25.579999923706055,12700.0,20.93623924255371
2016-03-07,26.3700008392334,25.510000228881836,25.549999237060547,26.0,10200.0,21.27998924255371
2016-03-08,26.780000686645508,25.549999237060547,25.780000686645508,25.6200008392334,10000.0,20.968976974487305
2016-03-09,26.049999237060547,24.559999465942383,25.770000457763672,25.270000457763672,7500.0,20.682510375976562
2016-03-10,25.59000015258789,24.959999084472656,25.15999984741211,25.110000610351562,9100.0,20.551559448242188
2016-03-11,25.899999618530273,25.0,25.010000228881836,25.540000915527344,7300.0,20.903501510620117
2016-03-14,25.6299991607666,25.059999465942383,25.260000228881836,25.239999771118164,8900.0,20.657962799072266
2016-03-15,25.360000610351562,24.90999984741211,25.0,24.920000076293945,10900.0,20.39605140686035
2016-03-16,24.940000534057617,24.479999542236328,24.850000381469727,24.760000228881836,8600.0,20.26509666442871
2016-03-17,24.959999084472656,24.3700008392334,24.3700008392334,24.920000076293945,9700.0,20.562145233154297
2016-03-18,25.8799991607666,24.700000762939453,25.079999923706055,25.639999389648438,49200.0,21.15623664855957
2016-03-21,25.84000015258789,25.34000015258789,25.670000076293945,25.530000686645508,5600.0,21.065471649169922
2016-03-22,26.25,25.280000686645508,25.6299991607666,25.920000076293945,13300.0,21.387269973754883
2016-03-23,26.15999984741211,25.270000457763672,26.010000228881836,25.280000686645508,10100.0,20.85919189453125
2016-03-24,25.8700008392334,25.0,25.360000610351562,25.469999313354492,12500.0,21.015960693359375
2016-03-28,25.850000381469727,25.209999084472656,25.690000534057617,25.549999237060547,8300.0,21.081974029541016
2016-03-29,26.969999313354492,25.15999984741211,25.600000381469727,26.540000915527344,14400.0,21.89885139465332
2016-03-30,27.229999542236328,25.229999542236328,26.65999984741211,26.559999465942383,16800.0,21.91535186767578
2016-03-31,27.1299991607666,26.59000015258789,26.639999389648438,26.6200008392334,26500.0,21.964859008789062
2016-04-01,27.200000762939453,26.299999237060547,26.40999984741211,26.920000076293945,15200.0,22.21240234375
2016-04-04,27.1299991607666,26.510000228881836,27.1200008392334,26.719999313354492,10300.0,22.04737091064453
2016-04-05,27.360000610351562,26.469999313354492,26.469999313354492,27.040000915527344,12300.0,22.311412811279297
2016-04-06,27.899999618530273,26.110000610351562,27.059999465942383,27.899999618530273,13400.0,23.02102279663086
2016-04-07,27.729999542236328,27.34000015258789,27.729999542236328,27.540000915527344,7400.0,22.72397804260254
2016-04-08,27.829999923706055,26.770000457763672,27.270000457763672,26.81999969482422,7600.0,22.129886627197266
2016-04-11,27.84000015258789,26.700000762939453,26.770000457763672,27.219999313354492,6600.0,22.459938049316406
2016-04-12,28.200000762939453,26.899999618530273,27.350000381469727,28.100000381469727,14700.0,23.186050415039062
2016-04-13,28.209999084472656,25.84000015258789,28.209999084472656,27.829999923706055,28100.0,22.96326446533203
2016-04-14,28.309999465942383,27.530000686645508,27.530000686645508,27.979999542236328,10600.0,23.087032318115234
2016-04-15,28.1299991607666,27.579999923706055,27.799999237060547,27.75,3700.0,22.89725112915039
2016-04-18,28.170000076293945,27.639999389648438,27.81999969482422,28.049999237060547,7200.0,23.144786834716797
2016-04-19,28.200000762939453,27.670000076293945,27.670000076293945,28.09000015258789,6400.0,23.17779541015625
2016-04-20,28.170000076293945,27.8799991607666,28.0,27.940000534057617,5700.0,23.05402946472168
2016-04-21,28.139999389648438,27.75,27.90999984741211,27.850000381469727,12000.0,22.97976303100586
2016-04-22,27.969999313354492,27.579999923706055,27.739999771118164,27.799999237060547,13800.0,22.93851089477539
2016-04-25,27.979999542236328,27.649999618530273,27.84000015258789,27.809999465942383,7100.0,22.946760177612305
2016-04-26,28.139999389648438,26.5,27.989999771118164,28.059999465942383,10200.0,23.15304183959961
2016-04-27,28.139999389648438,27.549999237060547,27.68000030517578,28.079999923706055,8100.0,23.169546127319336
2016-04-28,28.1299991607666,26.530000686645508,26.530000686645508,27.90999984741211,9700.0,23.029272079467773
2016-04-29,28.139999389648438,27.780000686645508,27.8700008392334,28.040000915527344,21700.0,23.136539459228516
2016-05-02,28.079999923706055,27.389999389648438,28.049999237060547,27.510000228881836,17700.0,22.699222564697266
2016-05-03,27.5,26.799999237060547,26.799999237060547,27.040000915527344,7800.0,22.311412811279297
2016-05-04,27.40999984741211,26.969999313354492,27.040000915527344,26.979999542236328,5600.0,22.261903762817383
2016-05-05,27.010000228881836,26.489999771118164,27.0,26.56999969482422,9400.0,21.923599243164062
2016-05-06,26.56999969482422,25.90999984741211,25.90999984741211,26.389999389648438,8900.0,21.77507781982422
2016-05-09,27.040000915527344,26.239999771118164,26.239999771118164,26.489999771118164,14000.0,21.857589721679688
2016-05-10,26.940000534057617,26.469999313354492,26.489999771118164,26.719999313354492,10600.0,22.04737091064453
2016-05-11,26.84000015258789,26.06999969482422,26.510000228881836,26.110000610351562,8300.0,21.54404640197754
2016-05-12,26.479999542236328,26.1299991607666,26.18000030517578,26.1299991607666,8700.0,21.560548782348633
2016-05-13,27.0,26.479999542236328,26.479999542236328,26.549999237060547,8000.0,21.9070987701416
2016-05-16,27.079999923706055,26.209999084472656,26.600000381469727,27.010000228881836,9000.0,22.286657333374023
2016-05-17,27.18000030517578,26.309999465942383,26.770000457763672,26.350000381469727,11400.0,21.742074966430664
2016-05-18,26.850000381469727,26.020000457763672,26.389999389648438,26.600000381469727,7600.0,21.948354721069336
2016-05-19,26.770000457763672,26.1299991607666,26.530000686645508,26.360000610351562,6700.0,21.750328063964844
2016-05-20,26.8700008392334,26.510000228881836,26.510000228881836,26.8700008392334,7100.0,22.171140670776367
2016-05-23,27.5,27.010000228881836,27.010000228881836,27.079999923706055,7700.0,22.34441375732422
2016-05-24,28.0,27.040000915527344,27.040000915527344,27.850000381469727,10600.0,22.97976303100586
2016-05-25,28.049999237060547,27.15999984741211,27.760000228881836,27.360000610351562,11500.0,22.74697494506836
2016-05-26,27.399999618530273,26.969999313354492,27.25,27.09000015258789,4500.0,22.52250099182129
2016-05-27,27.700000762939453,27.239999771118164,27.239999771118164,27.610000610351562,5400.0,22.9548282623291
2016-05-31,27.950000762939453,27.329999923706055,27.719999313354492,27.559999465942383,32200.0,22.913251876831055
2016-06-01,28.149999618530273,27.510000228881836,27.510000228881836,28.100000381469727,7700.0,23.362211227416992
2016-06-02,28.079999923706055,27.719999313354492,27.719999313354492,27.979999542236328,10500.0,23.262439727783203
2016-06-03,27.950000762939453,27.670000076293945,27.950000762939453,27.799999237060547,10500.0,23.112791061401367
2016-06-06,28.170000076293945,27.770000457763672,27.770000457763672,28.139999389648438,17700.0,23.395465850830078
2016-06-07,28.459999084472656,27.950000762939453,27.989999771118164,28.149999618530273,13400.0,23.403776168823242
2016-06-08,28.399999618530273,28.100000381469727,28.110000610351562,28.389999389648438,7400.0,23.603309631347656
2016-06-09,28.5,28.110000610351562,28.280000686645508,28.110000610351562,8900.0,23.370525360107422
2016-06-10,28.3799991607666,27.829999923706055,27.90999984741211,27.989999771118164,10600.0,23.270755767822266
2016-06-13,28.229999542236328,27.670000076293945,28.200000762939453,27.75,13000.0,23.071216583251953
2016-06-14,28.0,27.350000381469727,27.6299991607666,27.440000534057617,12300.0,22.813488006591797
2016-06-15,28.299999237060547,27.459999084472656,28.0,27.90999984741211,9700.0,23.204240798950195
2016-06-16,28.299999237060547,27.360000610351562,27.360000610351562,28.020000457763672,13500.0,23.295700073242188
2016-06-17,28.399999618530273,27.020000457763672,28.110000610351562,27.219999313354492,37200.0,22.63058090209961
2016-06-20,28.200000762939453,27.520000457763672,27.670000076293945,27.93000030517578,5300.0,23.220869064331055
2016-06-21,28.25,27.770000457763672,27.90999984741211,27.8700008392334,7200.0,23.170988082885742
2016-06-22,28.299999237060547,27.440000534057617,28.299999237060547,27.56999969482422,13200.0,22.92156982421875
2016-06-23,28.15999984741211,27.709999084472656,28.149999618530273,27.959999084472656,7400.0,23.24580955505371
2016-06-24,27.8799991607666,27.200000762939453,27.690000534057617,27.200000762939453,32100.0,22.613950729370117
2016-06-27,27.68000030517578,26.920000076293945,27.049999237060547,26.920000076293945,13200.0,22.38116455078125
2016-06-28,27.81999969482422,27.260000228881836,27.260000228881836,27.65999984741211,16900.0,22.99639320373535
2016-06-29,28.040000915527344,27.280000686645508,27.81999969482422,27.540000915527344,20500.0,22.89662742614746
2016-06-30,27.979999542236328,27.1299991607666,27.979999542236328,27.780000686645508,15100.0,23.096158981323242
2016-07-01,28.100000381469727,27.649999618530273,27.649999618530273,27.90999984741211,16700.0,23.204240798950195
2016-07-05,28.09000015258789,27.510000228881836,27.850000381469727,27.950000762939453,11000.0,23.237497329711914
2016-07-06,28.3700008392334,27.799999237060547,27.799999237060547,28.079999923706055,16500.0,23.3455810546875
2016-07-07,28.420000076293945,28.06999969482422,28.100000381469727,28.149999618530273,6600.0,23.403776168823242
2016-07-08,28.420000076293945,28.200000762939453,28.270000457763672,28.290000915527344,11800.0,23.520172119140625
2016-07-11,28.389999389648438,28.200000762939453,28.299999237060547,28.25,8300.0,23.486915588378906
2016-07-12,28.68000030517578,28.139999389648438,28.459999084472656,28.65999984741211,10200.0,23.827787399291992
2016-07-13,29.040000915527344,28.639999389648438,28.690000534057617,28.8799991607666,10600.0,24.010698318481445
2016-07-14,29.049999237060547,28.479999542236328,28.959999084472656,28.84000015258789,9000.0,23.97743797302246
2016-07-15,29.049999237060547,28.600000381469727,29.049999237060547,28.979999542236328,6600.0,24.093833923339844
2016-07-18,29.0,28.209999084472656,28.729999542236328,28.34000015258789,8900.0,23.561744689941406
2016-07-19,28.600000381469727,27.729999542236328,28.350000381469727,28.030000686645508,11500.0,23.304012298583984
2016-07-20,28.450000762939453,27.309999465942383,28.149999618530273,28.25,9600.0,23.486915588378906
2016-07-21,28.049999237060547,27.43000030517578,28.049999237060547,27.700000762939453,5900.0,23.02964973449707
2016-07-22,27.989999771118164,27.59000015258789,27.780000686645508,27.84000015258789,10400.0,23.146047592163086
2016-07-25,27.93000030517578,27.6200008392334,27.860000610351562,27.6200008392334,4700.0,22.9631404876709
2016-07-26,28.079999923706055,27.59000015258789,27.670000076293945,27.75,6200.0,23.071216583251953
2016-07-27,27.81999969482422,27.3700008392334,27.81999969482422,27.6299991607666,8500.0,22.971452713012695
2016-07-28,27.969999313354492,27.6200008392334,27.639999389648438,27.969999313354492,7800.0,23.254125595092773
2016-07-29,28.239999771118164,27.780000686645508,27.899999618530273,27.940000534057617,5100.0,23.22918701171875
2016-08-01,27.920000076293945,27.3700008392334,27.920000076293945,27.579999923706055,16200.0,22.92988395690918
2016-08-02,27.649999618530273,26.079999923706055,27.5,26.09000015258789,17000.0,21.69110107421875
2016-08-03,26.1200008392334,24.579999923706055,26.079999923706055,24.8700008392334,15400.0,20.676799774169922
2016-08-04,25.469999313354492,24.520000457763672,24.65999984741211,25.139999389648438,13500.0,20.901277542114258
2016-08-05,25.760000228881836,25.100000381469727,25.100000381469727,25.459999084472656,10400.0,21.167325973510742
2016-08-08,25.90999984741211,25.450000762939453,25.530000686645508,25.510000228881836,13400.0,21.208892822265625
2016-08-09,25.799999237060547,25.31999969482422,25.479999542236328,25.489999771118164,6600.0,21.19226837158203
2016-08-10,26.06999969482422,25.5,25.549999237060547,25.670000076293945,8600.0,21.3419189453125
2016-08-11,25.899999618530273,25.6299991607666,25.75,25.739999771118164,16100.0,21.400115966796875
2016-08-12,26.030000686645508,25.559999465942383,25.709999084472656,25.6200008392334,7500.0,21.300344467163086
2016-08-15,25.920000076293945,25.6299991607666,25.90999984741211,25.84000015258789,10200.0,21.483253479003906
2016-08-16,25.709999084472656,25.3799991607666,25.6299991607666,25.3799991607666,14500.0,21.100812911987305
2016-08-17,25.329999923706055,24.93000030517578,25.329999923706055,25.139999389648438,6600.0,20.901277542114258
2016-08-18,25.5,25.100000381469727,25.229999542236328,25.459999084472656,13900.0,21.167325973510742
2016-08-19,25.65999984741211,25.450000762939453,25.450000762939453,25.530000686645508,11900.0,21.225521087646484
2016-08-22,25.68000030517578,25.329999923706055,25.530000686645508,25.600000381469727,19200.0,21.28371810913086
2016-08-23,25.84000015258789,25.450000762939453,25.65999984741211,25.5,19900.0,21.20058250427246
2016-08-24,25.65999984741211,25.329999923706055,25.56999969482422,25.450000762939453,20500.0,21.15900993347168
2016-08-25,25.829999923706055,25.1299991607666,25.350000381469727,25.510000228881836,28800.0,21.38535499572754
2016-08-26,25.75,25.329999923706055,25.6200008392334,25.59000015258789,6100.0,21.452421188354492
2016-08-29,25.84000015258789,25.530000686645508,25.579999923706055,25.56999969482422,7000.0,21.435657501220703
2016-08-30,25.770000457763672,25.440000534057617,25.639999389648438,25.6200008392334,4200.0,21.477567672729492
2016-08-31,25.729999542236328,25.469999313354492,25.510000228881836,25.520000457763672,9500.0,21.393739700317383
2016-09-01,25.649999618530273,25.399999618530273,25.549999237060547,25.649999618530273,6100.0,21.502717971801758
2016-09-02,25.739999771118164,25.399999618530273,25.739999771118164,25.639999389648438,5500.0,21.494333267211914
2016-09-06,25.989999771118164,25.43000030517578,25.670000076293945,25.940000534057617,19200.0,21.745832443237305
2016-09-07,26.280000686645508,25.8799991607666,25.93000030517578,25.940000534057617,10100.0,21.745832443237305
2016-09-08,26.270000457763672,25.799999237060547,26.010000228881836,26.06999969482422,8100.0,21.85481071472168
2016-09-09,26.34000015258789,25.780000686645508,25.780000686645508,25.8700008392334,12900.0,21.68714714050293
2016-09-12,26.31999969482422,25.6299991607666,26.0,26.299999237060547,18000.0,22.04762077331543
2016-09-13,26.31999969482422,25.81999969482422,26.25,26.209999084472656,11400.0,21.972177505493164
2016-09-14,26.8700008392334,25.719999313354492,26.239999771118164,26.670000076293945,13700.0,22.357797622680664
2016-09-15,27.420000076293945,26.43000030517578,26.43000030517578,27.059999465942383,14000.0,22.68473243713379
2016-09-16,27.479999542236328,27.079999923706055,27.149999618530273,27.469999313354492,42800.0,23.0284481048584
2016-09-19,27.790000915527344,27.1299991607666,27.790000915527344,27.290000915527344,16600.0,22.877552032470703
2016-09-20,27.670000076293945,26.6200008392334,27.270000457763672,27.059999465942383,18000.0,22.68473243713379
2016-09-21,27.25,26.770000457763672,27.059999465942383,27.09000015258789,14700.0,22.709888458251953
2016-09-22,27.309999465942383,27.020000457763672,27.209999084472656,27.110000610351562,26500.0,22.726655960083008
2016-09-23,27.100000381469727,26.719999313354492,27.010000228881836,26.719999313354492,11400.0,22.399715423583984
2016-09-26,26.709999084472656,26.15999984741211,26.709999084472656,26.34000015258789,14100.0,22.081153869628906
2016-09-27,26.540000915527344,26.170000076293945,26.399999618530273,26.540000915527344,7800.0,22.248817443847656
2016-09-28,27.049999237060547,26.229999542236328,26.65999984741211,26.829999923706055,12600.0,22.491926193237305
2016-09-29,26.950000762939453,26.479999542236328,26.950000762939453,26.6299991607666,7200.0,22.324262619018555
2016-09-30,27.149999618530273,26.479999542236328,26.65999984741211,26.8700008392334,9100.0,22.52545738220215
2016-10-03,26.709999084472656,26.459999084472656,26.65999984741211,26.479999542236328,5800.0,22.198514938354492
2016-10-04,26.850000381469727,26.540000915527344,26.770000457763672,26.690000534057617,7100.0,22.374561309814453
2016-10-05,26.920000076293945,26.520000457763672,26.8799991607666,26.600000381469727,9300.0,22.29911231994629
2016-10-06,26.809999465942383,26.450000762939453,26.520000457763672,26.600000381469727,3600.0,22.29911231994629
2016-10-07,26.56999969482422,26.43000030517578,26.56999969482422,26.5,2600.0,22.215282440185547
2016-10-10,26.84000015258789,26.360000610351562,26.520000457763672,26.84000015258789,8200.0,22.500307083129883
2016-10-11,26.860000610351562,26.520000457763672,26.860000610351562,26.610000610351562,4200.0,22.307497024536133
2016-10-12,26.829999923706055,26.530000686645508,26.6299991607666,26.739999771118164,2800.0,22.416481018066406
2016-10-13,26.860000610351562,26.579999923706055,26.729999542236328,26.6200008392334,11100.0,22.31587791442871
2016-10-14,26.899999618530273,26.5,26.899999618530273,26.530000686645508,8500.0,22.240432739257812
2016-10-17,26.530000686645508,26.219999313354492,26.489999771118164,26.360000610351562,6500.0,22.09792137145996
2016-10-18,26.229999542236328,25.860000610351562,26.219999313354492,25.940000534057617,4900.0,21.745832443237305
2016-10-19,26.260000228881836,25.90999984741211,25.940000534057617,25.90999984741211,12900.0,21.72068214416504
2016-10-20,26.040000915527344,25.81999969482422,25.81999969482422,25.8799991607666,3000.0,21.695531845092773
2016-10-21,26.040000915527344,24.90999984741211,25.719999313354492,25.739999771118164,10900.0,21.57816505432129
2016-10-24,26.399999618530273,25.829999923706055,26.010000228881836,26.3700008392334,3400.0,22.106306076049805
2016-10-25,26.299999237060547,25.530000686645508,26.299999237060547,25.610000610351562,8400.0,21.46918487548828
2016-10-26,25.889999389648438,25.479999542236328,25.479999542236328,25.6299991607666,5700.0,21.48594856262207
2016-10-27,25.700000762939453,25.469999313354492,25.489999771118164,25.600000381469727,3600.0,21.460803985595703
2016-10-28,26.06999969482422,25.459999084472656,25.610000610351562,25.739999771118164,5500.0,21.57816505432129
2016-10-31,25.780000686645508,25.219999313354492,25.709999084472656,25.309999465942383,6100.0,21.21768569946289
2016-11-01,25.979999542236328,25.299999237060547,25.75,25.799999237060547,8400.0,21.628463745117188
2016-11-02,25.799999237060547,25.489999771118164,25.729999542236328,25.549999237060547,9200.0,21.418888092041016
2016-11-03,26.030000686645508,25.280000686645508,25.8700008392334,25.690000534057617,4900.0,21.5362491607666
2016-11-04,26.049999237060547,25.06999969482422,25.760000228881836,25.510000228881836,13100.0,21.38535499572754
2016-11-07,26.260000228881836,25.260000228881836,25.600000381469727,26.239999771118164,17500.0,21.997323989868164
2016-11-08,26.860000610351562,26.280000686645508,26.5,26.84000015258789,5200.0,22.500307083129883
2016-11-09,27.889999389648438,25.479999542236328,26.579999923706055,27.81999969482422,13700.0,23.321857452392578
2016-11-10,28.84000015258789,26.049999237060547,27.899999618530273,28.579999923706055,26000.0,23.95897102355957
2016-11-11,30.110000610351562,26.979999542236328,28.530000686645508,29.739999771118164,54700.0,24.931421279907227
2016-11-14,29.81999969482422,26.540000915527344,29.81999969482422,27.610000610351562,56600.0,23.14581298828125
2016-11-15,28.760000228881836,26.649999618530273,27.459999084472656,28.200000762939453,16400.0,23.640417098999023
2016-11-16,29.25,26.889999389648438,28.309999465942383,28.739999771118164,18600.0,24.093107223510742
2016-11-17,29.280000686645508,28.0,28.56999969482422,28.18000030517578,33700.0,23.623655319213867
2016-11-18,28.670000076293945,27.15999984741211,28.06999969482422,28.459999084472656,33300.0,23.858375549316406
2016-11-21,29.329999923706055,28.149999618530273,28.34000015258789,29.190000534057617,19600.0,24.47034454345703
2016-11-22,29.81999969482422,29.110000610351562,29.110000610351562,29.649999618530273,22400.0,24.85596466064453
2016-11-23,29.799999237060547,28.979999542236328,29.399999618530273,29.450000762939453,17900.0,24.688304901123047
2016-11-25,29.530000686645508,28.65999984741211,29.040000915527344,29.420000076293945,9900.0,24.663156509399414
2016-11-28,30.829999923706055,28.760000228881836,29.479999542236328,29.899999618530273,42700.0,25.0655460357666
2016-11-29,30.450000762939453,28.510000228881836,30.049999237060547,28.700000762939453,32500.0,24.059572219848633
2016-11-30,29.489999771118164,28.440000534057617,28.700000762939453,28.770000457763672,12100.0,24.118253707885742
2016-12-01,29.469999313354492,28.229999542236328,28.559999465942383,28.309999465942383,11100.0,23.90713119506836
2016-12-02,28.389999389648438,27.969999313354492,28.3700008392334,28.229999542236328,11400.0,23.83957862854004
2016-12-05,29.670000076293945,28.260000228881836,28.270000457763672,29.56999969482422,32900.0,24.971174240112305
2016-12-06,29.610000610351562,29.260000228881836,29.610000610351562,29.329999923706055,10800.0,24.76849937438965
2016-12-07,29.520000457763672,28.920000076293945,29.149999618530273,29.1200008392334,21000.0,24.59115982055664
2016-12-08,29.93000030517578,28.190000534057617,28.719999313354492,29.399999618530273,24500.0,24.827611923217773
2016-12-09,29.75,28.809999465942383,29.450000762939453,29.40999984741211,31000.0,24.836057662963867
2016-12-12,29.450000762939453,28.40999984741211,29.25,29.34000015258789,22400.0,24.776948928833008
2016-12-13,29.770000457763672,28.899999618530273,29.100000381469727,29.639999389648438,15100.0,25.030288696289062
2016-12-14,29.760000228881836,28.829999923706055,29.25,29.440000534057617,9600.0,24.86139488220215
2016-12-15,30.459999084472656,28.139999389648438,29.5,30.329999923706055,31300.0,25.61297607421875
2016-12-16,30.899999618530273,30.1200008392334,30.280000686645508,30.65999984741211,78300.0,25.89164924621582
2016-12-19,30.889999389648438,29.030000686645508,30.5,30.81999969482422,18300.0,26.026769638061523
2016-12-20,31.299999237060547,29.969999313354492,30.889999389648438,30.739999771118164,20900.0,25.959209442138672
2016-12-21,30.739999771118164,29.8799991607666,30.59000015258789,30.25,5500.0,25.545419692993164
2016-12-22,30.520000457763672,29.6200008392334,30.299999237060547,29.639999389648438,10900.0,25.030288696289062
2016-12-23,30.229999542236328,29.239999771118164,29.239999771118164,29.950000762939453,10000.0,25.292078018188477
2016-12-27,30.399999618530273,29.639999389648438,30.270000457763672,30.190000534057617,14600.0,25.4947509765625
2016-12-28,30.81999969482422,29.639999389648438,30.110000610351562,30.270000457763672,7300.0,25.56231117248535
2016-12-29,31.5,29.670000076293945,30.209999084472656,31.25,16600.0,26.389892578125
2016-12-30,31.579999923706055,31.219999313354492,31.219999313354492,31.299999237060547,6200.0,26.432117462158203
2017-01-03,32.29999923706055,29.59000015258789,31.5,30.68000030517578,15600.0,25.90854263305664
2017-01-04,31.3799991607666,29.940000534057617,30.8700008392334,30.989999771118164,13400.0,26.170330047607422
2017-01-05,31.5,30.399999618530273,30.899999618530273,31.239999771118164,72600.0,26.381450653076172
2017-01-06,31.899999618530273,30.579999923706055,31.260000228881836,30.850000381469727,68800.0,26.052104949951172
2017-01-09,30.889999389648438,29.780000686645508,30.610000610351562,29.920000076293945,16700.0,25.266740798950195
2017-01-10,31.540000915527344,29.65999984741211,29.860000610351562,31.18000030517578,45300.0,26.330785751342773
2017-01-11,30.950000762939453,29.760000228881836,30.940000534057617,29.969999313354492,43300.0,25.308963775634766
2017-01-12,29.90999984741211,28.780000686645508,29.90999984741211,28.969999313354492,15300.0,24.4644832611084
2017-01-13,29.489999771118164,28.84000015258789,29.059999465942383,29.139999389648438,15400.0,24.60804557800293
2017-01-17,29.239999771118164,27.200000762939453,29.239999771118164,28.989999771118164,17700.0,24.48137855529785
2017-01-18,29.0,28.09000015258789,29.0,28.3700008392334,12800.0,23.95779800415039
2017-01-19,28.15999984741211,27.760000228881836,27.760000228881836,28.059999465942383,13600.0,23.69601821899414
2017-01-20,28.610000610351562,28.059999465942383,28.059999465942383,28.149999618530273,8400.0,23.772016525268555
2017-01-23,28.399999618530273,27.829999923706055,27.829999923706055,28.1299991607666,6800.0,23.755125045776367
2017-01-24,29.049999237060547,28.040000915527344,28.040000915527344,28.940000534057617,22600.0,24.43915557861328
2017-01-25,29.6299991607666,28.0,29.09000015258789,29.290000915527344,39800.0,24.734724044799805
2017-01-26,29.489999771118164,28.81999969482422,29.459999084472656,29.309999465942383,10300.0,24.751609802246094
2017-01-27,30.489999771118164,29.149999618530273,29.459999084472656,29.190000534057617,78500.0,24.650272369384766
2017-01-30,29.299999237060547,28.020000457763672,28.93000030517578,28.149999618530273,52000.0,23.772016525268555
2017-01-31,28.90999984741211,27.899999618530273,28.09000015258789,28.18000030517578,29000.0,23.79735565185547
2017-02-01,28.420000076293945,27.700000762939453,28.170000076293945,27.790000915527344,34700.0,23.46800422668457
2017-02-02,28.1299991607666,27.690000534057617,27.8799991607666,27.770000457763672,8300.0,23.451114654541016
2017-02-03,28.1200008392334,27.700000762939453,27.969999313354492,28.049999237060547,16400.0,23.68756866455078
2017-02-06,28.450000762939453,27.59000015258789,27.59000015258789,28.139999389648438,16600.0,23.76357650756836
2017-02-07,28.3799991607666,27.770000457763672,28.3799991607666,27.90999984741211,5800.0,23.569339752197266
2017-02-08,28.65999984741211,27.530000686645508,27.90999984741211,27.989999771118164,13000.0,23.63690185546875
2017-02-09,28.829999923706055,27.899999618530273,27.979999542236328,28.670000076293945,7100.0,24.21114730834961
2017-02-10,29.139999389648438,28.299999237060547,28.969999313354492,29.040000915527344,5600.0,24.523601531982422
2017-02-13,29.229999542236328,28.739999771118164,29.079999923706055,29.079999923706055,5100.0,24.557382583618164
2017-02-14,29.040000915527344,28.3700008392334,28.93000030517578,28.450000762939453,7700.0,24.025362014770508
2017-02-15,28.709999084472656,27.969999313354492,28.450000762939453,28.25,9500.0,23.856464385986328
2017-02-16,28.799999237060547,27.93000030517578,28.459999084472656,28.0,6600.0,23.64535140991211
2017-02-17,28.440000534057617,27.969999313354492,28.049999237060547,28.15999984741211,15000.0,23.780460357666016
2017-02-21,28.549999237060547,27.719999313354492,28.15999984741211,27.899999618530273,19000.0,23.56089973449707
2017-02-22,28.709999084472656,27.899999618530273,27.899999618530273,28.25,6900.0,23.856464385986328
2017-02-23,28.25,27.920000076293945,28.15999984741211,28.1200008392334,11300.0,23.746685028076172
2017-02-24,28.0,27.770000457763672,27.8799991607666,27.8700008392334,5900.0,23.535568237304688
2017-02-27,28.25,27.770000457763672,27.979999542236328,28.100000381469727,12400.0,23.72979736328125
2017-02-28,28.200000762939453,27.280000686645508,28.100000381469727,27.3799991607666,15700.0,23.121768951416016
2017-03-01,28.25,27.290000915527344,27.889999389648438,28.139999389648438,10100.0,23.76357650756836
2017-03-02,28.450000762939453,27.8700008392334,28.149999618530273,28.149999618530273,10300.0,23.772016525268555
2017-03-03,28.510000228881836,27.799999237060547,27.920000076293945,28.1299991607666,14100.0,23.755125045776367
2017-03-06,28.389999389648438,27.700000762939453,27.860000610351562,27.969999313354492,19200.0,23.620012283325195
2017-03-07,28.209999084472656,27.809999465942383,27.84000015258789,27.809999465942383,8500.0,23.484893798828125
2017-03-08,28.09000015258789,27.1299991607666,27.959999084472656,27.219999313354492,28800.0,22.986652374267578
2017-03-09,27.420000076293945,23.75,27.420000076293945,24.25,22800.0,20.478557586669922
2017-03-10,27.31999969482422,24.280000686645508,24.639999389648438,24.399999618530273,37400.0,20.605228424072266
2017-03-13,24.959999084472656,24.5,24.5,24.579999923706055,16400.0,20.75723648071289
2017-03-14,25.270000457763672,24.700000762939453,24.700000762939453,24.899999618530273,12100.0,21.0274658203125
2017-03-15,25.81999969482422,25.139999389648438,25.75,25.760000228881836,16500.0,21.75371551513672
2017-03-16,27.06999969482422,25.6200008392334,25.6200008392334,26.979999542236328,17800.0,22.97124481201172
2017-03-17,27.81999969482422,26.440000534057617,26.809999465942383,27.719999313354492,43200.0,23.601295471191406
2017-03-20,28.260000228881836,26.510000228881836,27.65999984741211,27.31999969482422,27400.0,23.260725021362305
2017-03-21,27.68000030517578,27.0,27.610000610351562,27.030000686645508,15800.0,23.013816833496094
2017-03-22,27.219999313354492,26.139999389648438,27.0,26.3700008392334,15400.0,22.451881408691406
2017-03-23,27.280000686645508,25.860000610351562,26.299999237060547,26.780000686645508,17000.0,22.80095863342285
2017-03-24,27.459999084472656,26.670000076293945,26.93000030517578,27.09000015258789,34900.0,23.06490135192871
2017-03-27,27.540000915527344,26.700000762939453,26.700000762939453,27.3700008392334,11600.0,23.303300857543945
2017-03-28,28.170000076293945,27.219999313354492,27.219999313354492,27.93000030517578,8100.0,23.780092239379883
2017-03-29,28.100000381469727,27.649999618530273,27.920000076293945,27.90999984741211,12100.0,23.7630615234375
2017-03-30,28.100000381469727,27.65999984741211,27.860000610351562,27.93000030517578,10200.0,23.780092239379883
2017-03-31,28.190000534057617,27.850000381469727,27.850000381469727,28.079999923706055,20500.0,23.907806396484375
2017-04-03,28.600000381469727,27.81999969482422,28.25,28.040000915527344,17700.0,23.873750686645508
2017-04-04,28.25,27.030000686645508,27.030000686645508,27.8700008392334,16700.0,23.72901153564453
2017-04-05,28.420000076293945,27.649999618530273,28.149999618530273,27.780000686645508,31300.0,23.652381896972656
2017-04-06,28.399999618530273,27.8700008392334,27.959999084472656,27.899999618530273,9300.0,23.75455093383789
2017-04-07,28.549999237060547,27.209999084472656,28.010000228881836,27.8700008392334,11600.0,23.72901153564453
2017-04-10,28.530000686645508,27.719999313354492,27.799999237060547,27.8700008392334,13900.0,23.72901153564453
2017-04-11,28.399999618530273,27.1299991607666,27.59000015258789,28.100000381469727,8000.0,23.924837112426758
2017-04-12,28.170000076293945,27.350000381469727,28.170000076293945,27.799999237060547,22800.0,23.66940689086914
2017-04-13,28.09000015258789,27.670000076293945,27.940000534057617,27.81999969482422,14900.0,23.686437606811523
2017-04-17,28.299999237060547,28.09000015258789,28.09000015258789,28.1299991607666,5400.0,23.95037269592285
2017-04-18,28.149999618530273,27.8700008392334,27.899999618530273,27.979999542236328,16000.0,23.822662353515625
2017-04-19,28.06999969482422,27.84000015258789,28.010000228881836,27.969999313354492,22200.0,23.814149856567383
2017-04-20,28.299999237060547,27.989999771118164,27.989999771118164,28.170000076293945,16500.0,23.98443603515625
2017-04-21,28.15999984741211,27.8799991607666,28.1299991607666,27.979999542236328,11100.0,23.822662353515625
2017-04-24,28.110000610351562,27.780000686645508,28.049999237060547,27.989999771118164,18200.0,23.831178665161133
2017-04-25,28.15999984741211,27.850000381469727,28.149999618530273,28.1299991607666,20000.0,23.95037269592285
2017-04-26,28.15999984741211,27.989999771118164,28.100000381469727,28.09000015258789,23000.0,23.916318893432617
2017-04-27,28.100000381469727,27.889999389648438,28.059999465942383,27.950000762939453,8900.0,23.797122955322266
2017-04-28,28.149999618530273,27.889999389648438,28.1299991607666,27.959999084472656,11800.0,23.805635452270508
2017-05-01,28.049999237060547,27.8700008392334,27.959999084472656,28.030000686645508,8800.0,23.865236282348633
2017-05-02,28.09000015258789,27.969999313354492,27.979999542236328,28.040000915527344,12000.0,23.873750686645508
2017-05-03,28.100000381469727,27.06999969482422,27.850000381469727,28.06999969482422,16700.0,23.8992919921875
2017-05-04,28.09000015258789,27.719999313354492,27.969999313354492,27.760000228881836,8700.0,23.635353088378906
2017-05-05,28.09000015258789,27.6200008392334,27.6200008392334,27.799999237060547,10400.0,23.66940689086914
2017-05-08,28.09000015258789,27.639999389648438,27.8700008392334,27.760000228881836,12700.0,23.635353088378906
2017-05-09,28.020000457763672,27.549999237060547,27.969999313354492,27.719999313354492,21100.0,23.601295471191406
2017-05-10,27.969999313354492,27.579999923706055,27.84000015258789,27.809999465942383,21300.0,23.677921295166016
2017-05-11,27.889999389648438,27.639999389648438,27.809999465942383,27.770000457763672,9200.0,23.643863677978516
2017-05-12,27.8799991607666,27.139999389648438,27.739999771118164,27.329999923706055,13100.0,23.269243240356445
2017-05-15,27.59000015258789,26.81999969482422,27.43000030517578,27.040000915527344,18300.0,23.022329330444336
2017-05-16,27.389999389648438,26.860000610351562,27.139999389648438,27.010000228881836,24000.0,22.99678611755371
2017-05-17,27.510000228881836,26.510000228881836,26.799999237060547,26.600000381469727,17000.0,22.647706985473633
2017-05-18,27.739999771118164,26.510000228881836,26.649999618530273,26.520000457763672,13800.0,22.57958984375
2017-05-19,27.149999618530273,26.520000457763672,26.520000457763672,26.8799991607666,16800.0,22.8861026763916
2017-05-22,27.549999237060547,26.860000610351562,26.950000762939453,27.020000457763672,22200.0,23.005300521850586
2017-05-23,27.530000686645508,26.950000762939453,27.010000228881836,27.219999313354492,13400.0,23.17558479309082
2017-05-24,27.510000228881836,26.649999618530273,27.059999465942383,26.829999923706055,9700.0,23.029664993286133
2017-05-25,27.530000686645508,26.780000686645508,26.889999389648438,27.190000534057617,13500.0,23.338668823242188
2017-05-26,27.43000030517578,27.15999984741211,27.270000457763672,27.290000915527344,8300.0,23.424509048461914
2017-05-30,27.399999618530273,27.1200008392334,27.399999618530273,27.1299991607666,10800.0,23.28716468811035
2017-05-31,27.420000076293945,27.170000076293945,27.170000076293945,27.329999923706055,14800.0,23.458843231201172
2017-06-01,27.850000381469727,27.31999969482422,27.389999389648438,27.719999313354492,16300.0,23.793601989746094
2017-06-02,27.950000762939453,27.59000015258789,27.790000915527344,27.729999542236328,19800.0,23.802183151245117
2017-06-05,27.920000076293945,27.40999984741211,27.700000762939453,27.610000610351562,11300.0,23.699180603027344
2017-06-06,27.600000381469727,27.110000610351562,27.450000762939453,27.25,11300.0,23.390174865722656
2017-06-07,27.809999465942383,27.110000610351562,27.6299991607666,27.3700008392334,11200.0,23.49317741394043
2017-06-08,28.100000381469727,26.579999923706055,27.6299991607666,28.010000228881836,12800.0,24.042522430419922
2017-06-09,29.299999237060547,27.729999542236328,28.06999969482422,28.899999618530273,25400.0,24.806461334228516
2017-06-12,29.25,28.549999237060547,28.860000610351562,28.739999771118164,14300.0,24.669124603271484
2017-06-13,28.739999771118164,28.06999969482422,28.56999969482422,28.299999237060547,18800.0,24.291446685791016
2017-06-14,28.34000015258789,27.530000686645508,28.100000381469727,27.649999618530273,30100.0,23.733516693115234
2017-06-15,28.280000686645508,27.549999237060547,27.549999237060547,27.959999084472656,11600.0,23.99960708618164
2017-06-16,28.690000534057617,27.549999237060547,27.770000457763672,28.0,38700.0,24.033939361572266
2017-06-19,28.100000381469727,27.649999618530273,28.059999465942383,27.799999237060547,9200.0,23.862268447875977
2017-06-20,28.0,27.420000076293945,27.81999969482422,27.469999313354492,16000.0,23.579011917114258
2017-06-21,27.809999465942383,27.0,27.6299991607666,27.219999313354492,31000.0,23.364425659179688
2017-06-22,28.399999618530273,27.329999923706055,27.329999923706055,28.1299991607666,40600.0,24.145524978637695
2017-06-23,28.56999969482422,28.0,28.510000228881836,28.40999984741211,53100.0,24.3858642578125
2017-06-26,28.709999084472656,27.979999542236328,28.459999084472656,28.329999923706055,9500.0,24.317197799682617
2017-06-27,29.0,27.84000015258789,28.09000015258789,28.020000457763672,10600.0,24.051103591918945
2017-06-28,28.5,27.809999465942383,28.0,28.1200008392334,15800.0,24.136943817138672
2017-06-29,28.079999923706055,27.889999389648438,28.049999237060547,28.020000457763672,9400.0,24.051103591918945
2017-06-30,28.299999237060547,27.799999237060547,28.010000228881836,27.8799991607666,13500.0,23.930936813354492
2017-07-03,28.309999465942383,28.010000228881836,28.010000228881836,28.239999771118164,5700.0,24.23994255065918
2017-07-05,28.1299991607666,27.479999542236328,28.1299991607666,27.709999084472656,25900.0,23.785017013549805
2017-07-06,27.8700008392334,27.549999237060547,27.670000076293945,27.610000610351562,10400.0,23.699180603027344
2017-07-07,28.149999618530273,27.360000610351562,27.360000610351562,28.010000228881836,10000.0,24.042522430419922
2017-07-10,28.229999542236328,27.709999084472656,27.969999313354492,27.790000915527344,17000.0,23.853687286376953
2017-07-11,28.049999237060547,27.43000030517578,27.84000015258789,27.81999969482422,12600.0,23.87943458557129
2017-07-12,28.030000686645508,27.610000610351562,28.030000686645508,27.829999923706055,5100.0,23.88802146911621
2017-07-13,27.809999465942383,27.43000030517578,27.770000457763672,27.690000534057617,2300.0,23.767852783203125
2017-07-14,27.950000762939453,27.469999313354492,27.690000534057617,27.479999542236328,8600.0,23.587594985961914
2017-07-17,27.950000762939453,27.459999084472656,27.65999984741211,27.59000015258789,10600.0,23.6820125579834
2017-07-18,27.93000030517578,27.520000457763672,27.520000457763672,27.739999771118164,7000.0,23.810766220092773
2017-07-19,27.850000381469727,27.459999084472656,27.75,27.850000381469727,7100.0,23.905187606811523
2017-07-20,28.0,27.43000030517578,27.799999237060547,27.790000915527344,4400.0,23.853687286376953
2017-07-21,27.959999084472656,27.489999771118164,27.860000610351562,27.799999237060547,14500.0,23.862268447875977
2017-07-24,27.940000534057617,27.510000228881836,27.700000762939453,27.649999618530273,15300.0,23.733516693115234
2017-07-25,28.0,27.649999618530273,27.700000762939453,27.700000762939453,10900.0,23.776437759399414
2017-07-26,28.239999771118164,27.790000915527344,27.790000915527344,28.010000228881836,11800.0,24.042522430419922
2017-07-27,28.020000457763672,27.600000381469727,27.809999465942383,27.75,12300.0,23.819353103637695
2017-07-28,27.989999771118164,27.6299991607666,27.780000686645508,27.670000076293945,11400.0,23.75068473815918
2017-07-31,27.93000030517578,27.700000762939453,27.700000762939453,27.8799991607666,11800.0,23.930936813354492
2017-08-01,28.350000381469727,27.739999771118164,27.8700008392334,28.229999542236328,6900.0,24.231359481811523
2017-08-02,28.059999465942383,27.489999771118164,28.059999465942383,27.530000686645508,11000.0,23.630516052246094
2017-08-03,27.700000762939453,27.010000228881836,27.579999923706055,27.020000457763672,10800.0,23.1927490234375
2017-08-04,27.299999237060547,26.760000228881836,27.1200008392334,26.989999771118164,11500.0,23.1669979095459
2017-08-07,27.389999389648438,26.68000030517578,27.049999237060547,26.889999389648438,12100.0,23.081167221069336
2017-08-08,27.8799991607666,26.950000762939453,27.030000686645508,27.299999237060547,12600.0,23.43309211730957
2017-08-09,27.639999389648438,26.90999984741211,27.040000915527344,27.31999969482422,8200.0,23.450258255004883
2017-08-10,27.950000762939453,26.84000015258789,27.200000762939453,26.860000610351562,44400.0,23.055416107177734
2017-08-11,27.360000610351562,26.84000015258789,27.0,27.219999313354492,10800.0,23.364425659179688
2017-08-14,28.639999389648438,27.31999969482422,27.450000762939453,27.639999389648438,14600.0,23.724931716918945
2017-08-15,27.790000915527344,27.440000534057617,27.6299991607666,27.5,8300.0,23.604761123657227
2017-08-16,28.09000015258789,27.520000457763672,27.65999984741211,27.549999237060547,8500.0,23.64767837524414
2017-08-17,27.889999389648438,27.040000915527344,27.59000015258789,27.06999969482422,9000.0,23.23567008972168
2017-08-18,27.610000610351562,26.90999984741211,26.90999984741211,27.1200008392334,9900.0,23.27859115600586
2017-08-21,27.31999969482422,27.1200008392334,27.170000076293945,27.270000457763672,7100.0,23.40734100341797
2017-08-22,27.75,27.260000228881836,27.260000228881836,27.649999618530273,9500.0,23.733516693115234
2017-08-23,27.90999984741211,27.520000457763672,27.639999389648438,27.8799991607666,7600.0,23.930936813354492
2017-08-24,28.43000030517578,27.950000762939453,28.0,28.139999389648438,8000.0,24.154111862182617
2017-08-25,28.709999084472656,27.799999237060547,28.350000381469727,27.940000534057617,21800.0,23.982440948486328
2017-08-28,28.579999923706055,27.350000381469727,28.579999923706055,27.639999389648438,24000.0,23.91322135925293
2017-08-29,27.75,27.209999084472656,27.469999313354492,27.399999618530273,10100.0,23.705583572387695
2017-08-30,27.450000762939453,27.030000686645508,27.200000762939453,27.030000686645508,11400.0,23.38547134399414
2017-08-31,27.81999969482422,27.049999237060547,27.1200008392334,27.549999237060547,11800.0,23.835359573364258
2017-09-01,27.780000686645508,27.219999313354492,27.219999313354492,27.729999542236328,13200.0,23.991090774536133
2017-09-05,28.059999465942383,27.3799991607666,27.3799991607666,27.950000762939453,11900.0,24.181428909301758
2017-09-06,28.25,27.770000457763672,27.969999313354492,27.8700008392334,9000.0,24.112215042114258
2017-09-07,28.0,27.479999542236328,27.979999542236328,27.920000076293945,10900.0,24.155473709106445
2017-09-08,28.0,27.559999465942383,28.0,27.700000762939453,9500.0,23.96513557434082
2017-09-11,28.100000381469727,27.81999969482422,28.100000381469727,28.0,7100.0,24.224685668945312
2017-09-12,28.0,27.75,28.0,27.860000610351562,8300.0,24.10356330871582
2017-09-13,28.0,27.8700008392334,27.8799991607666,27.989999771118164,12600.0,24.216032028198242
2017-09-14,28.0,27.81999969482422,27.81999969482422,28.0,10600.0,24.224685668945312
2017-09-15,28.84000015258789,27.920000076293945,28.06999969482422,28.639999389648438,33900.0,24.778390884399414
2017-09-18,28.600000381469727,28.010000228881836,28.5,28.389999389648438,23400.0,24.56209945678711
2017-09-19,28.549999237060547,28.09000015258789,28.5,28.5,12400.0,24.657268524169922
2017-09-20,28.559999465942383,28.399999618530273,28.479999542236328,28.43000030517578,19900.0,24.596708297729492
2017-09-21,28.649999618530273,27.8799991607666,28.6299991607666,27.93000030517578,33200.0,24.164127349853516
2017-09-22,28.3700008392334,27.950000762939453,27.950000762939453,28.209999084472656,4400.0,24.4063720703125
2017-09-25,28.360000610351562,27.979999542236328,28.239999771118164,28.260000228881836,4200.0,24.449628829956055
2017-09-26,28.700000762939453,28.270000457763672,28.270000457763672,28.5,12000.0,24.657268524169922
2017-09-27,29.0,28.5,28.649999618530273,28.920000076293945,25900.0,25.020639419555664
2017-09-28,28.989999771118164,28.549999237060547,28.610000610351562,28.889999389648438,21600.0,24.99468231201172
2017-09-29,28.84000015258789,28.360000610351562,28.59000015258789,28.3799991607666,13500.0,24.55345344543457
2017-10-02,28.950000762939453,28.440000534057617,28.459999084472656,28.8799991607666,7800.0,24.986034393310547
2017-10-03,28.969999313354492,28.510000228881836,28.510000228881836,28.760000228881836,20300.0,24.882213592529297
2017-10-04,28.860000610351562,28.520000457763672,28.809999465942383,28.59000015258789,12000.0,24.735137939453125
2017-10-05,28.780000686645508,28.479999542236328,28.520000457763672,28.739999771118164,6900.0,24.864913940429688
2017-10-06,28.719999313354492,28.010000228881836,28.670000076293945,28.059999465942383,23900.0,24.276594161987305
2017-10-09,28.450000762939453,28.079999923706055,28.079999923706055,28.219999313354492,7900.0,24.415021896362305
2017-10-10,28.540000915527344,28.299999237060547,28.31999969482422,28.489999771118164,4000.0,24.648618698120117
2017-10-11,28.989999771118164,28.350000381469727,28.530000686645508,28.5,6800.0,24.657268524169922
2017-10-12,28.649999618530273,28.43000030517578,28.510000228881836,28.5,6300.0,24.657268524169922
2017-10-13,28.709999084472656,28.329999923706055,28.709999084472656,28.5,8800.0,24.657268524169922
2017-10-16,28.8799991607666,28.25,28.459999084472656,28.540000915527344,11800.0,24.691871643066406
2017-10-17,28.65999984741211,28.299999237060547,28.299999237060547,28.5,6400.0,24.657268524169922
2017-10-18,28.520000457763672,28.350000381469727,28.510000228881836,28.350000381469727,3300.0,24.52749252319336
2017-10-19,28.420000076293945,28.15999984741211,28.15999984741211,28.18000030517578,6500.0,24.380416870117188
2017-10-20,28.549999237060547,28.170000076293945,28.459999084472656,28.190000534057617,9200.0,24.389066696166992
2017-10-23,28.219999313354492,27.829999923706055,28.190000534057617,27.829999923706055,5000.0,24.077606201171875
2017-10-24,28.0,27.610000610351562,28.0,27.610000610351562,5300.0,23.887271881103516
2017-10-25,28.1299991607666,27.610000610351562,27.610000610351562,27.770000457763672,15700.0,24.025699615478516
2017-10-26,28.34000015258789,27.93000030517578,27.93000030517578,28.18000030517578,5800.0,24.380416870117188
2017-10-27,28.549999237060547,27.809999465942383,28.549999237060547,28.100000381469727,9100.0,24.311203002929688
2017-10-30,28.040000915527344,27.6299991607666,27.709999084472656,27.6299991607666,12400.0,23.90456771850586
2017-10-31,28.059999465942383,27.0,27.75,27.190000534057617,15100.0,23.523897171020508
2017-11-01,27.790000915527344,27.100000381469727,27.280000686645508,27.200000762939453,12600.0,23.53255271911621
2017-11-02,27.8799991607666,27.350000381469727,27.399999618530273,27.350000381469727,19500.0,23.66232681274414
2017-11-03,28.229999542236328,27.399999618530273,27.43000030517578,28.06999969482422,14200.0,24.285245895385742
2017-11-06,28.479999542236328,28.309999465942383,28.389999389648438,28.40999984741211,3000.0,24.579404830932617
2017-11-07,28.309999465942383,27.459999084472656,28.309999465942383,27.469999313354492,6600.0,23.76614761352539
2017-11-08,27.700000762939453,27.3799991607666,27.399999618530273,27.520000457763672,14500.0,23.809406280517578
2017-11-09,27.959999084472656,27.020000457763672,27.540000915527344,27.459999084472656,7500.0,23.757495880126953
2017-11-10,27.959999084472656,27.219999313354492,27.520000457763672,27.889999389648438,8600.0,24.129512786865234
2017-11-13,28.06999969482422,27.920000076293945,27.989999771118164,27.920000076293945,6700.0,24.155473709106445
2017-11-14,27.809999465942383,27.559999465942383,27.670000076293945,27.559999465942383,14500.0,23.844011306762695
2017-11-15,27.780000686645508,27.290000915527344,27.5,27.399999618530273,17400.0,23.705583572387695
2017-11-16,28.510000228881836,27.739999771118164,27.75,28.270000457763672,9100.0,24.458280563354492
2017-11-17,28.5,27.950000762939453,28.100000381469727,28.389999389648438,6000.0,24.56209945678711
2017-11-20,28.5,28.110000610351562,28.299999237060547,28.3799991607666,7600.0,24.55345344543457
2017-11-21,28.59000015258789,28.030000686645508,28.40999984741211,28.40999984741211,19400.0,24.579404830932617
2017-11-22,28.229999542236328,27.920000076293945,28.049999237060547,28.040000915527344,13700.0,24.259292602539062
2017-11-24,28.34000015258789,28.049999237060547,28.049999237060547,28.31999969482422,4200.0,24.50153923034668
2017-11-27,28.59000015258789,28.06999969482422,28.270000457763672,28.440000534057617,6300.0,24.605358123779297
2017-11-28,28.799999237060547,28.079999923706055,28.079999923706055,28.329999923706055,17600.0,24.510190963745117
2017-11-29,28.739999771118164,28.309999465942383,28.389999389648438,28.520000457763672,16200.0,24.67457389831543
2017-11-30,28.540000915527344,28.0,28.5,28.209999084472656,63600.0,24.4063720703125
2017-12-01,28.110000610351562,27.049999237060547,28.110000610351562,27.18000030517578,32400.0,23.7000789642334
2017-12-04,28.360000610351562,27.399999618530273,27.399999618530273,28.020000457763672,20600.0,24.43252944946289
2017-12-05,28.489999771118164,28.030000686645508,28.329999923706055,28.260000228881836,16600.0,24.64180564880371
2017-12-06,28.579999923706055,27.8700008392334,28.350000381469727,27.8700008392334,12200.0,24.301734924316406
2017-12-07,28.25,27.020000457763672,27.209999084472656,28.18000030517578,16800.0,24.572044372558594
2017-12-08,28.440000534057617,27.43000030517578,28.209999084472656,27.610000610351562,25900.0,24.075021743774414
2017-12-11,27.940000534057617,27.3799991607666,27.6299991607666,27.90999984741211,19300.0,24.33661460876465
2017-12-12,28.459999084472656,27.459999084472656,27.979999542236328,28.440000534057617,17500.0,24.798755645751953
2017-12-13,28.950000762939453,28.15999984741211,28.3799991607666,28.84000015258789,27300.0,25.147546768188477
2017-12-14,28.84000015258789,27.68000030517578,28.84000015258789,28.190000534057617,12500.0,24.58076286315918
2017-12-15,28.90999984741211,27.030000686645508,28.149999618530273,27.329999923706055,106000.0,23.83087158203125
2017-12-18,28.1200008392334,27.399999618530273,27.399999618530273,27.920000076293945,31500.0,24.345335006713867
2017-12-19,28.049999237060547,27.510000228881836,27.989999771118164,27.920000076293945,20700.0,24.345335006713867
2017-12-20,28.049999237060547,27.420000076293945,28.0,27.790000915527344,43100.0,24.231975555419922
2017-12-21,28.59000015258789,27.8799991607666,27.93000030517578,28.350000381469727,22500.0,24.720277786254883
2017-12-22,28.469999313354492,28.100000381469727,28.469999313354492,28.1200008392334,7100.0,24.519725799560547
2017-12-26,28.389999389648438,28.049999237060547,28.200000762939453,28.110000610351562,6400.0,24.511009216308594
2017-12-27,28.309999465942383,28.020000457763672,28.1200008392334,28.020000457763672,10500.0,24.43252944946289
2017-12-28,28.049999237060547,27.899999618530273,28.049999237060547,27.899999618530273,8300.0,24.327896118164062
2017-12-29,29.950000762939453,28.0,28.149999618530273,29.719999313354492,103700.0,25.914875030517578
2018-01-02,32.25,30.290000915527344,30.549999237060547,31.209999084472656,81800.0,27.214107513427734
2018-01-03,31.559999465942383,29.329999923706055,31.350000381469727,30.5,79800.0,26.595008850097656
2018-01-04,32.630001068115234,30.600000381469727,30.6299991607666,32.349998474121094,53100.0,28.20814323425293
2018-01-05,32.9900016784668,31.059999465942383,32.400001525878906,32.380001068115234,41800.0,28.23430824279785
2018-01-08,32.0,30.530000686645508,32.0,30.899999618530273,59200.0,26.943798065185547
2018-01-09,31.43000030517578,30.81999969482422,30.90999984741211,31.110000610351562,19000.0,27.126909255981445
2018-01-10,31.399999618530273,30.950000762939453,31.0,31.280000686645508,19700.0,27.275144577026367
2018-01-11,31.959999084472656,31.270000457763672,31.440000534057617,31.959999084472656,15800.0,27.868080139160156
2018-01-12,32.0,31.600000381469727,31.899999618530273,31.829999923706055,47400.0,27.754730224609375
2018-01-16,32.36000061035156,31.739999771118164,31.959999084472656,31.950000762939453,29400.0,27.85936164855957
2018-01-17,32.189998626708984,31.579999923706055,31.979999542236328,32.0099983215332,26500.0,27.91167640686035
2018-01-18,32.349998474121094,31.6200008392334,32.0,32.11000061035156,23000.0,27.998872756958008
2018-01-19,32.33000183105469,31.649999618530273,32.0,32.2599983215332,39100.0,28.129669189453125
2018-01-22,33.54999923706055,32.0099983215332,32.290000915527344,33.0,100500.0,28.774930953979492
2018-01-23,33.599998474121094,32.86000061035156,32.86000061035156,33.310001373291016,45300.0,29.04524040222168
2018-01-24,33.400001525878906,32.34000015258789,33.400001525878906,32.560001373291016,17900.0,28.391263961791992
2018-01-25,33.209999084472656,32.560001373291016,32.560001373291016,32.97999954223633,30200.0,28.757488250732422
2018-01-26,33.779998779296875,32.84000015258789,32.9900016784668,33.61000061035156,34400.0,29.306835174560547
2018-01-29,33.61000061035156,32.290000915527344,33.279998779296875,32.47999954223633,32200.0,28.321500778198242
2018-01-30,32.970001220703125,31.670000076293945,32.38999938964844,31.829999923706055,12400.0,27.754730224609375
2018-01-31,32.81999969482422,30.809999465942383,31.899999618530273,30.979999542236328,23400.0,27.013551712036133
2018-02-01,31.68000030517578,30.84000015258789,30.950000762939453,31.0,20100.0,27.030994415283203
2018-02-02,33.61000061035156,29.81999969482422,30.860000610351562,30.209999084472656,31700.0,26.34214210510254
2018-02-05,31.0,29.649999618530273,29.989999771118164,29.809999465942383,23700.0,25.99335479736328
2018-02-06,30.079999923706055,29.149999618530273,29.350000381469727,29.780000686645508,17700.0,25.967193603515625
2018-02-07,30.280000686645508,29.690000534057617,30.200000762939453,29.90999984741211,23600.0,26.080549240112305
2018-02-08,30.1200008392334,28.920000076293945,29.989999771118164,29.309999465942383,16500.0,25.55736541748047
2018-02-09,30.18000030517578,29.18000030517578,29.600000381469727,29.8799991607666,17200.0,26.05438804626465
2018-02-12,30.1200008392334,29.579999923706055,30.030000686645508,29.809999465942383,16300.0,25.99335479736328
2018-02-13,30.020000457763672,29.469999313354492,29.670000076293945,29.899999618530273,4100.0,26.07183265686035
2018-02-14,30.040000915527344,29.40999984741211,29.719999313354492,29.93000030517578,9800.0,26.09798812866211
2018-02-15,30.450000762939453,29.850000381469727,30.239999771118164,30.40999984741211,22800.0,26.51653289794922
2018-02-16,30.8700008392334,30.350000381469727,30.40999984741211,30.75,14500.0,26.81300163269043
2018-02-20,31.950000762939453,30.280000686645508,30.709999084472656,30.940000534057617,37200.0,26.978675842285156
2018-02-21,31.329999923706055,30.59000015258789,30.920000076293945,30.649999618530273,6500.0,26.72580337524414
2018-02-22,31.6299991607666,30.600000381469727,30.829999923706055,31.200000762939453,18600.0,27.205387115478516
2018-02-23,31.469999313354492,30.6299991607666,31.280000686645508,31.149999618530273,7900.0,27.16179084777832
2018-02-26,31.68000030517578,30.860000610351562,31.15999984741211,31.68000030517578,10800.0,27.623931884765625
2018-02-27,31.84000015258789,30.649999618530273,31.56999969482422,31.1299991607666,16800.0,27.144346237182617
2018-02-28,31.34000015258789,30.389999389648438,31.1200008392334,30.43000030517578,9700.0,26.53397560119629
2018-03-01,31.84000015258789,30.399999618530273,30.530000686645508,30.809999465942383,13500.0,26.865320205688477
2018-03-02,31.459999084472656,30.450000762939453,30.540000915527344,31.260000228881836,7400.0,27.25770378112793
2018-03-05,31.280000686645508,30.420000076293945,31.09000015258789,30.719999313354492,26700.0,26.786842346191406
2018-03-06,31.40999984741211,30.610000610351562,30.780000686645508,30.920000076293945,12300.0,26.96123504638672
2018-03-07,31.68000030517578,30.639999389648438,30.860000610351562,31.6299991607666,13400.0,27.580331802368164
2018-03-08,32.2599983215332,31.110000610351562,31.739999771118164,31.860000610351562,10500.0,27.780885696411133
2018-03-09,33.599998474121094,31.959999084472656,31.959999084472656,33.0,18100.0,28.774930953979492
2018-03-12,33.529998779296875,32.45000076293945,33.119998931884766,32.619998931884766,17800.0,28.443578720092773
2018-03-13,33.119998931884766,32.43000030517578,33.119998931884766,32.43000030517578,17000.0,28.277908325195312
2018-03-14,32.560001373291016,31.950000762939453,32.560001373291016,32.4900016784668,9500.0,28.330224990844727
2018-03-15,32.31999969482422,31.719999313354492,32.31999969482422,31.969999313354492,12600.0,28.066852569580078
2018-03-16,32.79999923706055,31.959999084472656,31.959999084472656,32.45000076293945,29700.0,28.488248825073242
2018-03-19,32.959999084472656,32.349998474121094,32.5,32.84000015258789,16900.0,28.830636978149414
2018-03-20,33.040000915527344,32.45000076293945,32.900001525878906,32.58000183105469,11300.0,28.602384567260742
2018-03-21,33.779998779296875,32.459999084472656,32.459999084472656,32.619998931884766,8500.0,28.63749122619629
2018-03-22,32.63999938964844,32.279998779296875,32.439998626708984,32.29999923706055,9700.0,28.3565616607666
2018-03-23,33.189998626708984,32.099998474121094,32.43000030517578,32.22999954223633,19300.0,28.29511070251465
2018-03-26,33.54999923706055,32.349998474121094,32.400001525878906,32.880001068115234,15500.0,28.865751266479492
2018-03-27,33.209999084472656,32.689998626708984,32.880001068115234,32.72999954223633,9200.0,28.73406410217285
2018-03-28,33.369998931884766,32.65999984741211,32.86000061035156,33.13999938964844,12300.0,29.09400749206543
2018-03-29,34.0,33.11000061035156,33.119998931884766,33.599998474121094,24800.0,29.497846603393555
2018-04-02,33.849998474121094,32.70000076293945,33.529998779296875,32.939998626708984,16300.0,28.91842269897461
2018-04-03,33.5099983215332,32.90999984741211,32.90999984741211,33.209999084472656,16300.0,29.155466079711914
2018-04-04,34.790000915527344,32.970001220703125,32.970001220703125,34.63999938964844,20000.0,30.410879135131836
2018-04-05,35.77000045776367,34.709999084472656,34.709999084472656,35.36000061035156,14700.0,31.0429744720459
2018-04-06,35.599998474121094,34.15999984741211,35.209999084472656,34.58000183105469,14800.0,30.358203887939453
2018-04-09,35.040000915527344,34.06999969482422,34.75,34.61000061035156,11800.0,30.38454246520996
2018-04-10,35.47999954223633,34.84000015258789,34.88999938964844,35.220001220703125,10500.0,30.92005729675293
2018-04-11,36.13999938964844,35.0,35.11000061035156,35.91999816894531,42400.0,31.534603118896484
2018-04-12,36.0,34.83000183105469,36.0,35.58000183105469,4200.0,31.236116409301758
2018-04-13,35.86000061035156,35.119998931884766,35.779998779296875,35.5,10100.0,31.16588020324707
2018-04-16,36.56999969482422,35.20000076293945,35.58000183105469,36.25,13000.0,31.824316024780273
2018-04-17,37.5099983215332,36.0,36.36000061035156,37.40999984741211,24000.0,32.84269332885742
2018-04-18,37.790000915527344,36.790000915527344,37.380001068115234,36.97999954223633,21300.0,32.46519470214844
2018-04-19,37.20000076293945,36.81999969482422,36.88999938964844,36.91999816894531,6000.0,32.41251754760742
2018-04-20,37.06999969482422,36.7400016784668,36.81999969482422,36.83000183105469,13400.0,32.3335075378418
2018-04-23,36.869998931884766,36.41999816894531,36.869998931884766,36.470001220703125,5800.0,32.0174560546875
2018-04-24,36.91999816894531,36.380001068115234,36.630001068115234,36.47999954223633,7100.0,32.02623748779297
2018-04-25,36.93000030517578,36.0,36.22999954223633,36.7400016784668,12500.0,32.254493713378906
2018-04-26,37.52000045776367,36.349998474121094,36.81999969482422,37.130001068115234,12800.0,32.59687423706055
2018-04-27,37.5099983215332,37.029998779296875,37.27000045776367,37.279998779296875,20900.0,32.72856903076172
2018-04-30,37.279998779296875,36.52000045776367,37.279998779296875,36.70000076293945,17500.0,32.21937561035156
2018-05-01,36.79999923706055,36.060001373291016,36.72999954223633,36.47999954223633,10000.0,32.02623748779297
2018-05-02,36.91999816894531,36.380001068115234,36.380001068115234,36.689998626708984,7600.0,32.210594177246094
2018-05-03,36.79999923706055,36.279998779296875,36.38999938964844,36.5099983215332,8100.0,32.052574157714844
2018-05-04,36.9900016784668,36.380001068115234,36.5099983215332,36.88999938964844,10500.0,32.38618087768555
2018-05-07,38.25,36.7599983215332,37.43000030517578,37.099998474121094,25200.0,32.5705451965332
2018-05-08,36.939998626708984,36.56999969482422,36.939998626708984,36.56999969482422,9100.0,32.105255126953125
2018-05-09,36.72999954223633,33.119998931884766,36.689998626708984,33.72999954223633,47900.0,29.611974716186523
2018-05-10,33.22999954223633,31.709999084472656,32.880001068115234,32.0,26000.0,28.093189239501953
2018-05-11,33.0,31.850000381469727,32.16999816894531,31.950000762939453,21500.0,28.049293518066406
2018-05-14,32.47999954223633,31.040000915527344,32.040000915527344,31.040000915527344,21900.0,27.25039291381836
2018-05-15,31.610000610351562,30.84000015258789,30.979999542236328,31.489999771118164,22800.0,27.645450592041016
2018-05-16,34.599998474121094,31.450000762939453,31.450000762939453,33.34000015258789,29200.0,29.26959228515625
2018-05-17,34.91999816894531,33.52000045776367,33.52000045776367,34.04999923706055,15400.0,29.892913818359375
2018-05-18,34.93000030517578,33.4900016784668,34.099998474121094,33.65999984741211,14100.0,29.55052375793457
2018-05-21,34.2400016784668,33.400001525878906,33.599998474121094,34.15999984741211,25300.0,29.989482879638672
2018-05-22,34.279998779296875,33.61000061035156,34.18000030517578,33.970001220703125,15800.0,29.82267951965332
2018-05-23,34.400001525878906,33.810001373291016,33.93000030517578,34.16999816894531,12700.0,29.998254776000977
2018-05-24,34.20000076293945,33.400001525878906,33.939998626708984,34.189998626708984,11700.0,30.219221115112305
2018-05-25,34.22999954223633,33.91999816894531,34.189998626708984,34.209999084472656,4300.0,30.236902236938477
2018-05-29,34.439998626708984,33.95000076293945,34.150001525878906,34.349998474121094,8000.0,30.360641479492188
2018-05-30,34.900001525878906,34.36000061035156,34.369998931884766,34.529998779296875,20800.0,30.519731521606445
2018-05-31,35.02000045776367,34.529998779296875,34.599998474121094,34.66999816894531,12400.0,30.643474578857422
2018-06-01,35.900001525878906,34.369998931884766,35.02000045776367,35.869998931884766,13600.0,31.704113006591797
2018-06-04,36.16999816894531,34.779998779296875,35.790000915527344,35.869998931884766,11800.0,31.704113006591797
2018-06-05,36.36000061035156,35.84000015258789,35.84000015258789,36.220001220703125,9600.0,32.01346206665039
2018-06-06,36.849998474121094,36.060001373291016,36.25,36.189998626708984,13300.0,31.98694610595703
2018-06-07,36.41999816894531,35.63999938964844,36.09000015258789,35.70000076293945,9300.0,31.553850173950195
2018-06-08,35.88999938964844,35.209999084472656,35.630001068115234,35.54999923706055,8100.0,31.421276092529297
2018-06-11,35.849998474121094,33.0,35.529998779296875,35.2400016784668,210900.0,31.14727783203125
2018-06-12,35.959999084472656,35.2400016784668,35.2400016784668,35.380001068115234,14800.0,31.271020889282227
2018-06-13,35.38999938964844,34.0,35.38999938964844,34.11000061035156,29500.0,30.148517608642578
2018-06-14,35.2599983215332,34.189998626708984,34.25,35.130001068115234,19400.0,31.05005645751953
2018-06-15,36.56999969482422,34.849998474121094,34.95000076293945,36.470001220703125,50000.0,32.23443603515625
2018-06-18,36.59000015258789,35.380001068115234,36.279998779296875,36.18000030517578,13800.0,31.97810173034668
2018-06-19,36.810001373291016,35.84000015258789,35.84000015258789,36.310001373291016,9700.0,32.093021392822266
2018-06-20,37.279998779296875,35.95000076293945,36.5,37.060001373291016,6700.0,32.75590133666992
2018-06-21,37.290000915527344,34.27000045776367,37.040000915527344,36.810001373291016,14400.0,32.53493881225586
2018-06-22,37.310001373291016,36.540000915527344,37.0,37.20000076293945,40300.0,32.87964630126953
2018-06-25,37.130001068115234,35.709999084472656,37.130001068115234,36.33000183105469,25700.0,32.11069107055664
2018-06-26,37.95000076293945,36.099998474121094,36.369998931884766,37.529998779296875,26500.0,33.17131805419922
2018-06-27,37.790000915527344,36.560001373291016,37.52000045776367,37.20000076293945,14900.0,32.87964630126953
2018-06-28,37.11000061035156,36.650001525878906,37.099998474121094,36.95000076293945,6400.0,32.6586799621582
2018-06-29,37.65999984741211,36.209999084472656,37.040000915527344,36.400001525878906,21800.0,32.17255783081055
2018-07-02,37.5,36.400001525878906,36.400001525878906,37.119998931884766,13800.0,32.808937072753906
2018-07-03,37.22999954223633,36.54999923706055,37.22999954223633,36.54999923706055,1800.0,32.30514144897461
2018-07-05,37.2400016784668,36.209999084472656,36.58000183105469,37.11000061035156,7000.0,32.80010223388672
2018-07-06,37.349998474121094,36.63999938964844,37.11000061035156,37.22999954223633,7700.0,32.90616226196289
2018-07-09,37.380001068115234,37.029998779296875,37.2400016784668,37.25,4800.0,32.92384338378906
2018-07-10,37.849998474121094,36.900001525878906,37.34000015258789,37.13999938964844,13600.0,32.82661819458008
2018-07-11,39.93000030517578,36.099998474121094,37.13999938964844,37.040000915527344,32900.0,32.73823547363281
2018-07-12,37.310001373291016,36.119998931884766,37.130001068115234,36.40999984741211,12700.0,32.181392669677734
2018-07-13,36.939998626708984,36.38999938964844,36.400001525878906,36.68000030517578,5500.0,32.420040130615234
2018-07-16,37.029998779296875,36.310001373291016,36.70000076293945,36.459999084472656,3800.0,32.225589752197266
2018-07-17,37.43000030517578,35.88999938964844,35.88999938964844,36.720001220703125,12600.0,32.45539093017578
2018-07-18,36.970001220703125,36.22999954223633,36.65999984741211,36.599998474121094,2700.0,32.34932327270508
2018-07-19,36.959999084472656,36.189998626708984,36.47999954223633,36.75,13500.0,32.481903076171875
2018-07-20,37.470001220703125,36.61000061035156,36.650001525878906,37.400001525878906,15700.0,33.05642318725586
2018-07-23,37.4900016784668,37.11000061035156,37.31999969482422,37.36000061035156,3700.0,33.021060943603516
2018-07-24,37.0,36.7400016784668,37.0,36.7400016784668,2900.0,32.47307205200195
2018-07-25,36.5,33.630001068115234,36.5,35.84000015258789,6200.0,31.677595138549805
2018-07-26,36.20000076293945,33.720001220703125,35.849998474121094,35.61000061035156,8900.0,31.474308013916016
2018-07-27,35.900001525878906,34.650001525878906,35.7400016784668,34.75,5700.0,30.71418571472168
2018-07-30,35.16999816894531,34.689998626708984,34.779998779296875,34.7400016784668,10200.0,30.705345153808594
2018-07-31,35.09000015258789,34.45000076293945,34.810001373291016,34.849998474121094,8400.0,30.802574157714844
2018-08-01,34.79999923706055,34.38999938964844,34.709999084472656,34.459999084472656,4900.0,30.457866668701172
2018-08-02,34.95000076293945,34.33000183105469,34.540000915527344,34.880001068115234,7400.0,30.82908821105957
2018-08-03,34.939998626708984,34.47999954223633,34.540000915527344,34.529998779296875,5900.0,30.519731521606445
2018-08-06,34.81999969482422,34.099998474121094,34.40999984741211,34.720001220703125,8400.0,30.687673568725586
2018-08-07,35.130001068115234,34.720001220703125,34.9900016784668,35.130001068115234,4500.0,31.05005645751953
2018-08-08,37.11000061035156,35.13999938964844,35.220001220703125,36.0,8800.0,31.819013595581055
2018-08-09,37.18000030517578,35.38999938964844,35.66999816894531,36.790000915527344,8500.0,32.51726531982422
2018-08-10,37.31999969482422,36.5,36.5,37.119998931884766,7500.0,32.808937072753906
2018-08-13,37.22999954223633,36.70000076293945,37.09000015258789,37.040000915527344,4400.0,32.73823547363281
2018-08-14,37.5,36.93000030517578,37.0,37.220001220703125,6900.0,32.89732360839844
2018-08-15,38.29999923706055,36.369998931884766,36.369998931884766,37.68000030517578,13100.0,33.30390548706055
2018-08-16,38.369998931884766,35.56999969482422,37.560001373291016,38.16999816894531,14100.0,33.73699188232422
2018-08-17,39.5,37.720001220703125,37.95000076293945,39.34000015258789,21200.0,34.77111053466797
2018-08-20,39.75,38.119998931884766,39.52000045776367,38.439998626708984,13200.0,33.97563552856445
2018-08-21,38.5,37.29999923706055,38.5,37.56999969482422,16300.0,33.206668853759766
2018-08-22,37.599998474121094,37.0099983215332,37.599998474121094,37.18000030517578,7100.0,32.86196517944336
2018-08-23,37.7400016784668,37.099998474121094,37.56999969482422,37.220001220703125,19700.0,32.89732360839844
2018-08-24,38.5,37.0099983215332,37.0099983215332,38.34000015258789,13100.0,33.887245178222656
2018-08-27,38.900001525878906,37.61000061035156,38.2400016784668,37.810001373291016,22500.0,33.41880416870117
2018-08-28,37.599998474121094,36.83000183105469,37.470001220703125,37.31999969482422,10500.0,33.18759536743164
2018-08-29,37.13999938964844,35.90999984741211,37.13999938964844,36.650001525878906,8800.0,32.59178161621094
2018-08-30,36.720001220703125,36.20000076293945,36.34000015258789,36.54999923706055,7800.0,32.50285339355469
2018-08-31,36.209999084472656,34.900001525878906,36.209999084472656,35.470001220703125,14100.0,31.542442321777344
2018-09-04,36.5,35.06999969482422,35.18000030517578,36.06999969482422,8100.0,32.07600784301758
2018-09-05,36.18000030517578,34.529998779296875,36.18000030517578,34.689998626708984,18500.0,30.84881591796875
2018-09-06,36.88999938964844,34.7599983215332,34.7599983215332,36.34000015258789,38500.0,32.31611251831055
2018-09-07,37.52000045776367,36.150001525878906,36.400001525878906,36.86000061035156,15000.0,32.77853012084961
2018-09-10,37.4900016784668,36.06999969482422,37.4900016784668,36.58000183105469,10900.0,32.529541015625
2018-09-11,36.59000015258789,35.83000183105469,36.540000915527344,36.16999816894531,13200.0,32.1649284362793
2018-09-12,36.2400016784668,35.61000061035156,36.209999084472656,35.95000076293945,7500.0,31.96929168701172
2018-09-13,36.4900016784668,35.59000015258789,36.290000915527344,36.29999923706055,5000.0,32.28052520751953
2018-09-14,36.560001373291016,36.15999984741211,36.560001373291016,36.439998626708984,3900.0,32.405033111572266
2018-09-17,36.459999084472656,35.09000015258789,36.310001373291016,36.060001373291016,7800.0,32.067108154296875
2018-09-18,36.310001373291016,35.279998779296875,36.25,35.34000015258789,9800.0,31.426836013793945
2018-09-19,35.400001525878906,34.029998779296875,35.16999816894531,34.029998779296875,15100.0,30.261886596679688
2018-09-20,36.310001373291016,33.77000045776367,34.36000061035156,34.470001220703125,17500.0,30.65317153930664
2018-09-21,35.400001525878906,34.38999938964844,34.38999938964844,35.310001373291016,50400.0,31.40015983581543
2018-09-24,35.900001525878906,34.939998626708984,35.22999954223633,35.16999816894531,13000.0,31.275651931762695
2018-09-25,35.63999938964844,35.04999923706055,35.34000015258789,35.5099983215332,7200.0,31.57801628112793
2018-09-26,35.380001068115234,34.619998931884766,35.31999969482422,34.810001373291016,6500.0,30.955524444580078
2018-09-27,34.7400016784668,33.88999938964844,34.70000076293945,34.720001220703125,6100.0,30.8754940032959
2018-09-28,35.189998626708984,34.369998931884766,34.630001068115234,35.18000030517578,8500.0,31.28455924987793
2018-10-01,35.20000076293945,34.59000015258789,35.20000076293945,34.88999938964844,6200.0,31.026662826538086
2018-10-02,34.88999938964844,33.900001525878906,34.279998779296875,33.900001525878906,8900.0,30.146284103393555
2018-10-03,34.56999969482422,33.439998626708984,34.56999969482422,33.540000915527344,7200.0,29.826147079467773
2018-10-04,33.630001068115234,31.280000686645508,33.22999954223633,31.8700008392334,24000.0,28.341064453125
2018-10-05,31.639999389648438,30.899999618530273,31.559999465942383,31.239999771118164,16900.0,27.780824661254883
2018-10-08,31.790000915527344,29.90999984741211,31.239999771118164,30.09000015258789,34600.0,26.75816535949707
2018-10-09,31.989999771118164,29.850000381469727,29.850000381469727,31.469999313354492,16200.0,27.9853572845459
2018-10-10,31.81999969482422,30.950000762939453,31.09000015258789,30.950000762939453,13100.0,27.522933959960938
2018-10-11,31.459999084472656,30.469999313354492,30.950000762939453,30.780000686645508,14100.0,27.37176513671875
2018-10-12,32.099998474121094,30.8700008392334,30.889999389648438,31.389999389648438,20300.0,27.914215087890625
2018-10-15,32.099998474121094,31.18000030517578,31.3700008392334,31.90999984741211,13600.0,28.37663459777832
2018-10-16,32.310001373291016,31.5,31.5,32.310001373291016,25500.0,28.732343673706055
2018-10-17,33.150001525878906,31.729999542236328,32.2400016784668,31.739999771118164,40200.0,28.225460052490234
2018-10-18,31.899999618530273,30.59000015258789,31.860000610351562,30.770000457763672,22000.0,27.362869262695312
2018-10-19,31.469999313354492,30.219999313354492,30.719999313354492,30.350000381469727,16200.0,26.98937225341797
2018-10-22,30.989999771118164,30.299999237060547,30.329999923706055,30.420000076293945,19400.0,27.05162239074707
2018-10-23,30.889999389648438,30.260000228881836,30.260000228881836,30.459999084472656,15200.0,27.087188720703125
2018-10-24,30.969999313354492,30.1299991607666,30.799999237060547,30.1299991607666,16200.0,26.793731689453125
2018-10-25,30.889999389648438,30.06999969482422,30.18000030517578,30.459999084472656,17500.0,27.087188720703125
2018-10-26,31.0,30.209999084472656,30.209999084472656,30.260000228881836,17200.0,26.90933609008789
2018-10-29,31.760000228881836,30.479999542236328,30.559999465942383,31.239999771118164,12100.0,27.780824661254883
2018-10-30,32.650001525878906,31.75,31.940000534057617,31.969999313354492,15700.0,28.429990768432617
2018-10-31,32.630001068115234,31.5,32.38999938964844,31.639999389648438,12800.0,28.136531829833984
2018-11-01,32.529998779296875,31.790000915527344,31.790000915527344,32.060001373291016,13100.0,28.510032653808594
2018-11-02,33.209999084472656,31.760000228881836,31.950000762939453,31.8799991607666,16200.0,28.349958419799805
2018-11-05,33.43000030517578,32.15999984741211,32.15999984741211,32.5099983215332,16700.0,28.910194396972656
2018-11-06,33.060001373291016,32.290000915527344,32.40999984741211,32.83000183105469,7600.0,29.194766998291016
2018-11-07,33.130001068115234,31.5,31.5,32.959999084472656,9300.0,29.31036949157715
2018-11-08,33.630001068115234,33.15999984741211,33.15999984741211,33.459999084472656,4300.0,29.7550048828125
2018-11-09,33.869998931884766,33.459999084472656,33.61000061035156,33.459999084472656,9900.0,29.7550048828125
2018-11-12,33.90999984741211,33.09000015258789,33.5,33.470001220703125,11700.0,29.763900756835938
2018-11-13,33.97999954223633,32.540000915527344,33.150001525878906,33.880001068115234,12000.0,30.128501892089844
2018-11-14,34.099998474121094,33.41999816894531,34.099998474121094,33.41999816894531,6900.0,29.719432830810547
2018-11-15,33.849998474121094,33.029998779296875,33.5,33.11000061035156,14700.0,29.443763732910156
2018-11-16,33.84000015258789,31.5,33.20000076293945,33.5,11400.0,29.790576934814453
2018-11-19,34.0,33.47999954223633,33.47999954223633,33.709999084472656,9300.0,29.977325439453125
2018-11-20,33.47999954223633,32.040000915527344,33.31999969482422,33.22999954223633,10000.0,29.55047607421875
2018-11-21,33.81999969482422,32.88999938964844,33.2400016784668,33.290000915527344,17600.0,29.60383415222168
2018-11-23,33.5,33.5,33.5,33.5,1700.0,29.790576934814453
2018-11-26,33.52000045776367,33.13999938964844,33.52000045776367,33.36000061035156,7300.0,29.666080474853516
2018-11-27,33.56999969482422,32.91999816894531,33.36000061035156,32.95000076293945,5500.0,29.30147933959961
2018-11-28,33.810001373291016,32.95000076293945,32.95000076293945,33.599998474121094,7900.0,29.879507064819336
2018-11-29,33.5,33.150001525878906,33.5,33.209999084472656,4900.0,29.53268814086914
2018-11-30,33.97999954223633,32.75,33.18000030517578,33.119998931884766,16800.0,29.65805435180664
2018-12-03,34.459999084472656,33.099998474121094,33.560001373291016,33.560001373291016,10400.0,30.052066802978516
2018-12-04,33.75,31.969999313354492,32.779998779296875,31.979999542236328,12900.0,28.63721466064453
2018-12-06,32.470001220703125,31.6200008392334,32.099998474121094,31.6200008392334,11700.0,28.314847946166992
2018-12-07,31.8799991607666,29.920000076293945,31.459999084472656,30.5,27800.0,27.311918258666992
2018-12-10,31.170000076293945,30.299999237060547,30.3799991607666,31.139999389648438,17700.0,27.8850154876709
2018-12-11,31.65999984741211,30.68000030517578,30.68000030517578,31.399999618530273,19300.0,28.117841720581055
2018-12-12,32.900001525878906,30.56999969482422,31.43000030517578,31.950000762939453,14000.0,28.610353469848633
2018-12-13,31.950000762939453,30.459999084472656,31.760000228881836,30.770000457763672,14900.0,27.553691864013672
2018-12-14,31.170000076293945,30.420000076293945,30.719999313354492,30.559999465942383,9600.0,27.365644454956055
2018-12-17,30.559999465942383,29.25,30.559999465942383,30.079999923706055,18700.0,26.93581771850586
2018-12-18,30.989999771118164,30.15999984741211,30.239999771118164,30.18000030517578,7100.0,27.025365829467773
2018-12-19,30.850000381469727,29.200000762939453,30.059999465942383,29.84000015258789,18800.0,26.720903396606445
2018-12-20,30.809999465942383,27.030000686645508,27.030000686645508,30.600000381469727,23100.0,27.40146255493164
2018-12-21,30.65999984741211,29.860000610351562,30.530000686645508,29.860000610351562,43900.0,26.73881721496582
2018-12-24,29.989999771118164,28.149999618530273,29.989999771118164,28.540000915527344,10600.0,25.556791305541992
2018-12-26,30.719999313354492,28.56999969482422,28.729999542236328,30.149999618530273,14500.0,26.998502731323242
2018-12-27,31.149999618530273,29.260000228881836,29.75,30.700000762939453,7400.0,27.49101448059082
2018-12-28,30.549999237060547,29.59000015258789,30.549999237060547,29.600000381469727,33000.0,26.50599479675293
2018-12-31,30.329999923706055,28.969999313354492,30.329999923706055,29.170000076293945,32300.0,26.12093734741211
2019-01-02,29.489999771118164,28.209999084472656,29.040000915527344,29.100000381469727,38100.0,26.05825424194336
2019-01-03,30.780000686645508,28.260000228881836,28.649999618530273,28.3700008392334,10700.0,25.40456199645996
2019-01-04,29.65999984741211,28.25,28.399999618530273,28.709999084472656,20700.0,25.70901870727539
2019-01-07,28.770000457763672,27.510000228881836,28.709999084472656,28.770000457763672,29300.0,25.76275062561035
2019-01-08,28.690000534057617,27.829999923706055,28.649999618530273,28.079999923706055,26500.0,25.144874572753906
2019-01-09,29.469999313354492,27.829999923706055,28.079999923706055,29.18000030517578,26400.0,26.12989044189453
2019-01-10,29.290000915527344,28.5,28.75,28.510000228881836,20400.0,25.52992820739746
2019-01-11,28.93000030517578,28.190000534057617,28.510000228881836,28.350000381469727,9800.0,25.38665008544922
2019-01-14,29.34000015258789,28.0,28.219999313354492,28.040000915527344,18500.0,25.10905647277832
2019-01-15,29.110000610351562,28.06999969482422,28.06999969482422,28.860000610351562,22000.0,25.843341827392578
2019-01-16,29.0,28.280000686645508,29.0,28.43000030517578,16300.0,25.458288192749023
2019-01-17,29.15999984741211,28.559999465942383,28.559999465942383,28.6299991607666,11500.0,25.63738250732422
2019-01-18,28.719999313354492,28.219999313354492,28.6200008392334,28.219999313354492,21900.0,25.270238876342773
2019-01-22,28.709999084472656,27.530000686645508,28.209999084472656,27.940000534057617,21600.0,25.01950454711914
2019-01-23,28.350000381469727,27.610000610351562,27.93000030517578,27.84000015258789,19100.0,24.92995834350586
2019-01-24,28.520000457763672,27.09000015258789,27.799999237060547,27.399999618530273,13100.0,24.535953521728516
2019-01-25,27.639999389648438,27.020000457763672,27.459999084472656,27.170000076293945,9500.0,24.329994201660156
2019-01-28,27.389999389648438,26.700000762939453,27.0,26.989999771118164,21000.0,24.168807983398438
2019-01-29,27.5,26.780000686645508,27.0,26.8799991607666,16400.0,24.07030487060547
2019-01-30,27.40999984741211,26.899999618530273,26.899999618530273,27.209999084472656,9700.0,24.365808486938477
2019-01-31,27.059999465942383,26.709999084472656,27.059999465942383,26.8700008392334,17300.0,24.061355590820312
2019-02-01,28.06999969482422,26.899999618530273,27.299999237060547,27.030000686645508,11400.0,24.204627990722656
2019-02-04,27.899999618530273,26.93000030517578,26.93000030517578,27.469999313354492,10700.0,24.598634719848633
2019-02-05,27.989999771118164,27.149999618530273,27.719999313354492,27.209999084472656,5100.0,24.365808486938477
2019-02-06,27.40999984741211,27.020000457763672,27.200000762939453,27.3799991607666,6200.0,24.518037796020508
2019-02-07,27.329999923706055,27.15999984741211,27.209999084472656,27.170000076293945,4700.0,24.329994201660156
2019-02-08,27.31999969482422,27.0,27.139999389648438,27.299999237060547,11100.0,24.44640350341797
2019-02-11,27.510000228881836,27.280000686645508,27.389999389648438,27.309999465942383,8000.0,24.45535659790039
2019-02-12,27.3799991607666,27.170000076293945,27.34000015258789,27.3799991607666,4900.0,24.518037796020508
2019-02-13,27.739999771118164,27.149999618530273,27.270000457763672,27.68000030517578,5100.0,24.78668212890625
2019-02-14,27.969999313354492,27.479999542236328,27.479999542236328,27.540000915527344,8100.0,24.661319732666016
2019-02-15,28.5,27.65999984741211,27.65999984741211,28.489999771118164,14200.0,25.51201820373535
2019-02-19,29.139999389648438,28.25,28.260000228881836,29.059999465942383,12200.0,26.022436141967773
2019-02-20,29.299999237060547,29.0,29.0,29.020000457763672,11400.0,25.986616134643555
2019-02-21,29.6200008392334,29.09000015258789,29.200000762939453,29.3700008392334,9200.0,26.30003547668457
2019-02-22,30.59000015258789,29.25,29.56999969482422,29.860000610351562,28700.0,26.73881721496582
2019-02-25,30.799999237060547,29.84000015258789,30.079999923706055,29.940000534057617,14600.0,26.810453414916992
2019-02-26,30.6200008392334,29.989999771118164,30.170000076293945,30.110000610351562,6100.0,26.96268081665039
2019-02-27,30.139999389648438,29.43000030517578,29.920000076293945,30.1200008392334,12200.0,26.971637725830078
2019-02-28,30.479999542236328,30.0,30.399999618530273,30.31999969482422,13500.0,27.150732040405273
2019-03-01,30.979999542236328,30.18000030517578,30.350000381469727,30.399999618530273,9200.0,27.222370147705078
2019-03-04,30.399999618530273,29.81999969482422,30.329999923706055,29.829999923706055,7500.0,26.711950302124023
2019-03-05,30.15999984741211,28.989999771118164,29.850000381469727,28.989999771118164,53200.0,25.959753036499023
2019-03-06,31.690000534057617,29.799999237060547,30.299999237060547,31.260000228881836,81400.0,27.992477416992188
2019-03-07,32.95000076293945,31.399999618530273,31.399999618530273,31.799999237060547,23500.0,28.47603416442871
2019-03-08,31.6200008392334,30.520000457763672,31.09000015258789,31.6200008392334,36100.0,28.314847946166992
2019-03-11,32.91999816894531,31.56999969482422,31.56999969482422,32.380001068115234,9100.0,28.995407104492188
2019-03-12,32.41999816894531,31.780000686645508,32.41999816894531,32.099998474121094,12600.0,28.744672775268555
2019-03-13,32.650001525878906,32.0,32.560001373291016,32.029998779296875,17300.0,28.68198585510254
2019-03-14,32.220001220703125,30.25,31.40999984741211,31.889999389648438,21600.0,28.763164520263672
2019-03-15,32.31999969482422,31.399999618530273,31.809999465942383,31.90999984741211,43600.0,28.78120231628418
2019-03-18,32.11000061035156,30.959999084472656,31.889999389648438,31.889999389648438,17700.0,28.763164520263672
2019-03-19,32.59000015258789,31.709999084472656,31.989999771118164,31.90999984741211,6600.0,28.78120231628418
2019-03-20,32.560001373291016,31.6299991607666,32.040000915527344,32.04999923706055,10000.0,28.9074764251709
2019-03-21,32.900001525878906,30.40999984741211,32.04999923706055,32.150001525878906,35200.0,28.9976749420166
2019-03-22,32.27000045776367,31.219999313354492,32.15999984741211,31.93000030517578,24400.0,28.79924201965332
2019-03-25,32.54999923706055,31.850000381469727,31.850000381469727,32.38999938964844,8600.0,29.21413803100586
2019-03-26,32.459999084472656,32.02000045776367,32.119998931884766,32.29999923706055,13400.0,29.132965087890625
2019-03-27,32.380001068115234,31.899999618530273,32.29999923706055,32.31999969482422,12700.0,29.151002883911133
2019-03-28,32.220001220703125,31.329999923706055,32.220001220703125,31.559999465942383,13800.0,28.46552276611328
2019-03-29,31.700000762939453,30.559999465942383,30.969999313354492,30.959999084472656,19400.0,27.924352645874023
2019-04-01,31.700000762939453,30.850000381469727,30.959999084472656,31.549999237060547,10100.0,28.45650291442871
2019-04-02,32.0,31.030000686645508,31.450000762939453,32.0,31000.0,28.862377166748047
2019-04-03,32.400001525878906,31.549999237060547,32.13999938964844,32.29999923706055,9500.0,29.132965087890625
2019-04-04,33.2599983215332,31.31999969482422,32.25,33.0,11000.0,29.76432991027832
2019-04-05,33.529998779296875,32.81999969482422,33.16999816894531,33.279998779296875,13500.0,30.016874313354492
2019-04-08,33.63999938964844,32.40999984741211,32.40999984741211,33.459999084472656,10900.0,30.179224014282227
2019-04-09,33.849998474121094,32.61000061035156,33.25,32.900001525878906,15300.0,29.67413330078125
2019-04-10,33.0,32.22999954223633,32.97999954223633,33.0,10700.0,29.76432991027832
2019-04-11,33.0,32.619998931884766,32.9900016784668,32.939998626708984,3000.0,29.710208892822266
2019-04-12,33.130001068115234,32.2599983215332,32.95000076293945,33.130001068115234,12300.0,29.8815860748291
2019-04-15,34.099998474121094,33.099998474121094,33.130001068115234,33.33000183105469,6800.0,30.061975479125977
2019-04-16,33.95000076293945,33.29999923706055,33.58000183105469,33.560001373291016,7000.0,30.269426345825195
2019-04-17,34.040000915527344,32.75,33.849998474121094,33.84000015258789,7500.0,30.5219669342041
2019-04-18,33.900001525878906,33.36000061035156,33.599998474121094,33.900001525878906,6900.0,30.57608413696289
2019-04-22,33.849998474121094,33.31999969482422,33.65999984741211,33.720001220703125,10800.0,30.413734436035156
2019-04-23,34.150001525878906,33.310001373291016,33.599998474121094,34.150001525878906,7700.0,30.801572799682617
2019-04-24,34.33000183105469,33.9900016784668,34.150001525878906,33.9900016784668,7300.0,30.657262802124023
2019-04-25,33.9900016784668,33.650001525878906,33.95000076293945,33.689998626708984,8100.0,30.38667106628418
2019-04-26,34.0,33.369998931884766,33.720001220703125,33.970001220703125,7300.0,30.639219284057617
2019-04-29,34.279998779296875,33.7400016784668,33.95000076293945,34.150001525878906,7900.0,30.801572799682617
2019-04-30,34.439998626708984,33.84000015258789,34.2599983215332,34.310001373291016,17400.0,30.945884704589844
2019-05-01,34.20000076293945,33.83000183105469,34.16999816894531,33.83000183105469,9600.0,30.512943267822266
2019-05-02,34.0099983215332,33.66999816894531,34.0099983215332,33.86000061035156,4000.0,30.540006637573242
2019-05-03,34.18000030517578,33.7400016784668,33.93000030517578,34.18000030517578,9800.0,30.82863426208496
2019-05-06,33.81999969482422,33.380001068115234,33.81999969482422,33.380001068115234,4600.0,30.10706901550293
2019-05-07,33.7400016784668,33.11000061035156,33.11000061035156,33.2599983215332,9100.0,29.99883460998535
2019-05-08,34.040000915527344,33.540000915527344,33.689998626708984,33.599998474121094,8000.0,30.305500030517578
2019-05-09,34.09000015258789,33.529998779296875,33.529998779296875,33.779998779296875,4500.0,30.467851638793945
2019-05-10,33.70000076293945,32.47999954223633,33.70000076293945,32.599998474121094,7800.0,29.403547286987305
2019-05-13,32.220001220703125,30.530000686645508,32.220001220703125,30.530000686645508,8300.0,27.536516189575195
2019-05-14,31.5,29.110000610351562,30.459999084472656,29.399999618530273,13200.0,26.517311096191406
2019-05-15,29.649999618530273,29.15999984741211,29.649999618530273,29.31999969482422,3300.0,26.445154190063477
2019-05-16,29.809999465942383,29.06999969482422,29.5,29.459999084472656,8900.0,26.571428298950195
2019-05-17,29.450000762939453,29.290000915527344,29.350000381469727,29.450000762939453,3100.0,26.562410354614258
2019-05-20,29.200000762939453,28.56999969482422,28.579999923706055,28.829999923706055,12200.0,26.003202438354492
2019-05-21,29.5,28.040000915527344,28.75,28.649999618530273,11900.0,25.84084701538086
2019-05-22,28.389999389648438,26.170000076293945,28.389999389648438,26.510000228881836,11100.0,23.910676956176758
2019-05-23,27.149999618530273,26.399999618530273,26.75,26.600000381469727,11300.0,23.991853713989258
2019-05-24,27.690000534057617,26.739999771118164,26.739999771118164,27.290000915527344,7100.0,24.614198684692383
2019-05-28,27.940000534057617,26.8799991607666,27.479999542236328,26.8799991607666,5100.0,24.24439811706543
2019-05-29,27.18000030517578,25.389999389648438,27.18000030517578,25.5,16400.0,22.99970817565918
2019-05-30,26.040000915527344,25.309999465942383,25.899999618530273,25.350000381469727,15900.0,23.08165740966797
2019-05-31,25.56999969482422,25.010000228881836,25.56999969482422,25.020000457763672,13600.0,22.78118324279785
2019-06-03,25.8700008392334,25.200000762939453,25.200000762939453,25.219999313354492,10900.0,22.963285446166992
2019-06-04,26.31999969482422,25.059999465942383,25.440000534057617,26.209999084472656,9500.0,23.864700317382812
2019-06-05,26.610000610351562,25.719999313354492,26.610000610351562,25.940000534057617,5300.0,23.61886215209961
2019-06-06,26.040000915527344,25.719999313354492,25.770000457763672,25.75,3300.0,23.44586181640625
2019-06-07,26.34000015258789,25.729999542236328,25.729999542236328,25.889999389648438,6400.0,23.573333740234375
2019-06-10,26.59000015258789,25.760000228881836,26.1200008392334,26.360000610351562,9100.0,24.001279830932617
2019-06-11,26.739999771118164,25.780000686645508,26.530000686645508,26.3799991607666,8500.0,24.019487380981445
2019-06-12,26.170000076293945,25.809999465942383,26.09000015258789,25.809999465942383,1700.0,23.50049591064453
2019-06-13,26.59000015258789,25.8700008392334,26.59000015258789,26.219999313354492,4900.0,23.87380599975586
2019-06-14,26.489999771118164,25.1200008392334,26.010000228881836,25.459999084472656,12300.0,23.18181037902832
2019-06-17,25.90999984741211,25.25,25.280000686645508,25.700000762939453,8900.0,23.400339126586914
2019-06-18,26.719999313354492,25.700000762939453,26.719999313354492,26.0,10000.0,23.673490524291992
2019-06-19,26.510000228881836,25.700000762939453,26.049999237060547,26.450000762939453,4400.0,24.083227157592773
2019-06-20,26.739999771118164,25.780000686645508,26.739999771118164,25.950000762939453,13700.0,23.627965927124023
2019-06-21,26.489999771118164,25.5,25.709999084472656,25.920000076293945,27000.0,23.600650787353516
2019-06-24,26.520000457763672,25.920000076293945,25.920000076293945,26.329999923706055,7300.0,23.97396469116211
2019-06-25,26.329999923706055,25.920000076293945,26.329999923706055,26.149999618530273,8500.0,23.81006622314453
2019-06-26,26.170000076293945,25.6299991607666,26.149999618530273,25.649999618530273,13100.0,23.354812622070312
2019-06-27,26.25,25.510000228881836,25.90999984741211,25.780000686645508,14600.0,23.473180770874023
2019-06-28,26.739999771118164,25.790000915527344,26.020000457763672,26.709999084472656,34500.0,24.31995964050293
2019-07-01,27.329999923706055,26.600000381469727,26.920000076293945,26.940000534057617,12000.0,24.529382705688477
2019-07-02,27.1200008392334,26.8799991607666,27.030000686645508,27.049999237060547,3100.0,24.629535675048828
2019-07-03,27.049999237060547,26.6299991607666,27.049999237060547,26.959999084472656,3400.0,24.547588348388672
2019-07-05,26.850000381469727,26.65999984741211,26.729999542236328,26.65999984741211,2800.0,24.274433135986328
2019-07-08,26.729999542236328,26.360000610351562,26.5,26.489999771118164,8000.0,24.119644165039062
2019-07-09,26.6200008392334,26.049999237060547,26.420000076293945,26.049999237060547,9200.0,23.719017028808594
2019-07-10,26.809999465942383,25.6200008392334,26.100000381469727,25.670000076293945,8600.0,23.37302017211914
2019-07-11,25.770000457763672,25.0,25.700000762939453,25.1299991607666,13200.0,22.8813419342041
2019-07-12,25.559999465942383,24.010000228881836,25.1299991607666,24.739999771118164,56700.0,22.5262393951416
2019-07-15,25.0,22.65999984741211,24.780000686645508,23.350000381469727,37200.0,21.260618209838867
2019-07-16,23.40999984741211,23.079999923706055,23.350000381469727,23.079999923706055,30800.0,21.0147762298584
2019-07-17,24.920000076293945,22.989999771118164,23.0,23.1299991607666,88500.0,21.060300827026367
2019-07-18,23.799999237060547,23.1299991607666,23.1299991607666,23.760000228881836,21800.0,21.633930206298828
2019-07-19,24.059999465942383,23.68000030517578,23.719999313354492,23.770000457763672,26000.0,21.643035888671875
2019-07-22,25.229999542236328,23.770000457763672,23.770000457763672,25.229999542236328,43100.0,22.972393035888672
2019-07-23,26.3799991607666,24.600000381469727,25.040000915527344,26.190000534057617,16600.0,23.846494674682617
2019-07-24,26.899999618530273,25.600000381469727,26.190000534057617,26.649999618530273,8900.0,24.265331268310547
2019-07-25,26.889999389648438,26.350000381469727,26.889999389648438,26.65999984741211,5000.0,24.274433135986328
2019-07-26,27.06999969482422,26.239999771118164,26.579999923706055,26.75,7700.0,24.356382369995117
2019-07-29,26.93000030517578,25.440000534057617,26.420000076293945,26.84000015258789,6300.0,24.438329696655273
2019-07-30,27.020000457763672,26.690000534057617,26.889999389648438,26.889999389648438,6900.0,24.483854293823242
2019-07-31,27.899999618530273,27.0,27.0,27.520000457763672,17900.0,25.057483673095703
2019-08-01,27.850000381469727,26.200000762939453,27.850000381469727,26.219999313354492,13200.0,23.87380599975586
2019-08-02,26.729999542236328,26.0,26.229999542236328,26.309999465942383,8700.0,23.955753326416016
2019-08-05,25.739999771118164,25.09000015258789,25.09000015258789,25.5,9200.0,23.218231201171875
2019-08-06,25.8700008392334,25.329999923706055,25.5,25.639999389648438,3500.0,23.345703125
2019-08-07,25.110000610351562,24.0,24.889999389648438,24.579999923706055,15400.0,22.38055419921875
2019-08-08,25.09000015258789,24.3799991607666,24.3799991607666,24.809999465942383,19200.0,22.589975357055664
2019-08-09,25.059999465942383,24.309999465942383,24.770000457763672,24.309999465942383,5100.0,22.134716033935547
2019-08-12,24.5,24.110000610351562,24.5,24.110000610351562,7500.0,21.952613830566406
2019-08-13,25.110000610351562,24.239999771118164,24.270000457763672,24.399999618530273,12600.0,22.21666145324707
2019-08-14,23.93000030517578,23.350000381469727,23.93000030517578,23.3799991607666,19300.0,21.287931442260742
2019-08-15,23.889999389648438,22.719999313354492,23.600000381469727,22.809999465942383,16600.0,20.768938064575195
2019-08-16,23.739999771118164,22.950000762939453,22.950000762939453,23.739999771118164,18700.0,21.615718841552734
2019-08-19,24.31999969482422,23.770000457763672,23.84000015258789,24.040000915527344,8500.0,21.888877868652344
2019-08-20,24.239999771118164,23.350000381469727,24.0,23.40999984741211,9500.0,21.31524658203125
2019-08-21,24.239999771118164,23.399999618530273,23.420000076293945,24.0,7700.0,21.852455139160156
2019-08-22,24.93000030517578,23.709999084472656,23.709999084472656,24.739999771118164,12400.0,22.5262393951416
2019-08-23,24.780000686645508,23.3799991607666,23.8700008392334,23.3799991607666,22700.0,21.287931442260742
2019-08-26,24.670000076293945,23.469999313354492,23.5,24.6299991607666,19400.0,22.42608070373535
2019-08-27,25.010000228881836,24.389999389648438,24.639999389648438,24.68000030517578,15200.0,22.471607208251953
2019-08-28,25.100000381469727,24.09000015258789,24.399999618530273,25.049999237060547,11000.0,23.0324764251709
2019-08-29,25.639999389648438,24.59000015258789,25.3799991607666,24.59000015258789,9800.0,22.609525680541992
2019-08-30,24.84000015258789,24.40999984741211,24.84000015258789,24.530000686645508,4700.0,22.554359436035156
2019-09-03,24.860000610351562,24.15999984741211,24.280000686645508,24.299999237060547,8400.0,22.34288215637207
2019-09-04,25.1200008392334,24.40999984741211,24.670000076293945,24.850000381469727,4500.0,22.84858512878418
2019-09-05,25.299999237060547,24.549999237060547,25.239999771118164,25.0,9700.0,22.98650550842285
2019-09-06,25.100000381469727,24.290000915527344,24.8799991607666,24.3799991607666,13700.0,22.416440963745117
2019-09-09,24.75,24.399999618530273,24.420000076293945,24.75,12800.0,22.756641387939453
2019-09-10,25.549999237060547,24.65999984741211,24.65999984741211,25.489999771118164,10400.0,23.437040328979492
2019-09-11,26.239999771118164,25.25,25.489999771118164,26.040000915527344,15000.0,23.942745208740234
2019-09-12,26.139999389648438,25.850000381469727,26.0,26.110000610351562,21700.0,24.007104873657227
2019-09-13,26.860000610351562,26.1200008392334,26.200000762939453,26.510000228881836,12100.0,24.37489128112793
2019-09-16,26.299999237060547,25.549999237060547,25.690000534057617,25.549999237060547,8000.0,23.492210388183594
2019-09-17,25.670000076293945,24.209999084472656,25.549999237060547,25.670000076293945,12300.0,23.60254669189453
2019-09-18,25.600000381469727,25.030000686645508,25.600000381469727,25.030000686645508,9600.0,23.01409149169922
2019-09-19,25.1200008392334,24.5,25.010000228881836,24.8700008392334,12200.0,22.866973876953125
2019-09-20,24.860000610351562,23.31999969482422,24.799999237060547,24.020000457763672,40300.0,22.085433959960938
2019-09-23,24.510000228881836,23.639999389648438,23.989999771118164,24.309999465942383,13700.0,22.352079391479492
2019-09-24,24.309999465942383,23.0,24.309999465942383,23.0,29400.0,21.147584915161133
2019-09-25,23.3700008392334,22.860000610351562,23.100000381469727,22.860000610351562,26400.0,21.018863677978516
2019-09-26,23.0,22.600000381469727,23.0,22.690000534057617,23400.0,20.862552642822266
2019-09-27,23.100000381469727,22.709999084472656,23.100000381469727,22.760000228881836,17900.0,20.92691421508789
2019-09-30,23.15999984741211,22.610000610351562,22.760000228881836,22.610000610351562,33200.0,20.788997650146484
2019-10-01,23.5,22.510000228881836,22.780000686645508,22.600000381469727,30200.0,20.779800415039062
2019-10-02,22.670000076293945,22.09000015258789,22.510000228881836,22.25,38300.0,20.457990646362305
2019-10-03,22.389999389648438,21.799999237060547,22.239999771118164,21.899999618530273,17200.0,20.136180877685547
2019-10-04,22.239999771118164,21.899999618530273,21.899999618530273,22.079999923706055,16500.0,20.301681518554688
2019-10-07,22.600000381469727,21.850000381469727,22.18000030517578,21.940000534057617,30900.0,20.172958374023438
2019-10-08,22.3799991607666,21.8700008392334,21.8700008392334,22.030000686645508,10300.0,20.255708694458008
2019-10-09,23.270000457763672,22.18000030517578,22.25,22.950000762939453,13500.0,21.101612091064453
2019-10-10,23.959999084472656,23.079999923706055,23.079999923706055,23.84000015258789,12900.0,21.91992950439453
2019-10-11,24.989999771118164,24.190000534057617,24.190000534057617,24.639999389648438,13700.0,22.655498504638672
2019-10-14,24.6200008392334,24.040000915527344,24.25,24.040000915527344,8100.0,22.103822708129883
2019-10-15,24.81999969482422,24.040000915527344,24.049999237060547,24.610000610351562,12500.0,22.62791633605957
2019-10-16,25.020000457763672,24.510000228881836,24.600000381469727,24.510000228881836,13400.0,22.53597068786621
2019-10-17,25.079999923706055,24.549999237060547,24.549999237060547,24.6200008392334,10600.0,22.637109756469727
2019-10-18,25.299999237060547,24.40999984741211,24.450000762939453,24.739999771118164,14500.0,22.74744415283203
2019-10-21,25.309999465942383,24.729999542236328,24.899999618530273,25.200000762939453,14800.0,23.170400619506836
2019-10-22,25.18000030517578,24.719999313354492,24.959999084472656,24.719999313354492,11500.0,22.729055404663086
2019-10-23,24.889999389648438,24.299999237060547,24.809999465942383,24.610000610351562,8100.0,22.62791633605957
2019-10-24,24.739999771118164,24.3700008392334,24.65999984741211,24.530000686645508,13000.0,22.554359436035156
2019-10-25,24.969999313354492,24.399999618530273,24.5,24.649999618530273,7900.0,22.664695739746094
2019-10-28,25.170000076293945,24.440000534057617,24.899999618530273,24.790000915527344,7800.0,22.793418884277344
2019-10-29,25.25,24.719999313354492,24.739999771118164,25.079999923706055,9100.0,23.060062408447266
2019-10-30,25.0,24.770000457763672,24.8700008392334,25.0,4400.0,22.98650550842285
2019-10-31,24.959999084472656,24.469999313354492,24.959999084472656,24.670000076293945,8500.0,22.683082580566406
2019-11-01,25.280000686645508,24.729999542236328,24.729999542236328,25.280000686645508,7900.0,23.243953704833984
2019-11-04,25.510000228881836,25.18000030517578,25.290000915527344,25.510000228881836,5400.0,23.455429077148438
2019-11-05,25.540000915527344,24.989999771118164,25.540000915527344,25.329999923706055,7300.0,23.289926528930664
2019-11-06,25.68000030517578,24.1299991607666,25.200000762939453,24.459999084472656,13300.0,22.48999786376953
2019-11-07,25.3700008392334,24.59000015258789,24.59000015258789,25.049999237060547,8300.0,23.0324764251709
2019-11-08,25.670000076293945,25.09000015258789,25.290000915527344,25.670000076293945,12600.0,23.60254669189453
2019-11-11,25.860000610351562,25.510000228881836,25.670000076293945,25.6200008392334,10600.0,23.55657196044922
2019-11-12,26.239999771118164,25.520000457763672,25.719999313354492,25.639999389648438,6900.0,23.57495880126953
2019-11-13,25.75,25.06999969482422,25.649999618530273,25.280000686645508,7100.0,23.243953704833984
2019-11-14,25.110000610351562,24.670000076293945,25.110000610351562,24.950000762939453,7900.0,22.940532684326172
2019-11-15,25.100000381469727,24.770000457763672,25.100000381469727,24.770000457763672,10300.0,22.7750301361084
2019-11-18,24.809999465942383,24.06999969482422,24.760000228881836,24.360000610351562,5800.0,22.39805030822754
2019-11-19,24.700000762939453,24.09000015258789,24.5,24.239999771118164,8000.0,22.287717819213867
2019-11-20,24.299999237060547,23.760000228881836,24.260000228881836,23.760000228881836,15000.0,21.84637451171875
2019-11-21,23.899999618530273,23.040000915527344,23.889999389648438,23.209999084472656,11200.0,21.34067153930664
2019-11-22,23.75,23.09000015258789,23.1200008392334,23.190000534057617,11000.0,21.322284698486328
2019-11-25,24.969999313354492,23.399999618530273,23.40999984741211,24.760000228881836,13500.0,22.765836715698242
2019-11-26,25.1200008392334,24.700000762939453,24.700000762939453,24.90999984741211,6700.0,22.90375518798828
2019-11-27,24.899999618530273,24.31999969482422,24.809999465942383,24.770000457763672,7500.0,22.99659538269043
2019-11-29,24.760000228881836,24.549999237060547,24.760000228881836,24.549999237060547,3000.0,22.792343139648438
2019-12-02,24.719999313354492,24.18000030517578,24.719999313354492,24.520000457763672,6600.0,22.764495849609375
2019-12-03,24.479999542236328,23.950000762939453,24.360000610351562,24.280000686645508,8800.0,22.541675567626953
2019-12-04,24.670000076293945,24.290000915527344,24.559999465942383,24.290000915527344,14700.0,22.550962448120117
2019-12-05,24.40999984741211,24.100000381469727,24.3700008392334,24.18000030517578,10600.0,22.448835372924805
2019-12-06,24.790000915527344,24.399999618530273,24.469999313354492,24.59000015258789,13600.0,22.829483032226562
2019-12-09,24.739999771118164,24.170000076293945,24.510000228881836,24.420000076293945,10600.0,22.671655654907227
2019-12-10,24.75,24.440000534057617,24.440000534057617,24.75,9300.0,22.97802734375
2019-12-11,25.0,24.709999084472656,24.799999237060547,25.0,6000.0,23.210126876831055
2019-12-12,25.479999542236328,24.790000915527344,24.989999771118164,25.479999542236328,10900.0,23.65576171875
2019-12-13,25.8700008392334,25.239999771118164,25.239999771118164,25.8700008392334,10900.0,24.017841339111328
2019-12-16,26.290000915527344,25.989999771118164,25.989999771118164,26.239999771118164,6500.0,24.361351013183594
2019-12-17,26.399999618530273,25.670000076293945,26.1299991607666,26.15999984741211,7500.0,24.287078857421875
2019-12-18,26.469999313354492,25.969999313354492,26.299999237060547,26.06999969482422,7600.0,24.203519821166992
2019-12-19,26.450000762939453,25.760000228881836,26.200000762939453,25.850000381469727,7800.0,23.999271392822266
2019-12-20,26.389999389648438,25.690000534057617,26.040000915527344,26.389999389648438,24700.0,24.5006103515625
2019-12-23,26.280000686645508,25.889999389648438,26.280000686645508,26.149999618530273,10400.0,24.27779197692871
2019-12-24,26.31999969482422,26.0,26.040000915527344,26.0,3500.0,24.138532638549805
2019-12-26,26.549999237060547,25.950000762939453,26.020000457763672,26.549999237060547,10800.0,24.64915657043457
2019-12-27,26.549999237060547,26.290000915527344,26.34000015258789,26.549999237060547,7800.0,24.64915657043457
2019-12-30,26.600000381469727,26.260000228881836,26.520000457763672,26.420000076293945,14100.0,24.52846336364746
2019-12-31,26.719999313354492,26.31999969482422,26.34000015258789,26.450000762939453,6700.0,24.55631446838379
2020-01-02,26.65999984741211,26.110000610351562,26.450000762939453,26.389999389648438,10000.0,24.5006103515625
2020-01-03,26.25,25.530000686645508,26.040000915527344,25.540000915527344,16300.0,23.711467742919922
2020-01-06,25.940000534057617,25.110000610351562,25.5,25.739999771118164,13300.0,23.89714813232422
2020-01-07,25.6299991607666,23.540000915527344,25.6299991607666,23.579999923706055,21100.0,21.89179039001465
2020-01-08,24.690000534057617,23.799999237060547,23.799999237060547,24.170000076293945,14000.0,22.439552307128906
2020-01-09,24.5,24.079999923706055,24.25,24.1200008392334,9200.0,22.393129348754883
2020-01-10,24.15999984741211,23.739999771118164,24.15999984741211,23.940000534057617,14300.0,22.226016998291016
2020-01-13,24.5,23.8700008392334,24.020000457763672,24.209999084472656,17200.0,22.4766845703125
2020-01-14,24.43000030517578,23.559999465942383,24.15999984741211,23.559999465942383,25000.0,21.873226165771484
2020-01-15,24.81999969482422,22.770000457763672,23.700000762939453,22.940000534057617,13100.0,21.29761505126953
2020-01-16,23.739999771118164,23.049999237060547,23.219999313354492,23.440000534057617,13600.0,21.761817932128906
2020-01-17,23.760000228881836,23.049999237060547,23.760000228881836,23.299999237060547,17400.0,21.631837844848633
2020-01-21,23.729999542236328,23.25,23.299999237060547,23.440000534057617,20300.0,21.761817932128906
2020-01-22,24.34000015258789,23.700000762939453,23.700000762939453,24.15999984741211,19100.0,22.430269241333008
2020-01-23,24.6200008392334,23.520000457763672,24.059999465942383,24.139999389648438,21400.0,22.411699295043945
2020-01-24,24.59000015258789,23.780000686645508,24.270000457763672,24.100000381469727,16400.0,22.37456512451172
2020-01-27,24.280000686645508,23.760000228881836,23.760000228881836,23.899999618530273,8800.0,22.188880920410156
2020-01-28,24.190000534057617,23.81999969482422,24.1299991607666,23.93000030517578,5300.0,22.21673583984375
2020-01-29,24.030000686645508,23.350000381469727,23.889999389648438,23.459999084472656,7400.0,21.78038215637207
2020-01-30,23.3700008392334,22.899999618530273,23.3700008392334,23.15999984741211,12500.0,21.501861572265625
2020-01-31,23.25,22.559999465942383,23.170000076293945,22.649999618530273,19600.0,21.02837562561035
2020-02-03,23.40999984741211,22.700000762939453,22.700000762939453,23.25,12300.0,21.585420608520508
2020-02-04,24.31999969482422,23.5,23.5,23.81999969482422,15300.0,22.114608764648438
2020-02-05,24.350000381469727,23.979999542236328,24.09000015258789,24.040000915527344,16000.0,22.31886100769043
2020-02-06,24.520000457763672,24.100000381469727,24.200000762939453,24.100000381469727,12000.0,22.37456512451172
2020-02-07,24.100000381469727,23.649999618530273,24.100000381469727,23.649999618530273,7600.0,21.95677947998047
2020-02-10,23.889999389648438,22.3799991607666,23.75,23.600000381469727,19800.0,21.910364151000977
2020-02-11,24.149999618530273,23.489999771118164,23.84000015258789,24.149999618530273,10500.0,22.420982360839844
2020-02-12,24.450000762939453,23.59000015258789,24.100000381469727,23.75,8900.0,22.04962158203125
2020-02-13,23.979999542236328,23.420000076293945,23.850000381469727,23.979999542236328,8200.0,22.263153076171875
2020-02-14,24.100000381469727,23.5,23.959999084472656,23.5,9300.0,21.817522048950195
2020-02-18,23.579999923706055,23.200000762939453,23.489999771118164,23.469999313354492,7700.0,21.789669036865234
2020-02-19,23.56999969482422,23.15999984741211,23.399999618530273,23.15999984741211,6000.0,21.501861572265625
2020-02-20,23.329999923706055,23.049999237060547,23.100000381469727,23.049999237060547,6200.0,21.399736404418945
2020-02-21,23.329999923706055,22.739999771118164,23.049999237060547,22.860000610351562,8000.0,21.22334098815918
2020-02-24,23.049999237060547,22.5,22.549999237060547,22.579999923706055,9800.0,20.963388442993164
2020-02-25,22.709999084472656,22.040000915527344,22.670000076293945,22.299999237060547,16100.0,20.703432083129883
2020-02-26,23.389999389648438,22.299999237060547,22.299999237060547,22.65999984741211,23900.0,21.037660598754883
2020-02-27,22.459999084472656,21.709999084472656,22.170000076293945,21.850000381469727,42800.0,20.28565216064453
2020-02-28,22.5,21.850000381469727,21.850000381469727,21.940000534057617,34800.0,20.36920928955078
2020-03-02,22.75,22.15999984741211,22.15999984741211,22.510000228881836,23400.0,20.898399353027344
2020-03-03,23.34000015258789,22.06999969482422,22.530000686645508,22.43000030517578,13000.0,20.824129104614258
2020-03-04,22.950000762939453,22.280000686645508,22.559999465942383,22.950000762939453,14000.0,21.30689811706543
2020-03-05,22.799999237060547,21.549999237060547,22.459999084472656,21.700000762939453,23800.0,20.146390914916992
2020-03-06,22.600000381469727,21.5,21.5,21.989999771118164,9800.0,20.41562843322754
2020-03-09,21.610000610351562,20.510000228881836,21.5,21.0,29700.0,19.496505737304688
2020-03-10,22.940000534057617,19.5,21.389999389648438,19.809999465942383,20600.0,18.39170265197754
2020-03-11,21.010000228881836,19.5,19.809999465942383,19.5,24000.0,18.103899002075195
2020-03-12,19.25,15.399999618530273,19.25,16.479999542236328,37000.0,15.300114631652832
2020-03-13,20.739999771118164,17.200000762939453,17.200000762939453,20.729999542236328,21100.0,19.24583625793457
2020-03-16,21.469999313354492,19.239999771118164,20.639999389648438,20.799999237060547,45700.0,19.310827255249023
2020-03-17,24.59000015258789,20.5,21.670000076293945,24.59000015258789,39600.0,22.829483032226562
2020-03-18,23.989999771118164,17.0,23.989999771118164,17.0,35700.0,15.782888412475586
2020-03-19,18.459999084472656,16.200000762939453,18.0,17.270000457763672,63800.0,16.263153076171875
2020-03-20,18.799999237060547,17.0,17.0,17.0,37600.0,16.008893966674805
2020-03-23,17.389999389648438,16.200000762939453,17.280000686645508,16.8799991607666,17400.0,15.895889282226562
2020-03-24,20.010000228881836,17.06999969482422,17.299999237060547,18.799999237060547,17900.0,17.70395278930664
2020-03-25,20.520000457763672,18.84000015258789,18.84000015258789,19.719999313354492,13900.0,18.570316314697266
2020-03-26,22.0,20.18000030517578,20.18000030517578,22.0,15600.0,20.71739387512207
2020-03-27,21.56999969482422,20.469999313354492,20.93000030517578,20.479999542236328,13100.0,19.286012649536133
2020-03-30,21.18000030517578,19.940000534057617,19.989999771118164,20.780000686645508,15100.0,19.568519592285156
2020-03-31,21.059999465942383,19.520000457763672,20.329999923706055,20.170000076293945,28900.0,18.994083404541016
2020-04-01,19.790000915527344,18.559999465942383,18.790000915527344,18.850000381469727,21200.0,17.751041412353516
2020-04-02,20.290000915527344,18.559999465942383,18.940000534057617,20.290000915527344,18100.0,19.107086181640625
2020-04-03,19.719999313354492,18.0,19.709999084472656,18.239999771118164,36600.0,17.176603317260742
2020-04-06,19.889999389648438,18.610000610351562,18.610000610351562,19.8799991607666,16600.0,18.72098731994629
2020-04-07,20.219999313354492,18.329999923706055,19.950000762939453,18.43000030517578,27300.0,17.355525970458984
2020-04-08,19.0,18.309999465942383,18.809999465942383,18.649999618530273,21800.0,17.562698364257812
2020-04-09,19.829999923706055,18.799999237060547,18.799999237060547,19.829999923706055,14100.0,18.673904418945312
2020-04-13,19.799999237060547,18.920000076293945,19.799999237060547,19.010000228881836,12700.0,17.901710510253906
2020-04-14,19.719999313354492,18.0,19.649999618530273,18.0,21300.0,16.950593948364258
2020-04-15,18.950000762939453,18.0,18.0,18.309999465942383,25600.0,17.242523193359375
2020-04-16,18.389999389648438,17.8799991607666,18.350000381469727,18.209999084472656,30700.0,17.14834976196289
2020-04-17,20.010000228881836,18.65999984741211,18.65999984741211,19.3700008392334,20800.0,18.240724563598633
2020-04-20,19.579999923706055,18.280000686645508,19.0,18.40999984741211,12000.0,17.336692810058594
2020-04-21,18.489999771118164,17.899999618530273,18.1200008392334,18.049999237060547,10200.0,16.997678756713867
2020-04-22,18.270000457763672,17.610000610351562,18.209999084472656,17.899999618530273,9400.0,16.85642433166504
2020-04-23,18.079999923706055,17.65999984741211,17.799999237060547,17.899999618530273,17200.0,16.85642433166504
2020-04-24,18.489999771118164,17.68000030517578,17.81999969482422,18.489999771118164,9300.0,17.412029266357422
2020-04-27,19.829999923706055,18.770000457763672,18.770000457763672,19.450000762939453,13600.0,18.31606101989746
2020-04-28,20.110000610351562,19.31999969482422,20.040000915527344,19.31999969482422,15400.0,18.19363784790039
2020-04-29,20.5,19.860000610351562,20.1299991607666,19.899999618530273,23000.0,18.739822387695312
2020-04-30,20.1299991607666,19.0,19.90999984741211,19.030000686645508,10800.0,17.920547485351562
2020-05-01,19.18000030517578,18.290000915527344,18.8799991607666,18.719999313354492,11700.0,17.628618240356445
2020-05-04,19.43000030517578,17.760000228881836,18.59000015258789,18.09000015258789,9500.0,17.03534507751465
2020-05-05,18.34000015258789,17.770000457763672,18.299999237060547,17.770000457763672,10400.0,16.7340030670166
2020-05-06,18.450000762939453,17.8700008392334,18.100000381469727,18.450000762939453,14300.0,17.374361038208008
2020-05-07,18.790000915527344,18.299999237060547,18.790000915527344,18.770000457763672,10900.0,17.675704956054688
2020-05-08,20.260000228881836,18.790000915527344,18.979999542236328,19.950000762939453,27600.0,18.786911010742188
2020-05-11,19.690000534057617,18.010000228881836,19.690000534057617,18.1299991607666,19700.0,17.073015213012695
2020-05-12,18.440000534057617,17.5,18.440000534057617,17.5,23300.0,16.47974395751953
2020-05-13,18.170000076293945,17.68000030517578,17.780000686645508,18.100000381469727,30000.0,17.044767379760742
2020-05-14,18.520000457763672,17.610000610351562,17.610000610351562,18.229999542236328,26300.0,17.167184829711914
2020-05-15,18.540000915527344,18.09000015258789,18.190000534057617,18.139999389648438,12000.0,17.08243179321289
2020-05-18,19.40999984741211,18.239999771118164,18.959999084472656,18.25,26900.0,17.186017990112305
2020-05-19,18.200000762939453,17.690000534057617,17.969999313354492,17.889999389648438,20900.0,16.847007751464844
2020-05-20,19.0,18.139999389648438,18.139999389648438,18.860000610351562,12600.0,17.760456085205078
2020-05-21,18.860000610351562,18.579999923706055,18.809999465942383,18.729999542236328,18900.0,17.638032913208008
2020-05-22,18.850000381469727,18.34000015258789,18.729999542236328,18.690000534057617,16000.0,17.60036849975586
2020-05-26,19.440000534057617,18.979999542236328,19.440000534057617,19.309999465942383,21400.0,18.184221267700195
2020-05-27,19.799999237060547,19.31999969482422,19.5,19.799999237060547,15200.0,18.645652770996094
2020-05-28,19.770000457763672,18.75,19.770000457763672,18.75,8000.0,17.873516082763672
2020-05-29,18.8799991607666,18.31999969482422,18.8799991607666,18.670000076293945,13500.0,17.797256469726562
2020-06-01,19.09000015258789,18.420000076293945,18.920000076293945,18.420000076293945,16000.0,17.558944702148438
2020-06-02,19.209999084472656,18.639999389648438,19.040000915527344,19.18000030517578,5900.0,18.283418655395508
2020-06-03,20.0,18.43000030517578,19.479999542236328,19.969999313354492,22700.0,19.036487579345703
2020-06-04,20.18000030517578,19.510000228881836,19.68000030517578,19.690000534057617,16200.0,18.769577026367188
2020-06-05,20.899999618530273,20.219999313354492,20.43000030517578,20.899999618530273,15200.0,19.92301368713379
2020-06-08,22.5,21.079999923706055,21.229999542236328,22.25,15600.0,21.209909439086914
2020-06-09,23.010000228881836,21.600000381469727,21.959999084472656,22.719999313354492,14600.0,21.657936096191406
2020-06-10,22.940000534057617,21.739999771118164,22.420000076293945,22.940000534057617,18100.0,21.86765480041504
2020-06-11,21.969999313354492,20.989999771118164,21.969999313354492,20.989999771118164,19300.0,20.00881004333496
2020-06-12,21.969999313354492,20.110000610351562,21.969999313354492,20.440000534057617,13900.0,19.48451805114746
2020-06-15,20.75,19.899999618530273,19.90999984741211,20.540000915527344,16100.0,19.579843521118164
2020-06-16,21.469999313354492,20.860000610351562,21.18000030517578,21.020000457763672,10700.0,20.037405014038086
2020-06-17,21.020000457763672,20.639999389648438,20.790000915527344,20.690000534057617,9300.0,19.72283172607422
2020-06-18,20.850000381469727,20.549999237060547,20.549999237060547,20.59000015258789,4500.0,19.627506256103516
2020-06-19,20.8799991607666,19.940000534057617,20.8799991607666,20.100000381469727,24500.0,19.160411834716797
2020-06-22,20.90999984741211,19.920000076293945,19.979999542236328,20.90999984741211,8800.0,19.932546615600586
2020-06-23,21.040000915527344,20.420000076293945,21.040000915527344,20.709999084472656,11200.0,19.74189567565918
2020-06-24,20.420000076293945,19.790000915527344,20.420000076293945,19.829999923706055,15300.0,18.903032302856445
2020-06-25,20.040000915527344,19.649999618530273,19.84000015258789,19.940000534057617,13100.0,19.007892608642578
2020-06-26,22.5,19.690000534057617,19.860000610351562,22.40999984741211,46300.0,21.362428665161133
2020-06-29,22.229999542236328,20.709999084472656,22.139999389648438,21.610000610351562,17200.0,20.59982681274414
2020-06-30,22.270000457763672,21.579999923706055,21.770000457763672,21.59000015258789,16100.0,20.580759048461914
2020-07-01,22.209999084472656,21.639999389648438,21.90999984741211,21.84000015258789,8600.0,20.819074630737305
2020-07-02,22.25,21.440000534057617,21.989999771118164,21.440000534057617,11400.0,20.437772750854492
2020-07-06,21.780000686645508,20.81999969482422,21.75,21.15999984741211,9700.0,20.170862197875977
2020-07-07,21.260000228881836,19.5,20.809999465942383,19.5,13700.0,18.588457107543945
2020-07-08,19.90999984741211,19.030000686645508,19.510000228881836,19.030000686645508,10900.0,18.14042854309082
2020-07-09,19.459999084472656,18.049999237060547,19.200000762939453,18.239999771118164,22900.0,17.387357711791992
2020-07-10,19.780000686645508,18.420000076293945,18.420000076293945,19.780000686645508,16100.0,18.855369567871094
2020-07-13,19.780000686645508,17.989999771118164,18.90999984741211,18.59000015258789,26100.0,17.720996856689453
2020-07-14,18.959999084472656,18.020000457763672,18.3799991607666,18.940000534057617,7100.0,18.054636001586914
2020-07-15,20.139999389648438,19.200000762939453,19.25,19.799999237060547,28200.0,18.874433517456055
2020-07-16,19.889999389648438,19.09000015258789,19.850000381469727,19.09000015258789,5400.0,18.19762420654297
2020-07-17,19.59000015258789,18.899999618530273,19.059999465942383,18.899999618530273,15700.0,18.01650619506836
2020-07-20,19.420000076293945,18.959999084472656,19.06999969482422,19.420000076293945,4300.0,18.51219940185547
2020-07-21,20.040000915527344,19.610000610351562,19.700000762939453,19.639999389648438,5000.0,18.721914291381836
2020-07-22,19.690000534057617,19.5,19.5,19.600000381469727,7700.0,18.68378257751465
2020-07-23,19.850000381469727,19.360000610351562,19.510000228881836,19.360000610351562,3900.0,18.45500373840332
2020-07-24,19.440000534057617,18.899999618530273,19.049999237060547,18.899999618530273,5300.0,18.01650619506836
2020-07-27,19.290000915527344,18.709999084472656,19.0,18.889999389648438,21100.0,18.006973266601562
2020-07-28,19.309999465942383,18.770000457763672,18.770000457763672,18.899999618530273,5900.0,18.01650619506836
2020-07-29,19.40999984741211,18.8700008392334,18.899999618530273,19.270000457763672,6400.0,18.369211196899414
2020-07-30,19.209999084472656,19.010000228881836,19.139999389648438,19.1200008392334,4400.0,18.226221084594727
2020-07-31,19.079999923706055,18.329999923706055,19.079999923706055,18.420000076293945,14600.0,17.558944702148438
2020-08-03,18.950000762939453,18.530000686645508,18.559999465942383,18.729999542236328,13700.0,17.85445213317871
2020-08-04,19.020000457763672,18.59000015258789,18.600000381469727,18.649999618530273,7900.0,17.7781925201416
2020-08-05,18.5,17.760000228881836,18.5,17.969999313354492,41900.0,17.129981994628906
2020-08-06,17.940000534057617,17.770000457763672,17.940000534057617,17.860000610351562,6500.0,17.02511978149414
2020-08-07,18.520000457763672,17.899999618530273,17.899999618530273,18.450000762939453,12000.0,17.587541580200195
2020-08-10,19.389999389648438,18.3799991607666,18.5,19.329999923706055,13400.0,18.42640495300293
2020-08-11,19.540000915527344,19.030000686645508,19.389999389648438,19.030000686645508,7800.0,18.14042854309082
2020-08-12,19.40999984741211,19.260000228881836,19.31999969482422,19.40999984741211,4600.0,18.502666473388672
2020-08-13,19.40999984741211,19.239999771118164,19.239999771118164,19.3700008392334,2900.0,18.464534759521484
2020-08-14,19.260000228881836,19.1200008392334,19.209999084472656,19.229999542236328,3200.0,18.33108139038086
2020-08-17,19.34000015258789,18.84000015258789,19.1200008392334,18.8799991607666,6100.0,17.997440338134766
2020-08-18,19.149999618530273,18.549999237060547,19.010000228881836,18.709999084472656,8100.0,17.835386276245117
2020-08-19,19.299999237060547,17.799999237060547,19.110000610351562,17.93000030517578,15800.0,17.09185028076172
2020-08-20,18.15999984741211,17.93000030517578,17.93000030517578,18.09000015258789,6400.0,17.244369506835938
2020-08-21,17.989999771118164,17.760000228881836,17.989999771118164,17.760000228881836,24000.0,16.92979621887207
2020-08-24,18.31999969482422,17.90999984741211,17.90999984741211,18.239999771118164,8700.0,17.387357711791992
2020-08-25,18.40999984741211,17.899999618530273,18.40999984741211,18.0,6000.0,17.15857696533203
2020-08-26,18.489999771118164,17.889999389648438,18.059999465942383,18.34000015258789,13300.0,17.482685089111328
2020-08-27,18.350000381469727,18.18000030517578,18.34000015258789,18.18000030517578,3200.0,17.559955596923828
2020-08-28,18.389999389648438,18.149999618530273,18.25,18.389999389648438,2800.0,17.76279067993164
2020-08-31,18.399999618530273,17.989999771118164,18.399999618530273,18.0,10100.0,17.386093139648438
2020-09-01,17.959999084472656,17.530000686645508,17.959999084472656,17.68000030517578,9200.0,17.077007293701172
2020-09-02,17.760000228881836,17.56999969482422,17.6299991607666,17.760000228881836,13600.0,17.154281616210938
2020-09-03,17.760000228881836,17.510000228881836,17.65999984741211,17.600000381469727,15400.0,16.999738693237305
2020-09-04,17.739999771118164,17.510000228881836,17.739999771118164,17.719999313354492,5000.0,17.115642547607422
2020-09-08,17.670000076293945,17.530000686645508,17.59000015258789,17.549999237060547,7500.0,16.951438903808594
2020-09-09,17.790000915527344,17.530000686645508,17.559999465942383,17.600000381469727,8900.0,16.999738693237305
2020-09-10,17.75,17.420000076293945,17.700000762939453,17.420000076293945,22100.0,16.825876235961914
2020-09-11,17.739999771118164,17.40999984741211,17.610000610351562,17.40999984741211,11000.0,16.81621551513672
2020-09-14,17.700000762939453,17.170000076293945,17.420000076293945,17.3700008392334,20500.0,16.77758026123047
2020-09-15,17.510000228881836,17.149999618530273,17.510000228881836,17.149999618530273,7000.0,16.56508445739746
2020-09-16,17.440000534057617,17.170000076293945,17.299999237060547,17.170000076293945,14600.0,16.584402084350586
2020-09-17,17.6200008392334,17.149999618530273,17.149999618530273,17.6200008392334,7500.0,17.01905632019043
2020-09-18,17.670000076293945,17.020000457763672,17.670000076293945,17.030000686645508,27800.0,16.449176788330078
2020-09-21,17.010000228881836,15.65999984741211,17.010000228881836,15.770000457763672,30800.0,15.232150077819824
2020-09-22,16.049999237060547,15.319999694824219,15.850000381469727,15.5600004196167,17700.0,15.029313087463379
2020-09-23,15.680000305175781,15.130000114440918,15.680000305175781,15.229999542236328,19900.0,14.710566520690918
2020-09-24,15.680000305175781,15.210000038146973,15.25,15.25,6000.0,14.72988510131836
2020-09-25,15.579999923706055,15.140000343322754,15.140000343322754,15.479999542236328,6800.0,14.952040672302246
2020-09-28,15.829999923706055,15.5600004196167,15.670000076293945,15.670000076293945,8200.0,15.135560035705566
2020-09-29,16.15999984741211,15.350000381469727,16.15999984741211,15.649999618530273,11800.0,15.116242408752441
2020-09-30,17.260000228881836,15.6899995803833,15.6899995803833,16.170000076293945,9700.0,15.618507385253906
2020-10-01,16.299999237060547,15.699999809265137,16.209999084472656,15.720000267028809,21200.0,15.183856010437012
2020-10-02,16.399999618530273,15.819999694824219,16.040000915527344,16.049999237060547,8400.0,15.50260066986084
2020-10-05,16.790000915527344,16.049999237060547,16.049999237060547,16.600000381469727,10200.0,16.033843994140625
2020-10-06,17.290000915527344,16.579999923706055,16.709999084472656,16.579999923706055,7800.0,16.0145263671875
2020-10-07,17.3799991607666,16.56999969482422,17.09000015258789,17.3799991607666,23600.0,16.7872371673584
2020-10-08,17.670000076293945,17.25,17.34000015258789,17.25,9900.0,16.66167449951172
2020-10-09,17.889999389648438,17.290000915527344,17.549999237060547,17.290000915527344,9100.0,16.70030975341797
2020-10-12,17.440000534057617,17.200000762939453,17.290000915527344,17.270000457763672,4500.0,16.680992126464844
2020-10-13,17.450000762939453,16.959999084472656,17.450000762939453,17.0,2100.0,16.420198440551758
2020-10-14,17.100000381469727,16.899999618530273,16.920000076293945,16.93000030517578,3800.0,16.352588653564453
2020-10-15,16.75,16.5,16.649999618530273,16.729999542236328,6600.0,16.159408569335938
2020-10-16,17.299999237060547,16.6200008392334,17.0,16.790000915527344,9500.0,16.217363357543945
2020-10-19,16.959999084472656,15.149999618530273,16.959999084472656,15.149999618530273,24700.0,14.633295059204102
2020-10-20,16.329999923706055,15.199999809265137,15.399999618530273,15.65999984741211,19500.0,15.125901222229004
2020-10-21,16.09000015258789,15.720000267028809,16.09000015258789,15.720000267028809,9300.0,15.183856010437012
2020-10-22,16.100000381469727,15.699999809265137,15.869999885559082,15.859999656677246,19900.0,15.319080352783203
2020-10-23,16.399999618530273,16.030000686645508,16.030000686645508,16.170000076293945,8600.0,15.618507385253906
2020-10-26,16.3799991607666,15.9399995803833,16.100000381469727,16.329999923706055,6100.0,15.773050308227539
2020-10-27,16.399999618530273,16.110000610351562,16.350000381469727,16.110000610351562,6400.0,15.560554504394531
2020-10-28,16.34000015258789,15.359999656677246,16.34000015258789,15.520000457763672,11100.0,14.990675926208496
2020-10-29,16.149999618530273,15.399999618530273,15.40999984741211,15.899999618530273,11100.0,15.35771656036377
2020-10-30,16.200000762939453,15.680000305175781,15.819999694824219,15.84000015258789,8200.0,15.299762725830078
2020-11-02,16.84000015258789,16.200000762939453,16.25,16.65999984741211,8800.0,16.091794967651367
2020-11-03,17.040000915527344,16.6200008392334,16.75,17.040000915527344,13800.0,16.458837509155273
2020-11-04,16.799999237060547,15.970000267028809,16.799999237060547,16.030000686645508,9000.0,15.483283042907715
2020-11-05,16.899999618530273,15.949999809265137,16.200000762939453,16.790000915527344,12200.0,16.217363357543945
2020-11-06,17.299999237060547,17.0,17.0,17.079999923706055,10900.0,16.497472763061523
2020-11-09,18.149999618530273,17.559999465942383,18.0,17.600000381469727,23500.0,16.999738693237305
2020-11-10,18.100000381469727,17.610000610351562,17.780000686645508,18.049999237060547,12800.0,17.43438720703125
2020-11-11,17.989999771118164,17.59000015258789,17.59000015258789,17.940000534057617,7100.0,17.328142166137695
2020-11-12,17.829999923706055,17.209999084472656,17.459999084472656,17.420000076293945,9200.0,16.825876235961914
2020-11-13,17.760000228881836,17.209999084472656,17.389999389648438,17.25,14500.0,16.66167449951172
2020-11-16,17.739999771118164,17.219999313354492,17.649999618530273,17.299999237060547,45600.0,16.70996856689453
2020-11-17,17.360000610351562,16.700000762939453,17.229999542236328,17.06999969482422,27000.0,16.487812042236328
2020-11-18,17.75,17.059999465942383,17.059999465942383,17.09000015258789,11700.0,16.507131576538086
2020-11-19,17.299999237060547,17.049999237060547,17.09000015258789,17.239999771118164,4300.0,16.652013778686523
2020-11-20,17.559999465942383,16.8700008392334,17.559999465942383,16.8700008392334,10000.0,16.294635772705078
2020-11-23,17.700000762939453,16.950000762939453,17.0,17.700000762939453,10000.0,17.096324920654297
2020-11-24,18.700000762939453,17.940000534057617,17.940000534057617,18.5,20100.0,17.869041442871094
2020-11-25,19.579999923706055,18.1200008392334,19.579999923706055,18.520000457763672,10900.0,17.88835906982422
2020-11-27,18.520000457763672,18.190000534057617,18.520000457763672,18.510000228881836,7400.0,18.11343002319336
2020-11-30,18.34000015258789,17.920000076293945,18.06999969482422,17.920000076293945,10700.0,17.53607177734375
2020-12-01,18.239999771118164,17.799999237060547,18.239999771118164,17.799999237060547,7600.0,17.418642044067383
2020-12-02,18.0,17.360000610351562,17.8799991607666,17.549999237060547,15100.0,17.17399787902832
2020-12-03,17.399999618530273,17.110000610351562,17.399999618530273,17.110000610351562,8700.0,16.743425369262695
2020-12-04,18.139999389648438,17.0,18.139999389648438,17.020000457763672,11500.0,16.655353546142578
2020-12-07,17.56999969482422,16.809999465942383,17.040000915527344,17.139999389648438,18100.0,16.772783279418945
2020-12-08,18.290000915527344,17.0,17.0,17.989999771118164,37500.0,17.604572296142578
2020-12-09,18.229999542236328,17.3799991607666,18.079999923706055,17.5,15900.0,17.125070571899414
2020-12-10,17.950000762939453,17.520000457763672,17.579999923706055,17.75,15700.0,17.369714736938477
2020-12-11,18.06999969482422,17.700000762939453,17.709999084472656,17.950000762939453,20900.0,17.5654296875
2020-12-14,18.34000015258789,17.31999969482422,18.049999237060547,17.360000610351562,11500.0,16.98807144165039
2020-12-15,17.809999465942383,17.25,17.540000915527344,17.25,13200.0,16.88042640686035
2020-12-16,17.450000762939453,16.989999771118164,17.450000762939453,16.989999771118164,25200.0,16.625995635986328
2020-12-17,17.65999984741211,16.920000076293945,17.65999984741211,17.43000030517578,32000.0,17.056570053100586
2020-12-18,17.729999542236328,16.829999923706055,17.729999542236328,16.829999923706055,54000.0,16.469423294067383
2020-12-21,17.25,16.670000076293945,16.670000076293945,17.139999389648438,23300.0,16.772783279418945
2020-12-22,17.3700008392334,16.100000381469727,17.040000915527344,16.469999313354492,29300.0,16.117136001586914
2020-12-23,17.329999923706055,16.0,17.329999923706055,16.219999313354492,22600.0,15.872492790222168
2020-12-24,16.389999389648438,16.020000457763672,16.149999618530273,16.309999465942383,11000.0,15.960563659667969
2020-12-28,16.889999389648438,16.299999237060547,16.309999465942383,16.65999984741211,17000.0,16.30306625366211
2020-12-29,17.739999771118164,16.25,17.739999771118164,16.299999237060547,17500.0,15.95077896118164
2020-12-30,17.270000457763672,16.059999465942383,17.270000457763672,16.09000015258789,10000.0,15.745279312133789
2020-12-31,16.239999771118164,15.770000457763672,16.149999618530273,15.84000015258789,33100.0,15.50063419342041
2021-01-04,17.309999465942383,15.739999771118164,17.309999465942383,15.779999732971191,22300.0,15.441920280456543
2021-01-05,16.6299991607666,15.760000228881836,15.760000228881836,16.399999618530273,20500.0,16.04863739013672
2021-01-06,17.420000076293945,16.799999237060547,16.989999771118164,17.31999969482422,16800.0,16.948925018310547
2021-01-07,17.709999084472656,17.229999542236328,17.229999542236328,17.649999618530273,14000.0,17.2718563079834
2021-01-08,17.81999969482422,17.1200008392334,17.59000015258789,17.1200008392334,18100.0,16.753211975097656
2021-01-11,18.299999237060547,17.0,18.299999237060547,17.360000610351562,11500.0,16.98807144165039
2021-01-12,18.299999237060547,17.25,17.719999313354492,17.959999084472656,15600.0,17.575212478637695
2021-01-13,18.200000762939453,17.31999969482422,17.959999084472656,17.860000610351562,33300.0,17.477357864379883
2021-01-14,18.1200008392334,17.850000381469727,17.8700008392334,18.040000915527344,9900.0,17.653501510620117
2021-01-15,18.18000030517578,17.610000610351562,18.020000457763672,17.6200008392334,15500.0,17.24250030517578
2021-01-19,18.09000015258789,17.40999984741211,17.989999771118164,17.739999771118164,23100.0,17.359926223754883
2021-01-20,17.780000686645508,17.100000381469727,17.670000076293945,17.100000381469727,11800.0,16.733640670776367
2021-01-21,17.299999237060547,16.700000762939453,17.299999237060547,16.829999923706055,19800.0,16.469423294067383
2021-01-22,17.190000534057617,16.739999771118164,16.760000228881836,16.979999542236328,18800.0,16.6162109375
2021-01-25,17.809999465942383,16.93000030517578,17.139999389648438,17.25,21900.0,16.88042640686035
2021-01-26,17.860000610351562,17.280000686645508,17.540000915527344,17.510000228881836,12700.0,17.134855270385742
2021-01-27,17.600000381469727,17.170000076293945,17.5,17.399999618530273,20100.0,17.027212142944336
2021-01-28,17.399999618530273,17.059999465942383,17.389999389648438,17.280000686645508,15400.0,16.9097843170166
2021-01-29,17.510000228881836,16.90999984741211,17.510000228881836,17.260000228881836,23600.0,16.890213012695312
2021-02-01,17.5,17.040000915527344,17.270000457763672,17.34000015258789,29800.0,16.96849822998047
2021-02-02,18.639999389648438,17.40999984741211,17.510000228881836,18.40999984741211,26400.0,18.015573501586914
2021-02-03,19.030000686645508,18.030000686645508,18.399999618530273,18.959999084472656,13800.0,18.553789138793945
2021-02-04,19.440000534057617,18.59000015258789,18.829999923706055,19.40999984741211,21700.0,18.99414825439453
2021-02-05,19.469999313354492,19.100000381469727,19.299999237060547,19.15999984741211,14400.0,18.74950408935547
2021-02-08,19.489999771118164,19.200000762939453,19.489999771118164,19.360000610351562,25900.0,18.945219039916992
2021-02-09,19.3700008392334,18.770000457763672,19.219999313354492,18.770000457763672,10600.0,18.367860794067383
2021-02-10,19.219999313354492,18.639999389648438,18.8700008392334,18.739999771118164,9500.0,18.338502883911133
2021-02-11,18.950000762939453,18.209999084472656,18.950000762939453,18.3700008392334,14000.0,17.976430892944336
2021-02-12,18.90999984741211,18.280000686645508,18.309999465942383,18.690000534057617,10100.0,18.289575576782227
2021-02-16,20.280000686645508,18.440000534057617,20.280000686645508,18.559999465942383,9200.0,18.1623592376709
2021-02-17,18.739999771118164,18.059999465942383,18.5,18.059999465942383,12700.0,17.673070907592773
2021-02-18,18.360000610351562,17.6200008392334,18.030000686645508,17.75,22300.0,17.369714736938477
2021-02-19,18.25,17.639999389648438,17.719999313354492,18.100000381469727,19100.0,17.712217330932617
2021-02-22,18.489999771118164,18.100000381469727,18.190000534057617,18.170000076293945,15400.0,17.780715942382812
2021-02-23,18.489999771118164,18.0,18.06999969482422,18.110000610351562,11900.0,17.722002029418945
2021-02-24,18.479999542236328,18.0,18.299999237060547,18.030000686645508,22400.0,17.643714904785156
2021-02-25,18.420000076293945,17.799999237060547,18.040000915527344,17.799999237060547,15400.0,17.418642044067383
2021-02-26,18.06999969482422,17.549999237060547,18.0,17.549999237060547,11800.0,17.17399787902832
2021-03-01,18.15999984741211,18.0,18.15999984741211,18.079999923706055,9000.0,17.692644119262695
2021-03-02,18.209999084472656,17.780000686645508,18.209999084472656,17.860000610351562,8900.0,17.477357864379883
2021-03-03,18.610000610351562,17.860000610351562,17.989999771118164,18.110000610351562,10400.0,17.722002029418945
2021-03-04,18.729999542236328,18.059999465942383,18.549999237060547,18.469999313354492,22500.0,18.07428741455078
2021-03-05,18.920000076293945,18.170000076293945,18.81999969482422,18.739999771118164,15100.0,18.338502883911133
2021-03-08,19.219999313354492,18.510000228881836,18.940000534057617,18.93000030517578,42200.0,18.524433135986328
2021-03-09,19.110000610351562,18.739999771118164,18.940000534057617,18.809999465942383,56900.0,18.407001495361328
2021-03-10,19.209999084472656,18.780000686645508,19.0,18.989999771118164,41500.0,18.583147048950195
2021-03-11,19.25,18.59000015258789,19.0,19.0,73300.0,18.592931747436523
2021-03-12,20.850000381469727,18.6299991607666,19.0,20.65999984741211,61600.0,20.217369079589844
2021-03-15,24.5,20.6299991607666,21.0,24.020000457763672,115600.0,23.505382537841797
2021-03-16,24.889999389648438,22.420000076293945,24.889999389648438,23.959999084472656,55500.0,23.446666717529297
2021-03-17,23.790000915527344,23.0,23.56999969482422,23.459999084472656,22500.0,22.957378387451172
2021-03-18,23.010000228881836,21.559999465942383,23.010000228881836,22.040000915527344,71700.0,21.790725708007812
2021-03-19,23.5,21.559999465942383,21.8799991607666,23.489999771118164,72400.0,23.22432518005371
2021-03-22,23.5,22.649999618530273,22.649999618530273,22.690000534057617,20900.0,22.433374404907227
2021-03-23,22.549999237060547,21.65999984741211,21.959999084472656,21.799999237060547,16600.0,21.553438186645508
2021-03-24,22.459999084472656,21.229999542236328,21.75,21.799999237060547,12400.0,21.553438186645508
2021-03-25,22.239999771118164,21.56999969482422,21.56999969482422,22.1299991607666,18200.0,21.87970733642578
2021-03-26,22.8700008392334,22.040000915527344,22.239999771118164,22.8700008392334,9400.0,22.611339569091797
2021-03-29,23.209999084472656,22.549999237060547,23.0,22.600000381469727,16800.0,22.344392776489258
2021-03-30,22.809999465942383,22.040000915527344,22.450000762939453,22.649999618530273,15100.0,22.39382553100586
2021-03-31,22.8799991607666,21.3799991607666,22.649999618530273,21.6299991607666,36600.0,21.38536262512207
2021-04-01,23.06999969482422,21.81999969482422,21.8799991607666,22.899999618530273,16300.0,22.64099884033203
2021-04-05,23.5,22.469999313354492,23.0,23.25,39000.0,22.98703956604004
2021-04-06,23.049999237060547,22.68000030517578,23.030000686645508,22.700000762939453,11100.0,22.443262100219727
2021-04-07,22.700000762939453,22.100000381469727,22.639999389648438,22.100000381469727,17600.0,21.850048065185547
2021-04-08,23.420000076293945,22.15999984741211,22.399999618530273,22.459999084472656,9400.0,22.205974578857422
2021-04-09,22.450000762939453,21.270000457763672,22.450000762939453,21.75,26400.0,21.504005432128906
2021-04-12,22.31999969482422,21.360000610351562,21.850000381469727,22.059999465942383,19700.0,21.81049919128418
2021-04-13,22.469999313354492,21.510000228881836,21.90999984741211,22.15999984741211,7100.0,21.90936851501465
2021-04-14,22.040000915527344,21.709999084472656,21.90999984741211,21.850000381469727,6100.0,21.602874755859375
2021-04-15,22.360000610351562,21.75,22.18000030517578,22.31999969482422,11900.0,22.06755828857422
2021-04-16,22.489999771118164,21.75,22.489999771118164,21.799999237060547,13000.0,21.553438186645508
2021-04-19,22.219999313354492,21.059999465942383,22.0,21.059999465942383,49900.0,20.821807861328125
2021-04-20,21.799999237060547,21.030000686645508,21.239999771118164,21.190000534057617,10200.0,20.950340270996094
2021-04-21,22.600000381469727,21.149999618530273,21.149999618530273,22.18000030517578,23800.0,21.929141998291016
2021-04-22,22.280000686645508,21.020000457763672,22.1200008392334,21.260000228881836,19100.0,21.019548416137695
2021-04-23,21.770000457763672,21.030000686645508,21.290000915527344,21.049999237060547,15100.0,20.811922073364258
2021-04-26,21.079999923706055,19.719999313354492,21.040000915527344,19.799999237060547,36500.0,19.576059341430664
2021-04-27,20.270000457763672,19.760000228881836,19.790000915527344,19.780000686645508,20500.0,19.55628776550293
2021-04-28,20.270000457763672,19.530000686645508,20.0,19.579999923706055,27200.0,19.35854721069336
2021-04-29,20.18000030517578,19.770000457763672,19.81999969482422,20.0,24300.0,19.7737979888916
2021-04-30,20.34000015258789,19.6299991607666,20.010000228881836,19.670000076293945,25600.0,19.44753074645996
2021-05-03,20.719999313354492,19.84000015258789,20.1200008392334,20.549999237060547,20100.0,20.317577362060547
2021-05-04,20.8799991607666,20.110000610351562,20.799999237060547,20.799999237060547,22100.0,20.564748764038086
2021-05-05,21.459999084472656,20.100000381469727,20.489999771118164,20.420000076293945,24000.0,20.189048767089844
2021-05-06,20.770000457763672,20.139999389648438,20.579999923706055,20.450000762939453,18600.0,20.21870994567871
2021-05-07,21.260000228881836,20.389999389648438,20.389999389648438,20.75,26800.0,20.515316009521484
2021-05-10,21.18000030517578,20.75,20.979999542236328,21.0,28400.0,20.762487411499023
2021-05-11,21.15999984741211,20.610000610351562,20.8799991607666,21.0,25500.0,20.762487411499023
2021-05-12,21.15999984741211,20.799999237060547,20.84000015258789,21.010000228881836,28800.0,20.772375106811523
2021-05-13,21.360000610351562,21.0,21.25,21.06999969482422,20200.0,20.831695556640625
2021-05-14,21.6299991607666,21.0,21.34000015258789,21.389999389648438,18700.0,21.1480770111084
2021-05-17,21.959999084472656,21.229999542236328,21.520000457763672,21.780000686645508,18600.0,21.533666610717773
2021-05-18,22.3700008392334,21.719999313354492,21.899999618530273,21.739999771118164,16800.0,21.494117736816406
2021-05-19,21.709999084472656,20.969999313354492,21.440000534057617,21.399999618530273,17200.0,21.157962799072266
2021-05-20,21.489999771118164,20.829999923706055,21.31999969482422,21.049999237060547,27900.0,20.811922073364258
2021-05-21,21.959999084472656,20.940000534057617,21.360000610351562,21.959999084472656,15400.0,21.71162986755371
2021-05-24,21.989999771118164,21.3799991607666,21.989999771118164,21.75,17400.0,21.504005432128906
2021-05-25,21.760000228881836,21.079999923706055,21.700000762939453,21.1200008392334,22400.0,20.881132125854492
2021-05-26,21.530000686645508,20.950000762939453,21.459999084472656,21.219999313354492,22800.0,20.979999542236328
2021-05-27,21.25,21.0,21.149999618530273,21.239999771118164,16400.0,21.239999771118164
2021-05-28,21.239999771118164,20.579999923706055,21.239999771118164,20.579999923706055,34800.0,20.579999923706055
2021-06-01,20.850000381469727,20.579999923706055,20.65999984741211,20.579999923706055,15700.0,20.579999923706055
2021-06-02,21.049999237060547,20.610000610351562,20.760000228881836,20.8799991607666,15100.0,20.8799991607666
2021-06-03,21.25,20.899999618530273,20.899999618530273,21.149999618530273,10900.0,21.149999618530273
2021-06-04,21.399999618530273,21.049999237060547,21.1200008392334,21.299999237060547,16600.0,21.299999237060547
2021-06-07,21.450000762939453,20.8799991607666,21.209999084472656,21.049999237060547,58300.0,21.049999237060547
2021-06-08,22.059999465942383,21.06999969482422,21.06999969482422,21.90999984741211,23300.0,21.90999984741211
2021-06-09,22.049999237060547,21.350000381469727,22.049999237060547,21.520000457763672,11700.0,21.520000457763672
2021-06-10,21.790000915527344,21.520000457763672,21.559999465942383,21.68000030517578,17400.0,21.68000030517578
2021-06-11,21.940000534057617,21.5,21.75,21.75,27300.0,21.75
2021-06-14,21.860000610351562,21.299999237060547,21.860000610351562,21.540000915527344,23300.0,21.540000915527344
2021-06-15,21.850000381469727,21.229999542236328,21.540000915527344,21.690000534057617,20100.0,21.690000534057617
2021-06-16,21.8799991607666,21.299999237060547,21.59000015258789,21.719999313354492,33400.0,21.719999313354492
2021-06-17,21.75,21.020000457763672,21.75,21.309999465942383,66500.0,21.309999465942383
2021-06-18,21.540000915527344,21.059999465942383,21.309999465942383,21.31999969482422,43100.0,21.31999969482422
2021-06-21,21.860000610351562,21.34000015258789,21.34000015258789,21.729999542236328,68000.0,21.729999542236328
2021-06-22,22.100000381469727,21.540000915527344,21.709999084472656,21.989999771118164,53400.0,21.989999771118164
2021-06-23,22.100000381469727,21.219999313354492,22.100000381469727,21.469999313354492,70500.0,21.469999313354492
2021-06-24,22.40999984741211,21.5,21.5,22.40999984741211,96700.0,22.40999984741211
2021-06-25,23.93000030517578,22.56999969482422,22.579999923706055,23.139999389648438,925600.0,23.139999389648438
2021-06-28,23.389999389648438,22.110000610351562,23.270000457763672,22.469999313354492,62900.0,22.469999313354492
2021-06-29,22.81999969482422,22.040000915527344,22.459999084472656,22.3799991607666,30800.0,22.3799991607666
2021-06-30,22.600000381469727,22.059999465942383,22.3799991607666,22.3700008392334,37500.0,22.3700008392334
2021-07-01,23.1200008392334,22.170000076293945,22.579999923706055,22.979999542236328,34500.0,22.979999542236328
2021-07-02,22.920000076293945,22.329999923706055,22.920000076293945,22.510000228881836,60700.0,22.510000228881836
2021-07-06,22.549999237060547,21.8700008392334,22.549999237060547,22.139999389648438,48100.0,22.139999389648438
2021-07-07,22.200000762939453,21.469999313354492,21.989999771118164,21.940000534057617,10800.0,21.940000534057617
2021-07-08,21.93000030517578,21.579999923706055,21.760000228881836,21.93000030517578,8400.0,21.93000030517578
2021-07-09,22.209999084472656,21.65999984741211,22.06999969482422,22.0,15200.0,22.0
2021-07-12,22.190000534057617,21.860000610351562,21.860000610351562,22.1299991607666,9900.0,22.1299991607666
2021-07-13,22.489999771118164,21.65999984741211,22.09000015258789,21.690000534057617,16400.0,21.690000534057617
2021-07-14,21.969999313354492,21.559999465942383,21.639999389648438,21.610000610351562,12000.0,21.610000610351562
2021-07-15,21.860000610351562,21.559999465942383,21.65999984741211,21.75,11000.0,21.75
2021-07-16,22.200000762939453,21.649999618530273,21.889999389648438,21.829999923706055,14800.0,21.829999923706055
2021-07-19,22.15999984741211,21.079999923706055,21.540000915527344,22.040000915527344,35700.0,22.040000915527344
2021-07-20,22.84000015258789,22.239999771118164,22.239999771118164,22.360000610351562,22500.0,22.360000610351562
2021-07-21,22.989999771118164,22.479999542236328,22.549999237060547,22.940000534057617,8700.0,22.940000534057617
2021-07-22,22.950000762939453,22.5,22.780000686645508,22.93000030517578,9600.0,22.93000030517578
2021-07-23,24.0,22.760000228881836,22.93000030517578,23.93000030517578,14900.0,23.93000030517578
2021-07-26,23.81999969482422,22.549999237060547,23.81999969482422,22.549999237060547,30500.0,22.549999237060547
2021-07-27,23.1200008392334,22.229999542236328,22.559999465942383,22.8700008392334,12700.0,22.8700008392334
2021-07-28,22.950000762939453,22.420000076293945,22.950000762939453,22.700000762939453,7200.0,22.700000762939453
2021-07-29,22.700000762939453,22.420000076293945,22.700000762939453,22.670000076293945,3000.0,22.670000076293945
2021-07-30,22.600000381469727,22.149999618530273,22.520000457763672,22.309999465942383,5200.0,22.309999465942383
2021-08-02,22.760000228881836,22.329999923706055,22.329999923706055,22.3700008392334,2400.0,22.3700008392334
2021-08-03,22.8700008392334,22.420000076293945,22.479999542236328,22.530000686645508,7500.0,22.530000686645508
2021-08-04,23.09000015258789,22.280000686645508,22.600000381469727,22.84000015258789,11400.0,22.84000015258789
2021-08-05,23.280000686645508,22.790000915527344,22.790000915527344,23.280000686645508,8800.0,23.280000686645508
2021-08-06,23.639999389648438,23.0,23.290000915527344,23.360000610351562,17900.0,23.360000610351562
2021-08-09,23.81999969482422,23.31999969482422,23.440000534057617,23.729999542236328,8900.0,23.729999542236328
2021-08-10,24.209999084472656,23.700000762939453,23.700000762939453,24.059999465942383,12600.0,24.059999465942383
2021-08-11,24.40999984741211,23.799999237060547,24.0,24.34000015258789,14100.0,24.34000015258789
2021-08-12,24.8799991607666,24.100000381469727,24.329999923706055,24.579999923706055,17200.0,24.579999923706055
2021-08-13,25.360000610351562,24.5,24.899999618530273,25.239999771118164,22500.0,25.239999771118164
2021-08-16,25.350000381469727,24.899999618530273,25.280000686645508,25.270000457763672,25700.0,25.270000457763672
2021-08-17,25.5,24.389999389648438,25.280000686645508,24.399999618530273,14300.0,24.399999618530273
2021-08-18,24.579999923706055,23.81999969482422,24.579999923706055,23.850000381469727,18500.0,23.850000381469727
2021-08-19,24.540000915527344,23.0,24.0,23.399999618530273,29700.0,23.399999618530273
2021-08-20,24.799999237060547,23.229999542236328,23.229999542236328,23.959999084472656,4300.0,23.959999084472656
2021-08-23,24.3799991607666,23.56999969482422,23.90999984741211,23.56999969482422,8400.0,23.56999969482422
2021-08-24,24.18000030517578,23.6200008392334,23.670000076293945,24.0,9000.0,24.0
2021-08-25,24.5,23.93000030517578,24.100000381469727,24.3700008392334,11300.0,24.3700008392334
2021-08-26,23.979999542236328,22.8799991607666,23.81999969482422,23.209999084472656,13000.0,23.209999084472656
2021-08-27,23.280000686645508,22.760000228881836,23.09000015258789,22.8700008392334,11800.0,22.8700008392334
2021-08-30,23.25,22.760000228881836,22.850000381469727,23.15999984741211,9800.0,23.15999984741211
2021-08-31,23.15999984741211,22.809999465942383,23.149999618530273,22.969999313354492,7000.0,22.969999313354492
2021-09-01,23.950000762939453,22.989999771118164,23.040000915527344,23.690000534057617,14200.0,23.690000534057617
2021-09-02,23.889999389648438,23.209999084472656,23.790000915527344,23.5,5000.0,23.5
2021-09-03,23.260000228881836,23.0,23.229999542236328,23.09000015258789,3200.0,23.09000015258789
2021-09-07,23.190000534057617,22.770000457763672,22.90999984741211,22.850000381469727,13600.0,22.850000381469727
2021-09-08,23.1299991607666,22.860000610351562,22.899999618530273,23.049999237060547,8300.0,23.049999237060547
2021-09-09,23.049999237060547,22.510000228881836,23.0,22.540000915527344,10800.0,22.540000915527344
2021-09-10,22.639999389648438,21.829999923706055,22.600000381469727,22.1299991607666,5900.0,22.1299991607666
2021-09-13,22.809999465942383,22.020000457763672,22.350000381469727,22.6299991607666,15800.0,22.6299991607666
2021-09-14,22.690000534057617,22.299999237060547,22.65999984741211,22.670000076293945,10800.0,22.670000076293945
2021-09-15,22.889999389648438,22.579999923706055,22.65999984741211,22.610000610351562,15700.0,22.610000610351562
2021-09-16,23.81999969482422,22.049999237060547,22.639999389648438,22.799999237060547,11100.0,22.799999237060547
2021-09-17,23.309999465942383,22.450000762939453,22.68000030517578,22.600000381469727,78700.0,22.600000381469727
2021-09-20,22.799999237060547,22.200000762939453,22.31999969482422,22.649999618530273,23100.0,22.649999618530273
2021-09-21,22.889999389648438,22.799999237060547,22.889999389648438,22.799999237060547,2300.0,22.799999237060547
2021-09-22,23.149999618530273,22.809999465942383,22.809999465942383,22.989999771118164,4400.0,22.989999771118164
2021-09-23,23.079999923706055,22.860000610351562,23.0,22.860000610351562,3400.0,22.860000610351562
2021-09-24,23.299999237060547,22.799999237060547,22.799999237060547,23.0,7000.0,23.0
2021-09-27,23.209999084472656,22.610000610351562,22.899999618530273,22.65999984741211,20000.0,22.65999984741211
2021-09-28,22.989999771118164,22.399999618530273,22.709999084472656,22.790000915527344,4700.0,22.790000915527344
2021-09-29,22.850000381469727,22.59000015258789,22.649999618530273,22.790000915527344,4100.0,22.790000915527344
2021-09-30,22.8700008392334,22.190000534057617,22.8700008392334,22.65999984741211,7000.0,22.65999984741211
2021-10-01,22.8799991607666,22.420000076293945,22.610000610351562,22.639999389648438,10900.0,22.639999389648438
2021-10-04,22.690000534057617,22.420000076293945,22.639999389648438,22.600000381469727,5200.0,22.600000381469727
2021-10-05,22.709999084472656,22.420000076293945,22.559999465942383,22.709999084472656,4100.0,22.709999084472656
2021-10-06,22.6299991607666,22.360000610351562,22.6299991607666,22.479999542236328,4700.0,22.479999542236328
2021-10-07,22.959999084472656,22.579999923706055,22.690000534057617,22.600000381469727,5500.0,22.600000381469727
2021-10-08,22.709999084472656,22.110000610351562,22.709999084472656,22.649999618530273,14800.0,22.649999618530273
2021-10-11,23.360000610351562,22.469999313354492,22.639999389648438,22.649999618530273,11300.0,22.649999618530273
2021-10-12,22.850000381469727,22.389999389648438,22.559999465942383,22.549999237060547,2800.0,22.549999237060547
2021-10-13,22.989999771118164,22.40999984741211,22.549999237060547,22.989999771118164,3700.0,22.989999771118164
2021-10-14,23.020000457763672,22.8700008392334,23.020000457763672,22.8700008392334,2500.0,22.8700008392334
2021-10-15,23.18000030517578,22.899999618530273,22.899999618530273,22.920000076293945,3300.0,22.920000076293945
2021-10-18,23.5,22.809999465942383,22.969999313354492,23.5,17800.0,23.5
2021-10-19,23.739999771118164,23.479999542236328,23.5,23.479999542236328,3000.0,23.479999542236328
2021-10-20,23.65999984741211,23.489999771118164,23.65999984741211,23.489999771118164,2600.0,23.489999771118164
2021-10-21,23.5,23.31999969482422,23.389999389648438,23.360000610351562,2900.0,23.360000610351562
2021-10-22,23.549999237060547,23.239999771118164,23.479999542236328,23.450000762939453,1900.0,23.450000762939453
2021-10-25,23.40999984741211,22.860000610351562,23.270000457763672,23.020000457763672,4800.0,23.020000457763672
